phase,issue_time,weather_run_time,valid_time,scada_time,lead_group_hours,actual_lead_hours,weather_input_hash,normalized_active_power,wind_speed_80m,wind_speed_100m,wind_speed_120m,wind_direction_100m,temperature_2m,surface_pressure,hour_sin,hour_cos,day_of_year_sin,day_of_year_cos
training,2025-11-29T18:00:00+00:00,2025-11-29T12:00:00+00:00,2025-11-30T15:00:00+00:00,2025-11-30T20:00:00+05:00,24,21.0,ae1463edd29f4a60838e19cad48e1114e3b585d55a90dc8a195c74f532b1ec8e,0.03666666666666667,4.36,4.47,4.56,243.0,0.7,959.0,-0.7071067811865471,-0.7071067811865479,-0.5120551783114646,0.8589525565270845
training,2025-11-29T18:00:00+00:00,2025-11-29T12:00:00+00:00,2025-11-30T16:00:00+00:00,2025-11-30T21:00:00+05:00,24,22.0,ae1463edd29f4a60838e19cad48e1114e3b585d55a90dc8a195c74f532b1ec8e,0.12,3.6,3.7,3.77,247.0,0.6,959.2,-0.8660254037844385,-0.5000000000000004,-0.5120551783114646,0.8589525565270845
training,2025-11-29T18:00:00+00:00,2025-11-29T12:00:00+00:00,2025-11-30T17:00:00+00:00,2025-11-30T22:00:00+05:00,24,23.0,ae1463edd29f4a60838e19cad48e1114e3b585d55a90dc8a195c74f532b1ec8e,0.03666666666666667,2.9,2.97,3.03,250.0,0.5,959.5,-0.9659258262890683,-0.25881904510252063,-0.5120551783114646,0.8589525565270845
training,2025-11-29T18:00:00+00:00,2025-11-29T12:00:00+00:00,2025-11-30T18:00:00+00:00,2025-11-30T23:00:00+05:00,24,24.0,ae1463edd29f4a60838e19cad48e1114e3b585d55a90dc8a195c74f532b1ec8e,0.01,1.9,1.95,1.99,247.0,0.6,959.9,-1.0,-1.8369701987210297e-16,-0.5120551783114646,0.8589525565270845
training,2025-11-29T18:00:00+00:00,2025-11-29T12:00:00+00:00,2025-11-30T19:00:00+00:00,2025-12-01T00:00:00+05:00,24,25.0,ae1463edd29f4a60838e19cad48e1114e3b585d55a90dc8a195c74f532b1ec8e,0.01,0.8,0.82,0.84,322.0,-0.2,960.1,-0.9659258262890684,0.2588190451025203,-0.5120551783114646,0.8589525565270845
training,2025-11-29T18:00:00+00:00,2025-11-29T12:00:00+00:00,2025-11-30T20:00:00+00:00,2025-12-01T01:00:00+05:00,24,26.0,ae1463edd29f4a60838e19cad48e1114e3b585d55a90dc8a195c74f532b1ec8e,0.01,0.99,1.02,1.04,11.0,-1.3,960.3,-0.8660254037844386,0.5000000000000001,-0.5120551783114646,0.8589525565270845
training,2025-11-30T00:00:00+00:00,2025-11-29T18:00:00+00:00,2025-11-30T21:00:00+00:00,2025-12-01T02:00:00+05:00,24,21.0,08a60b45d52bf9879ada01ff2c26b13ac15db621117c36f5d674c68ec4c5dc59,0.01,1.13,1.15,1.18,85.0,-1.9,960.3,-0.7071067811865477,0.7071067811865474,-0.5120551783114646,0.8589525565270845
training,2025-11-30T00:00:00+00:00,2025-11-29T18:00:00+00:00,2025-11-30T22:00:00+00:00,2025-12-01T03:00:00+05:00,24,22.0,08a60b45d52bf9879ada01ff2c26b13ac15db621117c36f5d674c68ec4c5dc59,0.008333333333333333,1.96,2.01,2.05,63.0,-1.7,960.0,-0.5000000000000004,0.8660254037844384,-0.5120551783114646,0.8589525565270845
training,2025-11-30T00:00:00+00:00,2025-11-29T18:00:00+00:00,2025-11-30T23:00:00+00:00,2025-12-01T04:00:00+05:00,24,23.0,08a60b45d52bf9879ada01ff2c26b13ac15db621117c36f5d674c68ec4c5dc59,0.01,3.34,3.43,3.5,67.0,-2.6,959.9,-0.25881904510252157,0.9659258262890681,-0.5120551783114646,0.8589525565270845
training,2025-11-30T00:00:00+00:00,2025-11-29T18:00:00+00:00,2025-12-01T00:00:00+00:00,2025-12-01T05:00:00+05:00,24,24.0,08a60b45d52bf9879ada01ff2c26b13ac15db621117c36f5d674c68ec4c5dc59,0.013333333333333334,3.68,3.78,3.85,79.0,-2.3,960.1,0.0,1.0,-0.4972040784469378,0.8676336233547726
training,2025-11-30T00:00:00+00:00,2025-11-29T18:00:00+00:00,2025-12-01T01:00:00+00:00,2025-12-01T06:00:00+05:00,24,25.0,08a60b45d52bf9879ada01ff2c26b13ac15db621117c36f5d674c68ec4c5dc59,0.015,4.16,4.27,4.36,72.0,-2.2,960.5,0.25881904510252074,0.9659258262890683,-0.4972040784469378,0.8676336233547726
training,2025-11-30T00:00:00+00:00,2025-11-29T18:00:00+00:00,2025-12-01T02:00:00+00:00,2025-12-01T07:00:00+05:00,24,26.0,08a60b45d52bf9879ada01ff2c26b13ac15db621117c36f5d674c68ec4c5dc59,0.06333333333333334,5.11,5.25,5.35,68.0,-2.3,960.8,0.49999999999999994,0.8660254037844387,-0.4972040784469378,0.8676336233547726
training,2025-11-30T06:00:00+00:00,2025-11-30T00:00:00+00:00,2025-12-01T03:00:00+00:00,2025-12-01T08:00:00+05:00,24,21.0,854e9b8b1951aef414eabb6b6644902ce5cea40b7d8f080b96ce6ebff71a1ee8,0.07333333333333333,6.21,6.37,6.5,63.0,-1.0,961.6,0.7071067811865476,0.7071067811865476,-0.4972040784469378,0.8676336233547726
training,2025-11-30T06:00:00+00:00,2025-11-30T00:00:00+00:00,2025-12-01T04:00:00+00:00,2025-12-01T09:00:00+05:00,24,22.0,854e9b8b1951aef414eabb6b6644902ce5cea40b7d8f080b96ce6ebff71a1ee8,0.18499999999999997,7.01,7.19,7.34,60.0,1.2,961.9,0.8660254037844386,0.5000000000000001,-0.4972040784469378,0.8676336233547726
training,2025-11-30T06:00:00+00:00,2025-11-30T00:00:00+00:00,2025-12-01T05:00:00+00:00,2025-12-01T10:00:00+05:00,24,23.0,854e9b8b1951aef414eabb6b6644902ce5cea40b7d8f080b96ce6ebff71a1ee8,0.18333333333333335,6.28,6.44,6.57,54.0,3.1,961.7,0.9659258262890683,0.25881904510252074,-0.4972040784469378,0.8676336233547726
training,2025-11-30T06:00:00+00:00,2025-11-30T00:00:00+00:00,2025-12-01T06:00:00+00:00,2025-12-01T11:00:00+05:00,24,24.0,854e9b8b1951aef414eabb6b6644902ce5cea40b7d8f080b96ce6ebff71a1ee8,0.13166666666666668,7.29,7.48,7.64,52.0,4.5,961.3,1.0,6.123233995736766e-17,-0.4972040784469378,0.8676336233547726
training,2025-11-30T06:00:00+00:00,2025-11-30T00:00:00+00:00,2025-12-01T07:00:00+00:00,2025-12-01T12:00:00+05:00,24,25.0,854e9b8b1951aef414eabb6b6644902ce5cea40b7d8f080b96ce6ebff71a1ee8,0.47833333333333333,7.94,8.14,8.31,51.0,5.3,960.5,0.9659258262890683,-0.25881904510252063,-0.4972040784469378,0.8676336233547726
training,2025-11-30T06:00:00+00:00,2025-11-30T00:00:00+00:00,2025-12-01T08:00:00+00:00,2025-12-01T13:00:00+05:00,24,26.0,854e9b8b1951aef414eabb6b6644902ce5cea40b7d8f080b96ce6ebff71a1ee8,0.9366666666666666,8.1,8.31,8.48,50.0,5.7,959.9,0.8660254037844387,-0.4999999999999998,-0.4972040784469378,0.8676336233547726
training,2025-11-30T12:00:00+00:00,2025-11-30T06:00:00+00:00,2025-12-01T09:00:00+00:00,2025-12-01T14:00:00+05:00,24,21.0,e73e4779bacea97cf50867edb30178717f6c729d45e6ea741b0c4f4dd786412e,0.9766666666666666,8.09,8.3,8.47,52.0,5.4,959.4,0.7071067811865476,-0.7071067811865475,-0.4972040784469378,0.8676336233547726
training,2025-11-30T12:00:00+00:00,2025-11-30T06:00:00+00:00,2025-12-01T10:00:00+00:00,2025-12-01T15:00:00+05:00,24,22.0,e73e4779bacea97cf50867edb30178717f6c729d45e6ea741b0c4f4dd786412e,0.8533333333333334,8.38,8.6,8.78,58.0,4.2,959.1,0.49999999999999994,-0.8660254037844387,-0.4972040784469378,0.8676336233547726
training,2025-11-30T12:00:00+00:00,2025-11-30T06:00:00+00:00,2025-12-01T11:00:00+00:00,2025-12-01T16:00:00+05:00,24,23.0,e73e4779bacea97cf50867edb30178717f6c729d45e6ea741b0c4f4dd786412e,0.6816666666666666,7.81,8.01,8.17,62.0,2.3,958.5,0.258819045102521,-0.9659258262890682,-0.4972040784469378,0.8676336233547726
training,2025-11-30T12:00:00+00:00,2025-11-30T06:00:00+00:00,2025-12-01T12:00:00+00:00,2025-12-01T17:00:00+05:00,24,24.0,e73e4779bacea97cf50867edb30178717f6c729d45e6ea741b0c4f4dd786412e,0.5983333333333333,6.98,7.16,7.31,66.0,0.5,958.3,1.2246467991473532e-16,-1.0,-0.4972040784469378,0.8676336233547726
training,2025-11-30T12:00:00+00:00,2025-11-30T06:00:00+00:00,2025-12-01T13:00:00+00:00,2025-12-01T18:00:00+05:00,24,25.0,e73e4779bacea97cf50867edb30178717f6c729d45e6ea741b0c4f4dd786412e,0.7050000000000001,6.94,7.12,7.27,67.0,-0.5,957.9,-0.2588190451025208,-0.9659258262890683,-0.4972040784469378,0.8676336233547726
training,2025-11-30T12:00:00+00:00,2025-11-30T06:00:00+00:00,2025-12-01T14:00:00+00:00,2025-12-01T19:00:00+05:00,24,26.0,e73e4779bacea97cf50867edb30178717f6c729d45e6ea741b0c4f4dd786412e,0.9083333333333333,7.35,7.54,7.7,66.0,-0.8,957.3,-0.4999999999999997,-0.8660254037844388,-0.4972040784469378,0.8676336233547726
training,2025-11-30T18:00:00+00:00,2025-11-30T12:00:00+00:00,2025-12-01T15:00:00+00:00,2025-12-01T20:00:00+05:00,24,21.0,e3bf51378c406cac54fe69cc7c6c23264a7b1a2bb2a40329f10db1ba5ded978e,0.9899999999999999,7.57,7.77,7.93,66.0,-0.7,957.1,-0.7071067811865471,-0.7071067811865479,-0.4972040784469378,0.8676336233547726
training,2025-11-29T18:00:00+00:00,2025-11-29T12:00:00+00:00,2025-12-01T15:00:00+00:00,2025-12-01T20:00:00+05:00,48,45.0,ae1463edd29f4a60838e19cad48e1114e3b585d55a90dc8a195c74f532b1ec8e,0.9899999999999999,7.64,7.83,8.0,66.0,-0.7,957.2,-0.7071067811865471,-0.7071067811865479,-0.4972040784469378,0.8676336233547726
training,2025-11-30T18:00:00+00:00,2025-11-30T12:00:00+00:00,2025-12-01T16:00:00+00:00,2025-12-01T21:00:00+05:00,24,22.0,e3bf51378c406cac54fe69cc7c6c23264a7b1a2bb2a40329f10db1ba5ded978e,0.9833333333333334,7.72,7.92,8.09,66.0,-0.7,956.7,-0.8660254037844385,-0.5000000000000004,-0.4972040784469378,0.8676336233547726
training,2025-11-29T18:00:00+00:00,2025-11-29T12:00:00+00:00,2025-12-01T16:00:00+00:00,2025-12-01T21:00:00+05:00,48,46.0,ae1463edd29f4a60838e19cad48e1114e3b585d55a90dc8a195c74f532b1ec8e,0.9833333333333334,7.88,8.08,8.25,66.0,-0.7,956.8,-0.8660254037844385,-0.5000000000000004,-0.4972040784469378,0.8676336233547726
training,2025-11-30T18:00:00+00:00,2025-11-30T12:00:00+00:00,2025-12-01T17:00:00+00:00,2025-12-01T22:00:00+05:00,24,23.0,e3bf51378c406cac54fe69cc7c6c23264a7b1a2bb2a40329f10db1ba5ded978e,0.9833333333333334,7.36,7.55,7.71,67.0,-0.8,956.4,-0.9659258262890683,-0.25881904510252063,-0.4972040784469378,0.8676336233547726
training,2025-11-29T18:00:00+00:00,2025-11-29T12:00:00+00:00,2025-12-01T17:00:00+00:00,2025-12-01T22:00:00+05:00,48,47.0,ae1463edd29f4a60838e19cad48e1114e3b585d55a90dc8a195c74f532b1ec8e,0.9833333333333334,7.76,7.96,8.12,67.0,-0.8,956.6,-0.9659258262890683,-0.25881904510252063,-0.4972040784469378,0.8676336233547726
training,2025-11-30T18:00:00+00:00,2025-11-30T12:00:00+00:00,2025-12-01T18:00:00+00:00,2025-12-01T23:00:00+05:00,24,24.0,e3bf51378c406cac54fe69cc7c6c23264a7b1a2bb2a40329f10db1ba5ded978e,0.8266666666666667,6.82,7.0,7.15,68.0,-0.9,956.1,-1.0,-1.8369701987210297e-16,-0.4972040784469378,0.8676336233547726
training,2025-11-29T18:00:00+00:00,2025-11-29T12:00:00+00:00,2025-12-01T18:00:00+00:00,2025-12-01T23:00:00+05:00,48,48.0,ae1463edd29f4a60838e19cad48e1114e3b585d55a90dc8a195c74f532b1ec8e,0.8266666666666667,7.45,7.64,7.8,69.0,-0.8,956.3,-1.0,-1.8369701987210297e-16,-0.4972040784469378,0.8676336233547726
training,2025-11-30T18:00:00+00:00,2025-11-30T12:00:00+00:00,2025-12-01T19:00:00+00:00,2025-12-02T00:00:00+05:00,24,25.0,e3bf51378c406cac54fe69cc7c6c23264a7b1a2bb2a40329f10db1ba5ded978e,0.65,6.05,6.2,6.33,69.0,-1.1,956.0,-0.9659258262890684,0.2588190451025203,-0.4972040784469378,0.8676336233547726
training,2025-11-29T18:00:00+00:00,2025-11-29T12:00:00+00:00,2025-12-01T19:00:00+00:00,2025-12-02T00:00:00+05:00,48,49.0,ae1463edd29f4a60838e19cad48e1114e3b585d55a90dc8a195c74f532b1ec8e,0.65,6.81,6.99,7.13,71.0,-0.9,956.0,-0.9659258262890684,0.2588190451025203,-0.4972040784469378,0.8676336233547726
training,2025-11-30T18:00:00+00:00,2025-11-30T12:00:00+00:00,2025-12-01T20:00:00+00:00,2025-12-02T01:00:00+05:00,24,26.0,e3bf51378c406cac54fe69cc7c6c23264a7b1a2bb2a40329f10db1ba5ded978e,0.645,5.09,5.22,5.33,70.0,-1.5,955.5,-0.8660254037844386,0.5000000000000001,-0.4972040784469378,0.8676336233547726
training,2025-11-29T18:00:00+00:00,2025-11-29T12:00:00+00:00,2025-12-01T20:00:00+00:00,2025-12-02T01:00:00+05:00,48,50.0,ae1463edd29f4a60838e19cad48e1114e3b585d55a90dc8a195c74f532b1ec8e,0.645,6.27,6.44,6.57,71.0,-1.1,955.5,-0.8660254037844386,0.5000000000000001,-0.4972040784469378,0.8676336233547726
training,2025-12-01T00:00:00+00:00,2025-11-30T18:00:00+00:00,2025-12-01T21:00:00+00:00,2025-12-02T02:00:00+05:00,24,21.0,6105e60372a3272fac963eeca00314b2e956f6c3306f6641c88279f40be9156e,0.17333333333333334,2.6,2.66,2.72,56.0,-2.2,955.4,-0.7071067811865477,0.7071067811865474,-0.4972040784469378,0.8676336233547726
training,2025-11-30T00:00:00+00:00,2025-11-29T18:00:00+00:00,2025-12-01T21:00:00+00:00,2025-12-02T02:00:00+05:00,48,45.0,08a60b45d52bf9879ada01ff2c26b13ac15db621117c36f5d674c68ec4c5dc59,0.17333333333333334,5.86,6.01,6.13,70.0,-1.6,955.3,-0.7071067811865477,0.7071067811865474,-0.4972040784469378,0.8676336233547726
training,2025-12-01T00:00:00+00:00,2025-11-30T18:00:00+00:00,2025-12-01T22:00:00+00:00,2025-12-02T03:00:00+05:00,24,22.0,6105e60372a3272fac963eeca00314b2e956f6c3306f6641c88279f40be9156e,0.06833333333333334,1.18,1.21,1.23,24.0,-2.2,955.6,-0.5000000000000004,0.8660254037844384,-0.4972040784469378,0.8676336233547726
training,2025-11-30T00:00:00+00:00,2025-11-29T18:00:00+00:00,2025-12-01T22:00:00+00:00,2025-12-02T03:00:00+05:00,48,46.0,08a60b45d52bf9879ada01ff2c26b13ac15db621117c36f5d674c68ec4c5dc59,0.06833333333333334,4.91,5.04,5.14,66.0,-2.2,954.9,-0.5000000000000004,0.8660254037844384,-0.4972040784469378,0.8676336233547726
training,2025-12-01T00:00:00+00:00,2025-11-30T18:00:00+00:00,2025-12-01T23:00:00+00:00,2025-12-02T04:00:00+05:00,24,23.0,6105e60372a3272fac963eeca00314b2e956f6c3306f6641c88279f40be9156e,0.03833333333333334,0.83,0.85,0.87,291.0,-2.5,955.4,-0.25881904510252157,0.9659258262890681,-0.4972040784469378,0.8676336233547726
training,2025-11-30T00:00:00+00:00,2025-11-29T18:00:00+00:00,2025-12-01T23:00:00+00:00,2025-12-02T04:00:00+05:00,48,47.0,08a60b45d52bf9879ada01ff2c26b13ac15db621117c36f5d674c68ec4c5dc59,0.03833333333333334,3.86,3.96,4.04,62.0,-2.5,954.7,-0.25881904510252157,0.9659258262890681,-0.4972040784469378,0.8676336233547726
training,2025-12-01T00:00:00+00:00,2025-11-30T18:00:00+00:00,2025-12-02T00:00:00+00:00,2025-12-02T05:00:00+05:00,24,24.0,6105e60372a3272fac963eeca00314b2e956f6c3306f6641c88279f40be9156e,0.024999999999999998,1.83,1.87,1.91,261.0,-2.8,955.6,0.0,1.0,-0.4822058478963526,0.8760579434344281
training,2025-11-30T00:00:00+00:00,2025-11-29T18:00:00+00:00,2025-12-02T00:00:00+00:00,2025-12-02T05:00:00+05:00,48,48.0,08a60b45d52bf9879ada01ff2c26b13ac15db621117c36f5d674c68ec4c5dc59,0.024999999999999998,2.36,2.42,2.47,52.0,-2.1,955.2,0.0,1.0,-0.4822058478963526,0.8760579434344281
training,2025-12-01T00:00:00+00:00,2025-11-30T18:00:00+00:00,2025-12-02T01:00:00+00:00,2025-12-02T06:00:00+05:00,24,25.0,6105e60372a3272fac963eeca00314b2e956f6c3306f6641c88279f40be9156e,0.03833333333333334,2.47,2.53,2.59,255.0,-2.3,955.9,0.25881904510252074,0.9659258262890683,-0.4822058478963526,0.8760579434344281
training,2025-11-30T00:00:00+00:00,2025-11-29T18:00:00+00:00,2025-12-02T01:00:00+00:00,2025-12-02T06:00:00+05:00,48,49.0,08a60b45d52bf9879ada01ff2c26b13ac15db621117c36f5d674c68ec4c5dc59,0.03833333333333334,0.49,0.5,0.51,354.0,-2.2,955.7,0.25881904510252074,0.9659258262890683,-0.4822058478963526,0.8760579434344281
training,2025-12-01T00:00:00+00:00,2025-11-30T18:00:00+00:00,2025-12-02T02:00:00+00:00,2025-12-02T07:00:00+05:00,24,26.0,6105e60372a3272fac963eeca00314b2e956f6c3306f6641c88279f40be9156e,0.10666666666666667,3.13,3.21,3.28,249.0,-2.0,956.0,0.49999999999999994,0.8660254037844387,-0.4822058478963526,0.8760579434344281
training,2025-11-30T00:00:00+00:00,2025-11-29T18:00:00+00:00,2025-12-02T02:00:00+00:00,2025-12-02T07:00:00+05:00,48,50.0,08a60b45d52bf9879ada01ff2c26b13ac15db621117c36f5d674c68ec4c5dc59,0.10666666666666667,1.36,1.39,1.42,249.0,-2.5,956.0,0.49999999999999994,0.8660254037844387,-0.4822058478963526,0.8760579434344281
training,2025-12-01T06:00:00+00:00,2025-12-01T00:00:00+00:00,2025-12-02T03:00:00+00:00,2025-12-02T08:00:00+05:00,24,21.0,2c2cc43abee0394c74f134a89ca61c7e2ec7e473509f5b7bdbec75f2f50a3945,0.13666666666666666,3.47,3.56,3.63,244.0,-0.4,957.0,0.7071067811865476,0.7071067811865476,-0.4822058478963526,0.8760579434344281
training,2025-11-30T06:00:00+00:00,2025-11-30T00:00:00+00:00,2025-12-02T03:00:00+00:00,2025-12-02T08:00:00+05:00,48,45.0,854e9b8b1951aef414eabb6b6644902ce5cea40b7d8f080b96ce6ebff71a1ee8,0.13666666666666666,2.64,2.7,2.76,251.0,-0.3,956.6,0.7071067811865476,0.7071067811865476,-0.4822058478963526,0.8760579434344281
training,2025-12-01T06:00:00+00:00,2025-12-01T00:00:00+00:00,2025-12-02T04:00:00+00:00,2025-12-02T09:00:00+05:00,24,22.0,2c2cc43abee0394c74f134a89ca61c7e2ec7e473509f5b7bdbec75f2f50a3945,0.10666666666666667,3.68,3.78,3.86,242.0,2.0,957.7,0.8660254037844386,0.5000000000000001,-0.4822058478963526,0.8760579434344281
training,2025-11-30T06:00:00+00:00,2025-11-30T00:00:00+00:00,2025-12-02T04:00:00+00:00,2025-12-02T09:00:00+05:00,48,46.0,854e9b8b1951aef414eabb6b6644902ce5cea40b7d8f080b96ce6ebff71a1ee8,0.10666666666666667,3.28,3.36,3.43,247.0,1.9,957.4,0.8660254037844386,0.5000000000000001,-0.4822058478963526,0.8760579434344281
training,2025-12-01T06:00:00+00:00,2025-12-01T00:00:00+00:00,2025-12-02T05:00:00+00:00,2025-12-02T10:00:00+05:00,24,23.0,2c2cc43abee0394c74f134a89ca61c7e2ec7e473509f5b7bdbec75f2f50a3945,0.09999999999999999,2.68,2.75,2.81,251.0,3.5,958.0,0.9659258262890683,0.25881904510252074,-0.4822058478963526,0.8760579434344281
training,2025-11-30T06:00:00+00:00,2025-11-30T00:00:00+00:00,2025-12-02T05:00:00+00:00,2025-12-02T10:00:00+05:00,48,47.0,854e9b8b1951aef414eabb6b6644902ce5cea40b7d8f080b96ce6ebff71a1ee8,0.09999999999999999,2.39,2.45,2.5,250.0,3.3,957.6,0.9659258262890683,0.25881904510252074,-0.4822058478963526,0.8760579434344281
training,2025-12-01T06:00:00+00:00,2025-12-01T00:00:00+00:00,2025-12-02T06:00:00+00:00,2025-12-02T11:00:00+05:00,24,24.0,2c2cc43abee0394c74f134a89ca61c7e2ec7e473509f5b7bdbec75f2f50a3945,0.09333333333333334,2.71,2.78,2.84,262.0,4.5,957.6,1.0,6.123233995736766e-17,-0.4822058478963526,0.8760579434344281
training,2025-11-30T06:00:00+00:00,2025-11-30T00:00:00+00:00,2025-12-02T06:00:00+00:00,2025-12-02T11:00:00+05:00,48,48.0,854e9b8b1951aef414eabb6b6644902ce5cea40b7d8f080b96ce6ebff71a1ee8,0.09333333333333334,2.04,2.09,2.13,259.0,4.3,957.2,1.0,6.123233995736766e-17,-0.4822058478963526,0.8760579434344281
training,2025-12-01T06:00:00+00:00,2025-12-01T00:00:00+00:00,2025-12-02T07:00:00+00:00,2025-12-02T12:00:00+05:00,24,25.0,2c2cc43abee0394c74f134a89ca61c7e2ec7e473509f5b7bdbec75f2f50a3945,0.06666666666666667,2.69,2.76,2.82,265.0,4.9,956.9,0.9659258262890683,-0.25881904510252063,-0.4822058478963526,0.8760579434344281
training,2025-11-30T06:00:00+00:00,2025-11-30T00:00:00+00:00,2025-12-02T07:00:00+00:00,2025-12-02T12:00:00+05:00,48,49.0,854e9b8b1951aef414eabb6b6644902ce5cea40b7d8f080b96ce6ebff71a1ee8,0.06666666666666667,1.93,1.98,2.02,260.0,5.4,956.4,0.9659258262890683,-0.25881904510252063,-0.4822058478963526,0.8760579434344281
training,2025-12-01T06:00:00+00:00,2025-12-01T00:00:00+00:00,2025-12-02T08:00:00+00:00,2025-12-02T13:00:00+05:00,24,26.0,2c2cc43abee0394c74f134a89ca61c7e2ec7e473509f5b7bdbec75f2f50a3945,0.03833333333333334,2.5,2.56,2.62,264.0,5.3,956.3,0.8660254037844387,-0.4999999999999998,-0.4822058478963526,0.8760579434344281
training,2025-11-30T06:00:00+00:00,2025-11-30T00:00:00+00:00,2025-12-02T08:00:00+00:00,2025-12-02T13:00:00+05:00,48,50.0,854e9b8b1951aef414eabb6b6644902ce5cea40b7d8f080b96ce6ebff71a1ee8,0.03833333333333334,1.81,1.85,1.89,267.0,5.9,955.9,0.8660254037844387,-0.4999999999999998,-0.4822058478963526,0.8760579434344281
training,2025-12-01T12:00:00+00:00,2025-12-01T06:00:00+00:00,2025-12-02T09:00:00+00:00,2025-12-02T14:00:00+05:00,24,21.0,acff2b939c6df7d12cca955d21e1c32b808b7f013d695a086a0b7a988f5c75c3,0.06333333333333334,2.59,2.65,2.71,267.0,5.0,956.3,0.7071067811865476,-0.7071067811865475,-0.4822058478963526,0.8760579434344281
training,2025-11-30T12:00:00+00:00,2025-11-30T06:00:00+00:00,2025-12-02T09:00:00+00:00,2025-12-02T14:00:00+05:00,48,45.0,e73e4779bacea97cf50867edb30178717f6c729d45e6ea741b0c4f4dd786412e,0.06333333333333334,2.02,2.07,2.11,278.0,5.6,955.5,0.7071067811865476,-0.7071067811865475,-0.4822058478963526,0.8760579434344281
training,2025-12-01T12:00:00+00:00,2025-12-01T06:00:00+00:00,2025-12-02T10:00:00+00:00,2025-12-02T15:00:00+05:00,24,22.0,acff2b939c6df7d12cca955d21e1c32b808b7f013d695a086a0b7a988f5c75c3,0.045000000000000005,2.94,3.02,3.08,263.0,3.3,956.0,0.49999999999999994,-0.8660254037844387,-0.4822058478963526,0.8760579434344281
training,2025-11-30T12:00:00+00:00,2025-11-30T06:00:00+00:00,2025-12-02T10:00:00+00:00,2025-12-02T15:00:00+05:00,48,46.0,e73e4779bacea97cf50867edb30178717f6c729d45e6ea741b0c4f4dd786412e,0.045000000000000005,2.92,2.99,3.05,280.0,3.7,955.3,0.49999999999999994,-0.8660254037844387,-0.4822058478963526,0.8760579434344281
training,2025-12-01T12:00:00+00:00,2025-12-01T06:00:00+00:00,2025-12-02T11:00:00+00:00,2025-12-02T16:00:00+05:00,24,23.0,acff2b939c6df7d12cca955d21e1c32b808b7f013d695a086a0b7a988f5c75c3,0.011666666666666667,3.57,3.66,3.73,260.0,1.0,956.0,0.258819045102521,-0.9659258262890682,-0.4822058478963526,0.8760579434344281
training,2025-11-30T12:00:00+00:00,2025-11-30T06:00:00+00:00,2025-12-02T11:00:00+00:00,2025-12-02T16:00:00+05:00,48,47.0,e73e4779bacea97cf50867edb30178717f6c729d45e6ea741b0c4f4dd786412e,0.011666666666666667,3.72,3.81,3.89,265.0,0.6,955.1,0.258819045102521,-0.9659258262890682,-0.4822058478963526,0.8760579434344281
training,2025-12-01T12:00:00+00:00,2025-12-01T06:00:00+00:00,2025-12-02T12:00:00+00:00,2025-12-02T17:00:00+05:00,24,24.0,acff2b939c6df7d12cca955d21e1c32b808b7f013d695a086a0b7a988f5c75c3,0.01,3.71,3.81,3.89,247.0,0.2,956.2,1.2246467991473532e-16,-1.0,-0.4822058478963526,0.8760579434344281
training,2025-11-30T12:00:00+00:00,2025-11-30T06:00:00+00:00,2025-12-02T12:00:00+00:00,2025-12-02T17:00:00+05:00,48,48.0,e73e4779bacea97cf50867edb30178717f6c729d45e6ea741b0c4f4dd786412e,0.01,4.08,4.18,4.27,244.0,-0.3,955.2,1.2246467991473532e-16,-1.0,-0.4822058478963526,0.8760579434344281
training,2025-12-01T12:00:00+00:00,2025-12-01T06:00:00+00:00,2025-12-02T13:00:00+00:00,2025-12-02T18:00:00+05:00,24,25.0,acff2b939c6df7d12cca955d21e1c32b808b7f013d695a086a0b7a988f5c75c3,0.01,3.47,3.56,3.63,242.0,-0.6,956.1,-0.2588190451025208,-0.9659258262890683,-0.4822058478963526,0.8760579434344281
training,2025-11-30T12:00:00+00:00,2025-11-30T06:00:00+00:00,2025-12-02T13:00:00+00:00,2025-12-02T18:00:00+05:00,48,49.0,e73e4779bacea97cf50867edb30178717f6c729d45e6ea741b0c4f4dd786412e,0.01,4.1,4.21,4.29,242.0,-0.3,955.4,-0.2588190451025208,-0.9659258262890683,-0.4822058478963526,0.8760579434344281
training,2025-12-01T12:00:00+00:00,2025-12-01T06:00:00+00:00,2025-12-02T14:00:00+00:00,2025-12-02T19:00:00+05:00,24,26.0,acff2b939c6df7d12cca955d21e1c32b808b7f013d695a086a0b7a988f5c75c3,0.01,3.07,3.15,3.22,243.0,-0.5,956.0,-0.4999999999999997,-0.8660254037844388,-0.4822058478963526,0.8760579434344281
training,2025-11-30T12:00:00+00:00,2025-11-30T06:00:00+00:00,2025-12-02T14:00:00+00:00,2025-12-02T19:00:00+05:00,48,50.0,e73e4779bacea97cf50867edb30178717f6c729d45e6ea741b0c4f4dd786412e,0.01,4.0,4.1,4.18,240.0,-0.3,955.5,-0.4999999999999997,-0.8660254037844388,-0.4822058478963526,0.8760579434344281
training,2025-12-01T18:00:00+00:00,2025-12-01T12:00:00+00:00,2025-12-02T15:00:00+00:00,2025-12-02T20:00:00+05:00,24,21.0,f47b54826d474b47b5e13b30aff8f44d325b6213356b43f389fabe2af6c2e6d5,0.01,2.95,3.03,3.09,248.0,-0.1,956.3,-0.7071067811865471,-0.7071067811865479,-0.4822058478963526,0.8760579434344281
training,2025-11-30T18:00:00+00:00,2025-11-30T12:00:00+00:00,2025-12-02T15:00:00+00:00,2025-12-02T20:00:00+05:00,48,45.0,e3bf51378c406cac54fe69cc7c6c23264a7b1a2bb2a40329f10db1ba5ded978e,0.01,3.18,3.26,3.33,238.0,-0.3,956.1,-0.7071067811865471,-0.7071067811865479,-0.4822058478963526,0.8760579434344281
training,2025-12-01T18:00:00+00:00,2025-12-01T12:00:00+00:00,2025-12-02T16:00:00+00:00,2025-12-02T21:00:00+05:00,24,22.0,f47b54826d474b47b5e13b30aff8f44d325b6213356b43f389fabe2af6c2e6d5,0.013333333333333334,2.09,2.15,2.19,258.0,-0.1,956.3,-0.8660254037844385,-0.5000000000000004,-0.4822058478963526,0.8760579434344281
training,2025-11-30T18:00:00+00:00,2025-11-30T12:00:00+00:00,2025-12-02T16:00:00+00:00,2025-12-02T21:00:00+05:00,48,46.0,e3bf51378c406cac54fe69cc7c6c23264a7b1a2bb2a40329f10db1ba5ded978e,0.013333333333333334,2.27,2.32,2.37,251.0,-0.2,956.0,-0.8660254037844385,-0.5000000000000004,-0.4822058478963526,0.8760579434344281
training,2025-12-01T18:00:00+00:00,2025-12-01T12:00:00+00:00,2025-12-02T17:00:00+00:00,2025-12-02T22:00:00+05:00,24,23.0,f47b54826d474b47b5e13b30aff8f44d325b6213356b43f389fabe2af6c2e6d5,0.01,1.38,1.41,1.44,278.0,-0.2,956.2,-0.9659258262890683,-0.25881904510252063,-0.4822058478963526,0.8760579434344281
training,2025-11-30T18:00:00+00:00,2025-11-30T12:00:00+00:00,2025-12-02T17:00:00+00:00,2025-12-02T22:00:00+05:00,48,47.0,e3bf51378c406cac54fe69cc7c6c23264a7b1a2bb2a40329f10db1ba5ded978e,0.01,1.73,1.78,1.81,280.0,-0.4,956.0,-0.9659258262890683,-0.25881904510252063,-0.4822058478963526,0.8760579434344281
training,2025-12-01T18:00:00+00:00,2025-12-01T12:00:00+00:00,2025-12-02T18:00:00+00:00,2025-12-02T23:00:00+05:00,24,24.0,f47b54826d474b47b5e13b30aff8f44d325b6213356b43f389fabe2af6c2e6d5,0.01,0.76,0.78,0.8,320.0,-0.3,956.3,-1.0,-1.8369701987210297e-16,-0.4822058478963526,0.8760579434344281
training,2025-11-30T18:00:00+00:00,2025-11-30T12:00:00+00:00,2025-12-02T18:00:00+00:00,2025-12-02T23:00:00+05:00,48,48.0,e3bf51378c406cac54fe69cc7c6c23264a7b1a2bb2a40329f10db1ba5ded978e,0.01,1.14,1.17,1.19,313.0,-0.5,956.1,-1.0,-1.8369701987210297e-16,-0.4822058478963526,0.8760579434344281
training,2025-12-01T18:00:00+00:00,2025-12-01T12:00:00+00:00,2025-12-02T19:00:00+00:00,2025-12-03T00:00:00+05:00,24,25.0,f47b54826d474b47b5e13b30aff8f44d325b6213356b43f389fabe2af6c2e6d5,0.011666666666666667,0.68,0.69,0.71,30.0,-0.8,956.2,-0.9659258262890684,0.2588190451025203,-0.4822058478963526,0.8760579434344281
training,2025-11-30T18:00:00+00:00,2025-11-30T12:00:00+00:00,2025-12-02T19:00:00+00:00,2025-12-03T00:00:00+05:00,48,49.0,e3bf51378c406cac54fe69cc7c6c23264a7b1a2bb2a40329f10db1ba5ded978e,0.011666666666666667,0.93,0.96,0.98,6.0,-0.9,956.0,-0.9659258262890684,0.2588190451025203,-0.4822058478963526,0.8760579434344281
training,2025-12-01T18:00:00+00:00,2025-12-01T12:00:00+00:00,2025-12-02T20:00:00+00:00,2025-12-03T01:00:00+05:00,24,26.0,f47b54826d474b47b5e13b30aff8f44d325b6213356b43f389fabe2af6c2e6d5,0.11166666666666668,1.55,1.59,1.62,66.0,-1.3,955.9,-0.8660254037844386,0.5000000000000001,-0.4822058478963526,0.8760579434344281
training,2025-11-30T18:00:00+00:00,2025-11-30T12:00:00+00:00,2025-12-02T20:00:00+00:00,2025-12-03T01:00:00+05:00,48,50.0,e3bf51378c406cac54fe69cc7c6c23264a7b1a2bb2a40329f10db1ba5ded978e,0.11166666666666668,1.29,1.33,1.36,70.0,-1.3,955.7,-0.8660254037844386,0.5000000000000001,-0.4822058478963526,0.8760579434344281
training,2025-12-02T00:00:00+00:00,2025-12-01T18:00:00+00:00,2025-12-02T21:00:00+00:00,2025-12-03T02:00:00+05:00,24,21.0,1f67f52f9f9dd55e71904ae1dc8889b04166f43a3b4e7af22fd0ff4afcabf3c1,0.19499999999999998,4.0,4.1,4.19,68.0,-1.3,955.6,-0.7071067811865477,0.7071067811865474,-0.4822058478963526,0.8760579434344281
training,2025-12-01T00:00:00+00:00,2025-11-30T18:00:00+00:00,2025-12-02T21:00:00+00:00,2025-12-03T02:00:00+05:00,48,45.0,6105e60372a3272fac963eeca00314b2e956f6c3306f6641c88279f40be9156e,0.19499999999999998,3.56,3.65,3.73,67.0,-1.5,955.3,-0.7071067811865477,0.7071067811865474,-0.4822058478963526,0.8760579434344281
training,2025-12-02T00:00:00+00:00,2025-12-01T18:00:00+00:00,2025-12-02T22:00:00+00:00,2025-12-03T03:00:00+05:00,24,22.0,1f67f52f9f9dd55e71904ae1dc8889b04166f43a3b4e7af22fd0ff4afcabf3c1,0.22,4.78,4.9,5.01,70.0,-1.3,955.5,-0.5000000000000004,0.8660254037844384,-0.4822058478963526,0.8760579434344281
training,2025-12-01T00:00:00+00:00,2025-11-30T18:00:00+00:00,2025-12-02T22:00:00+00:00,2025-12-03T03:00:00+05:00,48,46.0,6105e60372a3272fac963eeca00314b2e956f6c3306f6641c88279f40be9156e,0.22,4.14,4.24,4.33,69.0,-1.5,955.1,-0.5000000000000004,0.8660254037844384,-0.4822058478963526,0.8760579434344281
training,2025-12-02T00:00:00+00:00,2025-12-01T18:00:00+00:00,2025-12-02T23:00:00+00:00,2025-12-03T04:00:00+05:00,24,23.0,1f67f52f9f9dd55e71904ae1dc8889b04166f43a3b4e7af22fd0ff4afcabf3c1,0.3066666666666667,4.89,5.01,5.12,71.0,-1.4,955.3,-0.25881904510252157,0.9659258262890681,-0.4822058478963526,0.8760579434344281
training,2025-12-01T00:00:00+00:00,2025-11-30T18:00:00+00:00,2025-12-02T23:00:00+00:00,2025-12-03T04:00:00+05:00,48,47.0,6105e60372a3272fac963eeca00314b2e956f6c3306f6641c88279f40be9156e,0.3066666666666667,4.18,4.29,4.37,71.0,-1.6,955.1,-0.25881904510252157,0.9659258262890681,-0.4822058478963526,0.8760579434344281
training,2025-12-02T00:00:00+00:00,2025-12-01T18:00:00+00:00,2025-12-03T00:00:00+00:00,2025-12-03T05:00:00+05:00,24,24.0,1f67f52f9f9dd55e71904ae1dc8889b04166f43a3b4e7af22fd0ff4afcabf3c1,0.37833333333333335,5.09,5.22,5.33,70.0,-1.4,955.6,0.0,1.0,-0.46706492487743034,0.8842230238742036
training,2025-12-01T00:00:00+00:00,2025-11-30T18:00:00+00:00,2025-12-03T00:00:00+00:00,2025-12-03T05:00:00+05:00,48,48.0,6105e60372a3272fac963eeca00314b2e956f6c3306f6641c88279f40be9156e,0.37833333333333335,4.18,4.29,4.37,73.0,-1.7,955.6,0.0,1.0,-0.46706492487743034,0.8842230238742036
training,2025-12-02T00:00:00+00:00,2025-12-01T18:00:00+00:00,2025-12-03T01:00:00+00:00,2025-12-03T06:00:00+05:00,24,25.0,1f67f52f9f9dd55e71904ae1dc8889b04166f43a3b4e7af22fd0ff4afcabf3c1,0.38833333333333336,5.35,5.49,5.6,67.0,-1.6,955.8,0.25881904510252074,0.9659258262890683,-0.46706492487743034,0.8842230238742036
training,2025-12-01T00:00:00+00:00,2025-11-30T18:00:00+00:00,2025-12-03T01:00:00+00:00,2025-12-03T06:00:00+05:00,48,49.0,6105e60372a3272fac963eeca00314b2e956f6c3306f6641c88279f40be9156e,0.38833333333333336,4.18,4.29,4.37,71.0,-1.8,955.9,0.25881904510252074,0.9659258262890683,-0.46706492487743034,0.8842230238742036
training,2025-12-02T00:00:00+00:00,2025-12-01T18:00:00+00:00,2025-12-03T02:00:00+00:00,2025-12-03T07:00:00+05:00,24,26.0,1f67f52f9f9dd55e71904ae1dc8889b04166f43a3b4e7af22fd0ff4afcabf3c1,0.6466666666666666,5.35,5.49,5.6,67.0,-1.9,956.1,0.49999999999999994,0.8660254037844387,-0.46706492487743034,0.8842230238742036
training,2025-12-01T00:00:00+00:00,2025-11-30T18:00:00+00:00,2025-12-03T02:00:00+00:00,2025-12-03T07:00:00+05:00,48,50.0,6105e60372a3272fac963eeca00314b2e956f6c3306f6641c88279f40be9156e,0.6466666666666666,4.55,4.67,4.77,69.0,-2.0,956.0,0.49999999999999994,0.8660254037844387,-0.46706492487743034,0.8842230238742036
training,2025-12-02T06:00:00+00:00,2025-12-02T00:00:00+00:00,2025-12-03T03:00:00+00:00,2025-12-03T08:00:00+05:00,24,21.0,3c15b97bda7ff573bd03b3ca745ca661e5cd64715d0ef8e8c4a282412a98dd11,0.7083333333333334,5.48,5.62,5.73,69.0,-0.8,957.1,0.7071067811865476,0.7071067811865476,-0.46706492487743034,0.8842230238742036
training,2025-12-01T06:00:00+00:00,2025-12-01T00:00:00+00:00,2025-12-03T03:00:00+00:00,2025-12-03T08:00:00+05:00,48,45.0,2c2cc43abee0394c74f134a89ca61c7e2ec7e473509f5b7bdbec75f2f50a3945,0.7083333333333334,4.72,4.84,4.94,72.0,-0.7,956.7,0.7071067811865476,0.7071067811865476,-0.46706492487743034,0.8842230238742036
training,2025-12-02T06:00:00+00:00,2025-12-02T00:00:00+00:00,2025-12-03T04:00:00+00:00,2025-12-03T09:00:00+05:00,24,22.0,3c15b97bda7ff573bd03b3ca745ca661e5cd64715d0ef8e8c4a282412a98dd11,0.6283333333333333,5.92,6.07,6.2,67.0,1.3,957.7,0.8660254037844386,0.5000000000000001,-0.46706492487743034,0.8842230238742036
training,2025-12-01T06:00:00+00:00,2025-12-01T00:00:00+00:00,2025-12-03T04:00:00+00:00,2025-12-03T09:00:00+05:00,48,46.0,2c2cc43abee0394c74f134a89ca61c7e2ec7e473509f5b7bdbec75f2f50a3945,0.6283333333333333,5.06,5.19,5.29,71.0,1.6,957.4,0.8660254037844386,0.5000000000000001,-0.46706492487743034,0.8842230238742036
training,2025-12-02T06:00:00+00:00,2025-12-02T00:00:00+00:00,2025-12-03T05:00:00+00:00,2025-12-03T10:00:00+05:00,24,23.0,3c15b97bda7ff573bd03b3ca745ca661e5cd64715d0ef8e8c4a282412a98dd11,0.27999999999999997,4.3,4.41,4.5,61.0,2.9,957.7,0.9659258262890683,0.25881904510252074,-0.46706492487743034,0.8842230238742036
training,2025-12-01T06:00:00+00:00,2025-12-01T00:00:00+00:00,2025-12-03T05:00:00+00:00,2025-12-03T10:00:00+05:00,48,47.0,2c2cc43abee0394c74f134a89ca61c7e2ec7e473509f5b7bdbec75f2f50a3945,0.27999999999999997,4.29,4.41,4.5,64.0,3.3,957.6,0.9659258262890683,0.25881904510252074,-0.46706492487743034,0.8842230238742036
training,2025-12-02T06:00:00+00:00,2025-12-02T00:00:00+00:00,2025-12-03T06:00:00+00:00,2025-12-03T11:00:00+05:00,24,24.0,3c15b97bda7ff573bd03b3ca745ca661e5cd64715d0ef8e8c4a282412a98dd11,0.20000000000000004,4.45,4.56,4.66,55.0,4.1,957.5,1.0,6.123233995736766e-17,-0.46706492487743034,0.8842230238742036
training,2025-12-01T06:00:00+00:00,2025-12-01T00:00:00+00:00,2025-12-03T06:00:00+00:00,2025-12-03T11:00:00+05:00,48,48.0,2c2cc43abee0394c74f134a89ca61c7e2ec7e473509f5b7bdbec75f2f50a3945,0.20000000000000004,4.5,4.62,4.71,56.0,4.3,957.4,1.0,6.123233995736766e-17,-0.46706492487743034,0.8842230238742036
training,2025-12-02T06:00:00+00:00,2025-12-02T00:00:00+00:00,2025-12-03T07:00:00+00:00,2025-12-03T12:00:00+05:00,24,25.0,3c15b97bda7ff573bd03b3ca745ca661e5cd64715d0ef8e8c4a282412a98dd11,0.26666666666666666,4.42,4.53,4.63,56.0,5.2,956.9,0.9659258262890683,-0.25881904510252063,-0.46706492487743034,0.8842230238742036
training,2025-12-01T06:00:00+00:00,2025-12-01T00:00:00+00:00,2025-12-03T07:00:00+00:00,2025-12-03T12:00:00+05:00,48,49.0,2c2cc43abee0394c74f134a89ca61c7e2ec7e473509f5b7bdbec75f2f50a3945,0.26666666666666666,4.41,4.53,4.62,59.0,5.1,956.8,0.9659258262890683,-0.25881904510252063,-0.46706492487743034,0.8842230238742036
training,2025-12-02T06:00:00+00:00,2025-12-02T00:00:00+00:00,2025-12-03T08:00:00+00:00,2025-12-03T13:00:00+05:00,24,26.0,3c15b97bda7ff573bd03b3ca745ca661e5cd64715d0ef8e8c4a282412a98dd11,0.3183333333333333,4.07,4.17,4.26,56.0,5.9,956.6,0.8660254037844387,-0.4999999999999998,-0.46706492487743034,0.8842230238742036
training,2025-12-01T06:00:00+00:00,2025-12-01T00:00:00+00:00,2025-12-03T08:00:00+00:00,2025-12-03T13:00:00+05:00,48,50.0,2c2cc43abee0394c74f134a89ca61c7e2ec7e473509f5b7bdbec75f2f50a3945,0.3183333333333333,4.08,4.19,4.27,61.0,5.6,956.4,0.8660254037844387,-0.4999999999999998,-0.46706492487743034,0.8842230238742036
training,2025-12-02T12:00:00+00:00,2025-12-02T06:00:00+00:00,2025-12-03T09:00:00+00:00,2025-12-03T14:00:00+05:00,24,21.0,495f6a1556e71b2755056738c0f13953fb409d2212dcbb85156277cf40b6d7f6,0.17166666666666666,3.74,3.83,3.91,59.0,5.4,956.6,0.7071067811865476,-0.7071067811865475,-0.46706492487743034,0.8842230238742036
training,2025-12-01T12:00:00+00:00,2025-12-01T06:00:00+00:00,2025-12-03T09:00:00+00:00,2025-12-03T14:00:00+05:00,48,45.0,acff2b939c6df7d12cca955d21e1c32b808b7f013d695a086a0b7a988f5c75c3,0.17166666666666666,3.49,3.58,3.66,60.0,5.4,956.2,0.7071067811865476,-0.7071067811865475,-0.46706492487743034,0.8842230238742036
training,2025-12-02T12:00:00+00:00,2025-12-02T06:00:00+00:00,2025-12-03T10:00:00+00:00,2025-12-03T15:00:00+05:00,24,22.0,495f6a1556e71b2755056738c0f13953fb409d2212dcbb85156277cf40b6d7f6,0.11666666666666665,4.06,4.16,4.25,70.0,3.7,956.3,0.49999999999999994,-0.8660254037844387,-0.46706492487743034,0.8842230238742036
training,2025-12-01T12:00:00+00:00,2025-12-01T06:00:00+00:00,2025-12-03T10:00:00+00:00,2025-12-03T15:00:00+05:00,48,46.0,acff2b939c6df7d12cca955d21e1c32b808b7f013d695a086a0b7a988f5c75c3,0.11666666666666665,3.65,3.75,3.82,71.0,3.6,956.0,0.49999999999999994,-0.8660254037844387,-0.46706492487743034,0.8842230238742036
training,2025-12-02T12:00:00+00:00,2025-12-02T06:00:00+00:00,2025-12-03T11:00:00+00:00,2025-12-03T16:00:00+05:00,24,23.0,495f6a1556e71b2755056738c0f13953fb409d2212dcbb85156277cf40b6d7f6,0.11666666666666665,4.26,4.37,4.46,70.0,1.2,955.9,0.258819045102521,-0.9659258262890682,-0.46706492487743034,0.8842230238742036
training,2025-12-01T12:00:00+00:00,2025-12-01T06:00:00+00:00,2025-12-03T11:00:00+00:00,2025-12-03T16:00:00+05:00,48,47.0,acff2b939c6df7d12cca955d21e1c32b808b7f013d695a086a0b7a988f5c75c3,0.11666666666666665,3.57,3.66,3.74,76.0,1.5,955.6,0.258819045102521,-0.9659258262890682,-0.46706492487743034,0.8842230238742036
training,2025-12-02T12:00:00+00:00,2025-12-02T06:00:00+00:00,2025-12-03T12:00:00+00:00,2025-12-03T17:00:00+05:00,24,24.0,495f6a1556e71b2755056738c0f13953fb409d2212dcbb85156277cf40b6d7f6,0.15,4.91,5.04,5.14,66.0,0.7,956.0,1.2246467991473532e-16,-1.0,-0.46706492487743034,0.8842230238742036
training,2025-12-01T12:00:00+00:00,2025-12-01T06:00:00+00:00,2025-12-03T12:00:00+00:00,2025-12-03T17:00:00+05:00,48,48.0,acff2b939c6df7d12cca955d21e1c32b808b7f013d695a086a0b7a988f5c75c3,0.15,3.73,3.83,3.91,73.0,1.2,955.9,1.2246467991473532e-16,-1.0,-0.46706492487743034,0.8842230238742036
training,2025-12-02T12:00:00+00:00,2025-12-02T06:00:00+00:00,2025-12-03T13:00:00+00:00,2025-12-03T18:00:00+05:00,24,25.0,495f6a1556e71b2755056738c0f13953fb409d2212dcbb85156277cf40b6d7f6,0.3,4.89,5.02,5.12,70.0,1.2,956.3,-0.2588190451025208,-0.9659258262890683,-0.46706492487743034,0.8842230238742036
training,2025-12-01T12:00:00+00:00,2025-12-01T06:00:00+00:00,2025-12-03T13:00:00+00:00,2025-12-03T18:00:00+05:00,48,49.0,acff2b939c6df7d12cca955d21e1c32b808b7f013d695a086a0b7a988f5c75c3,0.3,4.24,4.35,4.44,75.0,1.2,956.0,-0.2588190451025208,-0.9659258262890683,-0.46706492487743034,0.8842230238742036
training,2025-12-02T12:00:00+00:00,2025-12-02T06:00:00+00:00,2025-12-03T14:00:00+00:00,2025-12-03T19:00:00+05:00,24,26.0,495f6a1556e71b2755056738c0f13953fb409d2212dcbb85156277cf40b6d7f6,0.43333333333333335,4.52,4.63,4.73,76.0,1.2,956.1,-0.4999999999999997,-0.8660254037844388,-0.46706492487743034,0.8842230238742036
training,2025-12-01T12:00:00+00:00,2025-12-01T06:00:00+00:00,2025-12-03T14:00:00+00:00,2025-12-03T19:00:00+05:00,48,50.0,acff2b939c6df7d12cca955d21e1c32b808b7f013d695a086a0b7a988f5c75c3,0.43333333333333335,4.83,4.95,5.05,74.0,1.4,955.8,-0.4999999999999997,-0.8660254037844388,-0.46706492487743034,0.8842230238742036
training,2025-12-02T18:00:00+00:00,2025-12-02T12:00:00+00:00,2025-12-03T15:00:00+00:00,2025-12-03T20:00:00+05:00,24,21.0,3e20ca1b0010b73f8ea589ffeb13bf157cb3fb90ee843b9fe64a8b5e01ea0bba,0.365,4.53,4.65,4.75,73.0,1.2,956.1,-0.7071067811865471,-0.7071067811865479,-0.46706492487743034,0.8842230238742036
training,2025-12-01T18:00:00+00:00,2025-12-01T12:00:00+00:00,2025-12-03T15:00:00+00:00,2025-12-03T20:00:00+05:00,48,45.0,f47b54826d474b47b5e13b30aff8f44d325b6213356b43f389fabe2af6c2e6d5,0.365,5.33,5.47,5.59,70.0,1.4,956.1,-0.7071067811865471,-0.7071067811865479,-0.46706492487743034,0.8842230238742036
training,2025-12-02T18:00:00+00:00,2025-12-02T12:00:00+00:00,2025-12-03T16:00:00+00:00,2025-12-03T21:00:00+05:00,24,22.0,3e20ca1b0010b73f8ea589ffeb13bf157cb3fb90ee843b9fe64a8b5e01ea0bba,0.265,5.03,5.16,5.26,70.0,1.3,955.9,-0.8660254037844385,-0.5000000000000004,-0.46706492487743034,0.8842230238742036
training,2025-12-01T18:00:00+00:00,2025-12-01T12:00:00+00:00,2025-12-03T16:00:00+00:00,2025-12-03T21:00:00+05:00,48,46.0,f47b54826d474b47b5e13b30aff8f44d325b6213356b43f389fabe2af6c2e6d5,0.265,5.35,5.49,5.6,71.0,1.5,955.8,-0.8660254037844385,-0.5000000000000004,-0.46706492487743034,0.8842230238742036
training,2025-12-02T18:00:00+00:00,2025-12-02T12:00:00+00:00,2025-12-03T17:00:00+00:00,2025-12-03T22:00:00+05:00,24,23.0,3e20ca1b0010b73f8ea589ffeb13bf157cb3fb90ee843b9fe64a8b5e01ea0bba,0.18166666666666667,5.49,5.64,5.75,69.0,1.0,955.7,-0.9659258262890683,-0.25881904510252063,-0.46706492487743034,0.8842230238742036
training,2025-12-01T18:00:00+00:00,2025-12-01T12:00:00+00:00,2025-12-03T17:00:00+00:00,2025-12-03T22:00:00+05:00,48,47.0,f47b54826d474b47b5e13b30aff8f44d325b6213356b43f389fabe2af6c2e6d5,0.18166666666666667,5.38,5.52,5.64,69.0,1.5,955.7,-0.9659258262890683,-0.25881904510252063,-0.46706492487743034,0.8842230238742036
training,2025-12-02T18:00:00+00:00,2025-12-02T12:00:00+00:00,2025-12-03T18:00:00+00:00,2025-12-03T23:00:00+05:00,24,24.0,3e20ca1b0010b73f8ea589ffeb13bf157cb3fb90ee843b9fe64a8b5e01ea0bba,0.3116666666666667,5.63,5.78,5.9,69.0,1.9,956.1,-1.0,-1.8369701987210297e-16,-0.46706492487743034,0.8842230238742036
training,2025-12-01T18:00:00+00:00,2025-12-01T12:00:00+00:00,2025-12-03T18:00:00+00:00,2025-12-03T23:00:00+05:00,48,48.0,f47b54826d474b47b5e13b30aff8f44d325b6213356b43f389fabe2af6c2e6d5,0.3116666666666667,5.3,5.44,5.55,70.0,1.5,955.7,-1.0,-1.8369701987210297e-16,-0.46706492487743034,0.8842230238742036
training,2025-12-02T18:00:00+00:00,2025-12-02T12:00:00+00:00,2025-12-03T19:00:00+00:00,2025-12-04T00:00:00+05:00,24,25.0,3e20ca1b0010b73f8ea589ffeb13bf157cb3fb90ee843b9fe64a8b5e01ea0bba,0.18500000000000003,5.13,5.27,5.38,73.0,1.4,955.9,-0.9659258262890684,0.2588190451025203,-0.46706492487743034,0.8842230238742036
training,2025-12-01T18:00:00+00:00,2025-12-01T12:00:00+00:00,2025-12-03T19:00:00+00:00,2025-12-04T00:00:00+05:00,48,49.0,f47b54826d474b47b5e13b30aff8f44d325b6213356b43f389fabe2af6c2e6d5,0.18500000000000003,5.18,5.31,5.42,70.0,1.8,956.0,-0.9659258262890684,0.2588190451025203,-0.46706492487743034,0.8842230238742036
training,2025-12-02T18:00:00+00:00,2025-12-02T12:00:00+00:00,2025-12-03T20:00:00+00:00,2025-12-04T01:00:00+05:00,24,26.0,3e20ca1b0010b73f8ea589ffeb13bf157cb3fb90ee843b9fe64a8b5e01ea0bba,0.09999999999999999,5.13,5.27,5.37,67.0,1.3,955.9,-0.8660254037844386,0.5000000000000001,-0.46706492487743034,0.8842230238742036
training,2025-12-01T18:00:00+00:00,2025-12-01T12:00:00+00:00,2025-12-03T20:00:00+00:00,2025-12-04T01:00:00+05:00,48,50.0,f47b54826d474b47b5e13b30aff8f44d325b6213356b43f389fabe2af6c2e6d5,0.09999999999999999,5.24,5.38,5.49,72.0,1.9,956.0,-0.8660254037844386,0.5000000000000001,-0.46706492487743034,0.8842230238742036
training,2025-12-03T00:00:00+00:00,2025-12-02T18:00:00+00:00,2025-12-03T21:00:00+00:00,2025-12-04T02:00:00+05:00,24,21.0,e2284d91b6e2f74481cc04421cb1cfedc5b20da32891d53e30eb2336df83a802,0.17833333333333334,3.92,4.02,4.1,73.0,0.6,956.0,-0.7071067811865477,0.7071067811865474,-0.46706492487743034,0.8842230238742036
training,2025-12-02T00:00:00+00:00,2025-12-01T18:00:00+00:00,2025-12-03T21:00:00+00:00,2025-12-04T02:00:00+05:00,48,45.0,1f67f52f9f9dd55e71904ae1dc8889b04166f43a3b4e7af22fd0ff4afcabf3c1,0.17833333333333334,5.76,5.91,6.03,69.0,2.1,955.4,-0.7071067811865477,0.7071067811865474,-0.46706492487743034,0.8842230238742036
training,2025-12-03T00:00:00+00:00,2025-12-02T18:00:00+00:00,2025-12-03T22:00:00+00:00,2025-12-04T03:00:00+05:00,24,22.0,e2284d91b6e2f74481cc04421cb1cfedc5b20da32891d53e30eb2336df83a802,0.15166666666666667,4.45,4.56,4.66,86.0,0.3,956.0,-0.5000000000000004,0.8660254037844384,-0.46706492487743034,0.8842230238742036
training,2025-12-02T00:00:00+00:00,2025-12-01T18:00:00+00:00,2025-12-03T22:00:00+00:00,2025-12-04T03:00:00+05:00,48,46.0,1f67f52f9f9dd55e71904ae1dc8889b04166f43a3b4e7af22fd0ff4afcabf3c1,0.15166666666666667,6.09,6.25,6.38,72.0,2.0,955.3,-0.5000000000000004,0.8660254037844384,-0.46706492487743034,0.8842230238742036
training,2025-12-03T00:00:00+00:00,2025-12-02T18:00:00+00:00,2025-12-03T23:00:00+00:00,2025-12-04T04:00:00+05:00,24,23.0,e2284d91b6e2f74481cc04421cb1cfedc5b20da32891d53e30eb2336df83a802,0.09333333333333332,3.33,3.41,3.48,79.0,0.4,955.6,-0.25881904510252157,0.9659258262890681,-0.46706492487743034,0.8842230238742036
training,2025-12-02T00:00:00+00:00,2025-12-01T18:00:00+00:00,2025-12-03T23:00:00+00:00,2025-12-04T04:00:00+05:00,48,47.0,1f67f52f9f9dd55e71904ae1dc8889b04166f43a3b4e7af22fd0ff4afcabf3c1,0.09333333333333332,6.17,6.33,6.46,65.0,1.2,955.1,-0.25881904510252157,0.9659258262890681,-0.46706492487743034,0.8842230238742036
training,2025-12-03T00:00:00+00:00,2025-12-02T18:00:00+00:00,2025-12-04T00:00:00+00:00,2025-12-04T05:00:00+05:00,24,24.0,e2284d91b6e2f74481cc04421cb1cfedc5b20da32891d53e30eb2336df83a802,0.105,5.17,5.3,5.41,79.0,1.1,956.2,0.0,1.0,-0.451785789832884,0.8921264484954345
training,2025-12-02T00:00:00+00:00,2025-12-01T18:00:00+00:00,2025-12-04T00:00:00+00:00,2025-12-04T05:00:00+05:00,48,48.0,1f67f52f9f9dd55e71904ae1dc8889b04166f43a3b4e7af22fd0ff4afcabf3c1,0.105,5.32,5.46,5.57,71.0,1.3,955.8,0.0,1.0,-0.451785789832884,0.8921264484954345
training,2025-12-03T00:00:00+00:00,2025-12-02T18:00:00+00:00,2025-12-04T01:00:00+00:00,2025-12-04T06:00:00+05:00,24,25.0,e2284d91b6e2f74481cc04421cb1cfedc5b20da32891d53e30eb2336df83a802,0.10166666666666667,4.94,5.06,5.17,81.0,0.7,956.0,0.25881904510252074,0.9659258262890683,-0.451785789832884,0.8921264484954345
training,2025-12-02T00:00:00+00:00,2025-12-01T18:00:00+00:00,2025-12-04T01:00:00+00:00,2025-12-04T06:00:00+05:00,48,49.0,1f67f52f9f9dd55e71904ae1dc8889b04166f43a3b4e7af22fd0ff4afcabf3c1,0.10166666666666667,5.05,5.18,5.29,68.0,1.4,956.6,0.25881904510252074,0.9659258262890683,-0.451785789832884,0.8921264484954345
training,2025-12-03T00:00:00+00:00,2025-12-02T18:00:00+00:00,2025-12-04T02:00:00+00:00,2025-12-04T07:00:00+05:00,24,26.0,e2284d91b6e2f74481cc04421cb1cfedc5b20da32891d53e30eb2336df83a802,0.165,5.18,5.31,5.42,76.0,0.8,956.3,0.49999999999999994,0.8660254037844387,-0.451785789832884,0.8921264484954345
training,2025-12-02T00:00:00+00:00,2025-12-01T18:00:00+00:00,2025-12-04T02:00:00+00:00,2025-12-04T07:00:00+05:00,48,50.0,1f67f52f9f9dd55e71904ae1dc8889b04166f43a3b4e7af22fd0ff4afcabf3c1,0.165,4.84,4.97,5.07,85.0,0.9,956.8,0.49999999999999994,0.8660254037844387,-0.451785789832884,0.8921264484954345
training,2025-12-03T06:00:00+00:00,2025-12-03T00:00:00+00:00,2025-12-04T03:00:00+00:00,2025-12-04T08:00:00+05:00,24,21.0,6d64fd52925063200a16ae33ce86d9dc5251b46f5011d33d18430cc6017e6d1c,0.19999999999999998,5.16,5.3,5.41,71.0,2.2,957.2,0.7071067811865476,0.7071067811865476,-0.451785789832884,0.8921264484954345
training,2025-12-02T06:00:00+00:00,2025-12-02T00:00:00+00:00,2025-12-04T03:00:00+00:00,2025-12-04T08:00:00+05:00,48,45.0,3c15b97bda7ff573bd03b3ca745ca661e5cd64715d0ef8e8c4a282412a98dd11,0.19999999999999998,4.65,4.77,4.87,85.0,2.6,956.7,0.7071067811865476,0.7071067811865476,-0.451785789832884,0.8921264484954345
training,2025-12-03T06:00:00+00:00,2025-12-03T00:00:00+00:00,2025-12-04T04:00:00+00:00,2025-12-04T09:00:00+05:00,24,22.0,6d64fd52925063200a16ae33ce86d9dc5251b46f5011d33d18430cc6017e6d1c,0.115,5.38,5.52,5.64,78.0,4.0,957.8,0.8660254037844386,0.5000000000000001,-0.451785789832884,0.8921264484954345
training,2025-12-02T06:00:00+00:00,2025-12-02T00:00:00+00:00,2025-12-04T04:00:00+00:00,2025-12-04T09:00:00+05:00,48,46.0,3c15b97bda7ff573bd03b3ca745ca661e5cd64715d0ef8e8c4a282412a98dd11,0.115,4.78,4.9,5.01,67.0,4.5,957.2,0.8660254037844386,0.5000000000000001,-0.451785789832884,0.8921264484954345
training,2025-12-03T06:00:00+00:00,2025-12-03T00:00:00+00:00,2025-12-04T05:00:00+00:00,2025-12-04T10:00:00+05:00,24,23.0,6d64fd52925063200a16ae33ce86d9dc5251b46f5011d33d18430cc6017e6d1c,0.05833333333333334,5.62,5.76,5.88,74.0,5.1,957.9,0.9659258262890683,0.25881904510252074,-0.451785789832884,0.8921264484954345
training,2025-12-02T06:00:00+00:00,2025-12-02T00:00:00+00:00,2025-12-04T05:00:00+00:00,2025-12-04T10:00:00+05:00,48,47.0,3c15b97bda7ff573bd03b3ca745ca661e5cd64715d0ef8e8c4a282412a98dd11,0.05833333333333334,5.87,6.02,6.15,71.0,5.9,957.7,0.9659258262890683,0.25881904510252074,-0.451785789832884,0.8921264484954345
training,2025-12-03T06:00:00+00:00,2025-12-03T00:00:00+00:00,2025-12-04T06:00:00+00:00,2025-12-04T11:00:00+05:00,24,24.0,6d64fd52925063200a16ae33ce86d9dc5251b46f5011d33d18430cc6017e6d1c,0.021666666666666667,4.87,5.0,5.1,72.0,5.8,957.8,1.0,6.123233995736766e-17,-0.451785789832884,0.8921264484954345
training,2025-12-02T06:00:00+00:00,2025-12-02T00:00:00+00:00,2025-12-04T06:00:00+00:00,2025-12-04T11:00:00+05:00,48,48.0,3c15b97bda7ff573bd03b3ca745ca661e5cd64715d0ef8e8c4a282412a98dd11,0.021666666666666667,5.08,5.21,5.32,63.0,6.6,957.7,1.0,6.123233995736766e-17,-0.451785789832884,0.8921264484954345
training,2025-12-03T06:00:00+00:00,2025-12-03T00:00:00+00:00,2025-12-04T07:00:00+00:00,2025-12-04T12:00:00+05:00,24,25.0,6d64fd52925063200a16ae33ce86d9dc5251b46f5011d33d18430cc6017e6d1c,0.04,4.13,4.24,4.33,71.0,6.7,957.2,0.9659258262890683,-0.25881904510252063,-0.451785789832884,0.8921264484954345
training,2025-12-02T06:00:00+00:00,2025-12-02T00:00:00+00:00,2025-12-04T07:00:00+00:00,2025-12-04T12:00:00+05:00,48,49.0,3c15b97bda7ff573bd03b3ca745ca661e5cd64715d0ef8e8c4a282412a98dd11,0.04,4.93,5.06,5.16,62.0,6.9,957.3,0.9659258262890683,-0.25881904510252063,-0.451785789832884,0.8921264484954345
training,2025-12-03T06:00:00+00:00,2025-12-03T00:00:00+00:00,2025-12-04T08:00:00+00:00,2025-12-04T13:00:00+05:00,24,26.0,6d64fd52925063200a16ae33ce86d9dc5251b46f5011d33d18430cc6017e6d1c,0.043333333333333335,3.37,3.46,3.53,76.0,7.0,957.1,0.8660254037844387,-0.4999999999999998,-0.451785789832884,0.8921264484954345
training,2025-12-02T06:00:00+00:00,2025-12-02T00:00:00+00:00,2025-12-04T08:00:00+00:00,2025-12-04T13:00:00+05:00,48,50.0,3c15b97bda7ff573bd03b3ca745ca661e5cd64715d0ef8e8c4a282412a98dd11,0.043333333333333335,4.26,4.37,4.46,66.0,7.0,957.1,0.8660254037844387,-0.4999999999999998,-0.451785789832884,0.8921264484954345
training,2025-12-03T12:00:00+00:00,2025-12-03T06:00:00+00:00,2025-12-04T09:00:00+00:00,2025-12-04T14:00:00+05:00,24,21.0,53f4085ec235119e870b79fca100dc997659a614e956dc2604477debf70431e6,0.051666666666666666,3.18,3.26,3.33,75.0,7.1,957.0,0.7071067811865476,-0.7071067811865475,-0.451785789832884,0.8921264484954345
training,2025-12-02T12:00:00+00:00,2025-12-02T06:00:00+00:00,2025-12-04T09:00:00+00:00,2025-12-04T14:00:00+05:00,48,45.0,495f6a1556e71b2755056738c0f13953fb409d2212dcbb85156277cf40b6d7f6,0.051666666666666666,3.1,3.18,3.25,98.0,7.0,957.3,0.7071067811865476,-0.7071067811865475,-0.451785789832884,0.8921264484954345
training,2025-12-03T12:00:00+00:00,2025-12-03T06:00:00+00:00,2025-12-04T10:00:00+00:00,2025-12-04T15:00:00+05:00,24,22.0,53f4085ec235119e870b79fca100dc997659a614e956dc2604477debf70431e6,0.024999999999999998,3.36,3.44,3.52,81.0,4.6,956.9,0.49999999999999994,-0.8660254037844387,-0.451785789832884,0.8921264484954345
training,2025-12-02T12:00:00+00:00,2025-12-02T06:00:00+00:00,2025-12-04T10:00:00+00:00,2025-12-04T15:00:00+05:00,48,46.0,495f6a1556e71b2755056738c0f13953fb409d2212dcbb85156277cf40b6d7f6,0.024999999999999998,2.39,2.45,2.5,107.0,5.1,957.0,0.49999999999999994,-0.8660254037844387,-0.451785789832884,0.8921264484954345
training,2025-12-03T12:00:00+00:00,2025-12-03T06:00:00+00:00,2025-12-04T11:00:00+00:00,2025-12-04T16:00:00+05:00,24,23.0,53f4085ec235119e870b79fca100dc997659a614e956dc2604477debf70431e6,0.18166666666666667,2.49,2.55,2.6,92.0,2.2,956.8,0.258819045102521,-0.9659258262890682,-0.451785789832884,0.8921264484954345
training,2025-12-02T12:00:00+00:00,2025-12-02T06:00:00+00:00,2025-12-04T11:00:00+00:00,2025-12-04T16:00:00+05:00,48,47.0,495f6a1556e71b2755056738c0f13953fb409d2212dcbb85156277cf40b6d7f6,0.18166666666666667,1.8,1.84,1.88,103.0,3.0,956.9,0.258819045102521,-0.9659258262890682,-0.451785789832884,0.8921264484954345
training,2025-12-03T12:00:00+00:00,2025-12-03T06:00:00+00:00,2025-12-04T12:00:00+00:00,2025-12-04T17:00:00+05:00,24,24.0,53f4085ec235119e870b79fca100dc997659a614e956dc2604477debf70431e6,0.225,1.11,1.14,1.16,105.0,2.7,957.4,1.2246467991473532e-16,-1.0,-0.451785789832884,0.8921264484954345
training,2025-12-02T12:00:00+00:00,2025-12-02T06:00:00+00:00,2025-12-04T12:00:00+00:00,2025-12-04T17:00:00+05:00,48,48.0,495f6a1556e71b2755056738c0f13953fb409d2212dcbb85156277cf40b6d7f6,0.225,1.34,1.38,1.4,71.0,3.4,957.5,1.2246467991473532e-16,-1.0,-0.451785789832884,0.8921264484954345
training,2025-12-03T12:00:00+00:00,2025-12-03T06:00:00+00:00,2025-12-04T13:00:00+00:00,2025-12-04T18:00:00+05:00,24,25.0,53f4085ec235119e870b79fca100dc997659a614e956dc2604477debf70431e6,0.18500000000000003,0.76,0.78,0.8,207.0,3.1,957.9,-0.2588190451025208,-0.9659258262890683,-0.451785789832884,0.8921264484954345
training,2025-12-02T12:00:00+00:00,2025-12-02T06:00:00+00:00,2025-12-04T13:00:00+00:00,2025-12-04T18:00:00+05:00,48,49.0,495f6a1556e71b2755056738c0f13953fb409d2212dcbb85156277cf40b6d7f6,0.18500000000000003,0.98,1.01,1.03,153.0,3.7,958.0,-0.2588190451025208,-0.9659258262890683,-0.451785789832884,0.8921264484954345
training,2025-12-03T12:00:00+00:00,2025-12-03T06:00:00+00:00,2025-12-04T14:00:00+00:00,2025-12-04T19:00:00+05:00,24,26.0,53f4085ec235119e870b79fca100dc997659a614e956dc2604477debf70431e6,0.06333333333333334,1.89,1.94,1.98,235.0,3.4,958.1,-0.4999999999999997,-0.8660254037844388,-0.451785789832884,0.8921264484954345
training,2025-12-02T12:00:00+00:00,2025-12-02T06:00:00+00:00,2025-12-04T14:00:00+00:00,2025-12-04T19:00:00+05:00,48,50.0,495f6a1556e71b2755056738c0f13953fb409d2212dcbb85156277cf40b6d7f6,0.06333333333333334,1.48,1.52,1.55,226.0,4.0,958.2,-0.4999999999999997,-0.8660254037844388,-0.451785789832884,0.8921264484954345
training,2025-12-03T18:00:00+00:00,2025-12-03T12:00:00+00:00,2025-12-04T15:00:00+00:00,2025-12-04T20:00:00+05:00,24,21.0,cf47a00c793153f9d43da8c404418ebbf8e4389dfa3e3507e3fba1da338edcd1,0.013333333333333334,2.37,2.43,2.48,238.0,3.1,958.0,-0.7071067811865471,-0.7071067811865479,-0.451785789832884,0.8921264484954345
training,2025-12-02T18:00:00+00:00,2025-12-02T12:00:00+00:00,2025-12-04T15:00:00+00:00,2025-12-04T20:00:00+05:00,48,45.0,3e20ca1b0010b73f8ea589ffeb13bf157cb3fb90ee843b9fe64a8b5e01ea0bba,0.013333333333333334,2.48,2.54,2.59,234.0,3.6,958.1,-0.7071067811865471,-0.7071067811865479,-0.451785789832884,0.8921264484954345
training,2025-12-03T18:00:00+00:00,2025-12-03T12:00:00+00:00,2025-12-04T16:00:00+00:00,2025-12-04T21:00:00+05:00,24,22.0,cf47a00c793153f9d43da8c404418ebbf8e4389dfa3e3507e3fba1da338edcd1,0.12,2.32,2.38,2.42,240.0,2.4,958.0,-0.8660254037844385,-0.5000000000000004,-0.451785789832884,0.8921264484954345
training,2025-12-02T18:00:00+00:00,2025-12-02T12:00:00+00:00,2025-12-04T16:00:00+00:00,2025-12-04T21:00:00+05:00,48,46.0,3e20ca1b0010b73f8ea589ffeb13bf157cb3fb90ee843b9fe64a8b5e01ea0bba,0.12,2.36,2.42,2.47,248.0,3.6,958.3,-0.8660254037844385,-0.5000000000000004,-0.451785789832884,0.8921264484954345
training,2025-12-03T18:00:00+00:00,2025-12-03T12:00:00+00:00,2025-12-04T17:00:00+00:00,2025-12-04T22:00:00+05:00,24,23.0,cf47a00c793153f9d43da8c404418ebbf8e4389dfa3e3507e3fba1da338edcd1,0.08833333333333333,2.21,2.27,2.31,256.0,1.8,958.1,-0.9659258262890683,-0.25881904510252063,-0.451785789832884,0.8921264484954345
training,2025-12-02T18:00:00+00:00,2025-12-02T12:00:00+00:00,2025-12-04T17:00:00+00:00,2025-12-04T22:00:00+05:00,48,47.0,3e20ca1b0010b73f8ea589ffeb13bf157cb3fb90ee843b9fe64a8b5e01ea0bba,0.08833333333333333,2.34,2.4,2.45,234.0,3.4,958.4,-0.9659258262890683,-0.25881904510252063,-0.451785789832884,0.8921264484954345
training,2025-12-03T18:00:00+00:00,2025-12-03T12:00:00+00:00,2025-12-04T18:00:00+00:00,2025-12-04T23:00:00+05:00,24,24.0,cf47a00c793153f9d43da8c404418ebbf8e4389dfa3e3507e3fba1da338edcd1,0.03666666666666667,2.61,2.68,2.74,233.0,1.4,958.2,-1.0,-1.8369701987210297e-16,-0.451785789832884,0.8921264484954345
training,2025-12-02T18:00:00+00:00,2025-12-02T12:00:00+00:00,2025-12-04T18:00:00+00:00,2025-12-04T23:00:00+05:00,48,48.0,3e20ca1b0010b73f8ea589ffeb13bf157cb3fb90ee843b9fe64a8b5e01ea0bba,0.03666666666666667,2.68,2.75,2.81,241.0,3.0,958.4,-1.0,-1.8369701987210297e-16,-0.451785789832884,0.8921264484954345
training,2025-12-03T18:00:00+00:00,2025-12-03T12:00:00+00:00,2025-12-04T19:00:00+00:00,2025-12-05T00:00:00+05:00,24,25.0,cf47a00c793153f9d43da8c404418ebbf8e4389dfa3e3507e3fba1da338edcd1,0.016666666666666666,2.4,2.47,2.52,252.0,1.5,958.2,-0.9659258262890684,0.2588190451025203,-0.451785789832884,0.8921264484954345
training,2025-12-02T18:00:00+00:00,2025-12-02T12:00:00+00:00,2025-12-04T19:00:00+00:00,2025-12-05T00:00:00+05:00,48,49.0,3e20ca1b0010b73f8ea589ffeb13bf157cb3fb90ee843b9fe64a8b5e01ea0bba,0.016666666666666666,2.51,2.57,2.63,246.0,2.8,958.4,-0.9659258262890684,0.2588190451025203,-0.451785789832884,0.8921264484954345
training,2025-12-03T18:00:00+00:00,2025-12-03T12:00:00+00:00,2025-12-04T20:00:00+00:00,2025-12-05T01:00:00+05:00,24,26.0,cf47a00c793153f9d43da8c404418ebbf8e4389dfa3e3507e3fba1da338edcd1,0.013333333333333334,1.77,1.81,1.85,264.0,1.2,958.3,-0.8660254037844386,0.5000000000000001,-0.451785789832884,0.8921264484954345
training,2025-12-02T18:00:00+00:00,2025-12-02T12:00:00+00:00,2025-12-04T20:00:00+00:00,2025-12-05T01:00:00+05:00,48,50.0,3e20ca1b0010b73f8ea589ffeb13bf157cb3fb90ee843b9fe64a8b5e01ea0bba,0.013333333333333334,2.45,2.52,2.57,249.0,2.3,958.4,-0.8660254037844386,0.5000000000000001,-0.451785789832884,0.8921264484954345
training,2025-12-04T00:00:00+00:00,2025-12-03T18:00:00+00:00,2025-12-04T21:00:00+00:00,2025-12-05T02:00:00+05:00,24,21.0,1fca418f3f972923109f167e65ecebd5db7e946f9b6ac15f1978a44b5999a0f0,0.015,2.3,2.36,2.41,253.0,0.1,958.6,-0.7071067811865477,0.7071067811865474,-0.451785789832884,0.8921264484954345
training,2025-12-03T00:00:00+00:00,2025-12-02T18:00:00+00:00,2025-12-04T21:00:00+00:00,2025-12-05T02:00:00+05:00,48,45.0,e2284d91b6e2f74481cc04421cb1cfedc5b20da32891d53e30eb2336df83a802,0.015,1.96,2.02,2.06,240.0,1.6,958.8,-0.7071067811865477,0.7071067811865474,-0.451785789832884,0.8921264484954345
training,2025-12-04T00:00:00+00:00,2025-12-03T18:00:00+00:00,2025-12-04T22:00:00+00:00,2025-12-05T03:00:00+05:00,24,22.0,1fca418f3f972923109f167e65ecebd5db7e946f9b6ac15f1978a44b5999a0f0,0.028333333333333335,2.55,2.62,2.67,244.0,-0.3,958.7,-0.5000000000000004,0.8660254037844384,-0.451785789832884,0.8921264484954345
training,2025-12-03T00:00:00+00:00,2025-12-02T18:00:00+00:00,2025-12-04T22:00:00+00:00,2025-12-05T03:00:00+05:00,48,46.0,e2284d91b6e2f74481cc04421cb1cfedc5b20da32891d53e30eb2336df83a802,0.028333333333333335,3.34,3.43,3.5,262.0,0.7,959.1,-0.5000000000000004,0.8660254037844384,-0.451785789832884,0.8921264484954345
training,2025-12-04T00:00:00+00:00,2025-12-03T18:00:00+00:00,2025-12-04T23:00:00+00:00,2025-12-05T04:00:00+05:00,24,23.0,1fca418f3f972923109f167e65ecebd5db7e946f9b6ac15f1978a44b5999a0f0,0.05666666666666667,3.16,3.25,3.31,260.0,-0.7,958.7,-0.25881904510252157,0.9659258262890681,-0.451785789832884,0.8921264484954345
training,2025-12-03T00:00:00+00:00,2025-12-02T18:00:00+00:00,2025-12-04T23:00:00+00:00,2025-12-05T04:00:00+05:00,48,47.0,e2284d91b6e2f74481cc04421cb1cfedc5b20da32891d53e30eb2336df83a802,0.05666666666666667,4.22,4.33,4.42,253.0,0.2,959.2,-0.25881904510252157,0.9659258262890681,-0.451785789832884,0.8921264484954345
training,2025-12-04T00:00:00+00:00,2025-12-03T18:00:00+00:00,2025-12-05T00:00:00+00:00,2025-12-05T05:00:00+05:00,24,24.0,1fca418f3f972923109f167e65ecebd5db7e946f9b6ac15f1978a44b5999a0f0,0.035,3.73,3.83,3.91,250.0,-0.7,959.2,0.0,1.0,-0.4363729641045924,0.8997658785476209
training,2025-12-03T00:00:00+00:00,2025-12-02T18:00:00+00:00,2025-12-05T00:00:00+00:00,2025-12-05T05:00:00+05:00,48,48.0,e2284d91b6e2f74481cc04421cb1cfedc5b20da32891d53e30eb2336df83a802,0.035,4.34,4.45,4.54,249.0,0.5,959.6,0.0,1.0,-0.4363729641045924,0.8997658785476209
training,2025-12-04T00:00:00+00:00,2025-12-03T18:00:00+00:00,2025-12-05T01:00:00+00:00,2025-12-05T06:00:00+05:00,24,25.0,1fca418f3f972923109f167e65ecebd5db7e946f9b6ac15f1978a44b5999a0f0,0.065,4.18,4.29,4.38,238.0,0.0,959.9,0.25881904510252074,0.9659258262890683,-0.4363729641045924,0.8997658785476209
training,2025-12-03T00:00:00+00:00,2025-12-02T18:00:00+00:00,2025-12-05T01:00:00+00:00,2025-12-05T06:00:00+05:00,48,49.0,e2284d91b6e2f74481cc04421cb1cfedc5b20da32891d53e30eb2336df83a802,0.065,4.58,4.7,4.79,245.0,0.8,960.1,0.25881904510252074,0.9659258262890683,-0.4363729641045924,0.8997658785476209
training,2025-12-04T00:00:00+00:00,2025-12-03T18:00:00+00:00,2025-12-05T02:00:00+00:00,2025-12-05T07:00:00+05:00,24,26.0,1fca418f3f972923109f167e65ecebd5db7e946f9b6ac15f1978a44b5999a0f0,0.011666666666666667,3.28,3.36,3.43,240.0,-0.2,960.0,0.49999999999999994,0.8660254037844387,-0.4363729641045924,0.8997658785476209
training,2025-12-03T00:00:00+00:00,2025-12-02T18:00:00+00:00,2025-12-05T02:00:00+00:00,2025-12-05T07:00:00+05:00,48,50.0,e2284d91b6e2f74481cc04421cb1cfedc5b20da32891d53e30eb2336df83a802,0.011666666666666667,4.45,4.57,4.66,247.0,0.6,960.3,0.49999999999999994,0.8660254037844387,-0.4363729641045924,0.8997658785476209
training,2025-12-04T06:00:00+00:00,2025-12-04T00:00:00+00:00,2025-12-05T03:00:00+00:00,2025-12-05T08:00:00+05:00,24,21.0,1d734ae6349347988d7a517bd7321839bfb0e3c6ea192d1d3746f6a090501aad,0.01,3.74,3.83,3.91,248.0,1.0,960.9,0.7071067811865476,0.7071067811865476,-0.4363729641045924,0.8997658785476209
training,2025-12-03T06:00:00+00:00,2025-12-03T00:00:00+00:00,2025-12-05T03:00:00+00:00,2025-12-05T08:00:00+05:00,48,45.0,6d64fd52925063200a16ae33ce86d9dc5251b46f5011d33d18430cc6017e6d1c,0.01,4.61,4.73,4.82,247.0,1.5,961.1,0.7071067811865476,0.7071067811865476,-0.4363729641045924,0.8997658785476209
training,2025-12-04T06:00:00+00:00,2025-12-04T00:00:00+00:00,2025-12-05T04:00:00+00:00,2025-12-05T09:00:00+05:00,24,22.0,1d734ae6349347988d7a517bd7321839bfb0e3c6ea192d1d3746f6a090501aad,0.013333333333333334,3.66,3.76,3.84,237.0,3.6,961.8,0.8660254037844386,0.5000000000000001,-0.4363729641045924,0.8997658785476209
training,2025-12-03T06:00:00+00:00,2025-12-03T00:00:00+00:00,2025-12-05T04:00:00+00:00,2025-12-05T09:00:00+05:00,48,46.0,6d64fd52925063200a16ae33ce86d9dc5251b46f5011d33d18430cc6017e6d1c,0.013333333333333334,4.48,4.6,4.69,248.0,4.2,962.1,0.8660254037844386,0.5000000000000001,-0.4363729641045924,0.8997658785476209
training,2025-12-04T06:00:00+00:00,2025-12-04T00:00:00+00:00,2025-12-05T05:00:00+00:00,2025-12-05T10:00:00+05:00,24,23.0,1d734ae6349347988d7a517bd7321839bfb0e3c6ea192d1d3746f6a090501aad,0.01,2.94,3.02,3.08,243.0,5.3,962.2,0.9659258262890683,0.25881904510252074,-0.4363729641045924,0.8997658785476209
training,2025-12-03T06:00:00+00:00,2025-12-03T00:00:00+00:00,2025-12-05T05:00:00+00:00,2025-12-05T10:00:00+05:00,48,47.0,6d64fd52925063200a16ae33ce86d9dc5251b46f5011d33d18430cc6017e6d1c,0.01,3.58,3.67,3.74,253.0,6.1,962.5,0.9659258262890683,0.25881904510252074,-0.4363729641045924,0.8997658785476209
training,2025-12-04T06:00:00+00:00,2025-12-04T00:00:00+00:00,2025-12-05T06:00:00+00:00,2025-12-05T11:00:00+05:00,24,24.0,1d734ae6349347988d7a517bd7321839bfb0e3c6ea192d1d3746f6a090501aad,0.01,3.36,3.45,3.52,251.0,6.2,962.1,1.0,6.123233995736766e-17,-0.4363729641045924,0.8997658785476209
training,2025-12-03T06:00:00+00:00,2025-12-03T00:00:00+00:00,2025-12-05T06:00:00+00:00,2025-12-05T11:00:00+05:00,48,48.0,6d64fd52925063200a16ae33ce86d9dc5251b46f5011d33d18430cc6017e6d1c,0.01,4.59,4.71,4.8,255.0,7.4,962.3,1.0,6.123233995736766e-17,-0.4363729641045924,0.8997658785476209
training,2025-12-04T06:00:00+00:00,2025-12-04T00:00:00+00:00,2025-12-05T07:00:00+00:00,2025-12-05T12:00:00+05:00,24,25.0,1d734ae6349347988d7a517bd7321839bfb0e3c6ea192d1d3746f6a090501aad,0.01,3.78,3.87,3.95,246.0,7.0,961.6,0.9659258262890683,-0.25881904510252063,-0.4363729641045924,0.8997658785476209
training,2025-12-03T06:00:00+00:00,2025-12-03T00:00:00+00:00,2025-12-05T07:00:00+00:00,2025-12-05T12:00:00+05:00,48,49.0,6d64fd52925063200a16ae33ce86d9dc5251b46f5011d33d18430cc6017e6d1c,0.01,5.61,5.76,5.88,259.0,7.8,961.9,0.9659258262890683,-0.25881904510252063,-0.4363729641045924,0.8997658785476209
training,2025-12-04T06:00:00+00:00,2025-12-04T00:00:00+00:00,2025-12-05T08:00:00+00:00,2025-12-05T13:00:00+05:00,24,26.0,1d734ae6349347988d7a517bd7321839bfb0e3c6ea192d1d3746f6a090501aad,0.01,4.4,4.51,4.61,249.0,7.4,961.4,0.8660254037844387,-0.4999999999999998,-0.4363729641045924,0.8997658785476209
training,2025-12-03T06:00:00+00:00,2025-12-03T00:00:00+00:00,2025-12-05T08:00:00+00:00,2025-12-05T13:00:00+05:00,48,50.0,6d64fd52925063200a16ae33ce86d9dc5251b46f5011d33d18430cc6017e6d1c,0.01,5.69,5.84,5.96,254.0,7.1,962.0,0.8660254037844387,-0.4999999999999998,-0.4363729641045924,0.8997658785476209
training,2025-12-04T12:00:00+00:00,2025-12-04T06:00:00+00:00,2025-12-05T09:00:00+00:00,2025-12-05T14:00:00+05:00,24,21.0,ae1bb81d60bd926496c8c59d44d2e901d171416c45b496ff3e75196f26754ebc,0.01,6.78,6.96,7.1,246.0,6.9,961.5,0.7071067811865476,-0.7071067811865475,-0.4363729641045924,0.8997658785476209
training,2025-12-03T12:00:00+00:00,2025-12-03T06:00:00+00:00,2025-12-05T09:00:00+00:00,2025-12-05T14:00:00+05:00,48,45.0,53f4085ec235119e870b79fca100dc997659a614e956dc2604477debf70431e6,0.01,5.39,5.53,5.64,241.0,7.0,962.3,0.7071067811865476,-0.7071067811865475,-0.4363729641045924,0.8997658785476209
training,2025-12-04T12:00:00+00:00,2025-12-04T06:00:00+00:00,2025-12-05T10:00:00+00:00,2025-12-05T15:00:00+05:00,24,22.0,ae1bb81d60bd926496c8c59d44d2e901d171416c45b496ff3e75196f26754ebc,0.01,7.9,8.1,8.27,241.0,5.9,961.7,0.49999999999999994,-0.8660254037844387,-0.4363729641045924,0.8997658785476209
training,2025-12-03T12:00:00+00:00,2025-12-03T06:00:00+00:00,2025-12-05T10:00:00+00:00,2025-12-05T15:00:00+05:00,48,46.0,53f4085ec235119e870b79fca100dc997659a614e956dc2604477debf70431e6,0.01,6.41,6.57,6.71,244.0,5.5,962.3,0.49999999999999994,-0.8660254037844387,-0.4363729641045924,0.8997658785476209
training,2025-12-04T12:00:00+00:00,2025-12-04T06:00:00+00:00,2025-12-05T11:00:00+00:00,2025-12-05T16:00:00+05:00,24,23.0,ae1bb81d60bd926496c8c59d44d2e901d171416c45b496ff3e75196f26754ebc,0.008333333333333333,8.22,8.43,8.61,237.0,4.5,962.0,0.258819045102521,-0.9659258262890682,-0.4363729641045924,0.8997658785476209
training,2025-12-03T12:00:00+00:00,2025-12-03T06:00:00+00:00,2025-12-05T11:00:00+00:00,2025-12-05T16:00:00+05:00,48,47.0,53f4085ec235119e870b79fca100dc997659a614e956dc2604477debf70431e6,0.008333333333333333,7.61,7.8,7.96,239.0,3.7,962.5,0.258819045102521,-0.9659258262890682,-0.4363729641045924,0.8997658785476209
training,2025-12-04T12:00:00+00:00,2025-12-04T06:00:00+00:00,2025-12-05T12:00:00+00:00,2025-12-05T17:00:00+05:00,24,24.0,ae1bb81d60bd926496c8c59d44d2e901d171416c45b496ff3e75196f26754ebc,0.021666666666666667,7.76,7.96,8.12,233.0,3.9,962.5,1.2246467991473532e-16,-1.0,-0.4363729641045924,0.8997658785476209
training,2025-12-03T12:00:00+00:00,2025-12-03T06:00:00+00:00,2025-12-05T12:00:00+00:00,2025-12-05T17:00:00+05:00,48,48.0,53f4085ec235119e870b79fca100dc997659a614e956dc2604477debf70431e6,0.021666666666666667,8.23,8.44,8.61,234.0,3.2,963.1,1.2246467991473532e-16,-1.0,-0.4363729641045924,0.8997658785476209
training,2025-12-04T12:00:00+00:00,2025-12-04T06:00:00+00:00,2025-12-05T13:00:00+00:00,2025-12-05T18:00:00+05:00,24,25.0,ae1bb81d60bd926496c8c59d44d2e901d171416c45b496ff3e75196f26754ebc,0.16,7.36,7.55,7.71,232.0,3.7,962.8,-0.2588190451025208,-0.9659258262890683,-0.4363729641045924,0.8997658785476209
training,2025-12-03T12:00:00+00:00,2025-12-03T06:00:00+00:00,2025-12-05T13:00:00+00:00,2025-12-05T18:00:00+05:00,48,49.0,53f4085ec235119e870b79fca100dc997659a614e956dc2604477debf70431e6,0.16,7.94,8.14,8.31,231.0,3.2,963.5,-0.2588190451025208,-0.9659258262890683,-0.4363729641045924,0.8997658785476209
training,2025-12-04T12:00:00+00:00,2025-12-04T06:00:00+00:00,2025-12-05T14:00:00+00:00,2025-12-05T19:00:00+05:00,24,26.0,ae1bb81d60bd926496c8c59d44d2e901d171416c45b496ff3e75196f26754ebc,0.18166666666666667,6.9,7.07,7.22,227.0,3.1,962.8,-0.4999999999999997,-0.8660254037844388,-0.4363729641045924,0.8997658785476209
training,2025-12-03T12:00:00+00:00,2025-12-03T06:00:00+00:00,2025-12-05T14:00:00+00:00,2025-12-05T19:00:00+05:00,48,50.0,53f4085ec235119e870b79fca100dc997659a614e956dc2604477debf70431e6,0.18166666666666667,7.35,7.54,7.7,228.0,3.5,963.8,-0.4999999999999997,-0.8660254037844388,-0.4363729641045924,0.8997658785476209
training,2025-12-04T18:00:00+00:00,2025-12-04T12:00:00+00:00,2025-12-05T15:00:00+00:00,2025-12-05T20:00:00+05:00,24,21.0,20858f6f09b4c70c7652da6c893a54cdd8149a0c5c94809fbaf3bbab922c78b0,0.17333333333333334,6.32,6.48,6.62,232.0,3.9,962.7,-0.7071067811865471,-0.7071067811865479,-0.4363729641045924,0.8997658785476209
training,2025-12-03T18:00:00+00:00,2025-12-03T12:00:00+00:00,2025-12-05T15:00:00+00:00,2025-12-05T20:00:00+05:00,48,45.0,cf47a00c793153f9d43da8c404418ebbf8e4389dfa3e3507e3fba1da338edcd1,0.17333333333333334,6.72,6.89,7.04,235.0,3.2,963.5,-0.7071067811865471,-0.7071067811865479,-0.4363729641045924,0.8997658785476209
training,2025-12-04T18:00:00+00:00,2025-12-04T12:00:00+00:00,2025-12-05T16:00:00+00:00,2025-12-05T21:00:00+05:00,24,22.0,20858f6f09b4c70c7652da6c893a54cdd8149a0c5c94809fbaf3bbab922c78b0,0.07666666666666667,5.62,5.76,5.88,231.0,4.2,963.0,-0.8660254037844385,-0.5000000000000004,-0.4363729641045924,0.8997658785476209
training,2025-12-03T18:00:00+00:00,2025-12-03T12:00:00+00:00,2025-12-05T16:00:00+00:00,2025-12-05T21:00:00+05:00,48,46.0,cf47a00c793153f9d43da8c404418ebbf8e4389dfa3e3507e3fba1da338edcd1,0.07666666666666667,6.96,7.14,7.29,230.0,2.8,963.6,-0.8660254037844385,-0.5000000000000004,-0.4363729641045924,0.8997658785476209
training,2025-12-04T18:00:00+00:00,2025-12-04T12:00:00+00:00,2025-12-05T17:00:00+00:00,2025-12-05T22:00:00+05:00,24,23.0,20858f6f09b4c70c7652da6c893a54cdd8149a0c5c94809fbaf3bbab922c78b0,0.12166666666666666,5.18,5.31,5.42,232.0,4.0,963.2,-0.9659258262890683,-0.25881904510252063,-0.4363729641045924,0.8997658785476209
training,2025-12-03T18:00:00+00:00,2025-12-03T12:00:00+00:00,2025-12-05T17:00:00+00:00,2025-12-05T22:00:00+05:00,48,47.0,cf47a00c793153f9d43da8c404418ebbf8e4389dfa3e3507e3fba1da338edcd1,0.12166666666666666,6.15,6.31,6.44,229.0,2.6,963.6,-0.9659258262890683,-0.25881904510252063,-0.4363729641045924,0.8997658785476209
training,2025-12-04T18:00:00+00:00,2025-12-04T12:00:00+00:00,2025-12-05T18:00:00+00:00,2025-12-05T23:00:00+05:00,24,24.0,20858f6f09b4c70c7652da6c893a54cdd8149a0c5c94809fbaf3bbab922c78b0,0.14333333333333334,4.64,4.76,4.86,234.0,3.6,963.1,-1.0,-1.8369701987210297e-16,-0.4363729641045924,0.8997658785476209
training,2025-12-03T18:00:00+00:00,2025-12-03T12:00:00+00:00,2025-12-05T18:00:00+00:00,2025-12-05T23:00:00+05:00,48,48.0,cf47a00c793153f9d43da8c404418ebbf8e4389dfa3e3507e3fba1da338edcd1,0.14333333333333334,5.24,5.38,5.49,227.0,2.3,963.6,-1.0,-1.8369701987210297e-16,-0.4363729641045924,0.8997658785476209
training,2025-12-04T18:00:00+00:00,2025-12-04T12:00:00+00:00,2025-12-05T19:00:00+00:00,2025-12-06T00:00:00+05:00,24,25.0,20858f6f09b4c70c7652da6c893a54cdd8149a0c5c94809fbaf3bbab922c78b0,0.011666666666666667,4.1,4.2,4.29,235.0,2.8,963.0,-0.9659258262890684,0.2588190451025203,-0.4363729641045924,0.8997658785476209
training,2025-12-03T18:00:00+00:00,2025-12-03T12:00:00+00:00,2025-12-05T19:00:00+00:00,2025-12-06T00:00:00+05:00,48,49.0,cf47a00c793153f9d43da8c404418ebbf8e4389dfa3e3507e3fba1da338edcd1,0.011666666666666667,4.58,4.7,4.8,225.0,1.7,963.5,-0.9659258262890684,0.2588190451025203,-0.4363729641045924,0.8997658785476209
training,2025-12-04T18:00:00+00:00,2025-12-04T12:00:00+00:00,2025-12-05T20:00:00+00:00,2025-12-06T01:00:00+05:00,24,26.0,20858f6f09b4c70c7652da6c893a54cdd8149a0c5c94809fbaf3bbab922c78b0,0.01,3.72,3.82,3.9,238.0,2.1,963.0,-0.8660254037844386,0.5000000000000001,-0.4363729641045924,0.8997658785476209
training,2025-12-03T18:00:00+00:00,2025-12-03T12:00:00+00:00,2025-12-05T20:00:00+00:00,2025-12-06T01:00:00+05:00,48,50.0,cf47a00c793153f9d43da8c404418ebbf8e4389dfa3e3507e3fba1da338edcd1,0.01,3.63,3.72,3.8,234.0,2.0,963.5,-0.8660254037844386,0.5000000000000001,-0.4363729641045924,0.8997658785476209
training,2025-12-05T00:00:00+00:00,2025-12-04T18:00:00+00:00,2025-12-05T21:00:00+00:00,2025-12-06T02:00:00+05:00,24,21.0,90fd14dde84da52cb4f1a1b5a5829a0292f3222d7d9dc7761e6e19f842834257,0.011666666666666667,1.9,1.94,1.99,252.0,-0.4,963.0,-0.7071067811865477,0.7071067811865474,-0.4363729641045924,0.8997658785476209
training,2025-12-04T00:00:00+00:00,2025-12-03T18:00:00+00:00,2025-12-05T21:00:00+00:00,2025-12-06T02:00:00+05:00,48,45.0,1fca418f3f972923109f167e65ecebd5db7e946f9b6ac15f1978a44b5999a0f0,0.011666666666666667,2.5,2.56,2.62,253.0,1.5,963.3,-0.7071067811865477,0.7071067811865474,-0.4363729641045924,0.8997658785476209
training,2025-12-05T00:00:00+00:00,2025-12-04T18:00:00+00:00,2025-12-05T22:00:00+00:00,2025-12-06T03:00:00+05:00,24,22.0,90fd14dde84da52cb4f1a1b5a5829a0292f3222d7d9dc7761e6e19f842834257,0.008333333333333333,1.22,1.25,1.28,270.0,0.1,963.4,-0.5000000000000004,0.8660254037844384,-0.4363729641045924,0.8997658785476209
training,2025-12-04T00:00:00+00:00,2025-12-03T18:00:00+00:00,2025-12-05T22:00:00+00:00,2025-12-06T03:00:00+05:00,48,46.0,1fca418f3f972923109f167e65ecebd5db7e946f9b6ac15f1978a44b5999a0f0,0.008333333333333333,1.03,1.05,1.08,265.0,1.9,963.6,-0.5000000000000004,0.8660254037844384,-0.4363729641045924,0.8997658785476209
training,2025-12-05T00:00:00+00:00,2025-12-04T18:00:00+00:00,2025-12-05T23:00:00+00:00,2025-12-06T04:00:00+05:00,24,23.0,90fd14dde84da52cb4f1a1b5a5829a0292f3222d7d9dc7761e6e19f842834257,0.01,0.89,0.91,0.93,279.0,1.1,964.0,-0.25881904510252157,0.9659258262890681,-0.4363729641045924,0.8997658785476209
training,2025-12-04T00:00:00+00:00,2025-12-03T18:00:00+00:00,2025-12-05T23:00:00+00:00,2025-12-06T04:00:00+05:00,48,47.0,1fca418f3f972923109f167e65ecebd5db7e946f9b6ac15f1978a44b5999a0f0,0.01,0.42,0.43,0.44,249.0,2.4,963.9,-0.25881904510252157,0.9659258262890681,-0.4363729641045924,0.8997658785476209
training,2025-12-05T00:00:00+00:00,2025-12-04T18:00:00+00:00,2025-12-06T00:00:00+00:00,2025-12-06T05:00:00+05:00,24,24.0,90fd14dde84da52cb4f1a1b5a5829a0292f3222d7d9dc7761e6e19f842834257,0.01,0.11,0.11,0.11,333.0,0.7,964.3,0.0,1.0,-0.42083100859565564,0.9071390534005044
training,2025-12-04T00:00:00+00:00,2025-12-03T18:00:00+00:00,2025-12-06T00:00:00+00:00,2025-12-06T05:00:00+05:00,48,48.0,1fca418f3f972923109f167e65ecebd5db7e946f9b6ac15f1978a44b5999a0f0,0.01,0.3,0.3,0.31,9.0,1.8,964.3,0.0,1.0,-0.42083100859565564,0.9071390534005044
training,2025-12-05T00:00:00+00:00,2025-12-04T18:00:00+00:00,2025-12-06T01:00:00+00:00,2025-12-06T06:00:00+05:00,24,25.0,90fd14dde84da52cb4f1a1b5a5829a0292f3222d7d9dc7761e6e19f842834257,0.021666666666666667,0.93,0.96,0.98,47.0,-0.2,964.5,0.25881904510252074,0.9659258262890683,-0.42083100859565564,0.9071390534005044
training,2025-12-04T00:00:00+00:00,2025-12-03T18:00:00+00:00,2025-12-06T01:00:00+00:00,2025-12-06T06:00:00+05:00,48,49.0,1fca418f3f972923109f167e65ecebd5db7e946f9b6ac15f1978a44b5999a0f0,0.021666666666666667,1.5,1.54,1.58,65.0,0.9,964.7,0.25881904510252074,0.9659258262890683,-0.42083100859565564,0.9071390534005044
training,2025-12-05T00:00:00+00:00,2025-12-04T18:00:00+00:00,2025-12-06T02:00:00+00:00,2025-12-06T07:00:00+05:00,24,26.0,90fd14dde84da52cb4f1a1b5a5829a0292f3222d7d9dc7761e6e19f842834257,0.021666666666666667,2.33,2.39,2.44,70.0,-0.3,964.7,0.49999999999999994,0.8660254037844387,-0.42083100859565564,0.9071390534005044
training,2025-12-04T00:00:00+00:00,2025-12-03T18:00:00+00:00,2025-12-06T02:00:00+00:00,2025-12-06T07:00:00+05:00,48,50.0,1fca418f3f972923109f167e65ecebd5db7e946f9b6ac15f1978a44b5999a0f0,0.021666666666666667,2.59,2.66,2.72,85.0,0.1,964.8,0.49999999999999994,0.8660254037844387,-0.42083100859565564,0.9071390534005044
training,2025-12-05T06:00:00+00:00,2025-12-05T00:00:00+00:00,2025-12-06T03:00:00+00:00,2025-12-06T08:00:00+05:00,24,21.0,9f8149b90c98becd0793a8f133367342c7a9c859472c50917a14e0b57eaec0a1,0.17,2.07,2.12,2.17,45.0,0.3,965.3,0.7071067811865476,0.7071067811865476,-0.42083100859565564,0.9071390534005044
training,2025-12-04T06:00:00+00:00,2025-12-04T00:00:00+00:00,2025-12-06T03:00:00+00:00,2025-12-06T08:00:00+05:00,48,45.0,1d734ae6349347988d7a517bd7321839bfb0e3c6ea192d1d3746f6a090501aad,0.17,4.72,4.84,4.94,72.0,1.0,964.8,0.7071067811865476,0.7071067811865476,-0.42083100859565564,0.9071390534005044
training,2025-12-05T06:00:00+00:00,2025-12-05T00:00:00+00:00,2025-12-06T04:00:00+00:00,2025-12-06T09:00:00+05:00,24,22.0,9f8149b90c98becd0793a8f133367342c7a9c859472c50917a14e0b57eaec0a1,0.18500000000000003,4.1,4.21,4.29,72.0,1.9,965.6,0.8660254037844386,0.5000000000000001,-0.42083100859565564,0.9071390534005044
training,2025-12-04T06:00:00+00:00,2025-12-04T00:00:00+00:00,2025-12-06T04:00:00+00:00,2025-12-06T09:00:00+05:00,48,46.0,1d734ae6349347988d7a517bd7321839bfb0e3c6ea192d1d3746f6a090501aad,0.18500000000000003,5.92,6.07,6.2,73.0,1.5,965.0,0.8660254037844386,0.5000000000000001,-0.42083100859565564,0.9071390534005044
training,2025-12-05T06:00:00+00:00,2025-12-05T00:00:00+00:00,2025-12-06T05:00:00+00:00,2025-12-06T10:00:00+05:00,24,23.0,9f8149b90c98becd0793a8f133367342c7a9c859472c50917a14e0b57eaec0a1,0.10666666666666667,4.5,4.61,4.71,60.0,2.4,965.5,0.9659258262890683,0.25881904510252074,-0.42083100859565564,0.9071390534005044
training,2025-12-04T06:00:00+00:00,2025-12-04T00:00:00+00:00,2025-12-06T05:00:00+00:00,2025-12-06T10:00:00+05:00,48,47.0,1d734ae6349347988d7a517bd7321839bfb0e3c6ea192d1d3746f6a090501aad,0.10666666666666667,5.61,5.76,5.88,70.0,2.5,965.0,0.9659258262890683,0.25881904510252074,-0.42083100859565564,0.9071390534005044
training,2025-12-05T06:00:00+00:00,2025-12-05T00:00:00+00:00,2025-12-06T06:00:00+00:00,2025-12-06T11:00:00+05:00,24,24.0,9f8149b90c98becd0793a8f133367342c7a9c859472c50917a14e0b57eaec0a1,0.10833333333333334,4.28,4.39,4.48,53.0,2.6,965.0,1.0,6.123233995736766e-17,-0.42083100859565564,0.9071390534005044
training,2025-12-04T06:00:00+00:00,2025-12-04T00:00:00+00:00,2025-12-06T06:00:00+00:00,2025-12-06T11:00:00+05:00,48,48.0,1d734ae6349347988d7a517bd7321839bfb0e3c6ea192d1d3746f6a090501aad,0.10833333333333334,5.27,5.4,5.51,59.0,3.6,964.6,1.0,6.123233995736766e-17,-0.42083100859565564,0.9071390534005044
training,2025-12-05T06:00:00+00:00,2025-12-05T00:00:00+00:00,2025-12-06T07:00:00+00:00,2025-12-06T12:00:00+05:00,24,25.0,9f8149b90c98becd0793a8f133367342c7a9c859472c50917a14e0b57eaec0a1,0.73,3.76,3.86,3.94,53.0,3.4,964.1,0.9659258262890683,-0.25881904510252063,-0.42083100859565564,0.9071390534005044
training,2025-12-04T06:00:00+00:00,2025-12-04T00:00:00+00:00,2025-12-06T07:00:00+00:00,2025-12-06T12:00:00+05:00,48,49.0,1d734ae6349347988d7a517bd7321839bfb0e3c6ea192d1d3746f6a090501aad,0.73,5.45,5.59,5.71,61.0,4.6,963.8,0.9659258262890683,-0.25881904510252063,-0.42083100859565564,0.9071390534005044
training,2025-12-05T06:00:00+00:00,2025-12-05T00:00:00+00:00,2025-12-06T08:00:00+00:00,2025-12-06T13:00:00+05:00,24,26.0,9f8149b90c98becd0793a8f133367342c7a9c859472c50917a14e0b57eaec0a1,0.6533333333333333,3.62,3.72,3.79,57.0,3.7,963.4,0.8660254037844387,-0.4999999999999998,-0.42083100859565564,0.9071390534005044
training,2025-12-04T06:00:00+00:00,2025-12-04T00:00:00+00:00,2025-12-06T08:00:00+00:00,2025-12-06T13:00:00+05:00,48,50.0,1d734ae6349347988d7a517bd7321839bfb0e3c6ea192d1d3746f6a090501aad,0.6533333333333333,5.95,6.11,6.23,58.0,5.1,963.2,0.8660254037844387,-0.4999999999999998,-0.42083100859565564,0.9071390534005044
training,2025-12-05T12:00:00+00:00,2025-12-05T06:00:00+00:00,2025-12-06T09:00:00+00:00,2025-12-06T14:00:00+05:00,24,21.0,0baa99a650eaf26388abee3dfc53983129568bae9309f60436baed248a51886b,0.5716666666666667,1.57,1.61,1.65,60.0,2.7,963.0,0.7071067811865476,-0.7071067811865475,-0.42083100859565564,0.9071390534005044
training,2025-12-04T12:00:00+00:00,2025-12-04T06:00:00+00:00,2025-12-06T09:00:00+00:00,2025-12-06T14:00:00+05:00,48,45.0,ae1bb81d60bd926496c8c59d44d2e901d171416c45b496ff3e75196f26754ebc,0.5716666666666667,5.94,6.09,6.22,58.0,4.9,962.8,0.7071067811865476,-0.7071067811865475,-0.42083100859565564,0.9071390534005044
training,2025-12-05T12:00:00+00:00,2025-12-05T06:00:00+00:00,2025-12-06T10:00:00+00:00,2025-12-06T15:00:00+05:00,24,22.0,0baa99a650eaf26388abee3dfc53983129568bae9309f60436baed248a51886b,0.4083333333333334,1.9,1.94,1.99,72.0,1.8,963.0,0.49999999999999994,-0.8660254037844387,-0.42083100859565564,0.9071390534005044
training,2025-12-04T12:00:00+00:00,2025-12-04T06:00:00+00:00,2025-12-06T10:00:00+00:00,2025-12-06T15:00:00+05:00,48,46.0,ae1bb81d60bd926496c8c59d44d2e901d171416c45b496ff3e75196f26754ebc,0.4083333333333334,6.39,6.55,6.69,62.0,3.7,962.4,0.49999999999999994,-0.8660254037844387,-0.42083100859565564,0.9071390534005044
training,2025-12-05T12:00:00+00:00,2025-12-05T06:00:00+00:00,2025-12-06T11:00:00+00:00,2025-12-06T16:00:00+05:00,24,23.0,0baa99a650eaf26388abee3dfc53983129568bae9309f60436baed248a51886b,0.3233333333333333,2.95,3.02,3.08,74.0,0.8,962.8,0.258819045102521,-0.9659258262890682,-0.42083100859565564,0.9071390534005044
training,2025-12-04T12:00:00+00:00,2025-12-04T06:00:00+00:00,2025-12-06T11:00:00+00:00,2025-12-06T16:00:00+05:00,48,47.0,ae1bb81d60bd926496c8c59d44d2e901d171416c45b496ff3e75196f26754ebc,0.3233333333333333,6.03,6.18,6.31,67.0,1.9,961.9,0.258819045102521,-0.9659258262890682,-0.42083100859565564,0.9071390534005044
training,2025-12-05T12:00:00+00:00,2025-12-05T06:00:00+00:00,2025-12-06T12:00:00+00:00,2025-12-06T17:00:00+05:00,24,24.0,0baa99a650eaf26388abee3dfc53983129568bae9309f60436baed248a51886b,0.09333333333333334,3.39,3.48,3.55,69.0,0.2,962.5,1.2246467991473532e-16,-1.0,-0.42083100859565564,0.9071390534005044
training,2025-12-04T12:00:00+00:00,2025-12-04T06:00:00+00:00,2025-12-06T12:00:00+00:00,2025-12-06T17:00:00+05:00,48,48.0,ae1bb81d60bd926496c8c59d44d2e901d171416c45b496ff3e75196f26754ebc,0.09333333333333334,5.74,5.89,6.01,69.0,1.3,961.9,1.2246467991473532e-16,-1.0,-0.42083100859565564,0.9071390534005044
training,2025-12-05T12:00:00+00:00,2025-12-05T06:00:00+00:00,2025-12-06T13:00:00+00:00,2025-12-06T18:00:00+05:00,24,25.0,0baa99a650eaf26388abee3dfc53983129568bae9309f60436baed248a51886b,0.01,3.36,3.45,3.52,60.0,0.1,962.3,-0.2588190451025208,-0.9659258262890683,-0.42083100859565564,0.9071390534005044
training,2025-12-04T12:00:00+00:00,2025-12-04T06:00:00+00:00,2025-12-06T13:00:00+00:00,2025-12-06T18:00:00+05:00,48,49.0,ae1bb81d60bd926496c8c59d44d2e901d171416c45b496ff3e75196f26754ebc,0.01,5.8,5.95,6.07,65.0,1.4,961.9,-0.2588190451025208,-0.9659258262890683,-0.42083100859565564,0.9071390534005044
training,2025-12-05T12:00:00+00:00,2025-12-05T06:00:00+00:00,2025-12-06T14:00:00+00:00,2025-12-06T19:00:00+05:00,24,26.0,0baa99a650eaf26388abee3dfc53983129568bae9309f60436baed248a51886b,0.01,4.0,4.1,4.19,68.0,-0.4,961.9,-0.4999999999999997,-0.8660254037844388,-0.42083100859565564,0.9071390534005044
training,2025-12-04T12:00:00+00:00,2025-12-04T06:00:00+00:00,2025-12-06T14:00:00+00:00,2025-12-06T19:00:00+05:00,48,50.0,ae1bb81d60bd926496c8c59d44d2e901d171416c45b496ff3e75196f26754ebc,0.01,5.85,6.0,6.12,69.0,1.1,961.8,-0.4999999999999997,-0.8660254037844388,-0.42083100859565564,0.9071390534005044
training,2025-12-05T18:00:00+00:00,2025-12-05T12:00:00+00:00,2025-12-06T15:00:00+00:00,2025-12-06T20:00:00+05:00,24,21.0,0d77a5cb362d43eb6ccff509fb534b358b9970c9264e2f969ea0c1a32598eea3,0.01,4.43,4.55,4.64,67.0,-0.1,961.5,-0.7071067811865471,-0.7071067811865479,-0.42083100859565564,0.9071390534005044
training,2025-12-04T18:00:00+00:00,2025-12-04T12:00:00+00:00,2025-12-06T15:00:00+00:00,2025-12-06T20:00:00+05:00,48,45.0,20858f6f09b4c70c7652da6c893a54cdd8149a0c5c94809fbaf3bbab922c78b0,0.01,6.14,6.3,6.43,67.0,0.4,961.0,-0.7071067811865471,-0.7071067811865479,-0.42083100859565564,0.9071390534005044
training,2025-12-05T18:00:00+00:00,2025-12-05T12:00:00+00:00,2025-12-06T16:00:00+00:00,2025-12-06T21:00:00+05:00,24,22.0,0d77a5cb362d43eb6ccff509fb534b358b9970c9264e2f969ea0c1a32598eea3,0.01,4.99,5.12,5.23,65.0,-0.5,961.1,-0.8660254037844385,-0.5000000000000004,-0.42083100859565564,0.9071390534005044
training,2025-12-04T18:00:00+00:00,2025-12-04T12:00:00+00:00,2025-12-06T16:00:00+00:00,2025-12-06T21:00:00+05:00,48,46.0,20858f6f09b4c70c7652da6c893a54cdd8149a0c5c94809fbaf3bbab922c78b0,0.01,6.02,6.17,6.3,69.0,0.0,960.8,-0.8660254037844385,-0.5000000000000004,-0.42083100859565564,0.9071390534005044
training,2025-12-05T18:00:00+00:00,2025-12-05T12:00:00+00:00,2025-12-06T17:00:00+00:00,2025-12-06T22:00:00+05:00,24,23.0,0d77a5cb362d43eb6ccff509fb534b358b9970c9264e2f969ea0c1a32598eea3,0.049999999999999996,5.25,5.39,5.5,64.0,-0.1,960.9,-0.9659258262890683,-0.25881904510252063,-0.42083100859565564,0.9071390534005044
training,2025-12-04T18:00:00+00:00,2025-12-04T12:00:00+00:00,2025-12-06T17:00:00+00:00,2025-12-06T22:00:00+05:00,48,47.0,20858f6f09b4c70c7652da6c893a54cdd8149a0c5c94809fbaf3bbab922c78b0,0.049999999999999996,5.73,5.88,6.0,68.0,-0.4,960.5,-0.9659258262890683,-0.25881904510252063,-0.42083100859565564,0.9071390534005044
training,2025-12-05T18:00:00+00:00,2025-12-05T12:00:00+00:00,2025-12-06T18:00:00+00:00,2025-12-06T23:00:00+05:00,24,24.0,0d77a5cb362d43eb6ccff509fb534b358b9970c9264e2f969ea0c1a32598eea3,0.09000000000000001,5.41,5.55,5.66,63.0,-0.8,960.6,-1.0,-1.8369701987210297e-16,-0.42083100859565564,0.9071390534005044
training,2025-12-04T18:00:00+00:00,2025-12-04T12:00:00+00:00,2025-12-06T18:00:00+00:00,2025-12-06T23:00:00+05:00,48,48.0,20858f6f09b4c70c7652da6c893a54cdd8149a0c5c94809fbaf3bbab922c78b0,0.09000000000000001,5.86,6.01,6.13,67.0,-0.7,960.2,-1.0,-1.8369701987210297e-16,-0.42083100859565564,0.9071390534005044
training,2025-12-05T18:00:00+00:00,2025-12-05T12:00:00+00:00,2025-12-06T19:00:00+00:00,2025-12-07T00:00:00+05:00,24,25.0,0d77a5cb362d43eb6ccff509fb534b358b9970c9264e2f969ea0c1a32598eea3,0.10833333333333334,5.21,5.34,5.46,63.0,-0.8,960.4,-0.9659258262890684,0.2588190451025203,-0.42083100859565564,0.9071390534005044
training,2025-12-04T18:00:00+00:00,2025-12-04T12:00:00+00:00,2025-12-06T19:00:00+00:00,2025-12-07T00:00:00+05:00,48,49.0,20858f6f09b4c70c7652da6c893a54cdd8149a0c5c94809fbaf3bbab922c78b0,0.10833333333333334,5.96,6.12,6.25,67.0,-0.8,959.9,-0.9659258262890684,0.2588190451025203,-0.42083100859565564,0.9071390534005044
training,2025-12-05T18:00:00+00:00,2025-12-05T12:00:00+00:00,2025-12-06T20:00:00+00:00,2025-12-07T01:00:00+05:00,24,26.0,0d77a5cb362d43eb6ccff509fb534b358b9970c9264e2f969ea0c1a32598eea3,0.14166666666666666,4.99,5.12,5.23,64.0,-1.0,960.0,-0.8660254037844386,0.5000000000000001,-0.42083100859565564,0.9071390534005044
training,2025-12-04T18:00:00+00:00,2025-12-04T12:00:00+00:00,2025-12-06T20:00:00+00:00,2025-12-07T01:00:00+05:00,48,50.0,20858f6f09b4c70c7652da6c893a54cdd8149a0c5c94809fbaf3bbab922c78b0,0.14166666666666666,5.77,5.92,6.05,68.0,-0.9,959.7,-0.8660254037844386,0.5000000000000001,-0.42083100859565564,0.9071390534005044
training,2025-12-06T00:00:00+00:00,2025-12-05T18:00:00+00:00,2025-12-06T21:00:00+00:00,2025-12-07T02:00:00+05:00,24,21.0,66e8e64a42186375fc8a6d85b045a0516938473322c523e1fc22165a877a68c0,0.13,4.51,4.63,4.73,65.0,-1.3,959.6,-0.7071067811865477,0.7071067811865474,-0.42083100859565564,0.9071390534005044
training,2025-12-05T00:00:00+00:00,2025-12-04T18:00:00+00:00,2025-12-06T21:00:00+00:00,2025-12-07T02:00:00+05:00,48,45.0,90fd14dde84da52cb4f1a1b5a5829a0292f3222d7d9dc7761e6e19f842834257,0.13,6.34,6.51,6.64,68.0,-1.2,959.5,-0.7071067811865477,0.7071067811865474,-0.42083100859565564,0.9071390534005044
training,2025-12-06T00:00:00+00:00,2025-12-05T18:00:00+00:00,2025-12-06T22:00:00+00:00,2025-12-07T03:00:00+05:00,24,22.0,66e8e64a42186375fc8a6d85b045a0516938473322c523e1fc22165a877a68c0,0.22333333333333336,4.54,4.66,4.75,66.0,-1.4,959.2,-0.5000000000000004,0.8660254037844384,-0.42083100859565564,0.9071390534005044
training,2025-12-05T00:00:00+00:00,2025-12-04T18:00:00+00:00,2025-12-06T22:00:00+00:00,2025-12-07T03:00:00+05:00,48,46.0,90fd14dde84da52cb4f1a1b5a5829a0292f3222d7d9dc7761e6e19f842834257,0.22333333333333336,5.96,6.11,6.24,69.0,-1.4,959.1,-0.5000000000000004,0.8660254037844384,-0.42083100859565564,0.9071390534005044
training,2025-12-06T00:00:00+00:00,2025-12-05T18:00:00+00:00,2025-12-06T23:00:00+00:00,2025-12-07T04:00:00+05:00,24,23.0,66e8e64a42186375fc8a6d85b045a0516938473322c523e1fc22165a877a68c0,0.29333333333333333,4.71,4.83,4.93,66.0,-1.5,958.9,-0.25881904510252157,0.9659258262890681,-0.42083100859565564,0.9071390534005044
training,2025-12-05T00:00:00+00:00,2025-12-04T18:00:00+00:00,2025-12-06T23:00:00+00:00,2025-12-07T04:00:00+05:00,48,47.0,90fd14dde84da52cb4f1a1b5a5829a0292f3222d7d9dc7761e6e19f842834257,0.29333333333333333,5.8,5.95,6.08,69.0,-1.5,958.9,-0.25881904510252157,0.9659258262890681,-0.42083100859565564,0.9071390534005044
training,2025-12-06T00:00:00+00:00,2025-12-05T18:00:00+00:00,2025-12-07T00:00:00+00:00,2025-12-07T05:00:00+05:00,24,24.0,66e8e64a42186375fc8a6d85b045a0516938473322c523e1fc22165a877a68c0,0.43166666666666664,5.25,5.39,5.5,64.0,-1.5,958.9,0.0,1.0,-0.4051645224207563,0.9142437912130223
training,2025-12-05T00:00:00+00:00,2025-12-04T18:00:00+00:00,2025-12-07T00:00:00+00:00,2025-12-07T05:00:00+05:00,48,48.0,90fd14dde84da52cb4f1a1b5a5829a0292f3222d7d9dc7761e6e19f842834257,0.43166666666666664,5.82,5.97,6.09,68.0,-1.6,958.9,0.0,1.0,-0.4051645224207563,0.9142437912130223
training,2025-12-06T00:00:00+00:00,2025-12-05T18:00:00+00:00,2025-12-07T01:00:00+00:00,2025-12-07T06:00:00+05:00,24,25.0,66e8e64a42186375fc8a6d85b045a0516938473322c523e1fc22165a877a68c0,0.445,5.84,5.99,6.12,62.0,-1.5,958.9,0.25881904510252074,0.9659258262890683,-0.4051645224207563,0.9142437912130223
training,2025-12-05T00:00:00+00:00,2025-12-04T18:00:00+00:00,2025-12-07T01:00:00+00:00,2025-12-07T06:00:00+05:00,48,49.0,90fd14dde84da52cb4f1a1b5a5829a0292f3222d7d9dc7761e6e19f842834257,0.445,6.19,6.35,6.48,68.0,-1.7,959.0,0.25881904510252074,0.9659258262890683,-0.4051645224207563,0.9142437912130223
training,2025-12-06T00:00:00+00:00,2025-12-05T18:00:00+00:00,2025-12-07T02:00:00+00:00,2025-12-07T07:00:00+05:00,24,26.0,66e8e64a42186375fc8a6d85b045a0516938473322c523e1fc22165a877a68c0,0.5066666666666667,6.3,6.46,6.6,62.0,-1.7,958.9,0.49999999999999994,0.8660254037844387,-0.4051645224207563,0.9142437912130223
training,2025-12-05T00:00:00+00:00,2025-12-04T18:00:00+00:00,2025-12-07T02:00:00+00:00,2025-12-07T07:00:00+05:00,48,50.0,90fd14dde84da52cb4f1a1b5a5829a0292f3222d7d9dc7761e6e19f842834257,0.5066666666666667,6.75,6.93,7.07,68.0,-1.7,959.0,0.49999999999999994,0.8660254037844387,-0.4051645224207563,0.9142437912130223
training,2025-12-06T06:00:00+00:00,2025-12-06T00:00:00+00:00,2025-12-07T03:00:00+00:00,2025-12-07T08:00:00+05:00,24,21.0,ccedd62a05587fe07b5fb37b2c3f7e74d9f4b245220dd03692539ec5b56204a2,0.10166666666666667,6.3,6.46,6.6,64.0,-1.1,959.2,0.7071067811865476,0.7071067811865476,-0.4051645224207563,0.9142437912130223
training,2025-12-05T06:00:00+00:00,2025-12-05T00:00:00+00:00,2025-12-07T03:00:00+00:00,2025-12-07T08:00:00+05:00,48,45.0,9f8149b90c98becd0793a8f133367342c7a9c859472c50917a14e0b57eaec0a1,0.10166666666666667,6.61,6.78,6.92,68.0,-0.9,958.8,0.7071067811865476,0.7071067811865476,-0.4051645224207563,0.9142437912130223
training,2025-12-06T06:00:00+00:00,2025-12-06T00:00:00+00:00,2025-12-07T04:00:00+00:00,2025-12-07T09:00:00+05:00,24,22.0,ccedd62a05587fe07b5fb37b2c3f7e74d9f4b245220dd03692539ec5b56204a2,0.03,7.06,7.25,7.4,63.0,1.6,959.9,0.8660254037844386,0.5000000000000001,-0.4051645224207563,0.9142437912130223
training,2025-12-05T06:00:00+00:00,2025-12-05T00:00:00+00:00,2025-12-07T04:00:00+00:00,2025-12-07T09:00:00+05:00,48,46.0,9f8149b90c98becd0793a8f133367342c7a9c859472c50917a14e0b57eaec0a1,0.03,6.97,7.15,7.3,67.0,1.8,959.6,0.8660254037844386,0.5000000000000001,-0.4051645224207563,0.9142437912130223
training,2025-12-06T06:00:00+00:00,2025-12-06T00:00:00+00:00,2025-12-07T05:00:00+00:00,2025-12-07T10:00:00+05:00,24,23.0,ccedd62a05587fe07b5fb37b2c3f7e74d9f4b245220dd03692539ec5b56204a2,0.055,6.61,6.78,6.92,56.0,3.6,960.0,0.9659258262890683,0.25881904510252074,-0.4051645224207563,0.9142437912130223
training,2025-12-05T06:00:00+00:00,2025-12-05T00:00:00+00:00,2025-12-07T05:00:00+00:00,2025-12-07T10:00:00+05:00,48,47.0,9f8149b90c98becd0793a8f133367342c7a9c859472c50917a14e0b57eaec0a1,0.055,5.17,5.3,5.41,58.0,3.8,959.9,0.9659258262890683,0.25881904510252074,-0.4051645224207563,0.9142437912130223
training,2025-12-06T06:00:00+00:00,2025-12-06T00:00:00+00:00,2025-12-07T06:00:00+00:00,2025-12-07T11:00:00+05:00,24,24.0,ccedd62a05587fe07b5fb37b2c3f7e74d9f4b245220dd03692539ec5b56204a2,0.01,6.75,6.93,7.07,51.0,5.0,959.5,1.0,6.123233995736766e-17,-0.4051645224207563,0.9142437912130223
training,2025-12-05T06:00:00+00:00,2025-12-05T00:00:00+00:00,2025-12-07T06:00:00+00:00,2025-12-07T11:00:00+05:00,48,48.0,9f8149b90c98becd0793a8f133367342c7a9c859472c50917a14e0b57eaec0a1,0.01,4.48,4.6,4.69,47.0,4.8,959.9,1.0,6.123233995736766e-17,-0.4051645224207563,0.9142437912130223
training,2025-12-06T06:00:00+00:00,2025-12-06T00:00:00+00:00,2025-12-07T07:00:00+00:00,2025-12-07T12:00:00+05:00,24,25.0,ccedd62a05587fe07b5fb37b2c3f7e74d9f4b245220dd03692539ec5b56204a2,0.01,6.66,6.83,6.97,47.0,5.8,958.9,0.9659258262890683,-0.25881904510252063,-0.4051645224207563,0.9142437912130223
training,2025-12-05T06:00:00+00:00,2025-12-05T00:00:00+00:00,2025-12-07T07:00:00+00:00,2025-12-07T12:00:00+05:00,48,49.0,9f8149b90c98becd0793a8f133367342c7a9c859472c50917a14e0b57eaec0a1,0.01,3.55,3.64,3.72,47.0,5.2,959.3,0.9659258262890683,-0.25881904510252063,-0.4051645224207563,0.9142437912130223
training,2025-12-06T06:00:00+00:00,2025-12-06T00:00:00+00:00,2025-12-07T08:00:00+00:00,2025-12-07T13:00:00+05:00,24,26.0,ccedd62a05587fe07b5fb37b2c3f7e74d9f4b245220dd03692539ec5b56204a2,0.011666666666666667,5.69,5.84,5.96,43.0,6.0,958.6,0.8660254037844387,-0.4999999999999998,-0.4051645224207563,0.9142437912130223
training,2025-12-05T06:00:00+00:00,2025-12-05T00:00:00+00:00,2025-12-07T08:00:00+00:00,2025-12-07T13:00:00+05:00,48,50.0,9f8149b90c98becd0793a8f133367342c7a9c859472c50917a14e0b57eaec0a1,0.011666666666666667,2.93,3.01,3.07,43.0,5.0,959.1,0.8660254037844387,-0.4999999999999998,-0.4051645224207563,0.9142437912130223
training,2025-12-06T12:00:00+00:00,2025-12-06T06:00:00+00:00,2025-12-07T09:00:00+00:00,2025-12-07T14:00:00+05:00,24,21.0,b186b4526e71fbb79c06149c32c4300018b3e1e2eb334ed37313b260455f3e2c,0.011666666666666667,6.27,6.43,6.57,45.0,5.8,958.1,0.7071067811865476,-0.7071067811865475,-0.4051645224207563,0.9142437912130223
training,2025-12-05T12:00:00+00:00,2025-12-05T06:00:00+00:00,2025-12-07T09:00:00+00:00,2025-12-07T14:00:00+05:00,48,45.0,0baa99a650eaf26388abee3dfc53983129568bae9309f60436baed248a51886b,0.011666666666666667,1.49,1.52,1.56,49.0,4.6,959.2,0.7071067811865476,-0.7071067811865475,-0.4051645224207563,0.9142437912130223
training,2025-12-06T12:00:00+00:00,2025-12-06T06:00:00+00:00,2025-12-07T10:00:00+00:00,2025-12-07T15:00:00+05:00,24,22.0,b186b4526e71fbb79c06149c32c4300018b3e1e2eb334ed37313b260455f3e2c,0.01,5.81,5.96,6.09,55.0,4.5,958.0,0.49999999999999994,-0.8660254037844387,-0.4051645224207563,0.9142437912130223
training,2025-12-05T12:00:00+00:00,2025-12-05T06:00:00+00:00,2025-12-07T10:00:00+00:00,2025-12-07T15:00:00+05:00,48,46.0,0baa99a650eaf26388abee3dfc53983129568bae9309f60436baed248a51886b,0.01,0.93,0.96,0.98,133.0,3.5,959.1,0.49999999999999994,-0.8660254037844387,-0.4051645224207563,0.9142437912130223
training,2025-12-06T12:00:00+00:00,2025-12-06T06:00:00+00:00,2025-12-07T11:00:00+00:00,2025-12-07T16:00:00+05:00,24,23.0,b186b4526e71fbb79c06149c32c4300018b3e1e2eb334ed37313b260455f3e2c,0.023333333333333334,4.3,4.41,4.5,61.0,1.7,957.9,0.258819045102521,-0.9659258262890682,-0.4051645224207563,0.9142437912130223
training,2025-12-05T12:00:00+00:00,2025-12-05T06:00:00+00:00,2025-12-07T11:00:00+00:00,2025-12-07T16:00:00+05:00,48,47.0,0baa99a650eaf26388abee3dfc53983129568bae9309f60436baed248a51886b,0.023333333333333334,1.55,1.59,1.63,229.0,1.9,958.8,0.258819045102521,-0.9659258262890682,-0.4051645224207563,0.9142437912130223
training,2025-12-06T12:00:00+00:00,2025-12-06T06:00:00+00:00,2025-12-07T12:00:00+00:00,2025-12-07T17:00:00+05:00,24,24.0,b186b4526e71fbb79c06149c32c4300018b3e1e2eb334ed37313b260455f3e2c,0.016666666666666666,3.02,3.1,3.16,72.0,1.2,957.9,1.2246467991473532e-16,-1.0,-0.4051645224207563,0.9142437912130223
training,2025-12-05T12:00:00+00:00,2025-12-05T06:00:00+00:00,2025-12-07T12:00:00+00:00,2025-12-07T17:00:00+05:00,48,48.0,0baa99a650eaf26388abee3dfc53983129568bae9309f60436baed248a51886b,0.016666666666666666,3.22,3.31,3.37,267.0,0.3,959.1,1.2246467991473532e-16,-1.0,-0.4051645224207563,0.9142437912130223
training,2025-12-06T12:00:00+00:00,2025-12-06T06:00:00+00:00,2025-12-07T13:00:00+00:00,2025-12-07T18:00:00+05:00,24,25.0,b186b4526e71fbb79c06149c32c4300018b3e1e2eb334ed37313b260455f3e2c,0.075,2.51,2.57,2.62,63.0,1.2,957.9,-0.2588190451025208,-0.9659258262890683,-0.4051645224207563,0.9142437912130223
training,2025-12-05T12:00:00+00:00,2025-12-05T06:00:00+00:00,2025-12-07T13:00:00+00:00,2025-12-07T18:00:00+05:00,48,49.0,0baa99a650eaf26388abee3dfc53983129568bae9309f60436baed248a51886b,0.075,2.32,2.38,2.43,255.0,-0.5,959.0,-0.2588190451025208,-0.9659258262890683,-0.4051645224207563,0.9142437912130223
training,2025-12-06T12:00:00+00:00,2025-12-06T06:00:00+00:00,2025-12-07T14:00:00+00:00,2025-12-07T19:00:00+05:00,24,26.0,b186b4526e71fbb79c06149c32c4300018b3e1e2eb334ed37313b260455f3e2c,0.016666666666666666,3.4,3.49,3.56,65.0,1.1,957.7,-0.4999999999999997,-0.8660254037844388,-0.4051645224207563,0.9142437912130223
training,2025-12-05T12:00:00+00:00,2025-12-05T06:00:00+00:00,2025-12-07T14:00:00+00:00,2025-12-07T19:00:00+05:00,48,50.0,0baa99a650eaf26388abee3dfc53983129568bae9309f60436baed248a51886b,0.016666666666666666,0.84,0.86,0.88,324.0,0.2,958.8,-0.4999999999999997,-0.8660254037844388,-0.4051645224207563,0.9142437912130223
training,2025-12-06T18:00:00+00:00,2025-12-06T12:00:00+00:00,2025-12-07T15:00:00+00:00,2025-12-07T20:00:00+05:00,24,21.0,e796bd90ab87c18e13ee1a8503f7a88df4cd1343a7d1de2c0f4d9823d4fa39ed,0.011666666666666667,3.6,3.69,3.77,62.0,0.7,957.0,-0.7071067811865471,-0.7071067811865479,-0.4051645224207563,0.9142437912130223
training,2025-12-05T18:00:00+00:00,2025-12-05T12:00:00+00:00,2025-12-07T15:00:00+00:00,2025-12-07T20:00:00+05:00,48,45.0,0d77a5cb362d43eb6ccff509fb534b358b9970c9264e2f969ea0c1a32598eea3,0.011666666666666667,0.24,0.25,0.26,307.0,0.2,958.4,-0.7071067811865471,-0.7071067811865479,-0.4051645224207563,0.9142437912130223
training,2025-12-06T18:00:00+00:00,2025-12-06T12:00:00+00:00,2025-12-07T16:00:00+00:00,2025-12-07T21:00:00+05:00,24,22.0,e796bd90ab87c18e13ee1a8503f7a88df4cd1343a7d1de2c0f4d9823d4fa39ed,0.08833333333333333,3.92,4.02,4.11,63.0,0.4,956.4,-0.8660254037844385,-0.5000000000000004,-0.4051645224207563,0.9142437912130223
training,2025-12-05T18:00:00+00:00,2025-12-05T12:00:00+00:00,2025-12-07T16:00:00+00:00,2025-12-07T21:00:00+05:00,48,46.0,0d77a5cb362d43eb6ccff509fb534b358b9970c9264e2f969ea0c1a32598eea3,0.08833333333333333,1.34,1.37,1.4,100.0,0.4,957.7,-0.8660254037844385,-0.5000000000000004,-0.4051645224207563,0.9142437912130223
training,2025-12-06T18:00:00+00:00,2025-12-06T12:00:00+00:00,2025-12-07T17:00:00+00:00,2025-12-07T22:00:00+05:00,24,23.0,e796bd90ab87c18e13ee1a8503f7a88df4cd1343a7d1de2c0f4d9823d4fa39ed,0.016666666666666666,4.19,4.3,4.38,65.0,0.2,956.0,-0.9659258262890683,-0.25881904510252063,-0.4051645224207563,0.9142437912130223
training,2025-12-05T18:00:00+00:00,2025-12-05T12:00:00+00:00,2025-12-07T17:00:00+00:00,2025-12-07T22:00:00+05:00,48,47.0,0d77a5cb362d43eb6ccff509fb534b358b9970c9264e2f969ea0c1a32598eea3,0.016666666666666666,2.01,2.06,2.1,67.0,-0.1,956.8,-0.9659258262890683,-0.25881904510252063,-0.4051645224207563,0.9142437912130223
training,2025-12-06T18:00:00+00:00,2025-12-06T12:00:00+00:00,2025-12-07T18:00:00+00:00,2025-12-07T23:00:00+05:00,24,24.0,e796bd90ab87c18e13ee1a8503f7a88df4cd1343a7d1de2c0f4d9823d4fa39ed,0.01,4.24,4.35,4.44,67.0,0.3,955.7,-1.0,-1.8369701987210297e-16,-0.4051645224207563,0.9142437912130223
training,2025-12-05T18:00:00+00:00,2025-12-05T12:00:00+00:00,2025-12-07T18:00:00+00:00,2025-12-07T23:00:00+05:00,48,48.0,0d77a5cb362d43eb6ccff509fb534b358b9970c9264e2f969ea0c1a32598eea3,0.01,3.12,3.2,3.27,56.0,-0.9,956.4,-1.0,-1.8369701987210297e-16,-0.4051645224207563,0.9142437912130223
training,2025-12-06T18:00:00+00:00,2025-12-06T12:00:00+00:00,2025-12-07T19:00:00+00:00,2025-12-08T00:00:00+05:00,24,25.0,e796bd90ab87c18e13ee1a8503f7a88df4cd1343a7d1de2c0f4d9823d4fa39ed,0.01,4.49,4.61,4.7,64.0,0.0,955.5,-0.9659258262890684,0.2588190451025203,-0.4051645224207563,0.9142437912130223
training,2025-12-05T18:00:00+00:00,2025-12-05T12:00:00+00:00,2025-12-07T19:00:00+00:00,2025-12-08T00:00:00+05:00,48,49.0,0d77a5cb362d43eb6ccff509fb534b358b9970c9264e2f969ea0c1a32598eea3,0.01,2.81,2.88,2.94,64.0,-1.4,956.0,-0.9659258262890684,0.2588190451025203,-0.4051645224207563,0.9142437912130223
training,2025-12-06T18:00:00+00:00,2025-12-06T12:00:00+00:00,2025-12-07T20:00:00+00:00,2025-12-08T01:00:00+05:00,24,26.0,e796bd90ab87c18e13ee1a8503f7a88df4cd1343a7d1de2c0f4d9823d4fa39ed,0.01,4.87,4.99,5.1,61.0,-0.1,955.4,-0.8660254037844386,0.5000000000000001,-0.4051645224207563,0.9142437912130223
training,2025-12-05T18:00:00+00:00,2025-12-05T12:00:00+00:00,2025-12-07T20:00:00+00:00,2025-12-08T01:00:00+05:00,48,50.0,0d77a5cb362d43eb6ccff509fb534b358b9970c9264e2f969ea0c1a32598eea3,0.01,3.39,3.47,3.54,67.0,-0.6,955.9,-0.8660254037844386,0.5000000000000001,-0.4051645224207563,0.9142437912130223
training,2025-12-07T00:00:00+00:00,2025-12-06T18:00:00+00:00,2025-12-07T21:00:00+00:00,2025-12-08T02:00:00+05:00,24,21.0,20466084487b931d0975ad10ee5addd111c8bb0407381e5177c7a1ad9b54fb44,0.01,5.86,6.02,6.14,63.0,-0.2,955.3,-0.7071067811865477,0.7071067811865474,-0.4051645224207563,0.9142437912130223
training,2025-12-06T00:00:00+00:00,2025-12-05T18:00:00+00:00,2025-12-07T21:00:00+00:00,2025-12-08T02:00:00+05:00,48,45.0,66e8e64a42186375fc8a6d85b045a0516938473322c523e1fc22165a877a68c0,0.01,4.32,4.43,4.53,60.0,-1.2,955.5,-0.7071067811865477,0.7071067811865474,-0.4051645224207563,0.9142437912130223
training,2025-12-07T00:00:00+00:00,2025-12-06T18:00:00+00:00,2025-12-07T22:00:00+00:00,2025-12-08T03:00:00+05:00,24,22.0,20466084487b931d0975ad10ee5addd111c8bb0407381e5177c7a1ad9b54fb44,0.049999999999999996,5.43,5.57,5.69,65.0,-0.7,955.0,-0.5000000000000004,0.8660254037844384,-0.4051645224207563,0.9142437912130223
training,2025-12-06T00:00:00+00:00,2025-12-05T18:00:00+00:00,2025-12-07T22:00:00+00:00,2025-12-08T03:00:00+05:00,48,46.0,66e8e64a42186375fc8a6d85b045a0516938473322c523e1fc22165a877a68c0,0.049999999999999996,4.52,4.64,4.73,66.0,-1.1,955.4,-0.5000000000000004,0.8660254037844384,-0.4051645224207563,0.9142437912130223
training,2025-12-07T00:00:00+00:00,2025-12-06T18:00:00+00:00,2025-12-07T23:00:00+00:00,2025-12-08T04:00:00+05:00,24,23.0,20466084487b931d0975ad10ee5addd111c8bb0407381e5177c7a1ad9b54fb44,0.2383333333333333,5.7,5.84,5.96,66.0,-1.4,954.6,-0.25881904510252157,0.9659258262890681,-0.4051645224207563,0.9142437912130223
training,2025-12-06T00:00:00+00:00,2025-12-05T18:00:00+00:00,2025-12-07T23:00:00+00:00,2025-12-08T04:00:00+05:00,48,47.0,66e8e64a42186375fc8a6d85b045a0516938473322c523e1fc22165a877a68c0,0.2383333333333333,4.98,5.11,5.21,67.0,-1.4,954.9,-0.25881904510252157,0.9659258262890681,-0.4051645224207563,0.9142437912130223
training,2025-12-07T00:00:00+00:00,2025-12-06T18:00:00+00:00,2025-12-08T00:00:00+00:00,2025-12-08T05:00:00+05:00,24,24.0,20466084487b931d0975ad10ee5addd111c8bb0407381e5177c7a1ad9b54fb44,0.15666666666666668,6.76,6.93,7.08,63.0,-1.4,954.0,0.0,1.0,-0.3893781415452015,0.9210779895789526
training,2025-12-06T00:00:00+00:00,2025-12-05T18:00:00+00:00,2025-12-08T00:00:00+00:00,2025-12-08T05:00:00+05:00,48,48.0,66e8e64a42186375fc8a6d85b045a0516938473322c523e1fc22165a877a68c0,0.15666666666666668,6.22,6.38,6.51,69.0,-1.1,954.6,0.0,1.0,-0.3893781415452015,0.9210779895789526
training,2025-12-07T00:00:00+00:00,2025-12-06T18:00:00+00:00,2025-12-08T01:00:00+00:00,2025-12-08T06:00:00+05:00,24,25.0,20466084487b931d0975ad10ee5addd111c8bb0407381e5177c7a1ad9b54fb44,0.6266666666666666,7.65,7.85,8.01,63.0,-1.3,953.5,0.25881904510252074,0.9659258262890683,-0.3893781415452015,0.9210779895789526
training,2025-12-06T00:00:00+00:00,2025-12-05T18:00:00+00:00,2025-12-08T01:00:00+00:00,2025-12-08T06:00:00+05:00,48,49.0,66e8e64a42186375fc8a6d85b045a0516938473322c523e1fc22165a877a68c0,0.6266666666666666,7.11,7.3,7.45,66.0,-0.9,954.1,0.25881904510252074,0.9659258262890683,-0.3893781415452015,0.9210779895789526
training,2025-12-07T00:00:00+00:00,2025-12-06T18:00:00+00:00,2025-12-08T02:00:00+00:00,2025-12-08T07:00:00+05:00,24,26.0,20466084487b931d0975ad10ee5addd111c8bb0407381e5177c7a1ad9b54fb44,0.62,8.46,8.68,8.86,63.0,-1.4,952.9,0.49999999999999994,0.8660254037844387,-0.3893781415452015,0.9210779895789526
training,2025-12-06T00:00:00+00:00,2025-12-05T18:00:00+00:00,2025-12-08T02:00:00+00:00,2025-12-08T07:00:00+05:00,48,50.0,66e8e64a42186375fc8a6d85b045a0516938473322c523e1fc22165a877a68c0,0.62,8.04,8.25,8.42,63.0,-0.9,953.4,0.49999999999999994,0.8660254037844387,-0.3893781415452015,0.9210779895789526
training,2025-12-07T06:00:00+00:00,2025-12-07T00:00:00+00:00,2025-12-08T03:00:00+00:00,2025-12-08T08:00:00+05:00,24,21.0,159b594cb72a0c10cd9da6bf6e76ec54ce653d23070a42c8fc360b66349f91c6,0.435,8.62,8.84,9.03,66.0,-0.1,952.4,0.7071067811865476,0.7071067811865476,-0.3893781415452015,0.9210779895789526
training,2025-12-06T06:00:00+00:00,2025-12-06T00:00:00+00:00,2025-12-08T03:00:00+00:00,2025-12-08T08:00:00+05:00,48,45.0,ccedd62a05587fe07b5fb37b2c3f7e74d9f4b245220dd03692539ec5b56204a2,0.435,3.29,3.37,3.44,50.0,-0.1,954.4,0.7071067811865476,0.7071067811865476,-0.3893781415452015,0.9210779895789526
training,2025-12-07T06:00:00+00:00,2025-12-07T00:00:00+00:00,2025-12-08T04:00:00+00:00,2025-12-08T09:00:00+05:00,24,22.0,159b594cb72a0c10cd9da6bf6e76ec54ce653d23070a42c8fc360b66349f91c6,0.34,9.65,9.9,10.11,57.0,2.6,952.5,0.8660254037844386,0.5000000000000001,-0.3893781415452015,0.9210779895789526
training,2025-12-06T06:00:00+00:00,2025-12-06T00:00:00+00:00,2025-12-08T04:00:00+00:00,2025-12-08T09:00:00+05:00,48,46.0,ccedd62a05587fe07b5fb37b2c3f7e74d9f4b245220dd03692539ec5b56204a2,0.34,1.04,1.06,1.09,221.0,1.4,955.7,0.8660254037844386,0.5000000000000001,-0.3893781415452015,0.9210779895789526
training,2025-12-07T06:00:00+00:00,2025-12-07T00:00:00+00:00,2025-12-08T05:00:00+00:00,2025-12-08T10:00:00+05:00,24,23.0,159b594cb72a0c10cd9da6bf6e76ec54ce653d23070a42c8fc360b66349f91c6,0.17833333333333334,7.72,7.92,8.08,57.0,4.2,952.8,0.9659258262890683,0.25881904510252074,-0.3893781415452015,0.9210779895789526
training,2025-12-06T06:00:00+00:00,2025-12-06T00:00:00+00:00,2025-12-08T05:00:00+00:00,2025-12-08T10:00:00+05:00,48,47.0,ccedd62a05587fe07b5fb37b2c3f7e74d9f4b245220dd03692539ec5b56204a2,0.17833333333333334,2.16,2.21,2.26,152.0,3.3,954.7,0.9659258262890683,0.25881904510252074,-0.3893781415452015,0.9210779895789526
training,2025-12-07T06:00:00+00:00,2025-12-07T00:00:00+00:00,2025-12-08T06:00:00+00:00,2025-12-08T11:00:00+05:00,24,24.0,159b594cb72a0c10cd9da6bf6e76ec54ce653d23070a42c8fc360b66349f91c6,0.011666666666666667,4.18,4.29,4.37,42.0,4.5,953.3,1.0,6.123233995736766e-17,-0.3893781415452015,0.9210779895789526
training,2025-12-06T06:00:00+00:00,2025-12-06T00:00:00+00:00,2025-12-08T06:00:00+00:00,2025-12-08T11:00:00+05:00,48,48.0,ccedd62a05587fe07b5fb37b2c3f7e74d9f4b245220dd03692539ec5b56204a2,0.011666666666666667,1.92,1.97,2.01,263.0,5.3,954.5,1.0,6.123233995736766e-17,-0.3893781415452015,0.9210779895789526
training,2025-12-07T06:00:00+00:00,2025-12-07T00:00:00+00:00,2025-12-08T07:00:00+00:00,2025-12-08T12:00:00+05:00,24,25.0,159b594cb72a0c10cd9da6bf6e76ec54ce653d23070a42c8fc360b66349f91c6,0.013333333333333334,0.77,0.79,0.81,72.0,4.8,952.5,0.9659258262890683,-0.25881904510252063,-0.3893781415452015,0.9210779895789526
training,2025-12-06T06:00:00+00:00,2025-12-06T00:00:00+00:00,2025-12-08T07:00:00+00:00,2025-12-08T12:00:00+05:00,48,49.0,ccedd62a05587fe07b5fb37b2c3f7e74d9f4b245220dd03692539ec5b56204a2,0.013333333333333334,1.73,1.78,1.81,280.0,5.5,953.4,0.9659258262890683,-0.25881904510252063,-0.3893781415452015,0.9210779895789526
training,2025-12-07T06:00:00+00:00,2025-12-07T00:00:00+00:00,2025-12-08T08:00:00+00:00,2025-12-08T13:00:00+05:00,24,26.0,159b594cb72a0c10cd9da6bf6e76ec54ce653d23070a42c8fc360b66349f91c6,0.01,3.18,3.26,3.33,249.0,5.9,952.4,0.8660254037844387,-0.4999999999999998,-0.3893781415452015,0.9210779895789526
training,2025-12-06T06:00:00+00:00,2025-12-06T00:00:00+00:00,2025-12-08T08:00:00+00:00,2025-12-08T13:00:00+05:00,48,50.0,ccedd62a05587fe07b5fb37b2c3f7e74d9f4b245220dd03692539ec5b56204a2,0.01,2.8,2.87,2.93,257.0,6.0,953.0,0.8660254037844387,-0.4999999999999998,-0.3893781415452015,0.9210779895789526
training,2025-12-07T12:00:00+00:00,2025-12-07T06:00:00+00:00,2025-12-08T09:00:00+00:00,2025-12-08T14:00:00+05:00,24,21.0,c6ed47fb67fc822413ca12e28895ffbd592978db44f1b9f4ce31b2dcf03eb4a6,0.041666666666666664,6.49,6.66,6.79,273.0,5.4,953.6,0.7071067811865476,-0.7071067811865475,-0.3893781415452015,0.9210779895789526
training,2025-12-06T12:00:00+00:00,2025-12-06T06:00:00+00:00,2025-12-08T09:00:00+00:00,2025-12-08T14:00:00+05:00,48,45.0,b186b4526e71fbb79c06149c32c4300018b3e1e2eb334ed37313b260455f3e2c,0.041666666666666664,4.05,4.16,4.24,267.0,5.2,953.5,0.7071067811865476,-0.7071067811865475,-0.3893781415452015,0.9210779895789526
training,2025-12-07T12:00:00+00:00,2025-12-07T06:00:00+00:00,2025-12-08T10:00:00+00:00,2025-12-08T15:00:00+05:00,24,22.0,c6ed47fb67fc822413ca12e28895ffbd592978db44f1b9f4ce31b2dcf03eb4a6,0.41333333333333333,8.64,8.87,9.05,274.0,3.8,954.6,0.49999999999999994,-0.8660254037844387,-0.3893781415452015,0.9210779895789526
training,2025-12-06T12:00:00+00:00,2025-12-06T06:00:00+00:00,2025-12-08T10:00:00+00:00,2025-12-08T15:00:00+05:00,48,46.0,b186b4526e71fbb79c06149c32c4300018b3e1e2eb334ed37313b260455f3e2c,0.41333333333333333,4.9,5.02,5.13,260.0,3.8,953.7,0.49999999999999994,-0.8660254037844387,-0.3893781415452015,0.9210779895789526
training,2025-12-07T12:00:00+00:00,2025-12-07T06:00:00+00:00,2025-12-08T11:00:00+00:00,2025-12-08T16:00:00+05:00,24,23.0,c6ed47fb67fc822413ca12e28895ffbd592978db44f1b9f4ce31b2dcf03eb4a6,0.5133333333333333,9.07,9.3,9.5,268.0,2.1,955.6,0.258819045102521,-0.9659258262890682,-0.3893781415452015,0.9210779895789526
training,2025-12-06T12:00:00+00:00,2025-12-06T06:00:00+00:00,2025-12-08T11:00:00+00:00,2025-12-08T16:00:00+05:00,48,47.0,b186b4526e71fbb79c06149c32c4300018b3e1e2eb334ed37313b260455f3e2c,0.5133333333333333,6.54,6.71,6.85,249.0,2.5,954.1,0.258819045102521,-0.9659258262890682,-0.3893781415452015,0.9210779895789526
training,2025-12-07T12:00:00+00:00,2025-12-07T06:00:00+00:00,2025-12-08T12:00:00+00:00,2025-12-08T17:00:00+05:00,24,24.0,c6ed47fb67fc822413ca12e28895ffbd592978db44f1b9f4ce31b2dcf03eb4a6,0.30833333333333335,9.22,9.46,9.66,261.0,0.2,956.8,1.2246467991473532e-16,-1.0,-0.3893781415452015,0.9210779895789526
training,2025-12-06T12:00:00+00:00,2025-12-06T06:00:00+00:00,2025-12-08T12:00:00+00:00,2025-12-08T17:00:00+05:00,48,48.0,b186b4526e71fbb79c06149c32c4300018b3e1e2eb334ed37313b260455f3e2c,0.30833333333333335,8.37,8.59,8.77,250.0,2.1,955.1,1.2246467991473532e-16,-1.0,-0.3893781415452015,0.9210779895789526
training,2025-12-07T12:00:00+00:00,2025-12-07T06:00:00+00:00,2025-12-08T13:00:00+00:00,2025-12-08T18:00:00+05:00,24,25.0,c6ed47fb67fc822413ca12e28895ffbd592978db44f1b9f4ce31b2dcf03eb4a6,0.7000000000000001,8.79,9.02,9.2,250.0,0.2,957.9,-0.2588190451025208,-0.9659258262890683,-0.3893781415452015,0.9210779895789526
training,2025-12-06T12:00:00+00:00,2025-12-06T06:00:00+00:00,2025-12-08T13:00:00+00:00,2025-12-08T18:00:00+05:00,48,49.0,b186b4526e71fbb79c06149c32c4300018b3e1e2eb334ed37313b260455f3e2c,0.7000000000000001,9.35,9.6,9.8,251.0,1.2,956.1,-0.2588190451025208,-0.9659258262890683,-0.3893781415452015,0.9210779895789526
training,2025-12-07T12:00:00+00:00,2025-12-07T06:00:00+00:00,2025-12-08T14:00:00+00:00,2025-12-08T19:00:00+05:00,24,26.0,c6ed47fb67fc822413ca12e28895ffbd592978db44f1b9f4ce31b2dcf03eb4a6,0.9333333333333332,8.52,8.74,8.92,256.0,0.5,958.8,-0.4999999999999997,-0.8660254037844388,-0.3893781415452015,0.9210779895789526
training,2025-12-06T12:00:00+00:00,2025-12-06T06:00:00+00:00,2025-12-08T14:00:00+00:00,2025-12-08T19:00:00+05:00,48,50.0,b186b4526e71fbb79c06149c32c4300018b3e1e2eb334ed37313b260455f3e2c,0.9333333333333332,10.58,10.86,11.08,254.0,0.8,957.1,-0.4999999999999997,-0.8660254037844388,-0.3893781415452015,0.9210779895789526
training,2025-12-07T18:00:00+00:00,2025-12-07T12:00:00+00:00,2025-12-08T15:00:00+00:00,2025-12-08T20:00:00+05:00,24,21.0,89fe5847d938f468c2ccb2d867be758210bf7eb3bba115ea595e81ebcfc5919d,0.9550000000000001,8.81,9.03,9.22,260.0,0.5,959.3,-0.7071067811865471,-0.7071067811865479,-0.3893781415452015,0.9210779895789526
training,2025-12-06T18:00:00+00:00,2025-12-06T12:00:00+00:00,2025-12-08T15:00:00+00:00,2025-12-08T20:00:00+05:00,48,45.0,e796bd90ab87c18e13ee1a8503f7a88df4cd1343a7d1de2c0f4d9823d4fa39ed,0.9550000000000001,9.84,10.09,10.3,246.0,0.6,958.4,-0.7071067811865471,-0.7071067811865479,-0.3893781415452015,0.9210779895789526
training,2025-12-07T18:00:00+00:00,2025-12-07T12:00:00+00:00,2025-12-08T16:00:00+00:00,2025-12-08T21:00:00+05:00,24,22.0,89fe5847d938f468c2ccb2d867be758210bf7eb3bba115ea595e81ebcfc5919d,0.975,7.76,7.96,8.12,263.0,0.5,960.1,-0.8660254037844385,-0.5000000000000004,-0.3893781415452015,0.9210779895789526
training,2025-12-06T18:00:00+00:00,2025-12-06T12:00:00+00:00,2025-12-08T16:00:00+00:00,2025-12-08T21:00:00+05:00,48,46.0,e796bd90ab87c18e13ee1a8503f7a88df4cd1343a7d1de2c0f4d9823d4fa39ed,0.975,8.96,9.19,9.38,253.0,1.0,959.2,-0.8660254037844385,-0.5000000000000004,-0.3893781415452015,0.9210779895789526
training,2025-12-07T18:00:00+00:00,2025-12-07T12:00:00+00:00,2025-12-08T17:00:00+00:00,2025-12-08T22:00:00+05:00,24,23.0,89fe5847d938f468c2ccb2d867be758210bf7eb3bba115ea595e81ebcfc5919d,0.8649999999999999,7.18,7.37,7.52,266.0,0.5,960.6,-0.9659258262890683,-0.25881904510252063,-0.3893781415452015,0.9210779895789526
training,2025-12-06T18:00:00+00:00,2025-12-06T12:00:00+00:00,2025-12-08T17:00:00+00:00,2025-12-08T22:00:00+05:00,48,47.0,e796bd90ab87c18e13ee1a8503f7a88df4cd1343a7d1de2c0f4d9823d4fa39ed,0.8649999999999999,8.49,8.71,8.89,263.0,0.7,959.9,-0.9659258262890683,-0.25881904510252063,-0.3893781415452015,0.9210779895789526
training,2025-12-07T18:00:00+00:00,2025-12-07T12:00:00+00:00,2025-12-08T18:00:00+00:00,2025-12-08T23:00:00+05:00,24,24.0,89fe5847d938f468c2ccb2d867be758210bf7eb3bba115ea595e81ebcfc5919d,0.9550000000000001,7.51,7.71,7.87,263.0,0.8,961.4,-1.0,-1.8369701987210297e-16,-0.3893781415452015,0.9210779895789526
training,2025-12-06T18:00:00+00:00,2025-12-06T12:00:00+00:00,2025-12-08T18:00:00+00:00,2025-12-08T23:00:00+05:00,48,48.0,e796bd90ab87c18e13ee1a8503f7a88df4cd1343a7d1de2c0f4d9823d4fa39ed,0.9550000000000001,6.93,7.11,7.25,263.0,0.6,960.5,-1.0,-1.8369701987210297e-16,-0.3893781415452015,0.9210779895789526
training,2025-12-07T18:00:00+00:00,2025-12-07T12:00:00+00:00,2025-12-08T19:00:00+00:00,2025-12-09T00:00:00+05:00,24,25.0,89fe5847d938f468c2ccb2d867be758210bf7eb3bba115ea595e81ebcfc5919d,0.775,7.24,7.42,7.58,254.0,1.4,961.8,-0.9659258262890684,0.2588190451025203,-0.3893781415452015,0.9210779895789526
training,2025-12-06T18:00:00+00:00,2025-12-06T12:00:00+00:00,2025-12-08T19:00:00+00:00,2025-12-09T00:00:00+05:00,48,49.0,e796bd90ab87c18e13ee1a8503f7a88df4cd1343a7d1de2c0f4d9823d4fa39ed,0.775,5.38,5.52,5.63,256.0,0.6,960.8,-0.9659258262890684,0.2588190451025203,-0.3893781415452015,0.9210779895789526
training,2025-12-07T18:00:00+00:00,2025-12-07T12:00:00+00:00,2025-12-08T20:00:00+00:00,2025-12-09T01:00:00+05:00,24,26.0,89fe5847d938f468c2ccb2d867be758210bf7eb3bba115ea595e81ebcfc5919d,0.27999999999999997,6.28,6.44,6.58,254.0,1.5,961.7,-0.8660254037844386,0.5000000000000001,-0.3893781415452015,0.9210779895789526
training,2025-12-06T18:00:00+00:00,2025-12-06T12:00:00+00:00,2025-12-08T20:00:00+00:00,2025-12-09T01:00:00+05:00,48,50.0,e796bd90ab87c18e13ee1a8503f7a88df4cd1343a7d1de2c0f4d9823d4fa39ed,0.27999999999999997,4.47,4.59,4.68,245.0,0.7,960.8,-0.8660254037844386,0.5000000000000001,-0.3893781415452015,0.9210779895789526
training,2025-12-08T00:00:00+00:00,2025-12-07T18:00:00+00:00,2025-12-08T21:00:00+00:00,2025-12-09T02:00:00+05:00,24,21.0,667ffff374f0390c23189722ba704bc5bc5ae8755b82b7ca22a9b18624e8927f,0.14833333333333334,4.82,4.94,5.04,259.0,1.3,961.8,-0.7071067811865477,0.7071067811865474,-0.3893781415452015,0.9210779895789526
training,2025-12-07T00:00:00+00:00,2025-12-06T18:00:00+00:00,2025-12-08T21:00:00+00:00,2025-12-09T02:00:00+05:00,48,45.0,20466084487b931d0975ad10ee5addd111c8bb0407381e5177c7a1ad9b54fb44,0.14833333333333334,3.55,3.64,3.72,243.0,0.5,961.0,-0.7071067811865477,0.7071067811865474,-0.3893781415452015,0.9210779895789526
training,2025-12-08T00:00:00+00:00,2025-12-07T18:00:00+00:00,2025-12-08T22:00:00+00:00,2025-12-09T03:00:00+05:00,24,22.0,667ffff374f0390c23189722ba704bc5bc5ae8755b82b7ca22a9b18624e8927f,0.12166666666666666,2.6,2.67,2.72,240.0,0.9,961.1,-0.5000000000000004,0.8660254037844384,-0.3893781415452015,0.9210779895789526
training,2025-12-07T00:00:00+00:00,2025-12-06T18:00:00+00:00,2025-12-08T22:00:00+00:00,2025-12-09T03:00:00+05:00,48,46.0,20466084487b931d0975ad10ee5addd111c8bb0407381e5177c7a1ad9b54fb44,0.12166666666666666,2.6,2.66,2.72,220.0,0.3,960.6,-0.5000000000000004,0.8660254037844384,-0.3893781415452015,0.9210779895789526
training,2025-12-08T00:00:00+00:00,2025-12-07T18:00:00+00:00,2025-12-08T23:00:00+00:00,2025-12-09T04:00:00+05:00,24,23.0,667ffff374f0390c23189722ba704bc5bc5ae8755b82b7ca22a9b18624e8927f,0.07166666666666667,2.0,2.05,2.09,177.0,-0.1,960.2,-0.25881904510252157,0.9659258262890681,-0.3893781415452015,0.9210779895789526
training,2025-12-07T00:00:00+00:00,2025-12-06T18:00:00+00:00,2025-12-08T23:00:00+00:00,2025-12-09T04:00:00+05:00,48,47.0,20466084487b931d0975ad10ee5addd111c8bb0407381e5177c7a1ad9b54fb44,0.07166666666666667,2.74,2.81,2.87,192.0,0.1,960.1,-0.25881904510252157,0.9659258262890681,-0.3893781415452015,0.9210779895789526
training,2025-12-08T00:00:00+00:00,2025-12-07T18:00:00+00:00,2025-12-09T00:00:00+00:00,2025-12-09T05:00:00+05:00,24,24.0,667ffff374f0390c23189722ba704bc5bc5ae8755b82b7ca22a9b18624e8927f,0.02666666666666667,0.61,0.63,0.64,151.0,-1.0,959.8,0.0,1.0,-0.37347653741307074,0.9276396261490467
training,2025-12-07T00:00:00+00:00,2025-12-06T18:00:00+00:00,2025-12-09T00:00:00+00:00,2025-12-09T05:00:00+05:00,48,48.0,20466084487b931d0975ad10ee5addd111c8bb0407381e5177c7a1ad9b54fb44,0.02666666666666667,1.15,1.18,1.2,192.0,-0.7,959.6,0.0,1.0,-0.37347653741307074,0.9276396261490467
training,2025-12-08T00:00:00+00:00,2025-12-07T18:00:00+00:00,2025-12-09T01:00:00+00:00,2025-12-09T06:00:00+05:00,24,25.0,667ffff374f0390c23189722ba704bc5bc5ae8755b82b7ca22a9b18624e8927f,0.01,0.6,0.62,0.63,104.0,-1.7,959.6,0.25881904510252074,0.9659258262890683,-0.37347653741307074,0.9276396261490467
training,2025-12-07T00:00:00+00:00,2025-12-06T18:00:00+00:00,2025-12-09T01:00:00+00:00,2025-12-09T06:00:00+05:00,48,49.0,20466084487b931d0975ad10ee5addd111c8bb0407381e5177c7a1ad9b54fb44,0.01,0.42,0.43,0.44,339.0,-1.5,959.5,0.25881904510252074,0.9659258262890683,-0.37347653741307074,0.9276396261490467
training,2025-12-08T00:00:00+00:00,2025-12-07T18:00:00+00:00,2025-12-09T02:00:00+00:00,2025-12-09T07:00:00+05:00,24,26.0,667ffff374f0390c23189722ba704bc5bc5ae8755b82b7ca22a9b18624e8927f,0.01,2.27,2.33,2.37,65.0,-2.0,959.7,0.49999999999999994,0.8660254037844387,-0.37347653741307074,0.9276396261490467
training,2025-12-07T00:00:00+00:00,2025-12-06T18:00:00+00:00,2025-12-09T02:00:00+00:00,2025-12-09T07:00:00+05:00,48,50.0,20466084487b931d0975ad10ee5addd111c8bb0407381e5177c7a1ad9b54fb44,0.01,1.33,1.37,1.39,66.0,-1.4,959.5,0.49999999999999994,0.8660254037844387,-0.37347653741307074,0.9276396261490467
training,2025-12-08T06:00:00+00:00,2025-12-08T00:00:00+00:00,2025-12-09T03:00:00+00:00,2025-12-09T08:00:00+05:00,24,21.0,324f125531f510f15f839015d26cf82e10428a23a06b066e1b5ec0450b6a438b,0.01,3.83,3.93,4.01,78.0,-2.1,959.5,0.7071067811865476,0.7071067811865476,-0.37347653741307074,0.9276396261490467
training,2025-12-07T06:00:00+00:00,2025-12-07T00:00:00+00:00,2025-12-09T03:00:00+00:00,2025-12-09T08:00:00+05:00,48,45.0,159b594cb72a0c10cd9da6bf6e76ec54ce653d23070a42c8fc360b66349f91c6,0.01,3.64,3.73,3.81,72.0,-3.5,959.4,0.7071067811865476,0.7071067811865476,-0.37347653741307074,0.9276396261490467
training,2025-12-08T06:00:00+00:00,2025-12-08T00:00:00+00:00,2025-12-09T04:00:00+00:00,2025-12-09T09:00:00+05:00,24,22.0,324f125531f510f15f839015d26cf82e10428a23a06b066e1b5ec0450b6a438b,0.17666666666666667,5.63,5.78,5.9,74.0,0.2,959.5,0.8660254037844386,0.5000000000000001,-0.37347653741307074,0.9276396261490467
training,2025-12-07T06:00:00+00:00,2025-12-07T00:00:00+00:00,2025-12-09T04:00:00+00:00,2025-12-09T09:00:00+05:00,48,46.0,159b594cb72a0c10cd9da6bf6e76ec54ce653d23070a42c8fc360b66349f91c6,0.17666666666666667,5.73,5.88,6.0,64.0,-0.4,959.9,0.8660254037844386,0.5000000000000001,-0.37347653741307074,0.9276396261490467
training,2025-12-08T06:00:00+00:00,2025-12-08T00:00:00+00:00,2025-12-09T05:00:00+00:00,2025-12-09T10:00:00+05:00,24,23.0,324f125531f510f15f839015d26cf82e10428a23a06b066e1b5ec0450b6a438b,0.8283333333333333,7.0,7.18,7.33,66.0,1.5,959.1,0.9659258262890683,0.25881904510252074,-0.37347653741307074,0.9276396261490467
training,2025-12-07T06:00:00+00:00,2025-12-07T00:00:00+00:00,2025-12-09T05:00:00+00:00,2025-12-09T10:00:00+05:00,48,47.0,159b594cb72a0c10cd9da6bf6e76ec54ce653d23070a42c8fc360b66349f91c6,0.8283333333333333,7.37,7.57,7.72,61.0,1.3,959.3,0.9659258262890683,0.25881904510252074,-0.37347653741307074,0.9276396261490467
training,2025-12-08T06:00:00+00:00,2025-12-08T00:00:00+00:00,2025-12-09T06:00:00+00:00,2025-12-09T11:00:00+05:00,24,24.0,324f125531f510f15f839015d26cf82e10428a23a06b066e1b5ec0450b6a438b,0.915,7.95,8.16,8.32,60.0,2.5,958.6,1.0,6.123233995736766e-17,-0.37347653741307074,0.9276396261490467
training,2025-12-07T06:00:00+00:00,2025-12-07T00:00:00+00:00,2025-12-09T06:00:00+00:00,2025-12-09T11:00:00+05:00,48,48.0,159b594cb72a0c10cd9da6bf6e76ec54ce653d23070a42c8fc360b66349f91c6,0.915,8.84,9.07,9.26,57.0,2.6,958.3,1.0,6.123233995736766e-17,-0.37347653741307074,0.9276396261490467
training,2025-12-08T06:00:00+00:00,2025-12-08T00:00:00+00:00,2025-12-09T07:00:00+00:00,2025-12-09T12:00:00+05:00,24,25.0,324f125531f510f15f839015d26cf82e10428a23a06b066e1b5ec0450b6a438b,0.9866666666666667,9.53,9.78,9.98,61.0,3.5,957.3,0.9659258262890683,-0.25881904510252063,-0.37347653741307074,0.9276396261490467
training,2025-12-07T06:00:00+00:00,2025-12-07T00:00:00+00:00,2025-12-09T07:00:00+00:00,2025-12-09T12:00:00+05:00,48,49.0,159b594cb72a0c10cd9da6bf6e76ec54ce653d23070a42c8fc360b66349f91c6,0.9866666666666667,10.17,10.44,10.65,59.0,3.3,957.0,0.9659258262890683,-0.25881904510252063,-0.37347653741307074,0.9276396261490467
training,2025-12-08T06:00:00+00:00,2025-12-08T00:00:00+00:00,2025-12-09T08:00:00+00:00,2025-12-09T13:00:00+05:00,24,26.0,324f125531f510f15f839015d26cf82e10428a23a06b066e1b5ec0450b6a438b,0.9866666666666667,9.89,10.15,10.36,63.0,3.8,956.7,0.8660254037844387,-0.4999999999999998,-0.37347653741307074,0.9276396261490467
training,2025-12-07T06:00:00+00:00,2025-12-07T00:00:00+00:00,2025-12-09T08:00:00+00:00,2025-12-09T13:00:00+05:00,48,50.0,159b594cb72a0c10cd9da6bf6e76ec54ce653d23070a42c8fc360b66349f91c6,0.9866666666666667,9.39,9.64,9.84,57.0,3.3,956.4,0.8660254037844387,-0.4999999999999998,-0.37347653741307074,0.9276396261490467
training,2025-12-08T12:00:00+00:00,2025-12-08T06:00:00+00:00,2025-12-09T09:00:00+00:00,2025-12-09T14:00:00+05:00,24,21.0,4cce734d8d9fcc6e7776a5550576626cbe8ce00558a173c016693de8492e0c94,0.9883333333333333,9.45,9.69,9.89,66.0,3.8,956.3,0.7071067811865476,-0.7071067811865475,-0.37347653741307074,0.9276396261490467
training,2025-12-07T12:00:00+00:00,2025-12-07T06:00:00+00:00,2025-12-09T09:00:00+00:00,2025-12-09T14:00:00+05:00,48,45.0,c6ed47fb67fc822413ca12e28895ffbd592978db44f1b9f4ce31b2dcf03eb4a6,0.9883333333333333,9.02,9.26,9.45,63.0,4.0,955.2,0.7071067811865476,-0.7071067811865475,-0.37347653741307074,0.9276396261490467
training,2025-12-08T12:00:00+00:00,2025-12-08T06:00:00+00:00,2025-12-09T10:00:00+00:00,2025-12-09T15:00:00+05:00,24,22.0,4cce734d8d9fcc6e7776a5550576626cbe8ce00558a173c016693de8492e0c94,0.98,8.99,9.22,9.41,71.0,3.2,956.0,0.49999999999999994,-0.8660254037844387,-0.37347653741307074,0.9276396261490467
training,2025-12-07T12:00:00+00:00,2025-12-07T06:00:00+00:00,2025-12-09T10:00:00+00:00,2025-12-09T15:00:00+05:00,48,46.0,c6ed47fb67fc822413ca12e28895ffbd592978db44f1b9f4ce31b2dcf03eb4a6,0.98,8.19,8.4,8.58,67.0,3.5,954.7,0.49999999999999994,-0.8660254037844387,-0.37347653741307074,0.9276396261490467
training,2025-12-08T12:00:00+00:00,2025-12-08T06:00:00+00:00,2025-12-09T11:00:00+00:00,2025-12-09T16:00:00+05:00,24,23.0,4cce734d8d9fcc6e7776a5550576626cbe8ce00558a173c016693de8492e0c94,0.9316666666666666,8.31,8.53,8.71,74.0,2.2,955.2,0.258819045102521,-0.9659258262890682,-0.37347653741307074,0.9276396261490467
training,2025-12-07T12:00:00+00:00,2025-12-07T06:00:00+00:00,2025-12-09T11:00:00+00:00,2025-12-09T16:00:00+05:00,48,47.0,c6ed47fb67fc822413ca12e28895ffbd592978db44f1b9f4ce31b2dcf03eb4a6,0.9316666666666666,7.35,7.54,7.7,70.0,2.2,954.2,0.258819045102521,-0.9659258262890682,-0.37347653741307074,0.9276396261490467
training,2025-12-08T12:00:00+00:00,2025-12-08T06:00:00+00:00,2025-12-09T12:00:00+00:00,2025-12-09T17:00:00+05:00,24,24.0,4cce734d8d9fcc6e7776a5550576626cbe8ce00558a173c016693de8492e0c94,0.9416666666666668,7.88,8.08,8.25,71.0,1.5,954.8,1.2246467991473532e-16,-1.0,-0.37347653741307074,0.9276396261490467
training,2025-12-07T12:00:00+00:00,2025-12-07T06:00:00+00:00,2025-12-09T12:00:00+00:00,2025-12-09T17:00:00+05:00,48,48.0,c6ed47fb67fc822413ca12e28895ffbd592978db44f1b9f4ce31b2dcf03eb4a6,0.9416666666666668,5.4,5.54,5.66,68.0,0.7,954.2,1.2246467991473532e-16,-1.0,-0.37347653741307074,0.9276396261490467
training,2025-12-08T12:00:00+00:00,2025-12-08T06:00:00+00:00,2025-12-09T13:00:00+00:00,2025-12-09T18:00:00+05:00,24,25.0,4cce734d8d9fcc6e7776a5550576626cbe8ce00558a173c016693de8492e0c94,0.8849999999999999,6.73,6.91,7.05,71.0,1.1,954.5,-0.2588190451025208,-0.9659258262890683,-0.37347653741307074,0.9276396261490467
training,2025-12-07T12:00:00+00:00,2025-12-07T06:00:00+00:00,2025-12-09T13:00:00+00:00,2025-12-09T18:00:00+05:00,48,49.0,c6ed47fb67fc822413ca12e28895ffbd592978db44f1b9f4ce31b2dcf03eb4a6,0.8849999999999999,1.34,1.37,1.4,80.0,0.1,955.0,-0.2588190451025208,-0.9659258262890683,-0.37347653741307074,0.9276396261490467
training,2025-12-08T12:00:00+00:00,2025-12-08T06:00:00+00:00,2025-12-09T14:00:00+00:00,2025-12-09T19:00:00+05:00,24,26.0,4cce734d8d9fcc6e7776a5550576626cbe8ce00558a173c016693de8492e0c94,0.935,5.26,5.4,5.51,74.0,0.4,954.1,-0.4999999999999997,-0.8660254037844388,-0.37347653741307074,0.9276396261490467
training,2025-12-07T12:00:00+00:00,2025-12-07T06:00:00+00:00,2025-12-09T14:00:00+00:00,2025-12-09T19:00:00+05:00,48,50.0,c6ed47fb67fc822413ca12e28895ffbd592978db44f1b9f4ce31b2dcf03eb4a6,0.935,4.71,4.83,4.93,246.0,0.0,955.9,-0.4999999999999997,-0.8660254037844388,-0.37347653741307074,0.9276396261490467
training,2025-12-08T18:00:00+00:00,2025-12-08T12:00:00+00:00,2025-12-09T15:00:00+00:00,2025-12-09T20:00:00+05:00,24,21.0,e75b2889a89bbba7c794516c7055243533818610219e8b6d643f93ee26a92aa7,0.815,4.17,4.27,4.36,84.0,0.1,953.1,-0.7071067811865471,-0.7071067811865479,-0.37347653741307074,0.9276396261490467
training,2025-12-07T18:00:00+00:00,2025-12-07T12:00:00+00:00,2025-12-09T15:00:00+00:00,2025-12-09T20:00:00+05:00,48,45.0,89fe5847d938f468c2ccb2d867be758210bf7eb3bba115ea595e81ebcfc5919d,0.815,4.11,4.21,4.3,228.0,0.2,954.5,-0.7071067811865471,-0.7071067811865479,-0.37347653741307074,0.9276396261490467
training,2025-12-08T18:00:00+00:00,2025-12-08T12:00:00+00:00,2025-12-09T16:00:00+00:00,2025-12-09T21:00:00+05:00,24,22.0,e75b2889a89bbba7c794516c7055243533818610219e8b6d643f93ee26a92aa7,0.5316666666666666,2.92,3.0,3.06,91.0,0.0,952.7,-0.8660254037844385,-0.5000000000000004,-0.37347653741307074,0.9276396261490467
training,2025-12-07T18:00:00+00:00,2025-12-07T12:00:00+00:00,2025-12-09T16:00:00+00:00,2025-12-09T21:00:00+05:00,48,46.0,89fe5847d938f468c2ccb2d867be758210bf7eb3bba115ea595e81ebcfc5919d,0.5316666666666666,4.37,4.48,4.57,231.0,0.4,954.5,-0.8660254037844385,-0.5000000000000004,-0.37347653741307074,0.9276396261490467
training,2025-12-08T18:00:00+00:00,2025-12-08T12:00:00+00:00,2025-12-09T17:00:00+00:00,2025-12-09T22:00:00+05:00,24,23.0,e75b2889a89bbba7c794516c7055243533818610219e8b6d643f93ee26a92aa7,0.165,1.43,1.47,1.5,100.0,-0.7,952.4,-0.9659258262890683,-0.25881904510252063,-0.37347653741307074,0.9276396261490467
training,2025-12-07T18:00:00+00:00,2025-12-07T12:00:00+00:00,2025-12-09T17:00:00+00:00,2025-12-09T22:00:00+05:00,48,47.0,89fe5847d938f468c2ccb2d867be758210bf7eb3bba115ea595e81ebcfc5919d,0.165,5.73,5.88,6.0,252.0,0.4,955.0,-0.9659258262890683,-0.25881904510252063,-0.37347653741307074,0.9276396261490467
training,2025-12-08T18:00:00+00:00,2025-12-08T12:00:00+00:00,2025-12-09T18:00:00+00:00,2025-12-09T23:00:00+05:00,24,24.0,e75b2889a89bbba7c794516c7055243533818610219e8b6d643f93ee26a92aa7,0.04833333333333334,1.61,1.65,1.68,256.0,-0.4,953.0,-1.0,-1.8369701987210297e-16,-0.37347653741307074,0.9276396261490467
training,2025-12-07T18:00:00+00:00,2025-12-07T12:00:00+00:00,2025-12-09T18:00:00+00:00,2025-12-09T23:00:00+05:00,48,48.0,89fe5847d938f468c2ccb2d867be758210bf7eb3bba115ea595e81ebcfc5919d,0.04833333333333334,6.41,6.57,6.71,257.0,-0.1,955.7,-1.0,-1.8369701987210297e-16,-0.37347653741307074,0.9276396261490467
training,2025-12-08T18:00:00+00:00,2025-12-08T12:00:00+00:00,2025-12-09T19:00:00+00:00,2025-12-10T00:00:00+05:00,24,25.0,e75b2889a89bbba7c794516c7055243533818610219e8b6d643f93ee26a92aa7,0.34833333333333333,7.47,7.66,7.82,263.0,0.3,954.3,-0.9659258262890684,0.2588190451025203,-0.37347653741307074,0.9276396261490467
training,2025-12-07T18:00:00+00:00,2025-12-07T12:00:00+00:00,2025-12-09T19:00:00+00:00,2025-12-10T00:00:00+05:00,48,49.0,89fe5847d938f468c2ccb2d867be758210bf7eb3bba115ea595e81ebcfc5919d,0.34833333333333333,7.64,7.84,8.01,251.0,-0.1,956.4,-0.9659258262890684,0.2588190451025203,-0.37347653741307074,0.9276396261490467
training,2025-12-08T18:00:00+00:00,2025-12-08T12:00:00+00:00,2025-12-09T20:00:00+00:00,2025-12-10T01:00:00+05:00,24,26.0,e75b2889a89bbba7c794516c7055243533818610219e8b6d643f93ee26a92aa7,0.6333333333333333,7.49,7.69,7.85,256.0,0.4,955.1,-0.8660254037844386,0.5000000000000001,-0.37347653741307074,0.9276396261490467
training,2025-12-07T18:00:00+00:00,2025-12-07T12:00:00+00:00,2025-12-09T20:00:00+00:00,2025-12-10T01:00:00+05:00,48,50.0,89fe5847d938f468c2ccb2d867be758210bf7eb3bba115ea595e81ebcfc5919d,0.6333333333333333,10.28,10.55,10.77,256.0,0.2,956.7,-0.8660254037844386,0.5000000000000001,-0.37347653741307074,0.9276396261490467
training,2025-12-09T00:00:00+00:00,2025-12-08T18:00:00+00:00,2025-12-09T21:00:00+00:00,2025-12-10T02:00:00+05:00,24,21.0,bd149a24b8405dcd6bfe133938c6238746f0678b106b678a67bb552fc75919ef,0.7716666666666666,8.09,8.3,8.47,257.0,0.3,955.7,-0.7071067811865477,0.7071067811865474,-0.37347653741307074,0.9276396261490467
training,2025-12-08T00:00:00+00:00,2025-12-07T18:00:00+00:00,2025-12-09T21:00:00+00:00,2025-12-10T02:00:00+05:00,48,45.0,667ffff374f0390c23189722ba704bc5bc5ae8755b82b7ca22a9b18624e8927f,0.7716666666666666,9.99,10.25,10.46,260.0,0.1,957.1,-0.7071067811865477,0.7071067811865474,-0.37347653741307074,0.9276396261490467
training,2025-12-09T00:00:00+00:00,2025-12-08T18:00:00+00:00,2025-12-09T22:00:00+00:00,2025-12-10T03:00:00+05:00,24,22.0,bd149a24b8405dcd6bfe133938c6238746f0678b106b678a67bb552fc75919ef,0.9483333333333333,9.97,10.23,10.44,258.0,0.2,956.1,-0.5000000000000004,0.8660254037844384,-0.37347653741307074,0.9276396261490467
training,2025-12-08T00:00:00+00:00,2025-12-07T18:00:00+00:00,2025-12-09T22:00:00+00:00,2025-12-10T03:00:00+05:00,48,46.0,667ffff374f0390c23189722ba704bc5bc5ae8755b82b7ca22a9b18624e8927f,0.9483333333333333,13.68,14.04,14.33,262.0,-0.3,958.2,-0.5000000000000004,0.8660254037844384,-0.37347653741307074,0.9276396261490467
training,2025-12-09T00:00:00+00:00,2025-12-08T18:00:00+00:00,2025-12-09T23:00:00+00:00,2025-12-10T04:00:00+05:00,24,23.0,bd149a24b8405dcd6bfe133938c6238746f0678b106b678a67bb552fc75919ef,0.9899999999999999,12.5,12.83,13.09,259.0,-0.3,957.1,-0.25881904510252157,0.9659258262890681,-0.37347653741307074,0.9276396261490467
training,2025-12-08T00:00:00+00:00,2025-12-07T18:00:00+00:00,2025-12-09T23:00:00+00:00,2025-12-10T04:00:00+05:00,48,47.0,667ffff374f0390c23189722ba704bc5bc5ae8755b82b7ca22a9b18624e8927f,0.9899999999999999,12.62,12.95,13.21,265.0,-1.1,959.5,-0.25881904510252157,0.9659258262890681,-0.37347653741307074,0.9276396261490467
training,2025-12-09T00:00:00+00:00,2025-12-08T18:00:00+00:00,2025-12-10T00:00:00+00:00,2025-12-10T05:00:00+05:00,24,24.0,bd149a24b8405dcd6bfe133938c6238746f0678b106b678a67bb552fc75919ef,0.9816666666666666,12.08,12.4,12.65,261.0,-1.0,958.3,0.0,1.0,-0.3574644155648614,0.9339267592294762
training,2025-12-08T00:00:00+00:00,2025-12-07T18:00:00+00:00,2025-12-10T00:00:00+00:00,2025-12-10T05:00:00+05:00,48,48.0,667ffff374f0390c23189722ba704bc5bc5ae8755b82b7ca22a9b18624e8927f,0.9816666666666666,11.79,12.09,12.34,279.0,-1.9,960.5,0.0,1.0,-0.3574644155648614,0.9339267592294762
training,2025-12-09T00:00:00+00:00,2025-12-08T18:00:00+00:00,2025-12-10T01:00:00+00:00,2025-12-10T06:00:00+05:00,24,25.0,bd149a24b8405dcd6bfe133938c6238746f0678b106b678a67bb552fc75919ef,0.975,11.26,11.55,11.79,270.0,-1.3,959.3,0.25881904510252074,0.9659258262890683,-0.3574644155648614,0.9339267592294762
training,2025-12-08T00:00:00+00:00,2025-12-07T18:00:00+00:00,2025-12-10T01:00:00+00:00,2025-12-10T06:00:00+05:00,48,49.0,667ffff374f0390c23189722ba704bc5bc5ae8755b82b7ca22a9b18624e8927f,0.975,11.65,11.95,12.2,279.0,-3.0,961.7,0.25881904510252074,0.9659258262890683,-0.3574644155648614,0.9339267592294762
training,2025-12-09T00:00:00+00:00,2025-12-08T18:00:00+00:00,2025-12-10T02:00:00+00:00,2025-12-10T07:00:00+05:00,24,26.0,bd149a24b8405dcd6bfe133938c6238746f0678b106b678a67bb552fc75919ef,0.9899999999999999,11.54,11.84,12.08,281.0,-2.0,960.4,0.49999999999999994,0.8660254037844387,-0.3574644155648614,0.9339267592294762
training,2025-12-08T00:00:00+00:00,2025-12-07T18:00:00+00:00,2025-12-10T02:00:00+00:00,2025-12-10T07:00:00+05:00,48,50.0,667ffff374f0390c23189722ba704bc5bc5ae8755b82b7ca22a9b18624e8927f,0.9899999999999999,12.0,12.31,12.57,273.0,-3.6,963.0,0.49999999999999994,0.8660254037844387,-0.3574644155648614,0.9339267592294762
training,2025-12-09T06:00:00+00:00,2025-12-09T00:00:00+00:00,2025-12-10T03:00:00+00:00,2025-12-10T08:00:00+05:00,24,21.0,10a31300545a5eb443c263fb749f908b455f9ae9e4973edb0d35ced1adb4d9d1,0.98,10.7,10.98,11.21,274.0,-3.6,961.8,0.7071067811865476,0.7071067811865476,-0.3574644155648614,0.9339267592294762
training,2025-12-08T06:00:00+00:00,2025-12-08T00:00:00+00:00,2025-12-10T03:00:00+00:00,2025-12-10T08:00:00+05:00,48,45.0,324f125531f510f15f839015d26cf82e10428a23a06b066e1b5ec0450b6a438b,0.98,11.04,11.33,11.56,266.0,-3.6,963.0,0.7071067811865476,0.7071067811865476,-0.3574644155648614,0.9339267592294762
training,2025-12-09T06:00:00+00:00,2025-12-09T00:00:00+00:00,2025-12-10T04:00:00+00:00,2025-12-10T09:00:00+05:00,24,22.0,10a31300545a5eb443c263fb749f908b455f9ae9e4973edb0d35ced1adb4d9d1,0.9166666666666666,10.45,10.73,10.95,266.0,-3.9,963.0,0.8660254037844386,0.5000000000000001,-0.3574644155648614,0.9339267592294762
training,2025-12-08T06:00:00+00:00,2025-12-08T00:00:00+00:00,2025-12-10T04:00:00+00:00,2025-12-10T09:00:00+05:00,48,46.0,324f125531f510f15f839015d26cf82e10428a23a06b066e1b5ec0450b6a438b,0.9166666666666666,11.07,11.36,11.59,268.0,-3.8,964.0,0.8660254037844386,0.5000000000000001,-0.3574644155648614,0.9339267592294762
training,2025-12-09T06:00:00+00:00,2025-12-09T00:00:00+00:00,2025-12-10T05:00:00+00:00,2025-12-10T10:00:00+05:00,24,23.0,10a31300545a5eb443c263fb749f908b455f9ae9e4973edb0d35ced1adb4d9d1,0.79,10.43,10.7,10.92,269.0,-4.2,964.0,0.9659258262890683,0.25881904510252074,-0.3574644155648614,0.9339267592294762
training,2025-12-08T06:00:00+00:00,2025-12-08T00:00:00+00:00,2025-12-10T05:00:00+00:00,2025-12-10T10:00:00+05:00,48,47.0,324f125531f510f15f839015d26cf82e10428a23a06b066e1b5ec0450b6a438b,0.79,10.98,11.26,11.5,273.0,-4.1,964.8,0.9659258262890683,0.25881904510252074,-0.3574644155648614,0.9339267592294762
training,2025-12-09T06:00:00+00:00,2025-12-09T00:00:00+00:00,2025-12-10T06:00:00+00:00,2025-12-10T11:00:00+05:00,24,24.0,10a31300545a5eb443c263fb749f908b455f9ae9e4973edb0d35ced1adb4d9d1,0.915,10.21,10.47,10.69,274.0,-4.7,964.5,1.0,6.123233995736766e-17,-0.3574644155648614,0.9339267592294762
training,2025-12-08T06:00:00+00:00,2025-12-08T00:00:00+00:00,2025-12-10T06:00:00+00:00,2025-12-10T11:00:00+05:00,48,48.0,324f125531f510f15f839015d26cf82e10428a23a06b066e1b5ec0450b6a438b,0.915,10.71,10.99,11.22,277.0,-4.8,965.3,1.0,6.123233995736766e-17,-0.3574644155648614,0.9339267592294762
training,2025-12-09T06:00:00+00:00,2025-12-09T00:00:00+00:00,2025-12-10T07:00:00+00:00,2025-12-10T12:00:00+05:00,24,25.0,10a31300545a5eb443c263fb749f908b455f9ae9e4973edb0d35ced1adb4d9d1,0.9416666666666668,10.08,10.34,10.56,275.0,-5.1,964.5,0.9659258262890683,-0.25881904510252063,-0.3574644155648614,0.9339267592294762
training,2025-12-08T06:00:00+00:00,2025-12-08T00:00:00+00:00,2025-12-10T07:00:00+00:00,2025-12-10T12:00:00+05:00,48,49.0,324f125531f510f15f839015d26cf82e10428a23a06b066e1b5ec0450b6a438b,0.9416666666666668,10.89,11.17,11.4,281.0,-5.2,965.6,0.9659258262890683,-0.25881904510252063,-0.3574644155648614,0.9339267592294762
training,2025-12-09T06:00:00+00:00,2025-12-09T00:00:00+00:00,2025-12-10T08:00:00+00:00,2025-12-10T13:00:00+05:00,24,26.0,10a31300545a5eb443c263fb749f908b455f9ae9e4973edb0d35ced1adb4d9d1,0.9316666666666666,10.23,10.5,10.71,280.0,-5.3,965.1,0.8660254037844387,-0.4999999999999998,-0.3574644155648614,0.9339267592294762
training,2025-12-08T06:00:00+00:00,2025-12-08T00:00:00+00:00,2025-12-10T08:00:00+00:00,2025-12-10T13:00:00+05:00,48,50.0,324f125531f510f15f839015d26cf82e10428a23a06b066e1b5ec0450b6a438b,0.9316666666666666,10.45,10.72,10.94,285.0,-5.3,966.4,0.8660254037844387,-0.4999999999999998,-0.3574644155648614,0.9339267592294762
training,2025-12-09T12:00:00+00:00,2025-12-09T06:00:00+00:00,2025-12-10T09:00:00+00:00,2025-12-10T14:00:00+05:00,24,21.0,80d74db93e117f200f457398f8d4649cc743d234b155de09ce9fce3abd70d993,0.9666666666666667,10.41,10.68,10.9,281.0,-4.7,965.5,0.7071067811865476,-0.7071067811865475,-0.3574644155648614,0.9339267592294762
training,2025-12-08T12:00:00+00:00,2025-12-08T06:00:00+00:00,2025-12-10T09:00:00+00:00,2025-12-10T14:00:00+05:00,48,45.0,4cce734d8d9fcc6e7776a5550576626cbe8ce00558a173c016693de8492e0c94,0.9666666666666667,10.5,10.77,10.99,283.0,-5.0,965.9,0.7071067811865476,-0.7071067811865475,-0.3574644155648614,0.9339267592294762
training,2025-12-09T12:00:00+00:00,2025-12-09T06:00:00+00:00,2025-12-10T10:00:00+00:00,2025-12-10T15:00:00+05:00,24,22.0,80d74db93e117f200f457398f8d4649cc743d234b155de09ce9fce3abd70d993,0.9766666666666666,11.06,11.35,11.59,279.0,-5.1,966.7,0.49999999999999994,-0.8660254037844387,-0.3574644155648614,0.9339267592294762
training,2025-12-08T12:00:00+00:00,2025-12-08T06:00:00+00:00,2025-12-10T10:00:00+00:00,2025-12-10T15:00:00+05:00,48,46.0,4cce734d8d9fcc6e7776a5550576626cbe8ce00558a173c016693de8492e0c94,0.9766666666666666,9.88,10.14,10.35,284.0,-5.2,967.3,0.49999999999999994,-0.8660254037844387,-0.3574644155648614,0.9339267592294762
training,2025-12-09T12:00:00+00:00,2025-12-09T06:00:00+00:00,2025-12-10T11:00:00+00:00,2025-12-10T16:00:00+05:00,24,23.0,80d74db93e117f200f457398f8d4649cc743d234b155de09ce9fce3abd70d993,0.9899999999999999,11.86,12.17,12.42,286.0,-6.0,968.4,0.258819045102521,-0.9659258262890682,-0.3574644155648614,0.9339267592294762
training,2025-12-08T12:00:00+00:00,2025-12-08T06:00:00+00:00,2025-12-10T11:00:00+00:00,2025-12-10T16:00:00+05:00,48,47.0,4cce734d8d9fcc6e7776a5550576626cbe8ce00558a173c016693de8492e0c94,0.9899999999999999,10.36,10.63,10.85,286.0,-5.7,968.5,0.258819045102521,-0.9659258262890682,-0.3574644155648614,0.9339267592294762
training,2025-12-09T12:00:00+00:00,2025-12-09T06:00:00+00:00,2025-12-10T12:00:00+00:00,2025-12-10T17:00:00+05:00,24,24.0,80d74db93e117f200f457398f8d4649cc743d234b155de09ce9fce3abd70d993,0.9866666666666667,13.29,13.63,13.91,281.0,-6.9,970.3,1.2246467991473532e-16,-1.0,-0.3574644155648614,0.9339267592294762
training,2025-12-08T12:00:00+00:00,2025-12-08T06:00:00+00:00,2025-12-10T12:00:00+00:00,2025-12-10T17:00:00+05:00,48,48.0,4cce734d8d9fcc6e7776a5550576626cbe8ce00558a173c016693de8492e0c94,0.9866666666666667,11.33,11.62,11.86,292.0,-6.5,970.2,1.2246467991473532e-16,-1.0,-0.3574644155648614,0.9339267592294762
training,2025-12-09T12:00:00+00:00,2025-12-09T06:00:00+00:00,2025-12-10T13:00:00+00:00,2025-12-10T18:00:00+05:00,24,25.0,80d74db93e117f200f457398f8d4649cc743d234b155de09ce9fce3abd70d993,0.9633333333333334,13.36,13.71,13.99,272.0,-7.7,972.1,-0.2588190451025208,-0.9659258262890683,-0.3574644155648614,0.9339267592294762
training,2025-12-08T12:00:00+00:00,2025-12-08T06:00:00+00:00,2025-12-10T13:00:00+00:00,2025-12-10T18:00:00+05:00,48,49.0,4cce734d8d9fcc6e7776a5550576626cbe8ce00558a173c016693de8492e0c94,0.9633333333333334,13.01,13.34,13.62,286.0,-7.1,971.8,-0.2588190451025208,-0.9659258262890683,-0.3574644155648614,0.9339267592294762
training,2025-12-09T12:00:00+00:00,2025-12-09T06:00:00+00:00,2025-12-10T14:00:00+00:00,2025-12-10T19:00:00+05:00,24,26.0,80d74db93e117f200f457398f8d4649cc743d234b155de09ce9fce3abd70d993,0.9899999999999999,12.05,12.36,12.61,268.0,-8.5,973.5,-0.4999999999999997,-0.8660254037844388,-0.3574644155648614,0.9339267592294762
training,2025-12-08T12:00:00+00:00,2025-12-08T06:00:00+00:00,2025-12-10T14:00:00+00:00,2025-12-10T19:00:00+05:00,48,50.0,4cce734d8d9fcc6e7776a5550576626cbe8ce00558a173c016693de8492e0c94,0.9899999999999999,12.78,13.11,13.38,279.0,-7.8,973.2,-0.4999999999999997,-0.8660254037844388,-0.3574644155648614,0.9339267592294762
training,2025-12-09T18:00:00+00:00,2025-12-09T12:00:00+00:00,2025-12-10T15:00:00+00:00,2025-12-10T20:00:00+05:00,24,21.0,bbc23c97a2623e3f95fca3749955b6b85eed87ad380794a5e3d99cc1e1169d2c,0.9899999999999999,11.89,12.2,12.45,265.0,-9.6,974.4,-0.7071067811865471,-0.7071067811865479,-0.3574644155648614,0.9339267592294762
training,2025-12-08T18:00:00+00:00,2025-12-08T12:00:00+00:00,2025-12-10T15:00:00+00:00,2025-12-10T20:00:00+05:00,48,45.0,e75b2889a89bbba7c794516c7055243533818610219e8b6d643f93ee26a92aa7,0.9899999999999999,11.16,11.45,11.69,269.0,-9.6,974.4,-0.7071067811865471,-0.7071067811865479,-0.3574644155648614,0.9339267592294762
training,2025-12-09T18:00:00+00:00,2025-12-09T12:00:00+00:00,2025-12-10T16:00:00+00:00,2025-12-10T21:00:00+05:00,24,22.0,bbc23c97a2623e3f95fca3749955b6b85eed87ad380794a5e3d99cc1e1169d2c,0.9899999999999999,10.66,10.94,11.17,261.0,-10.5,975.3,-0.8660254037844385,-0.5000000000000004,-0.3574644155648614,0.9339267592294762
training,2025-12-08T18:00:00+00:00,2025-12-08T12:00:00+00:00,2025-12-10T16:00:00+00:00,2025-12-10T21:00:00+05:00,48,46.0,e75b2889a89bbba7c794516c7055243533818610219e8b6d643f93ee26a92aa7,0.9899999999999999,10.1,10.36,10.57,260.0,-10.2,975.0,-0.8660254037844385,-0.5000000000000004,-0.3574644155648614,0.9339267592294762
training,2025-12-09T18:00:00+00:00,2025-12-09T12:00:00+00:00,2025-12-10T17:00:00+00:00,2025-12-10T22:00:00+05:00,24,23.0,bbc23c97a2623e3f95fca3749955b6b85eed87ad380794a5e3d99cc1e1169d2c,0.9899999999999999,9.0,9.23,9.42,255.0,-11.2,975.8,-0.9659258262890683,-0.25881904510252063,-0.3574644155648614,0.9339267592294762
training,2025-12-08T18:00:00+00:00,2025-12-08T12:00:00+00:00,2025-12-10T17:00:00+00:00,2025-12-10T22:00:00+05:00,48,47.0,e75b2889a89bbba7c794516c7055243533818610219e8b6d643f93ee26a92aa7,0.9899999999999999,8.9,9.13,9.32,248.0,-10.8,975.2,-0.9659258262890683,-0.25881904510252063,-0.3574644155648614,0.9339267592294762
training,2025-12-09T18:00:00+00:00,2025-12-09T12:00:00+00:00,2025-12-10T18:00:00+00:00,2025-12-10T23:00:00+05:00,24,24.0,bbc23c97a2623e3f95fca3749955b6b85eed87ad380794a5e3d99cc1e1169d2c,0.9816666666666666,8.75,8.98,9.17,247.0,-12.1,975.8,-1.0,-1.8369701987210297e-16,-0.3574644155648614,0.9339267592294762
training,2025-12-08T18:00:00+00:00,2025-12-08T12:00:00+00:00,2025-12-10T18:00:00+00:00,2025-12-10T23:00:00+05:00,48,48.0,e75b2889a89bbba7c794516c7055243533818610219e8b6d643f93ee26a92aa7,0.9816666666666666,7.76,7.96,8.12,233.0,-11.1,975.2,-1.0,-1.8369701987210297e-16,-0.3574644155648614,0.9339267592294762
training,2025-12-09T18:00:00+00:00,2025-12-09T12:00:00+00:00,2025-12-10T19:00:00+00:00,2025-12-11T00:00:00+05:00,24,25.0,bbc23c97a2623e3f95fca3749955b6b85eed87ad380794a5e3d99cc1e1169d2c,0.9066666666666666,7.98,8.19,8.36,234.0,-12.8,975.8,-0.9659258262890684,0.2588190451025203,-0.3574644155648614,0.9339267592294762
training,2025-12-08T18:00:00+00:00,2025-12-08T12:00:00+00:00,2025-12-10T19:00:00+00:00,2025-12-11T00:00:00+05:00,48,49.0,e75b2889a89bbba7c794516c7055243533818610219e8b6d643f93ee26a92aa7,0.9066666666666666,7.08,7.26,7.41,229.0,-10.9,975.3,-0.9659258262890684,0.2588190451025203,-0.3574644155648614,0.9339267592294762
training,2025-12-09T18:00:00+00:00,2025-12-09T12:00:00+00:00,2025-12-10T20:00:00+00:00,2025-12-11T01:00:00+05:00,24,26.0,bbc23c97a2623e3f95fca3749955b6b85eed87ad380794a5e3d99cc1e1169d2c,0.47500000000000003,8.21,8.43,8.6,222.0,-12.1,975.4,-0.8660254037844386,0.5000000000000001,-0.3574644155648614,0.9339267592294762
training,2025-12-08T18:00:00+00:00,2025-12-08T12:00:00+00:00,2025-12-10T20:00:00+00:00,2025-12-11T01:00:00+05:00,48,50.0,e75b2889a89bbba7c794516c7055243533818610219e8b6d643f93ee26a92aa7,0.47500000000000003,7.51,7.71,7.87,224.0,-11.1,975.3,-0.8660254037844386,0.5000000000000001,-0.3574644155648614,0.9339267592294762
training,2025-12-10T00:00:00+00:00,2025-12-09T18:00:00+00:00,2025-12-10T21:00:00+00:00,2025-12-11T02:00:00+05:00,24,21.0,2112a2ff90fc34c75b8672d2a80a1a6c00d631ebab478098caef1e2603d2da4d,0.36166666666666664,6.58,6.75,6.89,225.0,-10.6,973.9,-0.7071067811865477,0.7071067811865474,-0.3574644155648614,0.9339267592294762
training,2025-12-09T00:00:00+00:00,2025-12-08T18:00:00+00:00,2025-12-10T21:00:00+00:00,2025-12-11T02:00:00+05:00,48,45.0,bd149a24b8405dcd6bfe133938c6238746f0678b106b678a67bb552fc75919ef,0.36166666666666664,7.63,7.82,7.99,219.0,-11.1,974.9,-0.7071067811865477,0.7071067811865474,-0.3574644155648614,0.9339267592294762
training,2025-12-10T00:00:00+00:00,2025-12-09T18:00:00+00:00,2025-12-10T22:00:00+00:00,2025-12-11T03:00:00+05:00,24,22.0,2112a2ff90fc34c75b8672d2a80a1a6c00d631ebab478098caef1e2603d2da4d,0.09333333333333334,6.03,6.18,6.31,219.0,-10.0,973.3,-0.5000000000000004,0.8660254037844384,-0.3574644155648614,0.9339267592294762
training,2025-12-09T00:00:00+00:00,2025-12-08T18:00:00+00:00,2025-12-10T22:00:00+00:00,2025-12-11T03:00:00+05:00,48,46.0,bd149a24b8405dcd6bfe133938c6238746f0678b106b678a67bb552fc75919ef,0.09333333333333334,7.22,7.41,7.56,215.0,-10.5,974.2,-0.5000000000000004,0.8660254037844384,-0.3574644155648614,0.9339267592294762
training,2025-12-10T00:00:00+00:00,2025-12-09T18:00:00+00:00,2025-12-10T23:00:00+00:00,2025-12-11T04:00:00+05:00,24,23.0,2112a2ff90fc34c75b8672d2a80a1a6c00d631ebab478098caef1e2603d2da4d,0.01,4.86,4.99,5.09,218.0,-9.6,973.0,-0.25881904510252157,0.9659258262890681,-0.3574644155648614,0.9339267592294762
training,2025-12-09T00:00:00+00:00,2025-12-08T18:00:00+00:00,2025-12-10T23:00:00+00:00,2025-12-11T04:00:00+05:00,48,47.0,bd149a24b8405dcd6bfe133938c6238746f0678b106b678a67bb552fc75919ef,0.01,6.27,6.43,6.56,210.0,-10.3,973.6,-0.25881904510252157,0.9659258262890681,-0.3574644155648614,0.9339267592294762
training,2025-12-10T00:00:00+00:00,2025-12-09T18:00:00+00:00,2025-12-11T00:00:00+00:00,2025-12-11T05:00:00+05:00,24,24.0,2112a2ff90fc34c75b8672d2a80a1a6c00d631ebab478098caef1e2603d2da4d,0.01,3.16,3.24,3.31,218.0,-9.8,973.2,0.0,1.0,-0.34134651424503615,0.9399375283564133
training,2025-12-09T00:00:00+00:00,2025-12-08T18:00:00+00:00,2025-12-11T00:00:00+00:00,2025-12-11T05:00:00+05:00,48,48.0,bd149a24b8405dcd6bfe133938c6238746f0678b106b678a67bb552fc75919ef,0.01,4.49,4.61,4.71,204.0,-11.0,973.4,0.0,1.0,-0.34134651424503615,0.9399375283564133
training,2025-12-10T00:00:00+00:00,2025-12-09T18:00:00+00:00,2025-12-11T01:00:00+00:00,2025-12-11T06:00:00+05:00,24,25.0,2112a2ff90fc34c75b8672d2a80a1a6c00d631ebab478098caef1e2603d2da4d,0.03333333333333333,1.24,1.27,1.3,191.0,-10.0,973.2,0.25881904510252074,0.9659258262890683,-0.34134651424503615,0.9399375283564133
training,2025-12-09T00:00:00+00:00,2025-12-08T18:00:00+00:00,2025-12-11T01:00:00+00:00,2025-12-11T06:00:00+05:00,48,49.0,bd149a24b8405dcd6bfe133938c6238746f0678b106b678a67bb552fc75919ef,0.03333333333333333,1.82,1.87,1.91,196.0,-13.2,973.0,0.25881904510252074,0.9659258262890683,-0.34134651424503615,0.9399375283564133
training,2025-12-10T00:00:00+00:00,2025-12-09T18:00:00+00:00,2025-12-11T02:00:00+00:00,2025-12-11T07:00:00+05:00,24,26.0,2112a2ff90fc34c75b8672d2a80a1a6c00d631ebab478098caef1e2603d2da4d,0.01,3.19,3.27,3.34,67.0,-11.6,972.9,0.49999999999999994,0.8660254037844387,-0.34134651424503615,0.9399375283564133
training,2025-12-09T00:00:00+00:00,2025-12-08T18:00:00+00:00,2025-12-11T02:00:00+00:00,2025-12-11T07:00:00+05:00,48,50.0,bd149a24b8405dcd6bfe133938c6238746f0678b106b678a67bb552fc75919ef,0.01,3.12,3.2,3.27,56.0,-13.9,973.4,0.49999999999999994,0.8660254037844387,-0.34134651424503615,0.9399375283564133
training,2025-12-10T06:00:00+00:00,2025-12-10T00:00:00+00:00,2025-12-11T03:00:00+00:00,2025-12-11T08:00:00+05:00,24,21.0,b488f7e6b26d9e12252916a85b978d567770d7f13e7a0af7a5a56c6df31ea742,0.17666666666666667,8.16,8.37,8.54,65.0,-12.3,974.6,0.7071067811865476,0.7071067811865476,-0.34134651424503615,0.9399375283564133
training,2025-12-09T06:00:00+00:00,2025-12-09T00:00:00+00:00,2025-12-11T03:00:00+00:00,2025-12-11T08:00:00+05:00,48,45.0,10a31300545a5eb443c263fb749f908b455f9ae9e4973edb0d35ced1adb4d9d1,0.17666666666666667,7.97,8.17,8.34,67.0,-11.9,975.6,0.7071067811865476,0.7071067811865476,-0.34134651424503615,0.9399375283564133
training,2025-12-10T06:00:00+00:00,2025-12-10T00:00:00+00:00,2025-12-11T04:00:00+00:00,2025-12-11T09:00:00+05:00,24,22.0,b488f7e6b26d9e12252916a85b978d567770d7f13e7a0af7a5a56c6df31ea742,0.995,8.9,9.13,9.32,65.0,-10.5,974.6,0.8660254037844386,0.5000000000000001,-0.34134651424503615,0.9399375283564133
training,2025-12-09T06:00:00+00:00,2025-12-09T00:00:00+00:00,2025-12-11T04:00:00+00:00,2025-12-11T09:00:00+05:00,48,46.0,10a31300545a5eb443c263fb749f908b455f9ae9e4973edb0d35ced1adb4d9d1,0.995,8.87,9.1,9.29,64.0,-10.9,975.7,0.8660254037844386,0.5000000000000001,-0.34134651424503615,0.9399375283564133
training,2025-12-10T06:00:00+00:00,2025-12-10T00:00:00+00:00,2025-12-11T05:00:00+00:00,2025-12-11T10:00:00+05:00,24,23.0,b488f7e6b26d9e12252916a85b978d567770d7f13e7a0af7a5a56c6df31ea742,0.9899999999999999,10.27,10.54,10.75,62.0,-8.4,974.0,0.9659258262890683,0.25881904510252074,-0.34134651424503615,0.9399375283564133
training,2025-12-09T06:00:00+00:00,2025-12-09T00:00:00+00:00,2025-12-11T05:00:00+00:00,2025-12-11T10:00:00+05:00,48,47.0,10a31300545a5eb443c263fb749f908b455f9ae9e4973edb0d35ced1adb4d9d1,0.9899999999999999,9.55,9.8,10.0,61.0,-9.1,974.9,0.9659258262890683,0.25881904510252074,-0.34134651424503615,0.9399375283564133
training,2025-12-10T06:00:00+00:00,2025-12-10T00:00:00+00:00,2025-12-11T06:00:00+00:00,2025-12-11T11:00:00+05:00,24,24.0,b488f7e6b26d9e12252916a85b978d567770d7f13e7a0af7a5a56c6df31ea742,0.9899999999999999,11.86,12.16,12.42,63.0,-7.0,973.0,1.0,6.123233995736766e-17,-0.34134651424503615,0.9399375283564133
training,2025-12-09T06:00:00+00:00,2025-12-09T00:00:00+00:00,2025-12-11T06:00:00+00:00,2025-12-11T11:00:00+05:00,48,48.0,10a31300545a5eb443c263fb749f908b455f9ae9e4973edb0d35ced1adb4d9d1,0.9899999999999999,10.6,10.87,11.1,61.0,-7.6,974.1,1.0,6.123233995736766e-17,-0.34134651424503615,0.9399375283564133
training,2025-12-10T06:00:00+00:00,2025-12-10T00:00:00+00:00,2025-12-11T07:00:00+00:00,2025-12-11T12:00:00+05:00,24,25.0,b488f7e6b26d9e12252916a85b978d567770d7f13e7a0af7a5a56c6df31ea742,0.9883333333333333,12.44,12.76,13.03,66.0,-5.7,972.0,0.9659258262890683,-0.25881904510252063,-0.34134651424503615,0.9399375283564133
training,2025-12-09T06:00:00+00:00,2025-12-09T00:00:00+00:00,2025-12-11T07:00:00+00:00,2025-12-11T12:00:00+05:00,48,49.0,10a31300545a5eb443c263fb749f908b455f9ae9e4973edb0d35ced1adb4d9d1,0.9883333333333333,11.08,11.37,11.6,66.0,-6.2,973.0,0.9659258262890683,-0.25881904510252063,-0.34134651424503615,0.9399375283564133
training,2025-12-10T06:00:00+00:00,2025-12-10T00:00:00+00:00,2025-12-11T08:00:00+00:00,2025-12-11T13:00:00+05:00,24,26.0,b488f7e6b26d9e12252916a85b978d567770d7f13e7a0af7a5a56c6df31ea742,0.9899999999999999,12.19,12.51,12.77,74.0,-5.4,971.3,0.8660254037844387,-0.4999999999999998,-0.34134651424503615,0.9399375283564133
training,2025-12-09T06:00:00+00:00,2025-12-09T00:00:00+00:00,2025-12-11T08:00:00+00:00,2025-12-11T13:00:00+05:00,48,50.0,10a31300545a5eb443c263fb749f908b455f9ae9e4973edb0d35ced1adb4d9d1,0.9899999999999999,10.65,10.93,11.16,70.0,-5.8,971.9,0.8660254037844387,-0.4999999999999998,-0.34134651424503615,0.9399375283564133
training,2025-12-10T12:00:00+00:00,2025-12-10T06:00:00+00:00,2025-12-11T09:00:00+00:00,2025-12-11T14:00:00+05:00,24,21.0,e78d185775a71fc6570f599d70c95785af1424ace140358f41aa0e68245d594d,0.9899999999999999,11.93,12.24,12.49,81.0,-5.2,970.4,0.7071067811865476,-0.7071067811865475,-0.34134651424503615,0.9399375283564133
training,2025-12-09T12:00:00+00:00,2025-12-09T06:00:00+00:00,2025-12-11T09:00:00+00:00,2025-12-11T14:00:00+05:00,48,45.0,80d74db93e117f200f457398f8d4649cc743d234b155de09ce9fce3abd70d993,0.9899999999999999,11.2,11.49,11.73,78.0,-5.3,970.6,0.7071067811865476,-0.7071067811865475,-0.34134651424503615,0.9399375283564133
training,2025-12-10T12:00:00+00:00,2025-12-10T06:00:00+00:00,2025-12-11T10:00:00+00:00,2025-12-11T15:00:00+05:00,24,22.0,e78d185775a71fc6570f599d70c95785af1424ace140358f41aa0e68245d594d,0.9899999999999999,11.75,12.05,12.3,85.0,-5.7,969.9,0.49999999999999994,-0.8660254037844387,-0.34134651424503615,0.9399375283564133
training,2025-12-09T12:00:00+00:00,2025-12-09T06:00:00+00:00,2025-12-11T10:00:00+00:00,2025-12-11T15:00:00+05:00,48,46.0,80d74db93e117f200f457398f8d4649cc743d234b155de09ce9fce3abd70d993,0.9899999999999999,11.4,11.7,11.94,81.0,-5.8,969.8,0.49999999999999994,-0.8660254037844387,-0.34134651424503615,0.9399375283564133
training,2025-12-10T12:00:00+00:00,2025-12-10T06:00:00+00:00,2025-12-11T11:00:00+00:00,2025-12-11T16:00:00+05:00,24,23.0,e78d185775a71fc6570f599d70c95785af1424ace140358f41aa0e68245d594d,0.9899999999999999,11.51,11.81,12.05,84.0,-6.5,969.3,0.258819045102521,-0.9659258262890682,-0.34134651424503615,0.9399375283564133
training,2025-12-09T12:00:00+00:00,2025-12-09T06:00:00+00:00,2025-12-11T11:00:00+00:00,2025-12-11T16:00:00+05:00,48,47.0,80d74db93e117f200f457398f8d4649cc743d234b155de09ce9fce3abd70d993,0.9899999999999999,11.83,12.14,12.39,81.0,-6.8,969.1,0.258819045102521,-0.9659258262890682,-0.34134651424503615,0.9399375283564133
training,2025-12-10T12:00:00+00:00,2025-12-10T06:00:00+00:00,2025-12-11T12:00:00+00:00,2025-12-11T17:00:00+05:00,24,24.0,e78d185775a71fc6570f599d70c95785af1424ace140358f41aa0e68245d594d,0.9899999999999999,11.62,11.92,12.17,84.0,-7.0,968.7,1.2246467991473532e-16,-1.0,-0.34134651424503615,0.9399375283564133
training,2025-12-09T12:00:00+00:00,2025-12-09T06:00:00+00:00,2025-12-11T12:00:00+00:00,2025-12-11T17:00:00+05:00,48,48.0,80d74db93e117f200f457398f8d4649cc743d234b155de09ce9fce3abd70d993,0.9899999999999999,12.15,12.47,12.72,82.0,-7.5,968.7,1.2246467991473532e-16,-1.0,-0.34134651424503615,0.9399375283564133
training,2025-12-10T12:00:00+00:00,2025-12-10T06:00:00+00:00,2025-12-11T13:00:00+00:00,2025-12-11T18:00:00+05:00,24,25.0,e78d185775a71fc6570f599d70c95785af1424ace140358f41aa0e68245d594d,0.9899999999999999,11.46,11.75,12.0,82.0,-7.4,967.8,-0.2588190451025208,-0.9659258262890683,-0.34134651424503615,0.9399375283564133
training,2025-12-09T12:00:00+00:00,2025-12-09T06:00:00+00:00,2025-12-11T13:00:00+00:00,2025-12-11T18:00:00+05:00,48,49.0,80d74db93e117f200f457398f8d4649cc743d234b155de09ce9fce3abd70d993,0.9899999999999999,12.27,12.59,12.85,82.0,-7.7,968.1,-0.2588190451025208,-0.9659258262890683,-0.34134651424503615,0.9399375283564133
training,2025-12-10T12:00:00+00:00,2025-12-10T06:00:00+00:00,2025-12-11T14:00:00+00:00,2025-12-11T19:00:00+05:00,24,26.0,e78d185775a71fc6570f599d70c95785af1424ace140358f41aa0e68245d594d,0.9899999999999999,11.52,11.82,12.06,78.0,-7.5,967.1,-0.4999999999999997,-0.8660254037844388,-0.34134651424503615,0.9399375283564133
training,2025-12-09T12:00:00+00:00,2025-12-09T06:00:00+00:00,2025-12-11T14:00:00+00:00,2025-12-11T19:00:00+05:00,48,50.0,80d74db93e117f200f457398f8d4649cc743d234b155de09ce9fce3abd70d993,0.9899999999999999,11.93,12.24,12.49,81.0,-7.8,967.4,-0.4999999999999997,-0.8660254037844388,-0.34134651424503615,0.9399375283564133
training,2025-12-10T18:00:00+00:00,2025-12-10T12:00:00+00:00,2025-12-11T15:00:00+00:00,2025-12-11T20:00:00+05:00,24,21.0,91b73b252f451ad8d9e2dcc6075ddc4f67d3ab9fec44e4d294a4cdf90f509c84,0.9899999999999999,11.3,11.6,11.84,77.0,-7.4,966.1,-0.7071067811865471,-0.7071067811865479,-0.34134651424503615,0.9399375283564133
training,2025-12-09T18:00:00+00:00,2025-12-09T12:00:00+00:00,2025-12-11T15:00:00+00:00,2025-12-11T20:00:00+05:00,48,45.0,bbc23c97a2623e3f95fca3749955b6b85eed87ad380794a5e3d99cc1e1169d2c,0.9899999999999999,11.62,11.93,12.17,78.0,-7.6,967.0,-0.7071067811865471,-0.7071067811865479,-0.34134651424503615,0.9399375283564133
training,2025-12-10T18:00:00+00:00,2025-12-10T12:00:00+00:00,2025-12-11T16:00:00+00:00,2025-12-11T21:00:00+05:00,24,22.0,91b73b252f451ad8d9e2dcc6075ddc4f67d3ab9fec44e4d294a4cdf90f509c84,0.9899999999999999,11.34,11.63,11.87,77.0,-7.7,965.2,-0.8660254037844385,-0.5000000000000004,-0.34134651424503615,0.9399375283564133
training,2025-12-09T18:00:00+00:00,2025-12-09T12:00:00+00:00,2025-12-11T16:00:00+00:00,2025-12-11T21:00:00+05:00,48,46.0,bbc23c97a2623e3f95fca3749955b6b85eed87ad380794a5e3d99cc1e1169d2c,0.9899999999999999,11.66,11.96,12.21,77.0,-8.0,966.0,-0.8660254037844385,-0.5000000000000004,-0.34134651424503615,0.9399375283564133
training,2025-12-10T18:00:00+00:00,2025-12-10T12:00:00+00:00,2025-12-11T17:00:00+00:00,2025-12-11T22:00:00+05:00,24,23.0,91b73b252f451ad8d9e2dcc6075ddc4f67d3ab9fec44e4d294a4cdf90f509c84,0.9899999999999999,10.98,11.27,11.5,77.0,-7.9,964.0,-0.9659258262890683,-0.25881904510252063,-0.34134651424503615,0.9399375283564133
training,2025-12-09T18:00:00+00:00,2025-12-09T12:00:00+00:00,2025-12-11T17:00:00+00:00,2025-12-11T22:00:00+05:00,48,47.0,bbc23c97a2623e3f95fca3749955b6b85eed87ad380794a5e3d99cc1e1169d2c,0.9899999999999999,11.72,12.02,12.27,79.0,-8.0,964.9,-0.9659258262890683,-0.25881904510252063,-0.34134651424503615,0.9399375283564133
training,2025-12-10T18:00:00+00:00,2025-12-10T12:00:00+00:00,2025-12-11T18:00:00+00:00,2025-12-11T23:00:00+05:00,24,24.0,91b73b252f451ad8d9e2dcc6075ddc4f67d3ab9fec44e4d294a4cdf90f509c84,0.9899999999999999,11.02,11.3,11.54,77.0,-8.1,962.7,-1.0,-1.8369701987210297e-16,-0.34134651424503615,0.9399375283564133
training,2025-12-09T18:00:00+00:00,2025-12-09T12:00:00+00:00,2025-12-11T18:00:00+00:00,2025-12-11T23:00:00+05:00,48,48.0,bbc23c97a2623e3f95fca3749955b6b85eed87ad380794a5e3d99cc1e1169d2c,0.9899999999999999,11.45,11.75,11.99,78.0,-8.1,963.6,-1.0,-1.8369701987210297e-16,-0.34134651424503615,0.9399375283564133
training,2025-12-10T18:00:00+00:00,2025-12-10T12:00:00+00:00,2025-12-11T19:00:00+00:00,2025-12-12T00:00:00+05:00,24,25.0,91b73b252f451ad8d9e2dcc6075ddc4f67d3ab9fec44e4d294a4cdf90f509c84,0.9899999999999999,11.1,11.39,11.62,76.0,-7.7,961.7,-0.9659258262890684,0.2588190451025203,-0.34134651424503615,0.9399375283564133
training,2025-12-09T18:00:00+00:00,2025-12-09T12:00:00+00:00,2025-12-11T19:00:00+00:00,2025-12-12T00:00:00+05:00,48,49.0,bbc23c97a2623e3f95fca3749955b6b85eed87ad380794a5e3d99cc1e1169d2c,0.9899999999999999,11.08,11.36,11.6,75.0,-8.2,962.4,-0.9659258262890684,0.2588190451025203,-0.34134651424503615,0.9399375283564133
training,2025-12-10T18:00:00+00:00,2025-12-10T12:00:00+00:00,2025-12-11T20:00:00+00:00,2025-12-12T01:00:00+05:00,24,26.0,91b73b252f451ad8d9e2dcc6075ddc4f67d3ab9fec44e4d294a4cdf90f509c84,0.9899999999999999,11.08,11.37,11.6,74.0,-7.5,960.7,-0.8660254037844386,0.5000000000000001,-0.34134651424503615,0.9399375283564133
training,2025-12-09T18:00:00+00:00,2025-12-09T12:00:00+00:00,2025-12-11T20:00:00+00:00,2025-12-12T01:00:00+05:00,48,50.0,bbc23c97a2623e3f95fca3749955b6b85eed87ad380794a5e3d99cc1e1169d2c,0.9899999999999999,11.17,11.46,11.7,75.0,-8.0,961.3,-0.8660254037844386,0.5000000000000001,-0.34134651424503615,0.9399375283564133
training,2025-12-11T00:00:00+00:00,2025-12-10T18:00:00+00:00,2025-12-11T21:00:00+00:00,2025-12-12T02:00:00+05:00,24,21.0,d431e3d11bc563b84220f0db4e02d014ffd3623311abc6cb6a585b7322ba41df,0.9899999999999999,11.12,11.41,11.64,74.0,-6.8,959.7,-0.7071067811865477,0.7071067811865474,-0.34134651424503615,0.9399375283564133
training,2025-12-10T00:00:00+00:00,2025-12-09T18:00:00+00:00,2025-12-11T21:00:00+00:00,2025-12-12T02:00:00+05:00,48,45.0,2112a2ff90fc34c75b8672d2a80a1a6c00d631ebab478098caef1e2603d2da4d,0.9899999999999999,10.88,11.16,11.4,73.0,-6.6,960.1,-0.7071067811865477,0.7071067811865474,-0.34134651424503615,0.9399375283564133
training,2025-12-11T00:00:00+00:00,2025-12-10T18:00:00+00:00,2025-12-11T22:00:00+00:00,2025-12-12T03:00:00+05:00,24,22.0,d431e3d11bc563b84220f0db4e02d014ffd3623311abc6cb6a585b7322ba41df,0.9899999999999999,10.58,10.85,11.07,70.0,-6.5,958.8,-0.5000000000000004,0.8660254037844384,-0.34134651424503615,0.9399375283564133
training,2025-12-10T00:00:00+00:00,2025-12-09T18:00:00+00:00,2025-12-11T22:00:00+00:00,2025-12-12T03:00:00+05:00,48,46.0,2112a2ff90fc34c75b8672d2a80a1a6c00d631ebab478098caef1e2603d2da4d,0.9899999999999999,10.67,10.94,11.17,70.0,-6.7,959.1,-0.5000000000000004,0.8660254037844384,-0.34134651424503615,0.9399375283564133
training,2025-12-11T00:00:00+00:00,2025-12-10T18:00:00+00:00,2025-12-11T23:00:00+00:00,2025-12-12T04:00:00+05:00,24,23.0,d431e3d11bc563b84220f0db4e02d014ffd3623311abc6cb6a585b7322ba41df,0.9899999999999999,10.41,10.68,10.9,68.0,-6.4,958.2,-0.25881904510252157,0.9659258262890681,-0.34134651424503615,0.9399375283564133
training,2025-12-10T00:00:00+00:00,2025-12-09T18:00:00+00:00,2025-12-11T23:00:00+00:00,2025-12-12T04:00:00+05:00,48,47.0,2112a2ff90fc34c75b8672d2a80a1a6c00d631ebab478098caef1e2603d2da4d,0.9899999999999999,10.15,10.42,10.63,69.0,-6.5,958.5,-0.25881904510252157,0.9659258262890681,-0.34134651424503615,0.9399375283564133
training,2025-12-11T00:00:00+00:00,2025-12-10T18:00:00+00:00,2025-12-12T00:00:00+00:00,2025-12-12T05:00:00+05:00,24,24.0,d431e3d11bc563b84220f0db4e02d014ffd3623311abc6cb6a585b7322ba41df,0.9899999999999999,9.71,9.96,10.17,71.0,-6.0,958.2,0.0,1.0,-0.3251276029999093,0.9456701548465688
training,2025-12-10T00:00:00+00:00,2025-12-09T18:00:00+00:00,2025-12-12T00:00:00+00:00,2025-12-12T05:00:00+05:00,48,48.0,2112a2ff90fc34c75b8672d2a80a1a6c00d631ebab478098caef1e2603d2da4d,0.9899999999999999,10.09,10.35,10.57,69.0,-6.2,958.2,0.0,1.0,-0.3251276029999093,0.9456701548465688
training,2025-12-11T00:00:00+00:00,2025-12-10T18:00:00+00:00,2025-12-12T01:00:00+00:00,2025-12-12T06:00:00+05:00,24,25.0,d431e3d11bc563b84220f0db4e02d014ffd3623311abc6cb6a585b7322ba41df,0.9899999999999999,8.91,9.14,9.33,71.0,-5.5,957.9,0.25881904510252074,0.9659258262890683,-0.3251276029999093,0.9456701548465688
training,2025-12-10T00:00:00+00:00,2025-12-09T18:00:00+00:00,2025-12-12T01:00:00+00:00,2025-12-12T06:00:00+05:00,48,49.0,2112a2ff90fc34c75b8672d2a80a1a6c00d631ebab478098caef1e2603d2da4d,0.9899999999999999,9.88,10.14,10.35,70.0,-5.9,958.1,0.25881904510252074,0.9659258262890683,-0.3251276029999093,0.9456701548465688
training,2025-12-11T00:00:00+00:00,2025-12-10T18:00:00+00:00,2025-12-12T02:00:00+00:00,2025-12-12T07:00:00+05:00,24,26.0,d431e3d11bc563b84220f0db4e02d014ffd3623311abc6cb6a585b7322ba41df,0.9899999999999999,8.38,8.59,8.77,66.0,-6.3,957.4,0.49999999999999994,0.8660254037844387,-0.3251276029999093,0.9456701548465688
training,2025-12-10T00:00:00+00:00,2025-12-09T18:00:00+00:00,2025-12-12T02:00:00+00:00,2025-12-12T07:00:00+05:00,48,50.0,2112a2ff90fc34c75b8672d2a80a1a6c00d631ebab478098caef1e2603d2da4d,0.9899999999999999,9.54,9.79,9.99,70.0,-5.4,957.8,0.49999999999999994,0.8660254037844387,-0.3251276029999093,0.9456701548465688
training,2025-12-11T06:00:00+00:00,2025-12-11T00:00:00+00:00,2025-12-12T03:00:00+00:00,2025-12-12T08:00:00+05:00,24,21.0,b967e0653cea02aa9965edbabcfb1be37c489ebb4b2c8da149bf09bad069b10c,0.99,9.83,10.09,10.3,65.0,-4.8,956.8,0.7071067811865476,0.7071067811865476,-0.3251276029999093,0.9456701548465688
training,2025-12-10T06:00:00+00:00,2025-12-10T00:00:00+00:00,2025-12-12T03:00:00+00:00,2025-12-12T08:00:00+05:00,48,45.0,b488f7e6b26d9e12252916a85b978d567770d7f13e7a0af7a5a56c6df31ea742,0.99,10.46,10.73,10.96,64.0,-6.0,957.1,0.7071067811865476,0.7071067811865476,-0.3251276029999093,0.9456701548465688
training,2025-12-11T06:00:00+00:00,2025-12-11T00:00:00+00:00,2025-12-12T04:00:00+00:00,2025-12-12T09:00:00+05:00,24,22.0,b967e0653cea02aa9965edbabcfb1be37c489ebb4b2c8da149bf09bad069b10c,0.9899999999999999,9.8,10.06,10.26,68.0,-3.6,956.4,0.8660254037844386,0.5000000000000001,-0.3251276029999093,0.9456701548465688
training,2025-12-10T06:00:00+00:00,2025-12-10T00:00:00+00:00,2025-12-12T04:00:00+00:00,2025-12-12T09:00:00+05:00,48,46.0,b488f7e6b26d9e12252916a85b978d567770d7f13e7a0af7a5a56c6df31ea742,0.9899999999999999,10.98,11.27,11.5,63.0,-3.5,957.2,0.8660254037844386,0.5000000000000001,-0.3251276029999093,0.9456701548465688
training,2025-12-11T06:00:00+00:00,2025-12-11T00:00:00+00:00,2025-12-12T05:00:00+00:00,2025-12-12T10:00:00+05:00,24,23.0,b967e0653cea02aa9965edbabcfb1be37c489ebb4b2c8da149bf09bad069b10c,0.9899999999999999,9.6,9.84,10.05,65.0,-1.3,955.6,0.9659258262890683,0.25881904510252074,-0.3251276029999093,0.9456701548465688
training,2025-12-10T06:00:00+00:00,2025-12-10T00:00:00+00:00,2025-12-12T05:00:00+00:00,2025-12-12T10:00:00+05:00,48,47.0,b488f7e6b26d9e12252916a85b978d567770d7f13e7a0af7a5a56c6df31ea742,0.9899999999999999,10.53,10.8,11.02,67.0,-1.3,956.5,0.9659258262890683,0.25881904510252074,-0.3251276029999093,0.9456701548465688
training,2025-12-11T06:00:00+00:00,2025-12-11T00:00:00+00:00,2025-12-12T06:00:00+00:00,2025-12-12T11:00:00+05:00,24,24.0,b967e0653cea02aa9965edbabcfb1be37c489ebb4b2c8da149bf09bad069b10c,0.9899999999999999,10.55,10.83,11.05,67.0,0.5,954.9,1.0,6.123233995736766e-17,-0.3251276029999093,0.9456701548465688
training,2025-12-10T06:00:00+00:00,2025-12-10T00:00:00+00:00,2025-12-12T06:00:00+00:00,2025-12-12T11:00:00+05:00,48,48.0,b488f7e6b26d9e12252916a85b978d567770d7f13e7a0af7a5a56c6df31ea742,0.9899999999999999,10.73,11.01,11.24,69.0,0.2,955.4,1.0,6.123233995736766e-17,-0.3251276029999093,0.9456701548465688
training,2025-12-11T06:00:00+00:00,2025-12-11T00:00:00+00:00,2025-12-12T07:00:00+00:00,2025-12-12T12:00:00+05:00,24,25.0,b967e0653cea02aa9965edbabcfb1be37c489ebb4b2c8da149bf09bad069b10c,0.9899999999999999,10.59,10.87,11.09,70.0,1.2,953.4,0.9659258262890683,-0.25881904510252063,-0.3251276029999093,0.9456701548465688
training,2025-12-10T06:00:00+00:00,2025-12-10T00:00:00+00:00,2025-12-12T07:00:00+00:00,2025-12-12T12:00:00+05:00,48,49.0,b488f7e6b26d9e12252916a85b978d567770d7f13e7a0af7a5a56c6df31ea742,0.9899999999999999,11.04,11.33,11.56,68.0,1.7,954.5,0.9659258262890683,-0.25881904510252063,-0.3251276029999093,0.9456701548465688
training,2025-12-11T06:00:00+00:00,2025-12-11T00:00:00+00:00,2025-12-12T08:00:00+00:00,2025-12-12T13:00:00+05:00,24,26.0,b967e0653cea02aa9965edbabcfb1be37c489ebb4b2c8da149bf09bad069b10c,0.9899999999999999,9.65,9.9,10.1,72.0,2.2,952.2,0.8660254037844387,-0.4999999999999998,-0.3251276029999093,0.9456701548465688
training,2025-12-10T06:00:00+00:00,2025-12-10T00:00:00+00:00,2025-12-12T08:00:00+00:00,2025-12-12T13:00:00+05:00,48,50.0,b488f7e6b26d9e12252916a85b978d567770d7f13e7a0af7a5a56c6df31ea742,0.9899999999999999,10.14,10.4,10.62,72.0,2.6,953.4,0.8660254037844387,-0.4999999999999998,-0.3251276029999093,0.9456701548465688
training,2025-12-11T12:00:00+00:00,2025-12-11T06:00:00+00:00,2025-12-12T09:00:00+00:00,2025-12-12T14:00:00+05:00,24,21.0,952c8404833582bb48736931c1c515df295369b0af3406cb2ab8475b7744d0db,0.9899999999999999,9.66,9.91,10.12,71.0,2.3,951.5,0.7071067811865476,-0.7071067811865475,-0.3251276029999093,0.9456701548465688
training,2025-12-10T12:00:00+00:00,2025-12-10T06:00:00+00:00,2025-12-12T09:00:00+00:00,2025-12-12T14:00:00+05:00,48,45.0,e78d185775a71fc6570f599d70c95785af1424ace140358f41aa0e68245d594d,0.9899999999999999,9.79,10.04,10.25,71.0,2.1,952.1,0.7071067811865476,-0.7071067811865475,-0.3251276029999093,0.9456701548465688
training,2025-12-11T12:00:00+00:00,2025-12-11T06:00:00+00:00,2025-12-12T10:00:00+00:00,2025-12-12T15:00:00+05:00,24,22.0,952c8404833582bb48736931c1c515df295369b0af3406cb2ab8475b7744d0db,0.9883333333333333,9.74,9.99,10.2,71.0,1.0,951.0,0.49999999999999994,-0.8660254037844387,-0.3251276029999093,0.9456701548465688
training,2025-12-10T12:00:00+00:00,2025-12-10T06:00:00+00:00,2025-12-12T10:00:00+00:00,2025-12-12T15:00:00+05:00,48,46.0,e78d185775a71fc6570f599d70c95785af1424ace140358f41aa0e68245d594d,0.9883333333333333,9.59,9.83,10.04,72.0,1.4,951.3,0.49999999999999994,-0.8660254037844387,-0.3251276029999093,0.9456701548465688
training,2025-12-11T12:00:00+00:00,2025-12-11T06:00:00+00:00,2025-12-12T11:00:00+00:00,2025-12-12T16:00:00+05:00,24,23.0,952c8404833582bb48736931c1c515df295369b0af3406cb2ab8475b7744d0db,0.9899999999999999,9.56,9.8,10.01,71.0,-0.7,950.3,0.258819045102521,-0.9659258262890682,-0.3251276029999093,0.9456701548465688
training,2025-12-10T12:00:00+00:00,2025-12-10T06:00:00+00:00,2025-12-12T11:00:00+00:00,2025-12-12T16:00:00+05:00,48,47.0,e78d185775a71fc6570f599d70c95785af1424ace140358f41aa0e68245d594d,0.9899999999999999,9.27,9.51,9.71,69.0,-0.2,950.3,0.258819045102521,-0.9659258262890682,-0.3251276029999093,0.9456701548465688
training,2025-12-11T12:00:00+00:00,2025-12-11T06:00:00+00:00,2025-12-12T12:00:00+00:00,2025-12-12T17:00:00+05:00,24,24.0,952c8404833582bb48736931c1c515df295369b0af3406cb2ab8475b7744d0db,0.9899999999999999,8.77,9.0,9.18,71.0,-1.9,950.0,1.2246467991473532e-16,-1.0,-0.3251276029999093,0.9456701548465688
training,2025-12-10T12:00:00+00:00,2025-12-10T06:00:00+00:00,2025-12-12T12:00:00+00:00,2025-12-12T17:00:00+05:00,48,48.0,e78d185775a71fc6570f599d70c95785af1424ace140358f41aa0e68245d594d,0.9899999999999999,8.82,9.05,9.23,73.0,-1.8,949.5,1.2246467991473532e-16,-1.0,-0.3251276029999093,0.9456701548465688
training,2025-12-11T12:00:00+00:00,2025-12-11T06:00:00+00:00,2025-12-12T13:00:00+00:00,2025-12-12T18:00:00+05:00,24,25.0,952c8404833582bb48736931c1c515df295369b0af3406cb2ab8475b7744d0db,0.9899999999999999,8.6,8.82,9.01,72.0,-2.5,949.4,-0.2588190451025208,-0.9659258262890683,-0.3251276029999093,0.9456701548465688
training,2025-12-10T12:00:00+00:00,2025-12-10T06:00:00+00:00,2025-12-12T13:00:00+00:00,2025-12-12T18:00:00+05:00,48,49.0,e78d185775a71fc6570f599d70c95785af1424ace140358f41aa0e68245d594d,0.9899999999999999,9.2,9.44,9.63,71.0,-2.3,948.9,-0.2588190451025208,-0.9659258262890683,-0.3251276029999093,0.9456701548465688
training,2025-12-11T12:00:00+00:00,2025-12-11T06:00:00+00:00,2025-12-12T14:00:00+00:00,2025-12-12T19:00:00+05:00,24,26.0,952c8404833582bb48736931c1c515df295369b0af3406cb2ab8475b7744d0db,0.9899999999999999,9.11,9.35,9.54,72.0,-2.4,948.6,-0.4999999999999997,-0.8660254037844388,-0.3251276029999093,0.9456701548465688
training,2025-12-10T12:00:00+00:00,2025-12-10T06:00:00+00:00,2025-12-12T14:00:00+00:00,2025-12-12T19:00:00+05:00,48,50.0,e78d185775a71fc6570f599d70c95785af1424ace140358f41aa0e68245d594d,0.9899999999999999,9.28,9.52,9.72,72.0,-2.1,948.1,-0.4999999999999997,-0.8660254037844388,-0.3251276029999093,0.9456701548465688
training,2025-12-11T18:00:00+00:00,2025-12-11T12:00:00+00:00,2025-12-12T15:00:00+00:00,2025-12-12T20:00:00+05:00,24,21.0,6b93e02357eb8886fd1102233b09b391e8b9edff331699f3156051cc46c08453,0.9899999999999999,9.1,9.34,9.53,76.0,-2.3,947.9,-0.7071067811865471,-0.7071067811865479,-0.3251276029999093,0.9456701548465688
training,2025-12-10T18:00:00+00:00,2025-12-10T12:00:00+00:00,2025-12-12T15:00:00+00:00,2025-12-12T20:00:00+05:00,48,45.0,91b73b252f451ad8d9e2dcc6075ddc4f67d3ab9fec44e4d294a4cdf90f509c84,0.9899999999999999,9.31,9.55,9.75,70.0,-1.9,947.8,-0.7071067811865471,-0.7071067811865479,-0.3251276029999093,0.9456701548465688
training,2025-12-11T18:00:00+00:00,2025-12-11T12:00:00+00:00,2025-12-12T16:00:00+00:00,2025-12-12T21:00:00+05:00,24,22.0,6b93e02357eb8886fd1102233b09b391e8b9edff331699f3156051cc46c08453,0.9899999999999999,9.37,9.61,9.81,74.0,-1.6,947.2,-0.8660254037844385,-0.5000000000000004,-0.3251276029999093,0.9456701548465688
training,2025-12-10T18:00:00+00:00,2025-12-10T12:00:00+00:00,2025-12-12T16:00:00+00:00,2025-12-12T21:00:00+05:00,48,46.0,91b73b252f451ad8d9e2dcc6075ddc4f67d3ab9fec44e4d294a4cdf90f509c84,0.9899999999999999,9.58,9.83,10.03,74.0,-1.4,947.2,-0.8660254037844385,-0.5000000000000004,-0.3251276029999093,0.9456701548465688
training,2025-12-11T18:00:00+00:00,2025-12-11T12:00:00+00:00,2025-12-12T17:00:00+00:00,2025-12-12T22:00:00+05:00,24,23.0,6b93e02357eb8886fd1102233b09b391e8b9edff331699f3156051cc46c08453,0.9899999999999999,9.99,10.25,10.47,74.0,-0.4,946.8,-0.9659258262890683,-0.25881904510252063,-0.3251276029999093,0.9456701548465688
training,2025-12-10T18:00:00+00:00,2025-12-10T12:00:00+00:00,2025-12-12T17:00:00+00:00,2025-12-12T22:00:00+05:00,48,47.0,91b73b252f451ad8d9e2dcc6075ddc4f67d3ab9fec44e4d294a4cdf90f509c84,0.9899999999999999,9.84,10.1,10.3,74.0,-0.9,946.2,-0.9659258262890683,-0.25881904510252063,-0.3251276029999093,0.9456701548465688
training,2025-12-11T18:00:00+00:00,2025-12-11T12:00:00+00:00,2025-12-12T18:00:00+00:00,2025-12-12T23:00:00+05:00,24,24.0,6b93e02357eb8886fd1102233b09b391e8b9edff331699f3156051cc46c08453,0.9899999999999999,9.23,9.47,9.67,70.0,0.1,946.4,-1.0,-1.8369701987210297e-16,-0.3251276029999093,0.9456701548465688
training,2025-12-10T18:00:00+00:00,2025-12-10T12:00:00+00:00,2025-12-12T18:00:00+00:00,2025-12-12T23:00:00+05:00,48,48.0,91b73b252f451ad8d9e2dcc6075ddc4f67d3ab9fec44e4d294a4cdf90f509c84,0.9899999999999999,9.41,9.66,9.86,69.0,0.1,946.1,-1.0,-1.8369701987210297e-16,-0.3251276029999093,0.9456701548465688
training,2025-12-11T18:00:00+00:00,2025-12-11T12:00:00+00:00,2025-12-12T19:00:00+00:00,2025-12-13T00:00:00+05:00,24,25.0,6b93e02357eb8886fd1102233b09b391e8b9edff331699f3156051cc46c08453,0.9899999999999999,7.72,7.92,8.09,58.0,-0.9,946.7,-0.9659258262890684,0.2588190451025203,-0.3251276029999093,0.9456701548465688
training,2025-12-10T18:00:00+00:00,2025-12-10T12:00:00+00:00,2025-12-12T19:00:00+00:00,2025-12-13T00:00:00+05:00,48,49.0,91b73b252f451ad8d9e2dcc6075ddc4f67d3ab9fec44e4d294a4cdf90f509c84,0.9899999999999999,7.76,7.96,8.13,64.0,-0.4,946.5,-0.9659258262890684,0.2588190451025203,-0.3251276029999093,0.9456701548465688
training,2025-12-11T18:00:00+00:00,2025-12-11T12:00:00+00:00,2025-12-12T20:00:00+00:00,2025-12-13T01:00:00+05:00,24,26.0,6b93e02357eb8886fd1102233b09b391e8b9edff331699f3156051cc46c08453,0.8983333333333333,2.83,2.9,2.96,93.0,-0.7,948.0,-0.8660254037844386,0.5000000000000001,-0.3251276029999093,0.9456701548465688
training,2025-12-10T18:00:00+00:00,2025-12-10T12:00:00+00:00,2025-12-12T20:00:00+00:00,2025-12-13T01:00:00+05:00,48,50.0,91b73b252f451ad8d9e2dcc6075ddc4f67d3ab9fec44e4d294a4cdf90f509c84,0.8983333333333333,5.23,5.37,5.48,63.0,-0.2,947.6,-0.8660254037844386,0.5000000000000001,-0.3251276029999093,0.9456701548465688
training,2025-12-12T00:00:00+00:00,2025-12-11T18:00:00+00:00,2025-12-12T21:00:00+00:00,2025-12-13T02:00:00+05:00,24,21.0,d15d885469d65114ed7feddddde4cd524d9594b76ab1a868b5b83907a59a0339,0.5383333333333333,0.99,1.01,1.03,171.0,0.1,948.5,-0.7071067811865477,0.7071067811865474,-0.3251276029999093,0.9456701548465688
training,2025-12-11T00:00:00+00:00,2025-12-10T18:00:00+00:00,2025-12-12T21:00:00+00:00,2025-12-13T02:00:00+05:00,48,45.0,d431e3d11bc563b84220f0db4e02d014ffd3623311abc6cb6a585b7322ba41df,0.5383333333333333,5.58,5.73,5.85,65.0,-0.6,946.7,-0.7071067811865477,0.7071067811865474,-0.3251276029999093,0.9456701548465688
training,2025-12-12T00:00:00+00:00,2025-12-11T18:00:00+00:00,2025-12-12T22:00:00+00:00,2025-12-13T03:00:00+05:00,24,22.0,d15d885469d65114ed7feddddde4cd524d9594b76ab1a868b5b83907a59a0339,0.19333333333333336,1.54,1.58,1.61,162.0,1.0,948.5,-0.5000000000000004,0.8660254037844384,-0.3251276029999093,0.9456701548465688
training,2025-12-11T00:00:00+00:00,2025-12-10T18:00:00+00:00,2025-12-12T22:00:00+00:00,2025-12-13T03:00:00+05:00,48,46.0,d431e3d11bc563b84220f0db4e02d014ffd3623311abc6cb6a585b7322ba41df,0.19333333333333336,2.18,2.24,2.29,66.0,-1.1,947.8,-0.5000000000000004,0.8660254037844384,-0.3251276029999093,0.9456701548465688
training,2025-12-12T00:00:00+00:00,2025-12-11T18:00:00+00:00,2025-12-12T23:00:00+00:00,2025-12-13T04:00:00+05:00,24,23.0,d15d885469d65114ed7feddddde4cd524d9594b76ab1a868b5b83907a59a0339,0.056666666666666664,3.29,3.37,3.44,220.0,2.1,948.9,-0.25881904510252157,0.9659258262890681,-0.3251276029999093,0.9456701548465688
training,2025-12-11T00:00:00+00:00,2025-12-10T18:00:00+00:00,2025-12-12T23:00:00+00:00,2025-12-13T04:00:00+05:00,48,47.0,d431e3d11bc563b84220f0db4e02d014ffd3623311abc6cb6a585b7322ba41df,0.056666666666666664,2.91,2.98,3.04,220.0,0.4,948.9,-0.25881904510252157,0.9659258262890681,-0.3251276029999093,0.9456701548465688
training,2025-12-12T00:00:00+00:00,2025-12-11T18:00:00+00:00,2025-12-13T00:00:00+00:00,2025-12-13T05:00:00+05:00,24,24.0,d15d885469d65114ed7feddddde4cd524d9594b76ab1a868b5b83907a59a0339,0.011666666666666667,4.28,4.39,4.48,240.0,2.4,949.3,0.0,1.0,-0.30881248126625377,0.9511229423235357
training,2025-12-11T00:00:00+00:00,2025-12-10T18:00:00+00:00,2025-12-13T00:00:00+00:00,2025-12-13T05:00:00+05:00,48,48.0,d431e3d11bc563b84220f0db4e02d014ffd3623311abc6cb6a585b7322ba41df,0.011666666666666667,4.7,4.83,4.93,236.0,0.6,949.5,0.0,1.0,-0.30881248126625377,0.9511229423235357
training,2025-12-12T00:00:00+00:00,2025-12-11T18:00:00+00:00,2025-12-13T01:00:00+00:00,2025-12-13T06:00:00+05:00,24,25.0,d15d885469d65114ed7feddddde4cd524d9594b76ab1a868b5b83907a59a0339,0.02666666666666667,4.55,4.67,4.76,253.0,0.2,949.7,0.25881904510252074,0.9659258262890683,-0.30881248126625377,0.9511229423235357
training,2025-12-11T00:00:00+00:00,2025-12-10T18:00:00+00:00,2025-12-13T01:00:00+00:00,2025-12-13T06:00:00+05:00,48,49.0,d431e3d11bc563b84220f0db4e02d014ffd3623311abc6cb6a585b7322ba41df,0.02666666666666667,4.07,4.17,4.26,236.0,0.9,950.0,0.25881904510252074,0.9659258262890683,-0.30881248126625377,0.9511229423235357
training,2025-12-12T00:00:00+00:00,2025-12-11T18:00:00+00:00,2025-12-13T02:00:00+00:00,2025-12-13T07:00:00+05:00,24,26.0,d15d885469d65114ed7feddddde4cd524d9594b76ab1a868b5b83907a59a0339,0.024999999999999998,4.36,4.47,4.57,245.0,0.7,950.5,0.49999999999999994,0.8660254037844387,-0.30881248126625377,0.9511229423235357
training,2025-12-11T00:00:00+00:00,2025-12-10T18:00:00+00:00,2025-12-13T02:00:00+00:00,2025-12-13T07:00:00+05:00,48,50.0,d431e3d11bc563b84220f0db4e02d014ffd3623311abc6cb6a585b7322ba41df,0.024999999999999998,2.93,3.01,3.07,234.0,1.9,950.6,0.49999999999999994,0.8660254037844387,-0.30881248126625377,0.9511229423235357
training,2025-12-12T06:00:00+00:00,2025-12-12T00:00:00+00:00,2025-12-13T03:00:00+00:00,2025-12-13T08:00:00+05:00,24,21.0,1fdb99706ff25bf4dfa669d2e7a63bdaf930f7ec4db55267744c9a2b4a12d3e8,0.015,1.13,1.15,1.18,265.0,2.1,950.0,0.7071067811865476,0.7071067811865476,-0.30881248126625377,0.9511229423235357
training,2025-12-11T06:00:00+00:00,2025-12-11T00:00:00+00:00,2025-12-13T03:00:00+00:00,2025-12-13T08:00:00+05:00,48,45.0,b967e0653cea02aa9965edbabcfb1be37c489ebb4b2c8da149bf09bad069b10c,0.015,2.01,2.06,2.1,76.0,3.1,949.5,0.7071067811865476,0.7071067811865476,-0.30881248126625377,0.9511229423235357
training,2025-12-12T06:00:00+00:00,2025-12-12T00:00:00+00:00,2025-12-13T04:00:00+00:00,2025-12-13T09:00:00+05:00,24,22.0,1fdb99706ff25bf4dfa669d2e7a63bdaf930f7ec4db55267744c9a2b4a12d3e8,0.06666666666666667,0.18,0.18,0.18,146.0,2.3,950.0,0.8660254037844386,0.5000000000000001,-0.30881248126625377,0.9511229423235357
training,2025-12-11T06:00:00+00:00,2025-12-11T00:00:00+00:00,2025-12-13T04:00:00+00:00,2025-12-13T09:00:00+05:00,48,46.0,b967e0653cea02aa9965edbabcfb1be37c489ebb4b2c8da149bf09bad069b10c,0.06666666666666667,1.75,1.79,1.83,150.0,4.3,949.7,0.8660254037844386,0.5000000000000001,-0.30881248126625377,0.9511229423235357
training,2025-12-12T06:00:00+00:00,2025-12-12T00:00:00+00:00,2025-12-13T05:00:00+00:00,2025-12-13T10:00:00+05:00,24,23.0,1fdb99706ff25bf4dfa669d2e7a63bdaf930f7ec4db55267744c9a2b4a12d3e8,0.20500000000000002,1.11,1.14,1.16,61.0,4.5,950.3,0.9659258262890683,0.25881904510252074,-0.30881248126625377,0.9511229423235357
training,2025-12-11T06:00:00+00:00,2025-12-11T00:00:00+00:00,2025-12-13T05:00:00+00:00,2025-12-13T10:00:00+05:00,48,47.0,b967e0653cea02aa9965edbabcfb1be37c489ebb4b2c8da149bf09bad069b10c,0.20500000000000002,3.99,4.09,4.18,57.0,4.2,949.2,0.9659258262890683,0.25881904510252074,-0.30881248126625377,0.9511229423235357
training,2025-12-12T06:00:00+00:00,2025-12-12T00:00:00+00:00,2025-12-13T06:00:00+00:00,2025-12-13T11:00:00+05:00,24,24.0,1fdb99706ff25bf4dfa669d2e7a63bdaf930f7ec4db55267744c9a2b4a12d3e8,0.15166666666666667,2.23,2.29,2.34,58.0,5.3,950.2,1.0,6.123233995736766e-17,-0.30881248126625377,0.9511229423235357
training,2025-12-11T06:00:00+00:00,2025-12-11T00:00:00+00:00,2025-12-13T06:00:00+00:00,2025-12-13T11:00:00+05:00,48,48.0,b967e0653cea02aa9965edbabcfb1be37c489ebb4b2c8da149bf09bad069b10c,0.15166666666666667,5.43,5.58,5.69,57.0,4.0,949.3,1.0,6.123233995736766e-17,-0.30881248126625377,0.9511229423235357
training,2025-12-12T06:00:00+00:00,2025-12-12T00:00:00+00:00,2025-12-13T07:00:00+00:00,2025-12-13T12:00:00+05:00,24,25.0,1fdb99706ff25bf4dfa669d2e7a63bdaf930f7ec4db55267744c9a2b4a12d3e8,0.265,2.64,2.71,2.77,85.0,5.5,950.0,0.9659258262890683,-0.25881904510252063,-0.30881248126625377,0.9511229423235357
training,2025-12-11T06:00:00+00:00,2025-12-11T00:00:00+00:00,2025-12-13T07:00:00+00:00,2025-12-13T12:00:00+05:00,48,49.0,b967e0653cea02aa9965edbabcfb1be37c489ebb4b2c8da149bf09bad069b10c,0.265,4.01,4.11,4.2,53.0,5.4,949.7,0.9659258262890683,-0.25881904510252063,-0.30881248126625377,0.9511229423235357
training,2025-12-12T06:00:00+00:00,2025-12-12T00:00:00+00:00,2025-12-13T08:00:00+00:00,2025-12-13T13:00:00+05:00,24,26.0,1fdb99706ff25bf4dfa669d2e7a63bdaf930f7ec4db55267744c9a2b4a12d3e8,0.4166666666666667,3.67,3.76,3.84,67.0,5.7,949.5,0.8660254037844387,-0.4999999999999998,-0.30881248126625377,0.9511229423235357
training,2025-12-11T06:00:00+00:00,2025-12-11T00:00:00+00:00,2025-12-13T08:00:00+00:00,2025-12-13T13:00:00+05:00,48,50.0,b967e0653cea02aa9965edbabcfb1be37c489ebb4b2c8da149bf09bad069b10c,0.4166666666666667,3.97,4.07,4.16,76.0,5.2,949.3,0.8660254037844387,-0.4999999999999998,-0.30881248126625377,0.9511229423235357
training,2025-12-12T12:00:00+00:00,2025-12-12T06:00:00+00:00,2025-12-13T09:00:00+00:00,2025-12-13T14:00:00+05:00,24,21.0,9d2fac95bcd59092d9ae0c1d1711812594fa4f87f91858d5ba8e17ab0bd1fee5,0.44333333333333336,6.26,6.42,6.55,63.0,4.7,949.1,0.7071067811865476,-0.7071067811865475,-0.30881248126625377,0.9511229423235357
training,2025-12-11T12:00:00+00:00,2025-12-11T06:00:00+00:00,2025-12-13T09:00:00+00:00,2025-12-13T14:00:00+05:00,48,45.0,952c8404833582bb48736931c1c515df295369b0af3406cb2ab8475b7744d0db,0.44333333333333336,6.9,7.08,7.23,54.0,4.8,947.7,0.7071067811865476,-0.7071067811865475,-0.30881248126625377,0.9511229423235357
training,2025-12-12T12:00:00+00:00,2025-12-12T06:00:00+00:00,2025-12-13T10:00:00+00:00,2025-12-13T15:00:00+05:00,24,22.0,9d2fac95bcd59092d9ae0c1d1711812594fa4f87f91858d5ba8e17ab0bd1fee5,0.5366666666666667,5.79,5.94,6.07,51.0,2.9,949.7,0.49999999999999994,-0.8660254037844387,-0.30881248126625377,0.9511229423235357
training,2025-12-11T12:00:00+00:00,2025-12-11T06:00:00+00:00,2025-12-13T10:00:00+00:00,2025-12-13T15:00:00+05:00,48,46.0,952c8404833582bb48736931c1c515df295369b0af3406cb2ab8475b7744d0db,0.5366666666666667,7.22,7.41,7.56,55.0,4.8,948.1,0.49999999999999994,-0.8660254037844387,-0.30881248126625377,0.9511229423235357
training,2025-12-12T12:00:00+00:00,2025-12-12T06:00:00+00:00,2025-12-13T11:00:00+00:00,2025-12-13T16:00:00+05:00,24,23.0,9d2fac95bcd59092d9ae0c1d1711812594fa4f87f91858d5ba8e17ab0bd1fee5,0.7383333333333333,3.25,3.34,3.41,81.0,1.4,949.9,0.258819045102521,-0.9659258262890682,-0.30881248126625377,0.9511229423235357
training,2025-12-11T12:00:00+00:00,2025-12-11T06:00:00+00:00,2025-12-13T11:00:00+00:00,2025-12-13T16:00:00+05:00,48,47.0,952c8404833582bb48736931c1c515df295369b0af3406cb2ab8475b7744d0db,0.7383333333333333,6.89,7.07,7.21,64.0,2.8,948.2,0.258819045102521,-0.9659258262890682,-0.30881248126625377,0.9511229423235357
training,2025-12-12T12:00:00+00:00,2025-12-12T06:00:00+00:00,2025-12-13T12:00:00+00:00,2025-12-13T17:00:00+05:00,24,24.0,9d2fac95bcd59092d9ae0c1d1711812594fa4f87f91858d5ba8e17ab0bd1fee5,0.9166666666666666,1.76,1.81,1.84,104.0,1.0,949.4,1.2246467991473532e-16,-1.0,-0.30881248126625377,0.9511229423235357
training,2025-12-11T12:00:00+00:00,2025-12-11T06:00:00+00:00,2025-12-13T12:00:00+00:00,2025-12-13T17:00:00+05:00,48,48.0,952c8404833582bb48736931c1c515df295369b0af3406cb2ab8475b7744d0db,0.9166666666666666,5.71,5.86,5.98,65.0,1.3,948.3,1.2246467991473532e-16,-1.0,-0.30881248126625377,0.9511229423235357
training,2025-12-12T12:00:00+00:00,2025-12-12T06:00:00+00:00,2025-12-13T13:00:00+00:00,2025-12-13T18:00:00+05:00,24,25.0,9d2fac95bcd59092d9ae0c1d1711812594fa4f87f91858d5ba8e17ab0bd1fee5,0.9133333333333334,2.57,2.64,2.7,71.0,0.6,948.4,-0.2588190451025208,-0.9659258262890683,-0.30881248126625377,0.9511229423235357
training,2025-12-11T12:00:00+00:00,2025-12-11T06:00:00+00:00,2025-12-13T13:00:00+00:00,2025-12-13T18:00:00+05:00,48,49.0,952c8404833582bb48736931c1c515df295369b0af3406cb2ab8475b7744d0db,0.9133333333333334,3.29,3.37,3.44,75.0,1.0,948.4,-0.2588190451025208,-0.9659258262890683,-0.30881248126625377,0.9511229423235357
training,2025-12-12T12:00:00+00:00,2025-12-12T06:00:00+00:00,2025-12-13T14:00:00+00:00,2025-12-13T19:00:00+05:00,24,26.0,9d2fac95bcd59092d9ae0c1d1711812594fa4f87f91858d5ba8e17ab0bd1fee5,0.88,4.93,5.06,5.16,62.0,-0.6,947.6,-0.4999999999999997,-0.8660254037844388,-0.30881248126625377,0.9511229423235357
training,2025-12-11T12:00:00+00:00,2025-12-11T06:00:00+00:00,2025-12-13T14:00:00+00:00,2025-12-13T19:00:00+05:00,48,50.0,952c8404833582bb48736931c1c515df295369b0af3406cb2ab8475b7744d0db,0.88,2.47,2.53,2.59,68.0,1.2,948.4,-0.4999999999999997,-0.8660254037844388,-0.30881248126625377,0.9511229423235357
training,2025-12-12T18:00:00+00:00,2025-12-12T12:00:00+00:00,2025-12-13T15:00:00+00:00,2025-12-13T20:00:00+05:00,24,21.0,e575a00639c64503102f3bbcbe09fca644f3ece7e598ec2e21fd0686dcd40314,0.9899999999999999,1.69,1.73,1.77,136.0,0.6,946.8,-0.7071067811865471,-0.7071067811865479,-0.30881248126625377,0.9511229423235357
training,2025-12-11T18:00:00+00:00,2025-12-11T12:00:00+00:00,2025-12-13T15:00:00+00:00,2025-12-13T20:00:00+05:00,48,45.0,6b93e02357eb8886fd1102233b09b391e8b9edff331699f3156051cc46c08453,0.9899999999999999,3.11,3.19,3.26,73.0,0.7,947.6,-0.7071067811865471,-0.7071067811865479,-0.30881248126625377,0.9511229423235357
training,2025-12-12T18:00:00+00:00,2025-12-12T12:00:00+00:00,2025-12-13T16:00:00+00:00,2025-12-13T21:00:00+05:00,24,22.0,e575a00639c64503102f3bbcbe09fca644f3ece7e598ec2e21fd0686dcd40314,0.9166666666666666,2.51,2.58,2.63,72.0,0.9,945.9,-0.8660254037844385,-0.5000000000000004,-0.30881248126625377,0.9511229423235357
training,2025-12-11T18:00:00+00:00,2025-12-11T12:00:00+00:00,2025-12-13T16:00:00+00:00,2025-12-13T21:00:00+05:00,48,46.0,6b93e02357eb8886fd1102233b09b391e8b9edff331699f3156051cc46c08453,0.9166666666666666,4.29,4.4,4.49,69.0,0.8,946.5,-0.8660254037844385,-0.5000000000000004,-0.30881248126625377,0.9511229423235357
training,2025-12-12T18:00:00+00:00,2025-12-12T12:00:00+00:00,2025-12-13T17:00:00+00:00,2025-12-13T22:00:00+05:00,24,23.0,e575a00639c64503102f3bbcbe09fca644f3ece7e598ec2e21fd0686dcd40314,0.8666666666666667,4.36,4.47,4.56,63.0,0.7,945.2,-0.9659258262890683,-0.25881904510252063,-0.30881248126625377,0.9511229423235357
training,2025-12-11T18:00:00+00:00,2025-12-11T12:00:00+00:00,2025-12-13T17:00:00+00:00,2025-12-13T22:00:00+05:00,48,47.0,6b93e02357eb8886fd1102233b09b391e8b9edff331699f3156051cc46c08453,0.8666666666666667,4.53,4.65,4.74,71.0,0.6,945.6,-0.9659258262890683,-0.25881904510252063,-0.30881248126625377,0.9511229423235357
training,2025-12-12T18:00:00+00:00,2025-12-12T12:00:00+00:00,2025-12-13T18:00:00+00:00,2025-12-13T23:00:00+05:00,24,24.0,e575a00639c64503102f3bbcbe09fca644f3ece7e598ec2e21fd0686dcd40314,0.31666666666666665,3.84,3.94,4.02,61.0,0.6,944.8,-1.0,-1.8369701987210297e-16,-0.30881248126625377,0.9511229423235357
training,2025-12-11T18:00:00+00:00,2025-12-11T12:00:00+00:00,2025-12-13T18:00:00+00:00,2025-12-13T23:00:00+05:00,48,48.0,6b93e02357eb8886fd1102233b09b391e8b9edff331699f3156051cc46c08453,0.31666666666666665,5.3,5.44,5.55,66.0,-0.2,944.7,-1.0,-1.8369701987210297e-16,-0.30881248126625377,0.9511229423235357
training,2025-12-12T18:00:00+00:00,2025-12-12T12:00:00+00:00,2025-12-13T19:00:00+00:00,2025-12-14T00:00:00+05:00,24,25.0,e575a00639c64503102f3bbcbe09fca644f3ece7e598ec2e21fd0686dcd40314,0.2866666666666667,1.35,1.39,1.42,52.0,0.6,944.5,-0.9659258262890684,0.2588190451025203,-0.30881248126625377,0.9511229423235357
training,2025-12-11T18:00:00+00:00,2025-12-11T12:00:00+00:00,2025-12-13T19:00:00+00:00,2025-12-14T00:00:00+05:00,48,49.0,6b93e02357eb8886fd1102233b09b391e8b9edff331699f3156051cc46c08453,0.2866666666666667,4.7,4.82,4.92,67.0,-0.6,944.4,-0.9659258262890684,0.2588190451025203,-0.30881248126625377,0.9511229423235357
training,2025-12-12T18:00:00+00:00,2025-12-12T12:00:00+00:00,2025-12-13T20:00:00+00:00,2025-12-14T01:00:00+05:00,24,26.0,e575a00639c64503102f3bbcbe09fca644f3ece7e598ec2e21fd0686dcd40314,0.07666666666666667,6.09,6.25,6.38,263.0,0.4,945.9,-0.8660254037844386,0.5000000000000001,-0.30881248126625377,0.9511229423235357
training,2025-12-11T18:00:00+00:00,2025-12-11T12:00:00+00:00,2025-12-13T20:00:00+00:00,2025-12-14T01:00:00+05:00,48,50.0,6b93e02357eb8886fd1102233b09b391e8b9edff331699f3156051cc46c08453,0.07666666666666667,2.19,2.25,2.29,69.0,-0.4,944.4,-0.8660254037844386,0.5000000000000001,-0.30881248126625377,0.9511229423235357
training,2025-12-13T00:00:00+00:00,2025-12-12T18:00:00+00:00,2025-12-13T21:00:00+00:00,2025-12-14T02:00:00+05:00,24,21.0,84f08aa679b903b607b8c5f3c6a3ebed5eaf1052f1b952b3b2236381599d55ce,0.35333333333333333,6.09,6.25,6.38,258.0,-0.8,946.0,-0.7071067811865477,0.7071067811865474,-0.30881248126625377,0.9511229423235357
training,2025-12-12T00:00:00+00:00,2025-12-11T18:00:00+00:00,2025-12-13T21:00:00+00:00,2025-12-14T02:00:00+05:00,48,45.0,d15d885469d65114ed7feddddde4cd524d9594b76ab1a868b5b83907a59a0339,0.35333333333333333,2.97,3.05,3.11,252.0,0.6,945.9,-0.7071067811865477,0.7071067811865474,-0.30881248126625377,0.9511229423235357
training,2025-12-13T00:00:00+00:00,2025-12-12T18:00:00+00:00,2025-12-13T22:00:00+00:00,2025-12-14T03:00:00+05:00,24,22.0,84f08aa679b903b607b8c5f3c6a3ebed5eaf1052f1b952b3b2236381599d55ce,0.7083333333333334,5.28,5.41,5.52,227.0,-0.2,946.4,-0.5000000000000004,0.8660254037844384,-0.30881248126625377,0.9511229423235357
training,2025-12-12T00:00:00+00:00,2025-12-11T18:00:00+00:00,2025-12-13T22:00:00+00:00,2025-12-14T03:00:00+05:00,48,46.0,d15d885469d65114ed7feddddde4cd524d9594b76ab1a868b5b83907a59a0339,0.7083333333333334,4.1,4.21,4.29,250.0,-0.2,945.6,-0.5000000000000004,0.8660254037844384,-0.30881248126625377,0.9511229423235357
training,2025-12-13T00:00:00+00:00,2025-12-12T18:00:00+00:00,2025-12-13T23:00:00+00:00,2025-12-14T04:00:00+05:00,24,23.0,84f08aa679b903b607b8c5f3c6a3ebed5eaf1052f1b952b3b2236381599d55ce,0.605,4.93,5.06,5.16,224.0,0.7,946.1,-0.25881904510252157,0.9659258262890681,-0.30881248126625377,0.9511229423235357
training,2025-12-12T00:00:00+00:00,2025-12-11T18:00:00+00:00,2025-12-13T23:00:00+00:00,2025-12-14T04:00:00+05:00,48,47.0,d15d885469d65114ed7feddddde4cd524d9594b76ab1a868b5b83907a59a0339,0.605,5.16,5.3,5.41,251.0,-0.8,946.1,-0.25881904510252157,0.9659258262890681,-0.30881248126625377,0.9511229423235357
training,2025-12-13T00:00:00+00:00,2025-12-12T18:00:00+00:00,2025-12-14T00:00:00+00:00,2025-12-14T05:00:00+05:00,24,24.0,84f08aa679b903b607b8c5f3c6a3ebed5eaf1052f1b952b3b2236381599d55ce,0.35833333333333334,4.13,4.24,4.33,232.0,0.3,946.1,0.0,1.0,-0.29240597695107734,0.9562942772197719
training,2025-12-12T00:00:00+00:00,2025-12-11T18:00:00+00:00,2025-12-14T00:00:00+00:00,2025-12-14T05:00:00+05:00,48,48.0,d15d885469d65114ed7feddddde4cd524d9594b76ab1a868b5b83907a59a0339,0.35833333333333334,6.95,7.13,7.28,230.0,0.3,947.2,0.0,1.0,-0.29240597695107734,0.9562942772197719
training,2025-12-13T00:00:00+00:00,2025-12-12T18:00:00+00:00,2025-12-14T01:00:00+00:00,2025-12-14T06:00:00+05:00,24,25.0,84f08aa679b903b607b8c5f3c6a3ebed5eaf1052f1b952b3b2236381599d55ce,0.305,4.8,4.92,5.03,235.0,0.9,946.7,0.25881904510252074,0.9659258262890683,-0.29240597695107734,0.9562942772197719
training,2025-12-12T00:00:00+00:00,2025-12-11T18:00:00+00:00,2025-12-14T01:00:00+00:00,2025-12-14T06:00:00+05:00,48,49.0,d15d885469d65114ed7feddddde4cd524d9594b76ab1a868b5b83907a59a0339,0.305,6.69,6.87,7.01,228.0,0.4,947.6,0.25881904510252074,0.9659258262890683,-0.29240597695107734,0.9562942772197719
training,2025-12-13T00:00:00+00:00,2025-12-12T18:00:00+00:00,2025-12-14T02:00:00+00:00,2025-12-14T07:00:00+05:00,24,26.0,84f08aa679b903b607b8c5f3c6a3ebed5eaf1052f1b952b3b2236381599d55ce,0.37833333333333335,5.58,5.73,5.85,236.0,0.6,947.1,0.49999999999999994,0.8660254037844387,-0.29240597695107734,0.9562942772197719
training,2025-12-12T00:00:00+00:00,2025-12-11T18:00:00+00:00,2025-12-14T02:00:00+00:00,2025-12-14T07:00:00+05:00,48,50.0,d15d885469d65114ed7feddddde4cd524d9594b76ab1a868b5b83907a59a0339,0.37833333333333335,5.46,5.6,5.72,237.0,0.2,948.0,0.49999999999999994,0.8660254037844387,-0.29240597695107734,0.9562942772197719
training,2025-12-13T06:00:00+00:00,2025-12-13T00:00:00+00:00,2025-12-14T03:00:00+00:00,2025-12-14T08:00:00+05:00,24,21.0,dcc580fe1723d84bbfdd057de64aefb328229a74de53f1963a407f3893b5bc6d,0.73,6.3,6.47,6.6,251.0,1.6,948.7,0.7071067811865476,0.7071067811865476,-0.29240597695107734,0.9562942772197719
training,2025-12-12T06:00:00+00:00,2025-12-12T00:00:00+00:00,2025-12-14T03:00:00+00:00,2025-12-14T08:00:00+05:00,48,45.0,1fdb99706ff25bf4dfa669d2e7a63bdaf930f7ec4db55267744c9a2b4a12d3e8,0.73,5.91,6.06,6.19,238.0,0.9,947.8,0.7071067811865476,0.7071067811865476,-0.29240597695107734,0.9562942772197719
training,2025-12-13T06:00:00+00:00,2025-12-13T00:00:00+00:00,2025-12-14T04:00:00+00:00,2025-12-14T09:00:00+05:00,24,22.0,dcc580fe1723d84bbfdd057de64aefb328229a74de53f1963a407f3893b5bc6d,0.73,6.76,6.93,7.08,244.0,2.7,949.5,0.8660254037844386,0.5000000000000001,-0.29240597695107734,0.9562942772197719
training,2025-12-12T06:00:00+00:00,2025-12-12T00:00:00+00:00,2025-12-14T04:00:00+00:00,2025-12-14T09:00:00+05:00,48,46.0,1fdb99706ff25bf4dfa669d2e7a63bdaf930f7ec4db55267744c9a2b4a12d3e8,0.73,5.06,5.19,5.29,236.0,2.5,949.0,0.8660254037844386,0.5000000000000001,-0.29240597695107734,0.9562942772197719
training,2025-12-13T06:00:00+00:00,2025-12-13T00:00:00+00:00,2025-12-14T05:00:00+00:00,2025-12-14T10:00:00+05:00,24,23.0,dcc580fe1723d84bbfdd057de64aefb328229a74de53f1963a407f3893b5bc6d,0.8216666666666667,6.26,6.42,6.56,238.0,3.8,949.8,0.9659258262890683,0.25881904510252074,-0.29240597695107734,0.9562942772197719
training,2025-12-12T06:00:00+00:00,2025-12-12T00:00:00+00:00,2025-12-14T05:00:00+00:00,2025-12-14T10:00:00+05:00,48,47.0,1fdb99706ff25bf4dfa669d2e7a63bdaf930f7ec4db55267744c9a2b4a12d3e8,0.8216666666666667,3.84,3.94,4.02,230.0,3.5,949.1,0.9659258262890683,0.25881904510252074,-0.29240597695107734,0.9562942772197719
training,2025-12-13T06:00:00+00:00,2025-12-13T00:00:00+00:00,2025-12-14T06:00:00+00:00,2025-12-14T11:00:00+05:00,24,24.0,dcc580fe1723d84bbfdd057de64aefb328229a74de53f1963a407f3893b5bc6d,0.9166666666666666,6.42,6.59,6.72,240.0,4.7,949.9,1.0,6.123233995736766e-17,-0.29240597695107734,0.9562942772197719
training,2025-12-12T06:00:00+00:00,2025-12-12T00:00:00+00:00,2025-12-14T06:00:00+00:00,2025-12-14T11:00:00+05:00,48,48.0,1fdb99706ff25bf4dfa669d2e7a63bdaf930f7ec4db55267744c9a2b4a12d3e8,0.9166666666666666,6.3,6.47,6.6,251.0,4.6,950.0,1.0,6.123233995736766e-17,-0.29240597695107734,0.9562942772197719
training,2025-12-13T06:00:00+00:00,2025-12-13T00:00:00+00:00,2025-12-14T07:00:00+00:00,2025-12-14T12:00:00+05:00,24,25.0,dcc580fe1723d84bbfdd057de64aefb328229a74de53f1963a407f3893b5bc6d,0.9766666666666666,5.33,5.47,5.58,234.0,5.3,949.4,0.9659258262890683,-0.25881904510252063,-0.29240597695107734,0.9562942772197719
training,2025-12-12T06:00:00+00:00,2025-12-12T00:00:00+00:00,2025-12-14T07:00:00+00:00,2025-12-14T12:00:00+05:00,48,49.0,1fdb99706ff25bf4dfa669d2e7a63bdaf930f7ec4db55267744c9a2b4a12d3e8,0.9766666666666666,6.98,7.16,7.31,241.0,4.4,950.2,0.9659258262890683,-0.25881904510252063,-0.29240597695107734,0.9562942772197719
training,2025-12-13T06:00:00+00:00,2025-12-13T00:00:00+00:00,2025-12-14T08:00:00+00:00,2025-12-14T13:00:00+05:00,24,26.0,dcc580fe1723d84bbfdd057de64aefb328229a74de53f1963a407f3893b5bc6d,0.9866666666666667,4.99,5.12,5.23,238.0,5.7,949.4,0.8660254037844387,-0.4999999999999998,-0.29240597695107734,0.9562942772197719
training,2025-12-12T06:00:00+00:00,2025-12-12T00:00:00+00:00,2025-12-14T08:00:00+00:00,2025-12-14T13:00:00+05:00,48,50.0,1fdb99706ff25bf4dfa669d2e7a63bdaf930f7ec4db55267744c9a2b4a12d3e8,0.9866666666666667,5.23,5.36,5.48,219.0,4.2,949.7,0.8660254037844387,-0.4999999999999998,-0.29240597695107734,0.9562942772197719
training,2025-12-13T12:00:00+00:00,2025-12-13T06:00:00+00:00,2025-12-14T09:00:00+00:00,2025-12-14T14:00:00+05:00,24,21.0,42a1a6d942cb580052c39b2ab121152da91189ae0ea75348b94b4adc8b968dba,0.7600000000000001,3.37,3.46,3.53,233.0,5.3,949.6,0.7071067811865476,-0.7071067811865475,-0.29240597695107734,0.9562942772197719
training,2025-12-12T12:00:00+00:00,2025-12-12T06:00:00+00:00,2025-12-14T09:00:00+00:00,2025-12-14T14:00:00+05:00,48,45.0,9d2fac95bcd59092d9ae0c1d1711812594fa4f87f91858d5ba8e17ab0bd1fee5,0.7600000000000001,3.08,3.16,3.22,241.0,5.6,949.6,0.7071067811865476,-0.7071067811865475,-0.29240597695107734,0.9562942772197719
training,2025-12-13T12:00:00+00:00,2025-12-13T06:00:00+00:00,2025-12-14T10:00:00+00:00,2025-12-14T15:00:00+05:00,24,22.0,42a1a6d942cb580052c39b2ab121152da91189ae0ea75348b94b4adc8b968dba,0.2916666666666667,1.53,1.57,1.6,243.0,4.0,949.7,0.49999999999999994,-0.8660254037844387,-0.29240597695107734,0.9562942772197719
training,2025-12-12T12:00:00+00:00,2025-12-12T06:00:00+00:00,2025-12-14T10:00:00+00:00,2025-12-14T15:00:00+05:00,48,46.0,9d2fac95bcd59092d9ae0c1d1711812594fa4f87f91858d5ba8e17ab0bd1fee5,0.2916666666666667,1.66,1.7,1.74,272.0,4.4,949.7,0.49999999999999994,-0.8660254037844387,-0.29240597695107734,0.9562942772197719
training,2025-12-13T12:00:00+00:00,2025-12-13T06:00:00+00:00,2025-12-14T11:00:00+00:00,2025-12-14T16:00:00+05:00,24,23.0,42a1a6d942cb580052c39b2ab121152da91189ae0ea75348b94b4adc8b968dba,0.03,1.47,1.5,1.53,356.0,1.4,949.6,0.258819045102521,-0.9659258262890682,-0.29240597695107734,0.9562942772197719
training,2025-12-12T12:00:00+00:00,2025-12-12T06:00:00+00:00,2025-12-14T11:00:00+00:00,2025-12-14T16:00:00+05:00,48,47.0,9d2fac95bcd59092d9ae0c1d1711812594fa4f87f91858d5ba8e17ab0bd1fee5,0.03,2.71,2.78,2.83,23.0,1.0,949.4,0.258819045102521,-0.9659258262890682,-0.29240597695107734,0.9562942772197719
training,2025-12-13T12:00:00+00:00,2025-12-13T06:00:00+00:00,2025-12-14T12:00:00+00:00,2025-12-14T17:00:00+05:00,24,24.0,42a1a6d942cb580052c39b2ab121152da91189ae0ea75348b94b4adc8b968dba,0.03166666666666667,3.66,3.75,3.83,48.0,-0.1,950.1,1.2246467991473532e-16,-1.0,-0.29240597695107734,0.9562942772197719
training,2025-12-12T12:00:00+00:00,2025-12-12T06:00:00+00:00,2025-12-14T12:00:00+00:00,2025-12-14T17:00:00+05:00,48,48.0,9d2fac95bcd59092d9ae0c1d1711812594fa4f87f91858d5ba8e17ab0bd1fee5,0.03166666666666667,5.53,5.67,5.79,60.0,0.6,949.9,1.2246467991473532e-16,-1.0,-0.29240597695107734,0.9562942772197719
training,2025-12-13T12:00:00+00:00,2025-12-13T06:00:00+00:00,2025-12-14T13:00:00+00:00,2025-12-14T18:00:00+05:00,24,25.0,42a1a6d942cb580052c39b2ab121152da91189ae0ea75348b94b4adc8b968dba,0.24666666666666667,5.93,6.08,6.21,68.0,0.9,950.4,-0.2588190451025208,-0.9659258262890683,-0.29240597695107734,0.9562942772197719
training,2025-12-12T12:00:00+00:00,2025-12-12T06:00:00+00:00,2025-12-14T13:00:00+00:00,2025-12-14T18:00:00+05:00,48,49.0,9d2fac95bcd59092d9ae0c1d1711812594fa4f87f91858d5ba8e17ab0bd1fee5,0.24666666666666667,6.95,7.13,7.28,65.0,1.2,950.0,-0.2588190451025208,-0.9659258262890683,-0.29240597695107734,0.9562942772197719
training,2025-12-13T12:00:00+00:00,2025-12-13T06:00:00+00:00,2025-12-14T14:00:00+00:00,2025-12-14T19:00:00+05:00,24,26.0,42a1a6d942cb580052c39b2ab121152da91189ae0ea75348b94b4adc8b968dba,0.8883333333333333,6.91,7.09,7.24,68.0,0.7,950.1,-0.4999999999999997,-0.8660254037844388,-0.29240597695107734,0.9562942772197719
training,2025-12-12T12:00:00+00:00,2025-12-12T06:00:00+00:00,2025-12-14T14:00:00+00:00,2025-12-14T19:00:00+05:00,48,50.0,9d2fac95bcd59092d9ae0c1d1711812594fa4f87f91858d5ba8e17ab0bd1fee5,0.8883333333333333,7.26,7.45,7.6,64.0,0.5,949.5,-0.4999999999999997,-0.8660254037844388,-0.29240597695107734,0.9562942772197719
training,2025-12-13T18:00:00+00:00,2025-12-13T12:00:00+00:00,2025-12-14T15:00:00+00:00,2025-12-14T20:00:00+05:00,24,21.0,081a589888559fd7fe2940720382bb449b694a6838460ef31a7e14c4ecb6c571,0.9899999999999999,7.65,7.85,8.01,64.0,-0.1,950.3,-0.7071067811865471,-0.7071067811865479,-0.29240597695107734,0.9562942772197719
training,2025-12-12T18:00:00+00:00,2025-12-12T12:00:00+00:00,2025-12-14T15:00:00+00:00,2025-12-14T20:00:00+05:00,48,45.0,e575a00639c64503102f3bbcbe09fca644f3ece7e598ec2e21fd0686dcd40314,0.9899999999999999,7.3,7.49,7.65,63.0,-0.3,949.0,-0.7071067811865471,-0.7071067811865479,-0.29240597695107734,0.9562942772197719
training,2025-12-13T18:00:00+00:00,2025-12-13T12:00:00+00:00,2025-12-14T16:00:00+00:00,2025-12-14T21:00:00+05:00,24,22.0,081a589888559fd7fe2940720382bb449b694a6838460ef31a7e14c4ecb6c571,0.9899999999999999,8.44,8.65,8.83,64.0,-0.3,949.5,-0.8660254037844385,-0.5000000000000004,-0.29240597695107734,0.9562942772197719
training,2025-12-12T18:00:00+00:00,2025-12-12T12:00:00+00:00,2025-12-14T16:00:00+00:00,2025-12-14T21:00:00+05:00,48,46.0,e575a00639c64503102f3bbcbe09fca644f3ece7e598ec2e21fd0686dcd40314,0.9899999999999999,7.64,7.84,8.0,67.0,-1.1,948.6,-0.8660254037844385,-0.5000000000000004,-0.29240597695107734,0.9562942772197719
training,2025-12-13T18:00:00+00:00,2025-12-13T12:00:00+00:00,2025-12-14T17:00:00+00:00,2025-12-14T22:00:00+05:00,24,23.0,081a589888559fd7fe2940720382bb449b694a6838460ef31a7e14c4ecb6c571,0.9899999999999999,9.33,9.57,9.77,63.0,-0.5,948.8,-0.9659258262890683,-0.25881904510252063,-0.29240597695107734,0.9562942772197719
training,2025-12-12T18:00:00+00:00,2025-12-12T12:00:00+00:00,2025-12-14T17:00:00+00:00,2025-12-14T22:00:00+05:00,48,47.0,e575a00639c64503102f3bbcbe09fca644f3ece7e598ec2e21fd0686dcd40314,0.9899999999999999,8.34,8.55,8.73,67.0,-1.4,948.2,-0.9659258262890683,-0.25881904510252063,-0.29240597695107734,0.9562942772197719
training,2025-12-13T18:00:00+00:00,2025-12-13T12:00:00+00:00,2025-12-14T18:00:00+00:00,2025-12-14T23:00:00+05:00,24,24.0,081a589888559fd7fe2940720382bb449b694a6838460ef31a7e14c4ecb6c571,0.9899999999999999,10.0,10.26,10.47,66.0,-0.6,948.1,-1.0,-1.8369701987210297e-16,-0.29240597695107734,0.9562942772197719
training,2025-12-12T18:00:00+00:00,2025-12-12T12:00:00+00:00,2025-12-14T18:00:00+00:00,2025-12-14T23:00:00+05:00,48,48.0,e575a00639c64503102f3bbcbe09fca644f3ece7e598ec2e21fd0686dcd40314,0.9899999999999999,8.93,9.17,9.36,67.0,-1.5,947.5,-1.0,-1.8369701987210297e-16,-0.29240597695107734,0.9562942772197719
training,2025-12-13T18:00:00+00:00,2025-12-13T12:00:00+00:00,2025-12-14T19:00:00+00:00,2025-12-15T00:00:00+05:00,24,25.0,081a589888559fd7fe2940720382bb449b694a6838460ef31a7e14c4ecb6c571,0.9899999999999999,10.31,10.58,10.79,69.0,-0.7,947.5,-0.9659258262890684,0.2588190451025203,-0.29240597695107734,0.9562942772197719
training,2025-12-12T18:00:00+00:00,2025-12-12T12:00:00+00:00,2025-12-14T19:00:00+00:00,2025-12-15T00:00:00+05:00,48,49.0,e575a00639c64503102f3bbcbe09fca644f3ece7e598ec2e21fd0686dcd40314,0.9899999999999999,9.59,9.84,10.05,68.0,-1.0,947.0,-0.9659258262890684,0.2588190451025203,-0.29240597695107734,0.9562942772197719
training,2025-12-13T18:00:00+00:00,2025-12-13T12:00:00+00:00,2025-12-14T20:00:00+00:00,2025-12-15T01:00:00+05:00,24,26.0,081a589888559fd7fe2940720382bb449b694a6838460ef31a7e14c4ecb6c571,0.96,10.92,11.2,11.43,74.0,-0.4,947.0,-0.8660254037844386,0.5000000000000001,-0.29240597695107734,0.9562942772197719
training,2025-12-12T18:00:00+00:00,2025-12-12T12:00:00+00:00,2025-12-14T20:00:00+00:00,2025-12-15T01:00:00+05:00,48,50.0,e575a00639c64503102f3bbcbe09fca644f3ece7e598ec2e21fd0686dcd40314,0.96,10.04,10.3,10.51,70.0,-0.9,946.3,-0.8660254037844386,0.5000000000000001,-0.29240597695107734,0.9562942772197719
training,2025-12-14T00:00:00+00:00,2025-12-13T18:00:00+00:00,2025-12-14T21:00:00+00:00,2025-12-15T02:00:00+05:00,24,21.0,bf6f84d60185874b4f00737cbd0e1766a1fedf72c6087050218b0169b0157841,0.89,9.65,9.91,10.11,80.0,0.1,946.9,-0.7071067811865477,0.7071067811865474,-0.29240597695107734,0.9562942772197719
training,2025-12-13T00:00:00+00:00,2025-12-12T18:00:00+00:00,2025-12-14T21:00:00+00:00,2025-12-15T02:00:00+05:00,48,45.0,84f08aa679b903b607b8c5f3c6a3ebed5eaf1052f1b952b3b2236381599d55ce,0.89,9.62,9.87,10.08,75.0,-0.3,945.6,-0.7071067811865477,0.7071067811865474,-0.29240597695107734,0.9562942772197719
training,2025-12-14T00:00:00+00:00,2025-12-13T18:00:00+00:00,2025-12-14T22:00:00+00:00,2025-12-15T03:00:00+05:00,24,22.0,bf6f84d60185874b4f00737cbd0e1766a1fedf72c6087050218b0169b0157841,0.555,8.99,9.22,9.41,83.0,0.0,946.8,-0.5000000000000004,0.8660254037844384,-0.29240597695107734,0.9562942772197719
training,2025-12-13T00:00:00+00:00,2025-12-12T18:00:00+00:00,2025-12-14T22:00:00+00:00,2025-12-15T03:00:00+05:00,48,46.0,84f08aa679b903b607b8c5f3c6a3ebed5eaf1052f1b952b3b2236381599d55ce,0.555,9.47,9.71,9.91,75.0,-0.3,945.5,-0.5000000000000004,0.8660254037844384,-0.29240597695107734,0.9562942772197719
training,2025-12-14T00:00:00+00:00,2025-12-13T18:00:00+00:00,2025-12-14T23:00:00+00:00,2025-12-15T04:00:00+05:00,24,23.0,bf6f84d60185874b4f00737cbd0e1766a1fedf72c6087050218b0169b0157841,0.2366666666666667,7.3,7.48,7.64,67.0,0.3,947.8,-0.25881904510252157,0.9659258262890681,-0.29240597695107734,0.9562942772197719
training,2025-12-13T00:00:00+00:00,2025-12-12T18:00:00+00:00,2025-12-14T23:00:00+00:00,2025-12-15T04:00:00+05:00,48,47.0,84f08aa679b903b607b8c5f3c6a3ebed5eaf1052f1b952b3b2236381599d55ce,0.2366666666666667,8.56,8.78,8.97,74.0,-0.6,945.9,-0.25881904510252157,0.9659258262890681,-0.29240597695107734,0.9562942772197719
training,2025-12-14T00:00:00+00:00,2025-12-13T18:00:00+00:00,2025-12-15T00:00:00+00:00,2025-12-15T05:00:00+05:00,24,24.0,bf6f84d60185874b4f00737cbd0e1766a1fedf72c6087050218b0169b0157841,0.016666666666666666,4.93,5.06,5.16,245.0,-0.4,953.0,0.0,1.0,-0.27591294500296043,0.9611826292540837
training,2025-12-13T00:00:00+00:00,2025-12-12T18:00:00+00:00,2025-12-15T00:00:00+00:00,2025-12-15T05:00:00+05:00,48,48.0,84f08aa679b903b607b8c5f3c6a3ebed5eaf1052f1b952b3b2236381599d55ce,0.016666666666666666,6.78,6.95,7.1,260.0,-1.1,950.3,0.0,1.0,-0.27591294500296043,0.9611826292540837
training,2025-12-14T00:00:00+00:00,2025-12-13T18:00:00+00:00,2025-12-15T01:00:00+00:00,2025-12-15T06:00:00+05:00,24,25.0,bf6f84d60185874b4f00737cbd0e1766a1fedf72c6087050218b0169b0157841,0.018333333333333333,7.64,7.84,8.0,210.0,-0.4,952.8,0.25881904510252074,0.9659258262890683,-0.27591294500296043,0.9611826292540837
training,2025-12-13T00:00:00+00:00,2025-12-12T18:00:00+00:00,2025-12-15T01:00:00+00:00,2025-12-15T06:00:00+05:00,48,49.0,84f08aa679b903b607b8c5f3c6a3ebed5eaf1052f1b952b3b2236381599d55ce,0.018333333333333333,8.85,9.08,9.27,253.0,0.6,953.0,0.25881904510252074,0.9659258262890683,-0.27591294500296043,0.9611826292540837
training,2025-12-14T00:00:00+00:00,2025-12-13T18:00:00+00:00,2025-12-15T02:00:00+00:00,2025-12-15T07:00:00+05:00,24,26.0,bf6f84d60185874b4f00737cbd0e1766a1fedf72c6087050218b0169b0157841,0.6433333333333333,7.4,7.6,7.75,249.0,-0.1,955.3,0.49999999999999994,0.8660254037844387,-0.27591294500296043,0.9611826292540837
training,2025-12-13T00:00:00+00:00,2025-12-12T18:00:00+00:00,2025-12-15T02:00:00+00:00,2025-12-15T07:00:00+05:00,48,50.0,84f08aa679b903b607b8c5f3c6a3ebed5eaf1052f1b952b3b2236381599d55ce,0.6433333333333333,10.72,11.0,11.23,270.0,1.5,955.4,0.49999999999999994,0.8660254037844387,-0.27591294500296043,0.9611826292540837
training,2025-12-14T06:00:00+00:00,2025-12-14T00:00:00+00:00,2025-12-15T03:00:00+00:00,2025-12-15T08:00:00+05:00,24,21.0,744cb90bf90ccc8333879714c3b726a8bfe42d1ed93eb402ccd842a1e56acdef,0.5750000000000001,7.85,8.05,8.22,243.0,1.8,956.1,0.7071067811865476,0.7071067811865476,-0.27591294500296043,0.9611826292540837
training,2025-12-13T06:00:00+00:00,2025-12-13T00:00:00+00:00,2025-12-15T03:00:00+00:00,2025-12-15T08:00:00+05:00,48,45.0,dcc580fe1723d84bbfdd057de64aefb328229a74de53f1963a407f3893b5bc6d,0.5750000000000001,11.49,11.79,12.03,242.0,1.3,956.8,0.7071067811865476,0.7071067811865476,-0.27591294500296043,0.9611826292540837
training,2025-12-14T06:00:00+00:00,2025-12-14T00:00:00+00:00,2025-12-15T04:00:00+00:00,2025-12-15T09:00:00+05:00,24,22.0,744cb90bf90ccc8333879714c3b726a8bfe42d1ed93eb402ccd842a1e56acdef,0.7599999999999999,7.9,8.1,8.27,257.0,1.9,957.2,0.8660254037844386,0.5000000000000001,-0.27591294500296043,0.9611826292540837
training,2025-12-13T06:00:00+00:00,2025-12-13T00:00:00+00:00,2025-12-15T04:00:00+00:00,2025-12-15T09:00:00+05:00,48,46.0,dcc580fe1723d84bbfdd057de64aefb328229a74de53f1963a407f3893b5bc6d,0.7599999999999999,11.75,12.05,12.3,244.0,2.1,957.8,0.8660254037844386,0.5000000000000001,-0.27591294500296043,0.9611826292540837
training,2025-12-14T06:00:00+00:00,2025-12-14T00:00:00+00:00,2025-12-15T05:00:00+00:00,2025-12-15T10:00:00+05:00,24,23.0,744cb90bf90ccc8333879714c3b726a8bfe42d1ed93eb402ccd842a1e56acdef,0.9933333333333333,9.87,10.13,10.34,245.0,2.3,957.8,0.9659258262890683,0.25881904510252074,-0.27591294500296043,0.9611826292540837
training,2025-12-13T06:00:00+00:00,2025-12-13T00:00:00+00:00,2025-12-15T05:00:00+00:00,2025-12-15T10:00:00+05:00,48,47.0,dcc580fe1723d84bbfdd057de64aefb328229a74de53f1963a407f3893b5bc6d,0.9933333333333333,11.2,11.49,11.73,244.0,3.1,958.6,0.9659258262890683,0.25881904510252074,-0.27591294500296043,0.9611826292540837
training,2025-12-14T06:00:00+00:00,2025-12-14T00:00:00+00:00,2025-12-15T06:00:00+00:00,2025-12-15T11:00:00+05:00,24,24.0,744cb90bf90ccc8333879714c3b726a8bfe42d1ed93eb402ccd842a1e56acdef,0.9899999999999999,11.86,12.16,12.42,253.0,3.9,958.5,1.0,6.123233995736766e-17,-0.27591294500296043,0.9611826292540837
training,2025-12-13T06:00:00+00:00,2025-12-13T00:00:00+00:00,2025-12-15T06:00:00+00:00,2025-12-15T11:00:00+05:00,48,48.0,dcc580fe1723d84bbfdd057de64aefb328229a74de53f1963a407f3893b5bc6d,0.9899999999999999,12.02,12.33,12.59,251.0,3.5,959.2,1.0,6.123233995736766e-17,-0.27591294500296043,0.9611826292540837
training,2025-12-14T06:00:00+00:00,2025-12-14T00:00:00+00:00,2025-12-15T07:00:00+00:00,2025-12-15T12:00:00+05:00,24,25.0,744cb90bf90ccc8333879714c3b726a8bfe42d1ed93eb402ccd842a1e56acdef,0.9899999999999999,11.12,11.4,11.64,247.0,2.9,958.4,0.9659258262890683,-0.25881904510252063,-0.27591294500296043,0.9611826292540837
training,2025-12-13T06:00:00+00:00,2025-12-13T00:00:00+00:00,2025-12-15T07:00:00+00:00,2025-12-15T12:00:00+05:00,48,49.0,dcc580fe1723d84bbfdd057de64aefb328229a74de53f1963a407f3893b5bc6d,0.9899999999999999,11.53,11.83,12.07,244.0,3.1,959.4,0.9659258262890683,-0.25881904510252063,-0.27591294500296043,0.9611826292540837
training,2025-12-14T06:00:00+00:00,2025-12-14T00:00:00+00:00,2025-12-15T08:00:00+00:00,2025-12-15T13:00:00+05:00,24,26.0,744cb90bf90ccc8333879714c3b726a8bfe42d1ed93eb402ccd842a1e56acdef,0.9899999999999999,10.34,10.61,10.83,238.0,2.7,958.9,0.8660254037844387,-0.4999999999999998,-0.27591294500296043,0.9611826292540837
training,2025-12-13T06:00:00+00:00,2025-12-13T00:00:00+00:00,2025-12-15T08:00:00+00:00,2025-12-15T13:00:00+05:00,48,50.0,dcc580fe1723d84bbfdd057de64aefb328229a74de53f1963a407f3893b5bc6d,0.9899999999999999,11.47,11.77,12.02,241.0,2.8,959.7,0.8660254037844387,-0.4999999999999998,-0.27591294500296043,0.9611826292540837
training,2025-12-14T12:00:00+00:00,2025-12-14T06:00:00+00:00,2025-12-15T09:00:00+00:00,2025-12-15T14:00:00+05:00,24,21.0,b850f3291a7f0508a5093f24b2baec7982abb9a68e17a9de6221bdaaabc9c777,0.9899999999999999,11.4,11.7,11.94,231.0,1.4,960.3,0.7071067811865476,-0.7071067811865475,-0.27591294500296043,0.9611826292540837
training,2025-12-13T12:00:00+00:00,2025-12-13T06:00:00+00:00,2025-12-15T09:00:00+00:00,2025-12-15T14:00:00+05:00,48,45.0,42a1a6d942cb580052c39b2ab121152da91189ae0ea75348b94b4adc8b968dba,0.9899999999999999,12.03,12.34,12.6,237.0,1.6,960.3,0.7071067811865476,-0.7071067811865475,-0.27591294500296043,0.9611826292540837
training,2025-12-14T12:00:00+00:00,2025-12-14T06:00:00+00:00,2025-12-15T10:00:00+00:00,2025-12-15T15:00:00+05:00,24,22.0,b850f3291a7f0508a5093f24b2baec7982abb9a68e17a9de6221bdaaabc9c777,0.9899999999999999,12.86,13.2,13.47,240.0,0.8,961.1,0.49999999999999994,-0.8660254037844387,-0.27591294500296043,0.9611826292540837
training,2025-12-13T12:00:00+00:00,2025-12-13T06:00:00+00:00,2025-12-15T10:00:00+00:00,2025-12-15T15:00:00+05:00,48,46.0,42a1a6d942cb580052c39b2ab121152da91189ae0ea75348b94b4adc8b968dba,0.9899999999999999,12.61,12.94,13.21,241.0,0.8,961.3,0.49999999999999994,-0.8660254037844387,-0.27591294500296043,0.9611826292540837
training,2025-12-14T12:00:00+00:00,2025-12-14T06:00:00+00:00,2025-12-15T11:00:00+00:00,2025-12-15T16:00:00+05:00,24,23.0,b850f3291a7f0508a5093f24b2baec7982abb9a68e17a9de6221bdaaabc9c777,0.9899999999999999,12.47,12.79,13.05,238.0,-0.6,961.8,0.258819045102521,-0.9659258262890682,-0.27591294500296043,0.9611826292540837
training,2025-12-13T12:00:00+00:00,2025-12-13T06:00:00+00:00,2025-12-15T11:00:00+00:00,2025-12-15T16:00:00+05:00,48,47.0,42a1a6d942cb580052c39b2ab121152da91189ae0ea75348b94b4adc8b968dba,0.9899999999999999,12.42,12.74,13.01,240.0,-0.4,961.9,0.258819045102521,-0.9659258262890682,-0.27591294500296043,0.9611826292540837
training,2025-12-14T12:00:00+00:00,2025-12-14T06:00:00+00:00,2025-12-15T12:00:00+00:00,2025-12-15T17:00:00+05:00,24,24.0,b850f3291a7f0508a5093f24b2baec7982abb9a68e17a9de6221bdaaabc9c777,0.9899999999999999,11.41,11.71,11.95,233.0,-1.4,962.3,1.2246467991473532e-16,-1.0,-0.27591294500296043,0.9611826292540837
training,2025-12-13T12:00:00+00:00,2025-12-13T06:00:00+00:00,2025-12-15T12:00:00+00:00,2025-12-15T17:00:00+05:00,48,48.0,42a1a6d942cb580052c39b2ab121152da91189ae0ea75348b94b4adc8b968dba,0.9899999999999999,11.47,11.76,12.01,235.0,-1.3,962.5,1.2246467991473532e-16,-1.0,-0.27591294500296043,0.9611826292540837
training,2025-12-14T12:00:00+00:00,2025-12-14T06:00:00+00:00,2025-12-15T13:00:00+00:00,2025-12-15T18:00:00+05:00,24,25.0,b850f3291a7f0508a5093f24b2baec7982abb9a68e17a9de6221bdaaabc9c777,0.9899999999999999,10.47,10.74,10.96,231.0,-1.5,962.8,-0.2588190451025208,-0.9659258262890683,-0.27591294500296043,0.9611826292540837
training,2025-12-13T12:00:00+00:00,2025-12-13T06:00:00+00:00,2025-12-15T13:00:00+00:00,2025-12-15T18:00:00+05:00,48,49.0,42a1a6d942cb580052c39b2ab121152da91189ae0ea75348b94b4adc8b968dba,0.9899999999999999,10.66,10.94,11.17,234.0,-1.7,963.1,-0.2588190451025208,-0.9659258262890683,-0.27591294500296043,0.9611826292540837
training,2025-12-14T12:00:00+00:00,2025-12-14T06:00:00+00:00,2025-12-15T14:00:00+00:00,2025-12-15T19:00:00+05:00,24,26.0,b850f3291a7f0508a5093f24b2baec7982abb9a68e17a9de6221bdaaabc9c777,0.9899999999999999,9.18,9.41,9.61,228.0,-1.7,962.9,-0.4999999999999997,-0.8660254037844388,-0.27591294500296043,0.9611826292540837
training,2025-12-13T12:00:00+00:00,2025-12-13T06:00:00+00:00,2025-12-15T14:00:00+00:00,2025-12-15T19:00:00+05:00,48,50.0,42a1a6d942cb580052c39b2ab121152da91189ae0ea75348b94b4adc8b968dba,0.9899999999999999,9.8,10.06,10.26,228.0,-2.0,963.4,-0.4999999999999997,-0.8660254037844388,-0.27591294500296043,0.9611826292540837
training,2025-12-14T18:00:00+00:00,2025-12-14T12:00:00+00:00,2025-12-15T15:00:00+00:00,2025-12-15T20:00:00+05:00,24,21.0,bcb3438fe7e396049d942163a17f1a746bfbe8ac32938be4198a39fce95a88c9,0.9783333333333334,8.24,8.45,8.63,227.0,-0.7,963.1,-0.7071067811865471,-0.7071067811865479,-0.27591294500296043,0.9611826292540837
training,2025-12-13T18:00:00+00:00,2025-12-13T12:00:00+00:00,2025-12-15T15:00:00+00:00,2025-12-15T20:00:00+05:00,48,45.0,081a589888559fd7fe2940720382bb449b694a6838460ef31a7e14c4ecb6c571,0.9783333333333334,7.59,7.79,7.95,222.0,-1.6,963.3,-0.7071067811865471,-0.7071067811865479,-0.27591294500296043,0.9611826292540837
training,2025-12-14T18:00:00+00:00,2025-12-14T12:00:00+00:00,2025-12-15T16:00:00+00:00,2025-12-15T21:00:00+05:00,24,22.0,bcb3438fe7e396049d942163a17f1a746bfbe8ac32938be4198a39fce95a88c9,0.465,6.54,6.71,6.85,220.0,-0.4,962.9,-0.8660254037844385,-0.5000000000000004,-0.27591294500296043,0.9611826292540837
training,2025-12-13T18:00:00+00:00,2025-12-13T12:00:00+00:00,2025-12-15T16:00:00+00:00,2025-12-15T21:00:00+05:00,48,46.0,081a589888559fd7fe2940720382bb449b694a6838460ef31a7e14c4ecb6c571,0.465,5.84,5.99,6.11,218.0,-2.2,963.1,-0.8660254037844385,-0.5000000000000004,-0.27591294500296043,0.9611826292540837
training,2025-12-14T18:00:00+00:00,2025-12-14T12:00:00+00:00,2025-12-15T17:00:00+00:00,2025-12-15T22:00:00+05:00,24,23.0,bcb3438fe7e396049d942163a17f1a746bfbe8ac32938be4198a39fce95a88c9,0.034999999999999996,5.01,5.14,5.24,221.0,-0.6,962.6,-0.9659258262890683,-0.25881904510252063,-0.27591294500296043,0.9611826292540837
training,2025-12-13T18:00:00+00:00,2025-12-13T12:00:00+00:00,2025-12-15T17:00:00+00:00,2025-12-15T22:00:00+05:00,48,47.0,081a589888559fd7fe2940720382bb449b694a6838460ef31a7e14c4ecb6c571,0.034999999999999996,3.56,3.65,3.73,221.0,-2.9,962.8,-0.9659258262890683,-0.25881904510252063,-0.27591294500296043,0.9611826292540837
training,2025-12-14T18:00:00+00:00,2025-12-14T12:00:00+00:00,2025-12-15T18:00:00+00:00,2025-12-15T23:00:00+05:00,24,24.0,bcb3438fe7e396049d942163a17f1a746bfbe8ac32938be4198a39fce95a88c9,0.02666666666666667,2.79,2.87,2.92,241.0,-1.2,962.4,-1.0,-1.8369701987210297e-16,-0.27591294500296043,0.9611826292540837
training,2025-12-13T18:00:00+00:00,2025-12-13T12:00:00+00:00,2025-12-15T18:00:00+00:00,2025-12-15T23:00:00+05:00,48,48.0,081a589888559fd7fe2940720382bb449b694a6838460ef31a7e14c4ecb6c571,0.02666666666666667,1.24,1.27,1.3,281.0,-4.0,962.4,-1.0,-1.8369701987210297e-16,-0.27591294500296043,0.9611826292540837
training,2025-12-14T18:00:00+00:00,2025-12-14T12:00:00+00:00,2025-12-15T19:00:00+00:00,2025-12-16T00:00:00+05:00,24,25.0,bcb3438fe7e396049d942163a17f1a746bfbe8ac32938be4198a39fce95a88c9,0.01,1.2,1.23,1.26,291.0,-1.6,962.5,-0.9659258262890684,0.2588190451025203,-0.27591294500296043,0.9611826292540837
training,2025-12-13T18:00:00+00:00,2025-12-13T12:00:00+00:00,2025-12-15T19:00:00+00:00,2025-12-16T00:00:00+05:00,48,49.0,081a589888559fd7fe2940720382bb449b694a6838460ef31a7e14c4ecb6c571,0.01,1.77,1.82,1.86,21.0,-3.9,962.6,-0.9659258262890684,0.2588190451025203,-0.27591294500296043,0.9611826292540837
training,2025-12-14T18:00:00+00:00,2025-12-14T12:00:00+00:00,2025-12-15T20:00:00+00:00,2025-12-16T01:00:00+05:00,24,26.0,bcb3438fe7e396049d942163a17f1a746bfbe8ac32938be4198a39fce95a88c9,0.01,0.35,0.36,0.37,34.0,-2.5,962.4,-0.8660254037844386,0.5000000000000001,-0.27591294500296043,0.9611826292540837
training,2025-12-13T18:00:00+00:00,2025-12-13T12:00:00+00:00,2025-12-15T20:00:00+00:00,2025-12-16T01:00:00+05:00,48,50.0,081a589888559fd7fe2940720382bb449b694a6838460ef31a7e14c4ecb6c571,0.01,2.45,2.51,2.56,55.0,-3.7,962.5,-0.8660254037844386,0.5000000000000001,-0.27591294500296043,0.9611826292540837
training,2025-12-15T00:00:00+00:00,2025-12-14T18:00:00+00:00,2025-12-15T21:00:00+00:00,2025-12-16T02:00:00+05:00,24,21.0,bcc2c7dee19d13f9be134e21c94c7adfe43dd278e378356f7e6321cd16df5bfc,0.011666666666666667,0.73,0.75,0.77,53.0,-3.0,962.0,-0.7071067811865477,0.7071067811865474,-0.27591294500296043,0.9611826292540837
training,2025-12-14T00:00:00+00:00,2025-12-13T18:00:00+00:00,2025-12-15T21:00:00+00:00,2025-12-16T02:00:00+05:00,48,45.0,bf6f84d60185874b4f00737cbd0e1766a1fedf72c6087050218b0169b0157841,0.011666666666666667,2.92,3.0,3.06,66.0,-3.8,962.0,-0.7071067811865477,0.7071067811865474,-0.27591294500296043,0.9611826292540837
training,2025-12-15T00:00:00+00:00,2025-12-14T18:00:00+00:00,2025-12-15T22:00:00+00:00,2025-12-16T03:00:00+05:00,24,22.0,bcc2c7dee19d13f9be134e21c94c7adfe43dd278e378356f7e6321cd16df5bfc,0.034999999999999996,1.0,1.03,1.05,43.0,-2.9,962.2,-0.5000000000000004,0.8660254037844384,-0.27591294500296043,0.9611826292540837
training,2025-12-14T00:00:00+00:00,2025-12-13T18:00:00+00:00,2025-12-15T22:00:00+00:00,2025-12-16T03:00:00+05:00,48,46.0,bf6f84d60185874b4f00737cbd0e1766a1fedf72c6087050218b0169b0157841,0.034999999999999996,3.89,3.99,4.07,60.0,-4.1,961.9,-0.5000000000000004,0.8660254037844384,-0.27591294500296043,0.9611826292540837
training,2025-12-15T00:00:00+00:00,2025-12-14T18:00:00+00:00,2025-12-15T23:00:00+00:00,2025-12-16T04:00:00+05:00,24,23.0,bcc2c7dee19d13f9be134e21c94c7adfe43dd278e378356f7e6321cd16df5bfc,0.05833333333333334,1.31,1.34,1.37,63.0,-2.7,962.4,-0.25881904510252157,0.9659258262890681,-0.27591294500296043,0.9611826292540837
training,2025-12-14T00:00:00+00:00,2025-12-13T18:00:00+00:00,2025-12-15T23:00:00+00:00,2025-12-16T04:00:00+05:00,48,47.0,bf6f84d60185874b4f00737cbd0e1766a1fedf72c6087050218b0169b0157841,0.05833333333333334,3.97,4.07,4.15,62.0,-4.0,961.6,-0.25881904510252157,0.9659258262890681,-0.27591294500296043,0.9611826292540837
training,2025-12-15T00:00:00+00:00,2025-12-14T18:00:00+00:00,2025-12-16T00:00:00+00:00,2025-12-16T05:00:00+05:00,24,24.0,bcc2c7dee19d13f9be134e21c94c7adfe43dd278e378356f7e6321cd16df5bfc,0.35833333333333334,1.98,2.04,2.08,62.0,-2.7,962.3,0.0,1.0,-0.2593382659754056,0.9657865518844574
training,2025-12-14T00:00:00+00:00,2025-12-13T18:00:00+00:00,2025-12-16T00:00:00+00:00,2025-12-16T05:00:00+05:00,48,48.0,bf6f84d60185874b4f00737cbd0e1766a1fedf72c6087050218b0169b0157841,0.35833333333333334,3.88,3.99,4.07,70.0,-3.5,961.4,0.0,1.0,-0.2593382659754056,0.9657865518844574
training,2025-12-15T00:00:00+00:00,2025-12-14T18:00:00+00:00,2025-12-16T01:00:00+00:00,2025-12-16T06:00:00+05:00,24,25.0,bcc2c7dee19d13f9be134e21c94c7adfe43dd278e378356f7e6321cd16df5bfc,0.43333333333333335,2.99,3.07,3.13,74.0,-2.7,961.8,0.25881904510252074,0.9659258262890683,-0.2593382659754056,0.9657865518844574
training,2025-12-14T00:00:00+00:00,2025-12-13T18:00:00+00:00,2025-12-16T01:00:00+00:00,2025-12-16T06:00:00+05:00,48,49.0,bf6f84d60185874b4f00737cbd0e1766a1fedf72c6087050218b0169b0157841,0.43333333333333335,4.21,4.32,4.41,70.0,-3.5,961.4,0.25881904510252074,0.9659258262890683,-0.2593382659754056,0.9657865518844574
training,2025-12-15T00:00:00+00:00,2025-12-14T18:00:00+00:00,2025-12-16T02:00:00+00:00,2025-12-16T07:00:00+05:00,24,26.0,bcc2c7dee19d13f9be134e21c94c7adfe43dd278e378356f7e6321cd16df5bfc,0.64,4.05,4.16,4.24,72.0,-3.3,961.2,0.49999999999999994,0.8660254037844387,-0.2593382659754056,0.9657865518844574
training,2025-12-14T00:00:00+00:00,2025-12-13T18:00:00+00:00,2025-12-16T02:00:00+00:00,2025-12-16T07:00:00+05:00,48,50.0,bf6f84d60185874b4f00737cbd0e1766a1fedf72c6087050218b0169b0157841,0.64,4.53,4.65,4.74,71.0,-3.7,961.2,0.49999999999999994,0.8660254037844387,-0.2593382659754056,0.9657865518844574
training,2025-12-15T06:00:00+00:00,2025-12-15T00:00:00+00:00,2025-12-16T03:00:00+00:00,2025-12-16T08:00:00+05:00,24,21.0,55964b382722f3806b09f7345d889bd47b54877f5f5fe804ad6d55fb5094c226,0.96,5.09,5.22,5.33,70.0,-2.1,960.9,0.7071067811865476,0.7071067811865476,-0.2593382659754056,0.9657865518844574
training,2025-12-14T06:00:00+00:00,2025-12-14T00:00:00+00:00,2025-12-16T03:00:00+00:00,2025-12-16T08:00:00+05:00,48,45.0,744cb90bf90ccc8333879714c3b726a8bfe42d1ed93eb402ccd842a1e56acdef,0.96,3.06,3.14,3.21,76.0,-2.5,961.4,0.7071067811865476,0.7071067811865476,-0.2593382659754056,0.9657865518844574
training,2025-12-15T06:00:00+00:00,2025-12-15T00:00:00+00:00,2025-12-16T04:00:00+00:00,2025-12-16T09:00:00+05:00,24,22.0,55964b382722f3806b09f7345d889bd47b54877f5f5fe804ad6d55fb5094c226,0.9883333333333333,5.9,6.05,6.18,68.0,0.6,960.8,0.8660254037844386,0.5000000000000001,-0.2593382659754056,0.9657865518844574
training,2025-12-14T06:00:00+00:00,2025-12-14T00:00:00+00:00,2025-12-16T04:00:00+00:00,2025-12-16T09:00:00+05:00,48,46.0,744cb90bf90ccc8333879714c3b726a8bfe42d1ed93eb402ccd842a1e56acdef,0.9883333333333333,3.61,3.7,3.78,71.0,-0.2,961.8,0.8660254037844386,0.5000000000000001,-0.2593382659754056,0.9657865518844574
training,2025-12-15T06:00:00+00:00,2025-12-15T00:00:00+00:00,2025-12-16T05:00:00+00:00,2025-12-16T10:00:00+05:00,24,23.0,55964b382722f3806b09f7345d889bd47b54877f5f5fe804ad6d55fb5094c226,0.9383333333333334,5.69,5.84,5.96,63.0,2.8,960.6,0.9659258262890683,0.25881904510252074,-0.2593382659754056,0.9657865518844574
training,2025-12-14T06:00:00+00:00,2025-12-14T00:00:00+00:00,2025-12-16T05:00:00+00:00,2025-12-16T10:00:00+05:00,48,47.0,744cb90bf90ccc8333879714c3b726a8bfe42d1ed93eb402ccd842a1e56acdef,0.9383333333333334,3.36,3.45,3.52,71.0,2.1,961.6,0.9659258262890683,0.25881904510252074,-0.2593382659754056,0.9657865518844574
training,2025-12-15T06:00:00+00:00,2025-12-15T00:00:00+00:00,2025-12-16T06:00:00+00:00,2025-12-16T11:00:00+05:00,24,24.0,55964b382722f3806b09f7345d889bd47b54877f5f5fe804ad6d55fb5094c226,0.975,6.39,6.55,6.69,64.0,3.9,959.9,1.0,6.123233995736766e-17,-0.2593382659754056,0.9657865518844574
training,2025-12-14T06:00:00+00:00,2025-12-14T00:00:00+00:00,2025-12-16T06:00:00+00:00,2025-12-16T11:00:00+05:00,48,48.0,744cb90bf90ccc8333879714c3b726a8bfe42d1ed93eb402ccd842a1e56acdef,0.975,3.75,3.85,3.93,65.0,3.3,961.1,1.0,6.123233995736766e-17,-0.2593382659754056,0.9657865518844574
training,2025-12-15T06:00:00+00:00,2025-12-15T00:00:00+00:00,2025-12-16T07:00:00+00:00,2025-12-16T12:00:00+05:00,24,25.0,55964b382722f3806b09f7345d889bd47b54877f5f5fe804ad6d55fb5094c226,0.965,6.41,6.57,6.71,63.0,4.7,958.8,0.9659258262890683,-0.25881904510252063,-0.2593382659754056,0.9657865518844574
training,2025-12-14T06:00:00+00:00,2025-12-14T00:00:00+00:00,2025-12-16T07:00:00+00:00,2025-12-16T12:00:00+05:00,48,49.0,744cb90bf90ccc8333879714c3b726a8bfe42d1ed93eb402ccd842a1e56acdef,0.965,3.49,3.58,3.65,65.0,4.2,960.4,0.9659258262890683,-0.25881904510252063,-0.2593382659754056,0.9657865518844574
training,2025-12-15T06:00:00+00:00,2025-12-15T00:00:00+00:00,2025-12-16T08:00:00+00:00,2025-12-16T13:00:00+05:00,24,26.0,55964b382722f3806b09f7345d889bd47b54877f5f5fe804ad6d55fb5094c226,0.9516666666666667,5.37,5.51,5.62,61.0,5.1,958.7,0.8660254037844387,-0.4999999999999998,-0.2593382659754056,0.9657865518844574
training,2025-12-14T06:00:00+00:00,2025-12-14T00:00:00+00:00,2025-12-16T08:00:00+00:00,2025-12-16T13:00:00+05:00,48,50.0,744cb90bf90ccc8333879714c3b726a8bfe42d1ed93eb402ccd842a1e56acdef,0.9516666666666667,2.62,2.69,2.74,66.0,4.3,959.9,0.8660254037844387,-0.4999999999999998,-0.2593382659754056,0.9657865518844574
training,2025-12-15T12:00:00+00:00,2025-12-15T06:00:00+00:00,2025-12-16T09:00:00+00:00,2025-12-16T14:00:00+05:00,24,21.0,9ff4ca1c27f1d977fc3171e8695a3cc1dc5cc9c92e7eea02bd817da9f57eeab7,0.88,4.21,4.32,4.41,62.0,4.9,958.0,0.7071067811865476,-0.7071067811865475,-0.2593382659754056,0.9657865518844574
training,2025-12-14T12:00:00+00:00,2025-12-14T06:00:00+00:00,2025-12-16T09:00:00+00:00,2025-12-16T14:00:00+05:00,48,45.0,b850f3291a7f0508a5093f24b2baec7982abb9a68e17a9de6221bdaaabc9c777,0.88,4.26,4.37,4.46,59.0,4.3,959.5,0.7071067811865476,-0.7071067811865475,-0.2593382659754056,0.9657865518844574
training,2025-12-15T12:00:00+00:00,2025-12-15T06:00:00+00:00,2025-12-16T10:00:00+00:00,2025-12-16T15:00:00+05:00,24,22.0,9ff4ca1c27f1d977fc3171e8695a3cc1dc5cc9c92e7eea02bd817da9f57eeab7,0.7600000000000001,2.88,2.96,3.02,71.0,3.4,958.3,0.49999999999999994,-0.8660254037844387,-0.2593382659754056,0.9657865518844574
training,2025-12-14T12:00:00+00:00,2025-12-14T06:00:00+00:00,2025-12-16T10:00:00+00:00,2025-12-16T15:00:00+05:00,48,46.0,b850f3291a7f0508a5093f24b2baec7982abb9a68e17a9de6221bdaaabc9c777,0.7600000000000001,4.11,4.22,4.31,59.0,3.2,959.4,0.49999999999999994,-0.8660254037844387,-0.2593382659754056,0.9657865518844574
training,2025-12-15T12:00:00+00:00,2025-12-15T06:00:00+00:00,2025-12-16T11:00:00+00:00,2025-12-16T16:00:00+05:00,24,23.0,9ff4ca1c27f1d977fc3171e8695a3cc1dc5cc9c92e7eea02bd817da9f57eeab7,0.6883333333333334,3.25,3.34,3.41,73.0,0.6,957.7,0.258819045102521,-0.9659258262890682,-0.2593382659754056,0.9657865518844574
training,2025-12-14T12:00:00+00:00,2025-12-14T06:00:00+00:00,2025-12-16T11:00:00+00:00,2025-12-16T16:00:00+05:00,48,47.0,b850f3291a7f0508a5093f24b2baec7982abb9a68e17a9de6221bdaaabc9c777,0.6883333333333334,4.12,4.23,4.31,64.0,-0.1,959.1,0.258819045102521,-0.9659258262890682,-0.2593382659754056,0.9657865518844574
training,2025-12-15T12:00:00+00:00,2025-12-15T06:00:00+00:00,2025-12-16T12:00:00+00:00,2025-12-16T17:00:00+05:00,24,24.0,9ff4ca1c27f1d977fc3171e8695a3cc1dc5cc9c92e7eea02bd817da9f57eeab7,0.4583333333333333,4.04,4.14,4.23,67.0,-0.2,957.1,1.2246467991473532e-16,-1.0,-0.2593382659754056,0.9657865518844574
training,2025-12-14T12:00:00+00:00,2025-12-14T06:00:00+00:00,2025-12-16T12:00:00+00:00,2025-12-16T17:00:00+05:00,48,48.0,b850f3291a7f0508a5093f24b2baec7982abb9a68e17a9de6221bdaaabc9c777,0.4583333333333333,3.87,3.97,4.05,71.0,-1.2,958.8,1.2246467991473532e-16,-1.0,-0.2593382659754056,0.9657865518844574
training,2025-12-15T12:00:00+00:00,2025-12-15T06:00:00+00:00,2025-12-16T13:00:00+00:00,2025-12-16T18:00:00+05:00,24,25.0,9ff4ca1c27f1d977fc3171e8695a3cc1dc5cc9c92e7eea02bd817da9f57eeab7,0.115,4.13,4.24,4.33,71.0,-0.7,956.5,-0.2588190451025208,-0.9659258262890683,-0.2593382659754056,0.9657865518844574
training,2025-12-14T12:00:00+00:00,2025-12-14T06:00:00+00:00,2025-12-16T13:00:00+00:00,2025-12-16T18:00:00+05:00,48,49.0,b850f3291a7f0508a5093f24b2baec7982abb9a68e17a9de6221bdaaabc9c777,0.115,4.34,4.46,4.55,67.0,-1.9,958.1,-0.2588190451025208,-0.9659258262890683,-0.2593382659754056,0.9657865518844574
training,2025-12-15T12:00:00+00:00,2025-12-15T06:00:00+00:00,2025-12-16T14:00:00+00:00,2025-12-16T19:00:00+05:00,24,26.0,9ff4ca1c27f1d977fc3171e8695a3cc1dc5cc9c92e7eea02bd817da9f57eeab7,0.011666666666666667,3.64,3.74,3.81,74.0,-0.8,955.9,-0.4999999999999997,-0.8660254037844388,-0.2593382659754056,0.9657865518844574
training,2025-12-14T12:00:00+00:00,2025-12-14T06:00:00+00:00,2025-12-16T14:00:00+00:00,2025-12-16T19:00:00+05:00,48,50.0,b850f3291a7f0508a5093f24b2baec7982abb9a68e17a9de6221bdaaabc9c777,0.011666666666666667,5.38,5.52,5.64,63.0,-2.0,957.3,-0.4999999999999997,-0.8660254037844388,-0.2593382659754056,0.9657865518844574
training,2025-12-15T18:00:00+00:00,2025-12-15T12:00:00+00:00,2025-12-16T15:00:00+00:00,2025-12-16T20:00:00+05:00,24,21.0,471a80558d1221965f8c90a3ae7c9f4ded92072c61a29c48268ec3fa6431dc41,0.011666666666666667,3.64,3.73,3.81,70.0,-1.4,955.1,-0.7071067811865471,-0.7071067811865479,-0.2593382659754056,0.9657865518844574
training,2025-12-14T18:00:00+00:00,2025-12-14T12:00:00+00:00,2025-12-16T15:00:00+00:00,2025-12-16T20:00:00+05:00,48,45.0,bcb3438fe7e396049d942163a17f1a746bfbe8ac32938be4198a39fce95a88c9,0.011666666666666667,5.52,5.66,5.78,62.0,-1.9,955.9,-0.7071067811865471,-0.7071067811865479,-0.2593382659754056,0.9657865518844574
training,2025-12-15T18:00:00+00:00,2025-12-15T12:00:00+00:00,2025-12-16T16:00:00+00:00,2025-12-16T21:00:00+05:00,24,22.0,471a80558d1221965f8c90a3ae7c9f4ded92072c61a29c48268ec3fa6431dc41,0.09999999999999999,3.36,3.44,3.52,64.0,-1.1,955.2,-0.8660254037844385,-0.5000000000000004,-0.2593382659754056,0.9657865518844574
training,2025-12-14T18:00:00+00:00,2025-12-14T12:00:00+00:00,2025-12-16T16:00:00+00:00,2025-12-16T21:00:00+05:00,48,46.0,bcb3438fe7e396049d942163a17f1a746bfbe8ac32938be4198a39fce95a88c9,0.09999999999999999,5.71,5.86,5.98,63.0,-1.8,955.3,-0.8660254037844385,-0.5000000000000004,-0.2593382659754056,0.9657865518844574
training,2025-12-15T18:00:00+00:00,2025-12-15T12:00:00+00:00,2025-12-16T17:00:00+00:00,2025-12-16T22:00:00+05:00,24,23.0,471a80558d1221965f8c90a3ae7c9f4ded92072c61a29c48268ec3fa6431dc41,0.01,2.89,2.96,3.02,78.0,-0.7,955.2,-0.9659258262890683,-0.25881904510252063,-0.2593382659754056,0.9657865518844574
training,2025-12-14T18:00:00+00:00,2025-12-14T12:00:00+00:00,2025-12-16T17:00:00+00:00,2025-12-16T22:00:00+05:00,48,47.0,bcb3438fe7e396049d942163a17f1a746bfbe8ac32938be4198a39fce95a88c9,0.01,5.17,5.3,5.41,62.0,-1.8,954.9,-0.9659258262890683,-0.25881904510252063,-0.2593382659754056,0.9657865518844574
training,2025-12-15T18:00:00+00:00,2025-12-15T12:00:00+00:00,2025-12-16T18:00:00+00:00,2025-12-16T23:00:00+05:00,24,24.0,471a80558d1221965f8c90a3ae7c9f4ded92072c61a29c48268ec3fa6431dc41,0.01,2.98,3.05,3.12,69.0,-0.9,954.8,-1.0,-1.8369701987210297e-16,-0.2593382659754056,0.9657865518844574
training,2025-12-14T18:00:00+00:00,2025-12-14T12:00:00+00:00,2025-12-16T18:00:00+00:00,2025-12-16T23:00:00+05:00,48,48.0,bcb3438fe7e396049d942163a17f1a746bfbe8ac32938be4198a39fce95a88c9,0.01,4.51,4.63,4.73,62.0,-2.2,954.9,-1.0,-1.8369701987210297e-16,-0.2593382659754056,0.9657865518844574
training,2025-12-15T18:00:00+00:00,2025-12-15T12:00:00+00:00,2025-12-16T19:00:00+00:00,2025-12-17T00:00:00+05:00,24,25.0,471a80558d1221965f8c90a3ae7c9f4ded92072c61a29c48268ec3fa6431dc41,0.01,3.48,3.57,3.64,59.0,-1.3,954.7,-0.9659258262890684,0.2588190451025203,-0.2593382659754056,0.9657865518844574
training,2025-12-14T18:00:00+00:00,2025-12-14T12:00:00+00:00,2025-12-16T19:00:00+00:00,2025-12-17T00:00:00+05:00,48,49.0,bcb3438fe7e396049d942163a17f1a746bfbe8ac32938be4198a39fce95a88c9,0.01,2.82,2.9,2.96,69.0,-2.7,954.8,-0.9659258262890684,0.2588190451025203,-0.2593382659754056,0.9657865518844574
training,2025-12-15T18:00:00+00:00,2025-12-15T12:00:00+00:00,2025-12-16T20:00:00+00:00,2025-12-17T01:00:00+05:00,24,26.0,471a80558d1221965f8c90a3ae7c9f4ded92072c61a29c48268ec3fa6431dc41,0.01,2.27,2.32,2.37,71.0,-1.0,954.9,-0.8660254037844386,0.5000000000000001,-0.2593382659754056,0.9657865518844574
training,2025-12-14T18:00:00+00:00,2025-12-14T12:00:00+00:00,2025-12-16T20:00:00+00:00,2025-12-17T01:00:00+05:00,48,50.0,bcb3438fe7e396049d942163a17f1a746bfbe8ac32938be4198a39fce95a88c9,0.01,2.53,2.6,2.65,67.0,-2.8,954.4,-0.8660254037844386,0.5000000000000001,-0.2593382659754056,0.9657865518844574
training,2025-12-16T00:00:00+00:00,2025-12-15T18:00:00+00:00,2025-12-16T21:00:00+00:00,2025-12-17T02:00:00+05:00,24,21.0,8e082d4ce393cb58dbd0ade79d88c4d349051eb278bcdc8abc58a084416ccd2c,0.08666666666666667,1.42,1.46,1.49,68.0,-0.2,955.1,-0.7071067811865477,0.7071067811865474,-0.2593382659754056,0.9657865518844574
training,2025-12-15T00:00:00+00:00,2025-12-14T18:00:00+00:00,2025-12-16T21:00:00+00:00,2025-12-17T02:00:00+05:00,48,45.0,bcc2c7dee19d13f9be134e21c94c7adfe43dd278e378356f7e6321cd16df5bfc,0.08666666666666667,3.97,4.07,4.15,64.0,-2.6,955.4,-0.7071067811865477,0.7071067811865474,-0.2593382659754056,0.9657865518844574
training,2025-12-16T00:00:00+00:00,2025-12-15T18:00:00+00:00,2025-12-16T22:00:00+00:00,2025-12-17T03:00:00+05:00,24,22.0,8e082d4ce393cb58dbd0ade79d88c4d349051eb278bcdc8abc58a084416ccd2c,0.18000000000000002,0.77,0.79,0.81,145.0,-0.7,954.8,-0.5000000000000004,0.8660254037844384,-0.2593382659754056,0.9657865518844574
training,2025-12-15T00:00:00+00:00,2025-12-14T18:00:00+00:00,2025-12-16T22:00:00+00:00,2025-12-17T03:00:00+05:00,48,46.0,bcc2c7dee19d13f9be134e21c94c7adfe43dd278e378356f7e6321cd16df5bfc,0.18000000000000002,3.17,3.25,3.32,67.0,-2.8,955.2,-0.5000000000000004,0.8660254037844384,-0.2593382659754056,0.9657865518844574
training,2025-12-16T00:00:00+00:00,2025-12-15T18:00:00+00:00,2025-12-16T23:00:00+00:00,2025-12-17T04:00:00+05:00,24,23.0,8e082d4ce393cb58dbd0ade79d88c4d349051eb278bcdc8abc58a084416ccd2c,0.011666666666666667,2.7,2.77,2.82,229.0,-0.9,954.9,-0.25881904510252157,0.9659258262890681,-0.2593382659754056,0.9657865518844574
training,2025-12-15T00:00:00+00:00,2025-12-14T18:00:00+00:00,2025-12-16T23:00:00+00:00,2025-12-17T04:00:00+05:00,48,47.0,bcc2c7dee19d13f9be134e21c94c7adfe43dd278e378356f7e6321cd16df5bfc,0.011666666666666667,0.93,0.95,0.97,90.0,-3.0,955.5,-0.25881904510252157,0.9659258262890681,-0.2593382659754056,0.9657865518844574
training,2025-12-16T00:00:00+00:00,2025-12-15T18:00:00+00:00,2025-12-17T00:00:00+00:00,2025-12-17T05:00:00+05:00,24,24.0,8e082d4ce393cb58dbd0ade79d88c4d349051eb278bcdc8abc58a084416ccd2c,0.01,5.34,5.48,5.59,249.0,0.3,955.7,0.0,1.0,-0.2426868445825954,0.9701046827361175
training,2025-12-15T00:00:00+00:00,2025-12-14T18:00:00+00:00,2025-12-17T00:00:00+00:00,2025-12-17T05:00:00+05:00,48,48.0,bcc2c7dee19d13f9be134e21c94c7adfe43dd278e378356f7e6321cd16df5bfc,0.01,2.01,2.06,2.1,209.0,-2.3,955.9,0.0,1.0,-0.2426868445825954,0.9701046827361175
training,2025-12-16T00:00:00+00:00,2025-12-15T18:00:00+00:00,2025-12-17T01:00:00+00:00,2025-12-17T06:00:00+05:00,24,25.0,8e082d4ce393cb58dbd0ade79d88c4d349051eb278bcdc8abc58a084416ccd2c,0.060000000000000005,4.84,4.97,5.07,241.0,0.5,956.2,0.25881904510252074,0.9659258262890683,-0.2426868445825954,0.9701046827361175
training,2025-12-15T00:00:00+00:00,2025-12-14T18:00:00+00:00,2025-12-17T01:00:00+00:00,2025-12-17T06:00:00+05:00,48,49.0,bcc2c7dee19d13f9be134e21c94c7adfe43dd278e378356f7e6321cd16df5bfc,0.060000000000000005,2.92,3.0,3.06,237.0,-2.2,956.0,0.25881904510252074,0.9659258262890683,-0.2426868445825954,0.9701046827361175
training,2025-12-16T00:00:00+00:00,2025-12-15T18:00:00+00:00,2025-12-17T02:00:00+00:00,2025-12-17T07:00:00+05:00,24,26.0,8e082d4ce393cb58dbd0ade79d88c4d349051eb278bcdc8abc58a084416ccd2c,0.10833333333333334,4.24,4.35,4.44,248.0,0.6,956.5,0.49999999999999994,0.8660254037844387,-0.2426868445825954,0.9701046827361175
training,2025-12-15T00:00:00+00:00,2025-12-14T18:00:00+00:00,2025-12-17T02:00:00+00:00,2025-12-17T07:00:00+05:00,48,50.0,bcc2c7dee19d13f9be134e21c94c7adfe43dd278e378356f7e6321cd16df5bfc,0.10833333333333334,3.04,3.11,3.18,251.0,-2.5,956.3,0.49999999999999994,0.8660254037844387,-0.2426868445825954,0.9701046827361175
training,2025-12-16T06:00:00+00:00,2025-12-16T00:00:00+00:00,2025-12-17T03:00:00+00:00,2025-12-17T08:00:00+05:00,24,21.0,c0023a5c9a39a136b872f9907dc5abbc93fa9051b1dec7348bbd38a1cb4bfa70,0.13,4.56,4.68,4.77,245.0,1.5,956.1,0.7071067811865476,0.7071067811865476,-0.2426868445825954,0.9701046827361175
training,2025-12-15T06:00:00+00:00,2025-12-15T00:00:00+00:00,2025-12-17T03:00:00+00:00,2025-12-17T08:00:00+05:00,48,45.0,55964b382722f3806b09f7345d889bd47b54877f5f5fe804ad6d55fb5094c226,0.13,1.4,1.43,1.46,245.0,0.4,956.2,0.7071067811865476,0.7071067811865476,-0.2426868445825954,0.9701046827361175
training,2025-12-16T06:00:00+00:00,2025-12-16T00:00:00+00:00,2025-12-17T04:00:00+00:00,2025-12-17T09:00:00+05:00,24,22.0,c0023a5c9a39a136b872f9907dc5abbc93fa9051b1dec7348bbd38a1cb4bfa70,0.055,4.03,4.14,4.22,245.0,2.8,956.7,0.8660254037844386,0.5000000000000001,-0.2426868445825954,0.9701046827361175
training,2025-12-15T06:00:00+00:00,2025-12-15T00:00:00+00:00,2025-12-17T04:00:00+00:00,2025-12-17T09:00:00+05:00,48,46.0,55964b382722f3806b09f7345d889bd47b54877f5f5fe804ad6d55fb5094c226,0.055,1.29,1.32,1.35,217.0,2.0,956.6,0.8660254037844386,0.5000000000000001,-0.2426868445825954,0.9701046827361175
training,2025-12-16T06:00:00+00:00,2025-12-16T00:00:00+00:00,2025-12-17T05:00:00+00:00,2025-12-17T10:00:00+05:00,24,23.0,c0023a5c9a39a136b872f9907dc5abbc93fa9051b1dec7348bbd38a1cb4bfa70,0.01,4.58,4.7,4.79,242.0,4.2,957.2,0.9659258262890683,0.25881904510252074,-0.2426868445825954,0.9701046827361175
training,2025-12-15T06:00:00+00:00,2025-12-15T00:00:00+00:00,2025-12-17T05:00:00+00:00,2025-12-17T10:00:00+05:00,48,47.0,55964b382722f3806b09f7345d889bd47b54877f5f5fe804ad6d55fb5094c226,0.01,1.32,1.35,1.38,231.0,2.8,956.5,0.9659258262890683,0.25881904510252074,-0.2426868445825954,0.9701046827361175
training,2025-12-16T06:00:00+00:00,2025-12-16T00:00:00+00:00,2025-12-17T06:00:00+00:00,2025-12-17T11:00:00+05:00,24,24.0,c0023a5c9a39a136b872f9907dc5abbc93fa9051b1dec7348bbd38a1cb4bfa70,0.01,4.34,4.45,4.54,244.0,5.0,957.1,1.0,6.123233995736766e-17,-0.2426868445825954,0.9701046827361175
training,2025-12-15T06:00:00+00:00,2025-12-15T00:00:00+00:00,2025-12-17T06:00:00+00:00,2025-12-17T11:00:00+05:00,48,48.0,55964b382722f3806b09f7345d889bd47b54877f5f5fe804ad6d55fb5094c226,0.01,1.39,1.42,1.45,219.0,3.7,956.3,1.0,6.123233995736766e-17,-0.2426868445825954,0.9701046827361175
training,2025-12-16T06:00:00+00:00,2025-12-16T00:00:00+00:00,2025-12-17T07:00:00+00:00,2025-12-17T12:00:00+05:00,24,25.0,c0023a5c9a39a136b872f9907dc5abbc93fa9051b1dec7348bbd38a1cb4bfa70,0.01,4.27,4.38,4.47,235.0,4.8,956.9,0.9659258262890683,-0.25881904510252063,-0.2426868445825954,0.9701046827361175
training,2025-12-15T06:00:00+00:00,2025-12-15T00:00:00+00:00,2025-12-17T07:00:00+00:00,2025-12-17T12:00:00+05:00,48,49.0,55964b382722f3806b09f7345d889bd47b54877f5f5fe804ad6d55fb5094c226,0.01,1.96,2.01,2.05,251.0,3.3,956.3,0.9659258262890683,-0.25881904510252063,-0.2426868445825954,0.9701046827361175
training,2025-12-16T06:00:00+00:00,2025-12-16T00:00:00+00:00,2025-12-17T08:00:00+00:00,2025-12-17T13:00:00+05:00,24,26.0,c0023a5c9a39a136b872f9907dc5abbc93fa9051b1dec7348bbd38a1cb4bfa70,0.01,4.73,4.85,4.95,233.0,4.6,957.1,0.8660254037844387,-0.4999999999999998,-0.2426868445825954,0.9701046827361175
training,2025-12-15T06:00:00+00:00,2025-12-15T00:00:00+00:00,2025-12-17T08:00:00+00:00,2025-12-17T13:00:00+05:00,48,50.0,55964b382722f3806b09f7345d889bd47b54877f5f5fe804ad6d55fb5094c226,0.01,3.25,3.33,3.4,234.0,3.2,956.6,0.8660254037844387,-0.4999999999999998,-0.2426868445825954,0.9701046827361175
training,2025-12-16T12:00:00+00:00,2025-12-16T06:00:00+00:00,2025-12-17T09:00:00+00:00,2025-12-17T14:00:00+05:00,24,21.0,837a30c80fe5b6bad434a8598620bd2e888376843dd9a15d8d3b03ab107e19b3,0.01,6.38,6.55,6.68,237.0,3.4,956.9,0.7071067811865476,-0.7071067811865475,-0.2426868445825954,0.9701046827361175
training,2025-12-15T12:00:00+00:00,2025-12-15T06:00:00+00:00,2025-12-17T09:00:00+00:00,2025-12-17T14:00:00+05:00,48,45.0,9ff4ca1c27f1d977fc3171e8695a3cc1dc5cc9c92e7eea02bd817da9f57eeab7,0.01,1.29,1.32,1.35,241.0,4.2,956.7,0.7071067811865476,-0.7071067811865475,-0.2426868445825954,0.9701046827361175
training,2025-12-16T12:00:00+00:00,2025-12-16T06:00:00+00:00,2025-12-17T10:00:00+00:00,2025-12-17T15:00:00+05:00,24,22.0,837a30c80fe5b6bad434a8598620bd2e888376843dd9a15d8d3b03ab107e19b3,0.01,8.02,8.22,8.39,240.0,2.1,957.7,0.49999999999999994,-0.8660254037844387,-0.2426868445825954,0.9701046827361175
training,2025-12-15T12:00:00+00:00,2025-12-15T06:00:00+00:00,2025-12-17T10:00:00+00:00,2025-12-17T15:00:00+05:00,48,46.0,9ff4ca1c27f1d977fc3171e8695a3cc1dc5cc9c92e7eea02bd817da9f57eeab7,0.01,3.75,3.85,3.93,254.0,2.6,957.1,0.49999999999999994,-0.8660254037844387,-0.2426868445825954,0.9701046827361175
training,2025-12-16T12:00:00+00:00,2025-12-16T06:00:00+00:00,2025-12-17T11:00:00+00:00,2025-12-17T16:00:00+05:00,24,23.0,837a30c80fe5b6bad434a8598620bd2e888376843dd9a15d8d3b03ab107e19b3,0.01,7.42,7.62,7.77,238.0,1.4,958.0,0.258819045102521,-0.9659258262890682,-0.2426868445825954,0.9701046827361175
training,2025-12-15T12:00:00+00:00,2025-12-15T06:00:00+00:00,2025-12-17T11:00:00+00:00,2025-12-17T16:00:00+05:00,48,47.0,9ff4ca1c27f1d977fc3171e8695a3cc1dc5cc9c92e7eea02bd817da9f57eeab7,0.01,4.82,4.94,5.04,234.0,2.0,957.5,0.258819045102521,-0.9659258262890682,-0.2426868445825954,0.9701046827361175
training,2025-12-16T12:00:00+00:00,2025-12-16T06:00:00+00:00,2025-12-17T12:00:00+00:00,2025-12-17T17:00:00+05:00,24,24.0,837a30c80fe5b6bad434a8598620bd2e888376843dd9a15d8d3b03ab107e19b3,0.065,8.07,8.28,8.45,233.0,1.2,958.5,1.2246467991473532e-16,-1.0,-0.2426868445825954,0.9701046827361175
training,2025-12-15T12:00:00+00:00,2025-12-15T06:00:00+00:00,2025-12-17T12:00:00+00:00,2025-12-17T17:00:00+05:00,48,48.0,9ff4ca1c27f1d977fc3171e8695a3cc1dc5cc9c92e7eea02bd817da9f57eeab7,0.065,5.55,5.69,5.81,234.0,1.9,957.7,1.2246467991473532e-16,-1.0,-0.2426868445825954,0.9701046827361175
training,2025-12-16T12:00:00+00:00,2025-12-16T06:00:00+00:00,2025-12-17T13:00:00+00:00,2025-12-17T18:00:00+05:00,24,25.0,837a30c80fe5b6bad434a8598620bd2e888376843dd9a15d8d3b03ab107e19b3,0.21999999999999997,8.07,8.28,8.45,242.0,1.2,958.9,-0.2588190451025208,-0.9659258262890683,-0.2426868445825954,0.9701046827361175
training,2025-12-15T12:00:00+00:00,2025-12-15T06:00:00+00:00,2025-12-17T13:00:00+00:00,2025-12-17T18:00:00+05:00,48,49.0,9ff4ca1c27f1d977fc3171e8695a3cc1dc5cc9c92e7eea02bd817da9f57eeab7,0.21999999999999997,5.63,5.77,5.89,238.0,1.8,957.9,-0.2588190451025208,-0.9659258262890683,-0.2426868445825954,0.9701046827361175
training,2025-12-16T12:00:00+00:00,2025-12-16T06:00:00+00:00,2025-12-17T14:00:00+00:00,2025-12-17T19:00:00+05:00,24,26.0,837a30c80fe5b6bad434a8598620bd2e888376843dd9a15d8d3b03ab107e19b3,0.19499999999999998,7.85,8.06,8.22,241.0,0.9,958.7,-0.4999999999999997,-0.8660254037844388,-0.2426868445825954,0.9701046827361175
training,2025-12-15T12:00:00+00:00,2025-12-15T06:00:00+00:00,2025-12-17T14:00:00+00:00,2025-12-17T19:00:00+05:00,48,50.0,9ff4ca1c27f1d977fc3171e8695a3cc1dc5cc9c92e7eea02bd817da9f57eeab7,0.19499999999999998,5.22,5.35,5.46,237.0,1.7,957.9,-0.4999999999999997,-0.8660254037844388,-0.2426868445825954,0.9701046827361175
training,2025-12-16T18:00:00+00:00,2025-12-16T12:00:00+00:00,2025-12-17T15:00:00+00:00,2025-12-17T20:00:00+05:00,24,21.0,61a8d121d030e23f381a46199861026b0df5683567c696ca94f1416c97bf3fd2,0.39166666666666666,8.18,8.39,8.57,241.0,1.0,958.5,-0.7071067811865471,-0.7071067811865479,-0.2426868445825954,0.9701046827361175
training,2025-12-15T18:00:00+00:00,2025-12-15T12:00:00+00:00,2025-12-17T15:00:00+00:00,2025-12-17T20:00:00+05:00,48,45.0,471a80558d1221965f8c90a3ae7c9f4ded92072c61a29c48268ec3fa6431dc41,0.39166666666666666,5.44,5.58,5.7,234.0,1.4,958.7,-0.7071067811865471,-0.7071067811865479,-0.2426868445825954,0.9701046827361175
training,2025-12-16T18:00:00+00:00,2025-12-16T12:00:00+00:00,2025-12-17T16:00:00+00:00,2025-12-17T21:00:00+05:00,24,22.0,61a8d121d030e23f381a46199861026b0df5683567c696ca94f1416c97bf3fd2,0.42500000000000004,7.99,8.2,8.37,235.0,1.0,958.5,-0.8660254037844385,-0.5000000000000004,-0.2426868445825954,0.9701046827361175
training,2025-12-15T18:00:00+00:00,2025-12-15T12:00:00+00:00,2025-12-17T16:00:00+00:00,2025-12-17T21:00:00+05:00,48,46.0,471a80558d1221965f8c90a3ae7c9f4ded92072c61a29c48268ec3fa6431dc41,0.42500000000000004,5.34,5.48,5.6,227.0,1.3,958.7,-0.8660254037844385,-0.5000000000000004,-0.2426868445825954,0.9701046827361175
training,2025-12-16T18:00:00+00:00,2025-12-16T12:00:00+00:00,2025-12-17T17:00:00+00:00,2025-12-17T22:00:00+05:00,24,23.0,61a8d121d030e23f381a46199861026b0df5683567c696ca94f1416c97bf3fd2,0.5,7.21,7.4,7.55,234.0,1.0,958.9,-0.9659258262890683,-0.25881904510252063,-0.2426868445825954,0.9701046827361175
training,2025-12-15T18:00:00+00:00,2025-12-15T12:00:00+00:00,2025-12-17T17:00:00+00:00,2025-12-17T22:00:00+05:00,48,47.0,471a80558d1221965f8c90a3ae7c9f4ded92072c61a29c48268ec3fa6431dc41,0.5,4.55,4.67,4.76,224.0,1.4,958.7,-0.9659258262890683,-0.25881904510252063,-0.2426868445825954,0.9701046827361175
training,2025-12-16T18:00:00+00:00,2025-12-16T12:00:00+00:00,2025-12-17T18:00:00+00:00,2025-12-17T23:00:00+05:00,24,24.0,61a8d121d030e23f381a46199861026b0df5683567c696ca94f1416c97bf3fd2,0.7166666666666667,6.55,6.72,6.86,233.0,0.8,958.9,-1.0,-1.8369701987210297e-16,-0.2426868445825954,0.9701046827361175
training,2025-12-15T18:00:00+00:00,2025-12-15T12:00:00+00:00,2025-12-17T18:00:00+00:00,2025-12-17T23:00:00+05:00,48,48.0,471a80558d1221965f8c90a3ae7c9f4ded92072c61a29c48268ec3fa6431dc41,0.7166666666666667,3.41,3.5,3.57,226.0,1.1,958.5,-1.0,-1.8369701987210297e-16,-0.2426868445825954,0.9701046827361175
training,2025-12-16T18:00:00+00:00,2025-12-16T12:00:00+00:00,2025-12-17T19:00:00+00:00,2025-12-18T00:00:00+05:00,24,25.0,61a8d121d030e23f381a46199861026b0df5683567c696ca94f1416c97bf3fd2,0.8533333333333334,5.61,5.76,5.88,237.0,0.5,958.9,-0.9659258262890684,0.2588190451025203,-0.2426868445825954,0.9701046827361175
training,2025-12-15T18:00:00+00:00,2025-12-15T12:00:00+00:00,2025-12-17T19:00:00+00:00,2025-12-18T00:00:00+05:00,48,49.0,471a80558d1221965f8c90a3ae7c9f4ded92072c61a29c48268ec3fa6431dc41,0.8533333333333334,2.42,2.48,2.54,230.0,1.0,958.3,-0.9659258262890684,0.2588190451025203,-0.2426868445825954,0.9701046827361175
training,2025-12-16T18:00:00+00:00,2025-12-16T12:00:00+00:00,2025-12-17T20:00:00+00:00,2025-12-18T01:00:00+05:00,24,26.0,61a8d121d030e23f381a46199861026b0df5683567c696ca94f1416c97bf3fd2,0.6533333333333333,5.12,5.26,5.36,230.0,0.2,958.6,-0.8660254037844386,0.5000000000000001,-0.2426868445825954,0.9701046827361175
training,2025-12-15T18:00:00+00:00,2025-12-15T12:00:00+00:00,2025-12-17T20:00:00+00:00,2025-12-18T01:00:00+05:00,48,50.0,471a80558d1221965f8c90a3ae7c9f4ded92072c61a29c48268ec3fa6431dc41,0.6533333333333333,2.0,2.06,2.1,229.0,0.9,958.0,-0.8660254037844386,0.5000000000000001,-0.2426868445825954,0.9701046827361175
training,2025-12-17T00:00:00+00:00,2025-12-16T18:00:00+00:00,2025-12-17T21:00:00+00:00,2025-12-18T02:00:00+05:00,24,21.0,abef98a9875b594b1834a4ad4c634c713cf0e0658bc1f805683d570e83bf76d4,0.55,4.03,4.14,4.22,226.0,0.3,958.3,-0.7071067811865477,0.7071067811865474,-0.2426868445825954,0.9701046827361175
training,2025-12-16T00:00:00+00:00,2025-12-15T18:00:00+00:00,2025-12-17T21:00:00+00:00,2025-12-18T02:00:00+05:00,48,45.0,8e082d4ce393cb58dbd0ade79d88c4d349051eb278bcdc8abc58a084416ccd2c,0.55,2.79,2.87,2.93,227.0,0.2,958.1,-0.7071067811865477,0.7071067811865474,-0.2426868445825954,0.9701046827361175
training,2025-12-17T00:00:00+00:00,2025-12-16T18:00:00+00:00,2025-12-17T22:00:00+00:00,2025-12-18T03:00:00+05:00,24,22.0,abef98a9875b594b1834a4ad4c634c713cf0e0658bc1f805683d570e83bf76d4,0.335,3.33,3.41,3.48,238.0,0.1,957.7,-0.5000000000000004,0.8660254037844384,-0.2426868445825954,0.9701046827361175
training,2025-12-16T00:00:00+00:00,2025-12-15T18:00:00+00:00,2025-12-17T22:00:00+00:00,2025-12-18T03:00:00+05:00,48,46.0,8e082d4ce393cb58dbd0ade79d88c4d349051eb278bcdc8abc58a084416ccd2c,0.335,2.29,2.35,2.4,241.0,-0.1,957.7,-0.5000000000000004,0.8660254037844384,-0.2426868445825954,0.9701046827361175
training,2025-12-17T00:00:00+00:00,2025-12-16T18:00:00+00:00,2025-12-17T23:00:00+00:00,2025-12-18T04:00:00+05:00,24,23.0,abef98a9875b594b1834a4ad4c634c713cf0e0658bc1f805683d570e83bf76d4,0.4633333333333333,3.1,3.18,3.25,240.0,-0.1,957.5,-0.25881904510252157,0.9659258262890681,-0.2426868445825954,0.9701046827361175
training,2025-12-16T00:00:00+00:00,2025-12-15T18:00:00+00:00,2025-12-17T23:00:00+00:00,2025-12-18T04:00:00+05:00,48,47.0,8e082d4ce393cb58dbd0ade79d88c4d349051eb278bcdc8abc58a084416ccd2c,0.4633333333333333,1.77,1.82,1.86,238.0,-0.2,957.4,-0.25881904510252157,0.9659258262890681,-0.2426868445825954,0.9701046827361175
training,2025-12-17T00:00:00+00:00,2025-12-16T18:00:00+00:00,2025-12-18T00:00:00+00:00,2025-12-18T05:00:00+05:00,24,24.0,abef98a9875b594b1834a4ad4c634c713cf0e0658bc1f805683d570e83bf76d4,0.605,2.83,2.9,2.96,238.0,-0.4,957.4,0.0,1.0,-0.22596360824801906,0.974135744004672
training,2025-12-16T00:00:00+00:00,2025-12-15T18:00:00+00:00,2025-12-18T00:00:00+00:00,2025-12-18T05:00:00+05:00,48,48.0,8e082d4ce393cb58dbd0ade79d88c4d349051eb278bcdc8abc58a084416ccd2c,0.605,0.85,0.87,0.89,257.0,-0.2,957.2,0.0,1.0,-0.22596360824801906,0.974135744004672
training,2025-12-17T00:00:00+00:00,2025-12-16T18:00:00+00:00,2025-12-18T01:00:00+00:00,2025-12-18T06:00:00+05:00,24,25.0,abef98a9875b594b1834a4ad4c634c713cf0e0658bc1f805683d570e83bf76d4,0.48666666666666664,3.1,3.18,3.24,246.0,-0.3,957.6,0.25881904510252074,0.9659258262890683,-0.22596360824801906,0.974135744004672
training,2025-12-16T00:00:00+00:00,2025-12-15T18:00:00+00:00,2025-12-18T01:00:00+00:00,2025-12-18T06:00:00+05:00,48,49.0,8e082d4ce393cb58dbd0ade79d88c4d349051eb278bcdc8abc58a084416ccd2c,0.48666666666666664,0.62,0.64,0.65,315.0,-0.5,957.3,0.25881904510252074,0.9659258262890683,-0.22596360824801906,0.974135744004672
training,2025-12-17T00:00:00+00:00,2025-12-16T18:00:00+00:00,2025-12-18T02:00:00+00:00,2025-12-18T07:00:00+05:00,24,26.0,abef98a9875b594b1834a4ad4c634c713cf0e0658bc1f805683d570e83bf76d4,0.225,3.01,3.09,3.16,236.0,-0.7,957.8,0.49999999999999994,0.8660254037844387,-0.22596360824801906,0.974135744004672
training,2025-12-16T00:00:00+00:00,2025-12-15T18:00:00+00:00,2025-12-18T02:00:00+00:00,2025-12-18T07:00:00+05:00,48,50.0,8e082d4ce393cb58dbd0ade79d88c4d349051eb278bcdc8abc58a084416ccd2c,0.225,0.61,0.63,0.64,29.0,-0.7,957.3,0.49999999999999994,0.8660254037844387,-0.22596360824801906,0.974135744004672
training,2025-12-17T06:00:00+00:00,2025-12-17T00:00:00+00:00,2025-12-18T03:00:00+00:00,2025-12-18T08:00:00+05:00,24,21.0,69cab2f7cfe34db66b18f979aeb34c0af4db7d4ca6392deff5e94510ebb09ec2,0.165,3.5,3.59,3.67,235.0,-0.2,958.4,0.7071067811865476,0.7071067811865476,-0.22596360824801906,0.974135744004672
training,2025-12-16T06:00:00+00:00,2025-12-16T00:00:00+00:00,2025-12-18T03:00:00+00:00,2025-12-18T08:00:00+05:00,48,45.0,c0023a5c9a39a136b872f9907dc5abbc93fa9051b1dec7348bbd38a1cb4bfa70,0.165,2.24,2.3,2.35,243.0,-0.5,958.2,0.7071067811865476,0.7071067811865476,-0.22596360824801906,0.974135744004672
training,2025-12-17T06:00:00+00:00,2025-12-17T00:00:00+00:00,2025-12-18T04:00:00+00:00,2025-12-18T09:00:00+05:00,24,22.0,69cab2f7cfe34db66b18f979aeb34c0af4db7d4ca6392deff5e94510ebb09ec2,0.16833333333333333,3.73,3.83,3.91,234.0,0.3,958.9,0.8660254037844386,0.5000000000000001,-0.22596360824801906,0.974135744004672
training,2025-12-16T06:00:00+00:00,2025-12-16T00:00:00+00:00,2025-12-18T04:00:00+00:00,2025-12-18T09:00:00+05:00,48,46.0,c0023a5c9a39a136b872f9907dc5abbc93fa9051b1dec7348bbd38a1cb4bfa70,0.16833333333333333,2.74,2.81,2.87,265.0,0.5,958.8,0.8660254037844386,0.5000000000000001,-0.22596360824801906,0.974135744004672
training,2025-12-17T06:00:00+00:00,2025-12-17T00:00:00+00:00,2025-12-18T05:00:00+00:00,2025-12-18T10:00:00+05:00,24,23.0,69cab2f7cfe34db66b18f979aeb34c0af4db7d4ca6392deff5e94510ebb09ec2,0.17833333333333334,3.54,3.64,3.71,238.0,0.6,959.3,0.9659258262890683,0.25881904510252074,-0.22596360824801906,0.974135744004672
training,2025-12-16T06:00:00+00:00,2025-12-16T00:00:00+00:00,2025-12-18T05:00:00+00:00,2025-12-18T10:00:00+05:00,48,47.0,c0023a5c9a39a136b872f9907dc5abbc93fa9051b1dec7348bbd38a1cb4bfa70,0.17833333333333334,1.71,1.76,1.79,255.0,0.8,958.8,0.9659258262890683,0.25881904510252074,-0.22596360824801906,0.974135744004672
training,2025-12-17T06:00:00+00:00,2025-12-17T00:00:00+00:00,2025-12-18T06:00:00+00:00,2025-12-18T11:00:00+05:00,24,24.0,69cab2f7cfe34db66b18f979aeb34c0af4db7d4ca6392deff5e94510ebb09ec2,0.14,4.27,4.38,4.47,244.0,0.7,959.3,1.0,6.123233995736766e-17,-0.22596360824801906,0.974135744004672
training,2025-12-16T06:00:00+00:00,2025-12-16T00:00:00+00:00,2025-12-18T06:00:00+00:00,2025-12-18T11:00:00+05:00,48,48.0,c0023a5c9a39a136b872f9907dc5abbc93fa9051b1dec7348bbd38a1cb4bfa70,0.14,1.86,1.91,1.95,264.0,1.4,958.8,1.0,6.123233995736766e-17,-0.22596360824801906,0.974135744004672
training,2025-12-17T06:00:00+00:00,2025-12-17T00:00:00+00:00,2025-12-18T07:00:00+00:00,2025-12-18T12:00:00+05:00,24,25.0,69cab2f7cfe34db66b18f979aeb34c0af4db7d4ca6392deff5e94510ebb09ec2,0.285,5.37,5.51,5.62,246.0,0.8,959.3,0.9659258262890683,-0.25881904510252063,-0.22596360824801906,0.974135744004672
training,2025-12-16T06:00:00+00:00,2025-12-16T00:00:00+00:00,2025-12-18T07:00:00+00:00,2025-12-18T12:00:00+05:00,48,49.0,c0023a5c9a39a136b872f9907dc5abbc93fa9051b1dec7348bbd38a1cb4bfa70,0.285,2.94,3.02,3.08,251.0,1.8,958.3,0.9659258262890683,-0.25881904510252063,-0.22596360824801906,0.974135744004672
training,2025-12-17T06:00:00+00:00,2025-12-17T00:00:00+00:00,2025-12-18T08:00:00+00:00,2025-12-18T13:00:00+05:00,24,26.0,69cab2f7cfe34db66b18f979aeb34c0af4db7d4ca6392deff5e94510ebb09ec2,0.6649999999999999,6.25,6.41,6.54,247.0,0.9,959.4,0.8660254037844387,-0.4999999999999998,-0.22596360824801906,0.974135744004672
training,2025-12-16T06:00:00+00:00,2025-12-16T00:00:00+00:00,2025-12-18T08:00:00+00:00,2025-12-18T13:00:00+05:00,48,50.0,c0023a5c9a39a136b872f9907dc5abbc93fa9051b1dec7348bbd38a1cb4bfa70,0.6649999999999999,4.86,4.98,5.08,251.0,2.3,958.7,0.8660254037844387,-0.4999999999999998,-0.22596360824801906,0.974135744004672
training,2025-12-17T12:00:00+00:00,2025-12-17T06:00:00+00:00,2025-12-18T09:00:00+00:00,2025-12-18T14:00:00+05:00,24,21.0,8389a864c5343ead5a59b796b2b6a175e82d28e70f82308b47cb1fc7279ffc2c,0.6966666666666667,7.25,7.44,7.59,238.0,0.6,960.2,0.7071067811865476,-0.7071067811865475,-0.22596360824801906,0.974135744004672
training,2025-12-16T12:00:00+00:00,2025-12-16T06:00:00+00:00,2025-12-18T09:00:00+00:00,2025-12-18T14:00:00+05:00,48,45.0,837a30c80fe5b6bad434a8598620bd2e888376843dd9a15d8d3b03ab107e19b3,0.6966666666666667,5.89,6.04,6.16,244.0,1.3,959.4,0.7071067811865476,-0.7071067811865475,-0.22596360824801906,0.974135744004672
training,2025-12-17T12:00:00+00:00,2025-12-17T06:00:00+00:00,2025-12-18T10:00:00+00:00,2025-12-18T15:00:00+05:00,24,22.0,8389a864c5343ead5a59b796b2b6a175e82d28e70f82308b47cb1fc7279ffc2c,0.89,7.68,7.88,8.04,236.0,0.2,961.0,0.49999999999999994,-0.8660254037844387,-0.22596360824801906,0.974135744004672
training,2025-12-16T12:00:00+00:00,2025-12-16T06:00:00+00:00,2025-12-18T10:00:00+00:00,2025-12-18T15:00:00+05:00,48,46.0,837a30c80fe5b6bad434a8598620bd2e888376843dd9a15d8d3b03ab107e19b3,0.89,7.5,7.69,7.85,244.0,0.6,960.3,0.49999999999999994,-0.8660254037844387,-0.22596360824801906,0.974135744004672
training,2025-12-17T12:00:00+00:00,2025-12-17T06:00:00+00:00,2025-12-18T11:00:00+00:00,2025-12-18T16:00:00+05:00,24,23.0,8389a864c5343ead5a59b796b2b6a175e82d28e70f82308b47cb1fc7279ffc2c,0.93,8.94,9.17,9.36,243.0,-0.2,961.8,0.258819045102521,-0.9659258262890682,-0.22596360824801906,0.974135744004672
training,2025-12-16T12:00:00+00:00,2025-12-16T06:00:00+00:00,2025-12-18T11:00:00+00:00,2025-12-18T16:00:00+05:00,48,47.0,837a30c80fe5b6bad434a8598620bd2e888376843dd9a15d8d3b03ab107e19b3,0.93,8.89,9.13,9.31,245.0,-0.1,961.1,0.258819045102521,-0.9659258262890682,-0.22596360824801906,0.974135744004672
training,2025-12-17T12:00:00+00:00,2025-12-17T06:00:00+00:00,2025-12-18T12:00:00+00:00,2025-12-18T17:00:00+05:00,24,24.0,8389a864c5343ead5a59b796b2b6a175e82d28e70f82308b47cb1fc7279ffc2c,0.9483333333333333,9.25,9.49,9.68,242.0,-0.5,962.6,1.2246467991473532e-16,-1.0,-0.22596360824801906,0.974135744004672
training,2025-12-16T12:00:00+00:00,2025-12-16T06:00:00+00:00,2025-12-18T12:00:00+00:00,2025-12-18T17:00:00+05:00,48,48.0,837a30c80fe5b6bad434a8598620bd2e888376843dd9a15d8d3b03ab107e19b3,0.9483333333333333,9.75,10.01,10.21,246.0,-0.3,962.2,1.2246467991473532e-16,-1.0,-0.22596360824801906,0.974135744004672
training,2025-12-17T12:00:00+00:00,2025-12-17T06:00:00+00:00,2025-12-18T13:00:00+00:00,2025-12-18T18:00:00+05:00,24,25.0,8389a864c5343ead5a59b796b2b6a175e82d28e70f82308b47cb1fc7279ffc2c,0.9683333333333333,9.64,9.89,10.09,242.0,-0.8,963.4,-0.2588190451025208,-0.9659258262890683,-0.22596360824801906,0.974135744004672
training,2025-12-16T12:00:00+00:00,2025-12-16T06:00:00+00:00,2025-12-18T13:00:00+00:00,2025-12-18T18:00:00+05:00,48,49.0,837a30c80fe5b6bad434a8598620bd2e888376843dd9a15d8d3b03ab107e19b3,0.9683333333333333,9.9,10.16,10.37,249.0,-0.6,963.3,-0.2588190451025208,-0.9659258262890683,-0.22596360824801906,0.974135744004672
training,2025-12-17T12:00:00+00:00,2025-12-17T06:00:00+00:00,2025-12-18T14:00:00+00:00,2025-12-18T19:00:00+05:00,24,26.0,8389a864c5343ead5a59b796b2b6a175e82d28e70f82308b47cb1fc7279ffc2c,0.9899999999999999,9.9,10.16,10.37,245.0,-1.1,964.0,-0.4999999999999997,-0.8660254037844388,-0.22596360824801906,0.974135744004672
training,2025-12-16T12:00:00+00:00,2025-12-16T06:00:00+00:00,2025-12-18T14:00:00+00:00,2025-12-18T19:00:00+05:00,48,50.0,837a30c80fe5b6bad434a8598620bd2e888376843dd9a15d8d3b03ab107e19b3,0.9899999999999999,9.44,9.68,9.88,248.0,-0.9,964.1,-0.4999999999999997,-0.8660254037844388,-0.22596360824801906,0.974135744004672
training,2025-12-17T18:00:00+00:00,2025-12-17T12:00:00+00:00,2025-12-18T15:00:00+00:00,2025-12-18T20:00:00+05:00,24,21.0,0326b731fdda58f903372afddeb3c1502b3dedaadf0d7939acc9cadd4d12a2af,0.9883333333333333,9.72,9.97,10.18,244.0,-1.5,965.7,-0.7071067811865471,-0.7071067811865479,-0.22596360824801906,0.974135744004672
training,2025-12-16T18:00:00+00:00,2025-12-16T12:00:00+00:00,2025-12-18T15:00:00+00:00,2025-12-18T20:00:00+05:00,48,45.0,61a8d121d030e23f381a46199861026b0df5683567c696ca94f1416c97bf3fd2,0.9883333333333333,9.37,9.62,9.81,244.0,-1.1,964.9,-0.7071067811865471,-0.7071067811865479,-0.22596360824801906,0.974135744004672
training,2025-12-17T18:00:00+00:00,2025-12-17T12:00:00+00:00,2025-12-18T16:00:00+00:00,2025-12-18T21:00:00+05:00,24,22.0,0326b731fdda58f903372afddeb3c1502b3dedaadf0d7939acc9cadd4d12a2af,0.9833333333333334,9.37,9.62,9.82,242.0,-1.9,966.3,-0.8660254037844385,-0.5000000000000004,-0.22596360824801906,0.974135744004672
training,2025-12-16T18:00:00+00:00,2025-12-16T12:00:00+00:00,2025-12-18T16:00:00+00:00,2025-12-18T21:00:00+05:00,48,46.0,61a8d121d030e23f381a46199861026b0df5683567c696ca94f1416c97bf3fd2,0.9833333333333334,9.21,9.45,9.65,240.0,-1.3,965.4,-0.8660254037844385,-0.5000000000000004,-0.22596360824801906,0.974135744004672
training,2025-12-17T18:00:00+00:00,2025-12-17T12:00:00+00:00,2025-12-18T17:00:00+00:00,2025-12-18T22:00:00+05:00,24,23.0,0326b731fdda58f903372afddeb3c1502b3dedaadf0d7939acc9cadd4d12a2af,0.9166666666666666,8.86,9.09,9.28,240.0,-2.0,967.0,-0.9659258262890683,-0.25881904510252063,-0.22596360824801906,0.974135744004672
training,2025-12-16T18:00:00+00:00,2025-12-16T12:00:00+00:00,2025-12-18T17:00:00+00:00,2025-12-18T22:00:00+05:00,48,47.0,61a8d121d030e23f381a46199861026b0df5683567c696ca94f1416c97bf3fd2,0.9166666666666666,8.37,8.58,8.76,236.0,-1.4,966.0,-0.9659258262890683,-0.25881904510252063,-0.22596360824801906,0.974135744004672
training,2025-12-17T18:00:00+00:00,2025-12-17T12:00:00+00:00,2025-12-18T18:00:00+00:00,2025-12-18T23:00:00+05:00,24,24.0,0326b731fdda58f903372afddeb3c1502b3dedaadf0d7939acc9cadd4d12a2af,0.9700000000000001,7.99,8.2,8.37,237.0,-2.2,967.4,-1.0,-1.8369701987210297e-16,-0.22596360824801906,0.974135744004672
training,2025-12-16T18:00:00+00:00,2025-12-16T12:00:00+00:00,2025-12-18T18:00:00+00:00,2025-12-18T23:00:00+05:00,48,48.0,61a8d121d030e23f381a46199861026b0df5683567c696ca94f1416c97bf3fd2,0.9700000000000001,7.56,7.75,7.91,236.0,-1.8,966.3,-1.0,-1.8369701987210297e-16,-0.22596360824801906,0.974135744004672
training,2025-12-17T18:00:00+00:00,2025-12-17T12:00:00+00:00,2025-12-18T19:00:00+00:00,2025-12-19T00:00:00+05:00,24,25.0,0326b731fdda58f903372afddeb3c1502b3dedaadf0d7939acc9cadd4d12a2af,0.7399999999999999,7.51,7.7,7.86,234.0,-2.6,967.4,-0.9659258262890684,0.2588190451025203,-0.22596360824801906,0.974135744004672
training,2025-12-16T18:00:00+00:00,2025-12-16T12:00:00+00:00,2025-12-18T19:00:00+00:00,2025-12-19T00:00:00+05:00,48,49.0,61a8d121d030e23f381a46199861026b0df5683567c696ca94f1416c97bf3fd2,0.7399999999999999,7.3,7.49,7.65,230.0,-1.9,966.3,-0.9659258262890684,0.2588190451025203,-0.22596360824801906,0.974135744004672
training,2025-12-17T18:00:00+00:00,2025-12-17T12:00:00+00:00,2025-12-18T20:00:00+00:00,2025-12-19T01:00:00+05:00,24,26.0,0326b731fdda58f903372afddeb3c1502b3dedaadf0d7939acc9cadd4d12a2af,0.9833333333333334,7.39,7.58,7.73,228.0,-2.6,967.4,-0.8660254037844386,0.5000000000000001,-0.22596360824801906,0.974135744004672
training,2025-12-16T18:00:00+00:00,2025-12-16T12:00:00+00:00,2025-12-18T20:00:00+00:00,2025-12-19T01:00:00+05:00,48,50.0,61a8d121d030e23f381a46199861026b0df5683567c696ca94f1416c97bf3fd2,0.9833333333333334,7.1,7.28,7.43,225.0,-1.6,966.3,-0.8660254037844386,0.5000000000000001,-0.22596360824801906,0.974135744004672
training,2025-12-18T00:00:00+00:00,2025-12-17T18:00:00+00:00,2025-12-18T21:00:00+00:00,2025-12-19T02:00:00+05:00,24,21.0,e5b9966d0b56be24ccd510efe7c224f3db2275f5009ce88f4f017616014865ed,0.9899999999999999,7.21,7.39,7.55,231.0,-2.5,967.5,-0.7071067811865477,0.7071067811865474,-0.22596360824801906,0.974135744004672
training,2025-12-17T00:00:00+00:00,2025-12-16T18:00:00+00:00,2025-12-18T21:00:00+00:00,2025-12-19T02:00:00+05:00,48,45.0,abef98a9875b594b1834a4ad4c634c713cf0e0658bc1f805683d570e83bf76d4,0.9899999999999999,6.88,7.06,7.2,229.0,-1.6,967.2,-0.7071067811865477,0.7071067811865474,-0.22596360824801906,0.974135744004672
training,2025-12-18T00:00:00+00:00,2025-12-17T18:00:00+00:00,2025-12-18T22:00:00+00:00,2025-12-19T03:00:00+05:00,24,22.0,e5b9966d0b56be24ccd510efe7c224f3db2275f5009ce88f4f017616014865ed,0.9700000000000001,6.89,7.07,7.22,235.0,-2.4,967.4,-0.5000000000000004,0.8660254037844384,-0.22596360824801906,0.974135744004672
training,2025-12-17T00:00:00+00:00,2025-12-16T18:00:00+00:00,2025-12-18T22:00:00+00:00,2025-12-19T03:00:00+05:00,48,46.0,abef98a9875b594b1834a4ad4c634c713cf0e0658bc1f805683d570e83bf76d4,0.9700000000000001,6.35,6.51,6.65,223.0,-1.5,967.0,-0.5000000000000004,0.8660254037844384,-0.22596360824801906,0.974135744004672
training,2025-12-18T00:00:00+00:00,2025-12-17T18:00:00+00:00,2025-12-18T23:00:00+00:00,2025-12-19T04:00:00+05:00,24,23.0,e5b9966d0b56be24ccd510efe7c224f3db2275f5009ce88f4f017616014865ed,0.9383333333333334,6.56,6.73,6.87,232.0,-2.2,967.4,-0.25881904510252157,0.9659258262890681,-0.22596360824801906,0.974135744004672
training,2025-12-17T00:00:00+00:00,2025-12-16T18:00:00+00:00,2025-12-18T23:00:00+00:00,2025-12-19T04:00:00+05:00,48,47.0,abef98a9875b594b1834a4ad4c634c713cf0e0658bc1f805683d570e83bf76d4,0.9383333333333334,5.3,5.44,5.55,219.0,-1.7,966.8,-0.25881904510252157,0.9659258262890681,-0.22596360824801906,0.974135744004672
training,2025-12-18T00:00:00+00:00,2025-12-17T18:00:00+00:00,2025-12-19T00:00:00+00:00,2025-12-19T05:00:00+05:00,24,24.0,e5b9966d0b56be24ccd510efe7c224f3db2275f5009ce88f4f017616014865ed,0.5666666666666667,5.83,5.98,6.1,227.0,-2.0,967.4,0.0,1.0,-0.20917350564635637,0.9778785428342386
training,2025-12-17T00:00:00+00:00,2025-12-16T18:00:00+00:00,2025-12-19T00:00:00+00:00,2025-12-19T05:00:00+05:00,48,48.0,abef98a9875b594b1834a4ad4c634c713cf0e0658bc1f805683d570e83bf76d4,0.5666666666666667,4.04,4.15,4.23,221.0,-1.7,966.6,0.0,1.0,-0.20917350564635637,0.9778785428342386
training,2025-12-18T00:00:00+00:00,2025-12-17T18:00:00+00:00,2025-12-19T01:00:00+00:00,2025-12-19T06:00:00+05:00,24,25.0,e5b9966d0b56be24ccd510efe7c224f3db2275f5009ce88f4f017616014865ed,0.13499999999999998,3.99,4.09,4.18,231.0,-1.6,967.6,0.25881904510252074,0.9659258262890683,-0.20917350564635637,0.9778785428342386
training,2025-12-17T00:00:00+00:00,2025-12-16T18:00:00+00:00,2025-12-19T01:00:00+00:00,2025-12-19T06:00:00+05:00,48,49.0,abef98a9875b594b1834a4ad4c634c713cf0e0658bc1f805683d570e83bf76d4,0.13499999999999998,2.96,3.04,3.1,225.0,-1.9,966.4,0.25881904510252074,0.9659258262890683,-0.20917350564635637,0.9778785428342386
training,2025-12-18T00:00:00+00:00,2025-12-17T18:00:00+00:00,2025-12-19T02:00:00+00:00,2025-12-19T07:00:00+05:00,24,26.0,e5b9966d0b56be24ccd510efe7c224f3db2275f5009ce88f4f017616014865ed,0.01,1.92,1.97,2.01,243.0,-1.8,967.9,0.49999999999999994,0.8660254037844387,-0.20917350564635637,0.9778785428342386
training,2025-12-17T00:00:00+00:00,2025-12-16T18:00:00+00:00,2025-12-19T02:00:00+00:00,2025-12-19T07:00:00+05:00,48,50.0,abef98a9875b594b1834a4ad4c634c713cf0e0658bc1f805683d570e83bf76d4,0.01,1.98,2.04,2.08,245.0,-2.7,966.0,0.49999999999999994,0.8660254037844387,-0.20917350564635637,0.9778785428342386
training,2025-12-18T06:00:00+00:00,2025-12-18T00:00:00+00:00,2025-12-19T03:00:00+00:00,2025-12-19T08:00:00+05:00,24,21.0,27b7678b5c9b112e56a9d0f164bb7ca1dbe820ac8c7edca468421ee943e399a1,0.011666666666666667,1.17,1.2,1.23,358.0,-2.0,968.3,0.7071067811865476,0.7071067811865476,-0.20917350564635637,0.9778785428342386
training,2025-12-17T06:00:00+00:00,2025-12-17T00:00:00+00:00,2025-12-19T03:00:00+00:00,2025-12-19T08:00:00+05:00,48,45.0,69cab2f7cfe34db66b18f979aeb34c0af4db7d4ca6392deff5e94510ebb09ec2,0.011666666666666667,2.84,2.91,2.97,35.0,-2.8,967.3,0.7071067811865476,0.7071067811865476,-0.20917350564635637,0.9778785428342386
training,2025-12-18T06:00:00+00:00,2025-12-18T00:00:00+00:00,2025-12-19T04:00:00+00:00,2025-12-19T09:00:00+05:00,24,22.0,27b7678b5c9b112e56a9d0f164bb7ca1dbe820ac8c7edca468421ee943e399a1,0.03166666666666667,3.41,3.5,3.57,47.0,-2.0,968.9,0.8660254037844386,0.5000000000000001,-0.20917350564635637,0.9778785428342386
training,2025-12-17T06:00:00+00:00,2025-12-17T00:00:00+00:00,2025-12-19T04:00:00+00:00,2025-12-19T09:00:00+05:00,48,46.0,69cab2f7cfe34db66b18f979aeb34c0af4db7d4ca6392deff5e94510ebb09ec2,0.03166666666666667,4.5,4.62,4.72,59.0,-3.3,967.8,0.8660254037844386,0.5000000000000001,-0.20917350564635637,0.9778785428342386
training,2025-12-18T06:00:00+00:00,2025-12-18T00:00:00+00:00,2025-12-19T05:00:00+00:00,2025-12-19T10:00:00+05:00,24,23.0,27b7678b5c9b112e56a9d0f164bb7ca1dbe820ac8c7edca468421ee943e399a1,0.01,3.84,3.94,4.03,60.0,-1.5,968.9,0.9659258262890683,0.25881904510252074,-0.20917350564635637,0.9778785428342386
training,2025-12-17T06:00:00+00:00,2025-12-17T00:00:00+00:00,2025-12-19T05:00:00+00:00,2025-12-19T10:00:00+05:00,48,47.0,69cab2f7cfe34db66b18f979aeb34c0af4db7d4ca6392deff5e94510ebb09ec2,0.01,4.06,4.16,4.25,57.0,-3.0,967.8,0.9659258262890683,0.25881904510252074,-0.20917350564635637,0.9778785428342386
training,2025-12-18T06:00:00+00:00,2025-12-18T00:00:00+00:00,2025-12-19T06:00:00+00:00,2025-12-19T11:00:00+05:00,24,24.0,27b7678b5c9b112e56a9d0f164bb7ca1dbe820ac8c7edca468421ee943e399a1,0.08666666666666667,4.62,4.74,4.84,57.0,-1.2,968.1,1.0,6.123233995736766e-17,-0.20917350564635637,0.9778785428342386
training,2025-12-17T06:00:00+00:00,2025-12-17T00:00:00+00:00,2025-12-19T06:00:00+00:00,2025-12-19T11:00:00+05:00,48,48.0,69cab2f7cfe34db66b18f979aeb34c0af4db7d4ca6392deff5e94510ebb09ec2,0.08666666666666667,4.61,4.72,4.82,51.0,-1.9,967.4,1.0,6.123233995736766e-17,-0.20917350564635637,0.9778785428342386
training,2025-12-18T06:00:00+00:00,2025-12-18T00:00:00+00:00,2025-12-19T07:00:00+00:00,2025-12-19T12:00:00+05:00,24,25.0,27b7678b5c9b112e56a9d0f164bb7ca1dbe820ac8c7edca468421ee943e399a1,0.24,6.02,6.17,6.3,58.0,0.2,967.1,0.9659258262890683,-0.25881904510252063,-0.20917350564635637,0.9778785428342386
training,2025-12-17T06:00:00+00:00,2025-12-17T00:00:00+00:00,2025-12-19T07:00:00+00:00,2025-12-19T12:00:00+05:00,48,49.0,69cab2f7cfe34db66b18f979aeb34c0af4db7d4ca6392deff5e94510ebb09ec2,0.24,5.56,5.7,5.82,52.0,-0.6,966.7,0.9659258262890683,-0.25881904510252063,-0.20917350564635637,0.9778785428342386
training,2025-12-18T06:00:00+00:00,2025-12-18T00:00:00+00:00,2025-12-19T08:00:00+00:00,2025-12-19T13:00:00+05:00,24,26.0,27b7678b5c9b112e56a9d0f164bb7ca1dbe820ac8c7edca468421ee943e399a1,0.48666666666666664,7.04,7.23,7.37,57.0,0.8,966.3,0.8660254037844387,-0.4999999999999998,-0.20917350564635637,0.9778785428342386
training,2025-12-17T06:00:00+00:00,2025-12-17T00:00:00+00:00,2025-12-19T08:00:00+00:00,2025-12-19T13:00:00+05:00,48,50.0,69cab2f7cfe34db66b18f979aeb34c0af4db7d4ca6392deff5e94510ebb09ec2,0.48666666666666664,5.96,6.11,6.24,51.0,-0.1,966.0,0.8660254037844387,-0.4999999999999998,-0.20917350564635637,0.9778785428342386
training,2025-12-18T12:00:00+00:00,2025-12-18T06:00:00+00:00,2025-12-19T09:00:00+00:00,2025-12-19T14:00:00+05:00,24,21.0,20201420782f301a29db3a4df7734cce42c7b5d80e6306275c2e2af112c89256,0.7366666666666667,7.64,7.84,8.0,58.0,1.2,965.8,0.7071067811865476,-0.7071067811865475,-0.20917350564635637,0.9778785428342386
training,2025-12-17T12:00:00+00:00,2025-12-17T06:00:00+00:00,2025-12-19T09:00:00+00:00,2025-12-19T14:00:00+05:00,48,45.0,8389a864c5343ead5a59b796b2b6a175e82d28e70f82308b47cb1fc7279ffc2c,0.7366666666666667,6.43,6.6,6.74,53.0,0.2,965.4,0.7071067811865476,-0.7071067811865475,-0.20917350564635637,0.9778785428342386
training,2025-12-18T12:00:00+00:00,2025-12-18T06:00:00+00:00,2025-12-19T10:00:00+00:00,2025-12-19T15:00:00+05:00,24,22.0,20201420782f301a29db3a4df7734cce42c7b5d80e6306275c2e2af112c89256,0.8666666666666667,7.9,8.1,8.27,61.0,0.7,965.5,0.49999999999999994,-0.8660254037844387,-0.20917350564635637,0.9778785428342386
training,2025-12-17T12:00:00+00:00,2025-12-17T06:00:00+00:00,2025-12-19T10:00:00+00:00,2025-12-19T15:00:00+05:00,48,46.0,8389a864c5343ead5a59b796b2b6a175e82d28e70f82308b47cb1fc7279ffc2c,0.8666666666666667,7.3,7.49,7.65,59.0,-0.3,964.8,0.49999999999999994,-0.8660254037844387,-0.20917350564635637,0.9778785428342386
training,2025-12-18T12:00:00+00:00,2025-12-18T06:00:00+00:00,2025-12-19T11:00:00+00:00,2025-12-19T16:00:00+05:00,24,23.0,20201420782f301a29db3a4df7734cce42c7b5d80e6306275c2e2af112c89256,0.9866666666666667,7.36,7.55,7.71,67.0,-0.5,964.9,0.258819045102521,-0.9659258262890682,-0.20917350564635637,0.9778785428342386
training,2025-12-17T12:00:00+00:00,2025-12-17T06:00:00+00:00,2025-12-19T11:00:00+00:00,2025-12-19T16:00:00+05:00,48,47.0,8389a864c5343ead5a59b796b2b6a175e82d28e70f82308b47cb1fc7279ffc2c,0.9866666666666667,7.3,7.49,7.64,59.0,-1.0,964.6,0.258819045102521,-0.9659258262890682,-0.20917350564635637,0.9778785428342386
training,2025-12-18T12:00:00+00:00,2025-12-18T06:00:00+00:00,2025-12-19T12:00:00+00:00,2025-12-19T17:00:00+05:00,24,24.0,20201420782f301a29db3a4df7734cce42c7b5d80e6306275c2e2af112c89256,0.9866666666666667,7.14,7.32,7.47,72.0,-1.5,964.1,1.2246467991473532e-16,-1.0,-0.20917350564635637,0.9778785428342386
training,2025-12-17T12:00:00+00:00,2025-12-17T06:00:00+00:00,2025-12-19T12:00:00+00:00,2025-12-19T17:00:00+05:00,48,48.0,8389a864c5343ead5a59b796b2b6a175e82d28e70f82308b47cb1fc7279ffc2c,0.9866666666666667,7.27,7.46,7.61,67.0,-1.4,964.3,1.2246467991473532e-16,-1.0,-0.20917350564635637,0.9778785428342386
training,2025-12-18T12:00:00+00:00,2025-12-18T06:00:00+00:00,2025-12-19T13:00:00+00:00,2025-12-19T18:00:00+05:00,24,25.0,20201420782f301a29db3a4df7734cce42c7b5d80e6306275c2e2af112c89256,0.9899999999999999,7.63,7.82,7.99,75.0,-2.2,963.5,-0.2588190451025208,-0.9659258262890683,-0.20917350564635637,0.9778785428342386
training,2025-12-17T12:00:00+00:00,2025-12-17T06:00:00+00:00,2025-12-19T13:00:00+00:00,2025-12-19T18:00:00+05:00,48,49.0,8389a864c5343ead5a59b796b2b6a175e82d28e70f82308b47cb1fc7279ffc2c,0.9899999999999999,7.16,7.35,7.5,67.0,-2.1,963.7,-0.2588190451025208,-0.9659258262890683,-0.20917350564635637,0.9778785428342386
training,2025-12-18T12:00:00+00:00,2025-12-18T06:00:00+00:00,2025-12-19T14:00:00+00:00,2025-12-19T19:00:00+05:00,24,26.0,20201420782f301a29db3a4df7734cce42c7b5d80e6306275c2e2af112c89256,0.9899999999999999,7.92,8.13,8.29,76.0,-2.1,962.9,-0.4999999999999997,-0.8660254037844388,-0.20917350564635637,0.9778785428342386
training,2025-12-17T12:00:00+00:00,2025-12-17T06:00:00+00:00,2025-12-19T14:00:00+00:00,2025-12-19T19:00:00+05:00,48,50.0,8389a864c5343ead5a59b796b2b6a175e82d28e70f82308b47cb1fc7279ffc2c,0.9899999999999999,7.54,7.73,7.89,72.0,-2.7,962.6,-0.4999999999999997,-0.8660254037844388,-0.20917350564635637,0.9778785428342386
training,2025-12-18T18:00:00+00:00,2025-12-18T12:00:00+00:00,2025-12-19T15:00:00+00:00,2025-12-19T20:00:00+05:00,24,21.0,320fe551c984a390ac221a0f883bedfe0bb8b17954c15164d9e6578523bce2de,0.9883333333333333,8.33,8.55,8.73,81.0,-1.5,962.3,-0.7071067811865471,-0.7071067811865479,-0.20917350564635637,0.9778785428342386
training,2025-12-17T18:00:00+00:00,2025-12-17T12:00:00+00:00,2025-12-19T15:00:00+00:00,2025-12-19T20:00:00+05:00,48,45.0,0326b731fdda58f903372afddeb3c1502b3dedaadf0d7939acc9cadd4d12a2af,0.9883333333333333,7.26,7.45,7.61,78.0,-2.3,961.3,-0.7071067811865471,-0.7071067811865479,-0.20917350564635637,0.9778785428342386
training,2025-12-18T18:00:00+00:00,2025-12-18T12:00:00+00:00,2025-12-19T16:00:00+00:00,2025-12-19T21:00:00+05:00,24,22.0,320fe551c984a390ac221a0f883bedfe0bb8b17954c15164d9e6578523bce2de,0.9116666666666666,8.25,8.47,8.64,83.0,-1.2,961.6,-0.8660254037844385,-0.5000000000000004,-0.20917350564635637,0.9778785428342386
training,2025-12-17T18:00:00+00:00,2025-12-17T12:00:00+00:00,2025-12-19T16:00:00+00:00,2025-12-19T21:00:00+05:00,48,46.0,0326b731fdda58f903372afddeb3c1502b3dedaadf0d7939acc9cadd4d12a2af,0.9116666666666666,7.2,7.38,7.54,85.0,-2.0,960.6,-0.8660254037844385,-0.5000000000000004,-0.20917350564635637,0.9778785428342386
training,2025-12-18T18:00:00+00:00,2025-12-18T12:00:00+00:00,2025-12-19T17:00:00+00:00,2025-12-19T22:00:00+05:00,24,23.0,320fe551c984a390ac221a0f883bedfe0bb8b17954c15164d9e6578523bce2de,0.9783333333333334,8.07,8.28,8.45,82.0,-1.1,960.6,-0.9659258262890683,-0.25881904510252063,-0.20917350564635637,0.9778785428342386
training,2025-12-17T18:00:00+00:00,2025-12-17T12:00:00+00:00,2025-12-19T17:00:00+00:00,2025-12-19T22:00:00+05:00,48,47.0,0326b731fdda58f903372afddeb3c1502b3dedaadf0d7939acc9cadd4d12a2af,0.9783333333333334,6.92,7.1,7.25,90.0,-1.6,959.9,-0.9659258262890683,-0.25881904510252063,-0.20917350564635637,0.9778785428342386
training,2025-12-18T18:00:00+00:00,2025-12-18T12:00:00+00:00,2025-12-19T18:00:00+00:00,2025-12-19T23:00:00+05:00,24,24.0,320fe551c984a390ac221a0f883bedfe0bb8b17954c15164d9e6578523bce2de,0.9899999999999999,8.01,8.22,8.39,83.0,-1.4,959.4,-1.0,-1.8369701987210297e-16,-0.20917350564635637,0.9778785428342386
training,2025-12-17T18:00:00+00:00,2025-12-17T12:00:00+00:00,2025-12-19T18:00:00+00:00,2025-12-19T23:00:00+05:00,48,48.0,0326b731fdda58f903372afddeb3c1502b3dedaadf0d7939acc9cadd4d12a2af,0.9899999999999999,6.87,7.05,7.2,88.0,-1.6,958.5,-1.0,-1.8369701987210297e-16,-0.20917350564635637,0.9778785428342386
training,2025-12-18T18:00:00+00:00,2025-12-18T12:00:00+00:00,2025-12-19T19:00:00+00:00,2025-12-20T00:00:00+05:00,24,25.0,320fe551c984a390ac221a0f883bedfe0bb8b17954c15164d9e6578523bce2de,0.9899999999999999,8.07,8.28,8.45,80.0,-1.8,957.9,-0.9659258262890684,0.2588190451025203,-0.20917350564635637,0.9778785428342386
training,2025-12-17T18:00:00+00:00,2025-12-17T12:00:00+00:00,2025-12-19T19:00:00+00:00,2025-12-20T00:00:00+05:00,48,49.0,0326b731fdda58f903372afddeb3c1502b3dedaadf0d7939acc9cadd4d12a2af,0.9899999999999999,7.21,7.4,7.55,81.0,-1.9,957.1,-0.9659258262890684,0.2588190451025203,-0.20917350564635637,0.9778785428342386
training,2025-12-18T18:00:00+00:00,2025-12-18T12:00:00+00:00,2025-12-19T20:00:00+00:00,2025-12-20T01:00:00+05:00,24,26.0,320fe551c984a390ac221a0f883bedfe0bb8b17954c15164d9e6578523bce2de,0.945,8.05,8.26,8.43,76.0,-2.2,956.5,-0.8660254037844386,0.5000000000000001,-0.20917350564635637,0.9778785428342386
training,2025-12-17T18:00:00+00:00,2025-12-17T12:00:00+00:00,2025-12-19T20:00:00+00:00,2025-12-20T01:00:00+05:00,48,50.0,0326b731fdda58f903372afddeb3c1502b3dedaadf0d7939acc9cadd4d12a2af,0.945,7.43,7.62,7.78,78.0,-2.2,956.0,-0.8660254037844386,0.5000000000000001,-0.20917350564635637,0.9778785428342386
training,2025-12-19T00:00:00+00:00,2025-12-18T18:00:00+00:00,2025-12-19T21:00:00+00:00,2025-12-20T02:00:00+05:00,24,21.0,bdd3f170f237c20841adac746194fbd73b4ef8ebc1a5ad249415625dd2b8a27a,0.9833333333333334,7.97,8.18,8.34,73.0,-2.5,955.6,-0.7071067811865477,0.7071067811865474,-0.20917350564635637,0.9778785428342386
training,2025-12-18T00:00:00+00:00,2025-12-17T18:00:00+00:00,2025-12-19T21:00:00+00:00,2025-12-20T02:00:00+05:00,48,45.0,e5b9966d0b56be24ccd510efe7c224f3db2275f5009ce88f4f017616014865ed,0.9833333333333334,7.43,7.63,7.79,76.0,-2.2,955.2,-0.7071067811865477,0.7071067811865474,-0.20917350564635637,0.9778785428342386
training,2025-12-19T00:00:00+00:00,2025-12-18T18:00:00+00:00,2025-12-19T22:00:00+00:00,2025-12-20T03:00:00+05:00,24,22.0,bdd3f170f237c20841adac746194fbd73b4ef8ebc1a5ad249415625dd2b8a27a,0.98,6.73,6.9,7.04,76.0,-2.3,954.7,-0.5000000000000004,0.8660254037844384,-0.20917350564635637,0.9778785428342386
training,2025-12-18T00:00:00+00:00,2025-12-17T18:00:00+00:00,2025-12-19T22:00:00+00:00,2025-12-20T03:00:00+05:00,48,46.0,e5b9966d0b56be24ccd510efe7c224f3db2275f5009ce88f4f017616014865ed,0.98,6.75,6.92,7.07,75.0,-2.1,954.0,-0.5000000000000004,0.8660254037844384,-0.20917350564635637,0.9778785428342386
training,2025-12-19T00:00:00+00:00,2025-12-18T18:00:00+00:00,2025-12-19T23:00:00+00:00,2025-12-20T04:00:00+05:00,24,23.0,bdd3f170f237c20841adac746194fbd73b4ef8ebc1a5ad249415625dd2b8a27a,0.7433333333333333,5.7,5.85,5.97,75.0,-2.5,953.8,-0.25881904510252157,0.9659258262890681,-0.20917350564635637,0.9778785428342386
training,2025-12-18T00:00:00+00:00,2025-12-17T18:00:00+00:00,2025-12-19T23:00:00+00:00,2025-12-20T04:00:00+05:00,48,47.0,e5b9966d0b56be24ccd510efe7c224f3db2275f5009ce88f4f017616014865ed,0.7433333333333333,6.15,6.31,6.44,75.0,-2.0,953.0,-0.25881904510252157,0.9659258262890681,-0.20917350564635637,0.9778785428342386
training,2025-12-19T00:00:00+00:00,2025-12-18T18:00:00+00:00,2025-12-20T00:00:00+00:00,2025-12-20T05:00:00+05:00,24,24.0,bdd3f170f237c20841adac746194fbd73b4ef8ebc1a5ad249415625dd2b8a27a,0.5,5.21,5.35,5.46,76.0,-2.6,953.1,0.0,1.0,-0.19232150523909483,0.9813319716704275
training,2025-12-18T00:00:00+00:00,2025-12-17T18:00:00+00:00,2025-12-20T00:00:00+00:00,2025-12-20T05:00:00+05:00,48,48.0,e5b9966d0b56be24ccd510efe7c224f3db2275f5009ce88f4f017616014865ed,0.5,5.35,5.49,5.61,80.0,-1.8,952.3,0.0,1.0,-0.19232150523909483,0.9813319716704275
training,2025-12-19T00:00:00+00:00,2025-12-18T18:00:00+00:00,2025-12-20T01:00:00+00:00,2025-12-20T06:00:00+05:00,24,25.0,bdd3f170f237c20841adac746194fbd73b4ef8ebc1a5ad249415625dd2b8a27a,0.12833333333333333,4.58,4.7,4.8,81.0,-2.2,952.6,0.25881904510252074,0.9659258262890683,-0.19232150523909483,0.9813319716704275
training,2025-12-18T00:00:00+00:00,2025-12-17T18:00:00+00:00,2025-12-20T01:00:00+00:00,2025-12-20T06:00:00+05:00,48,49.0,e5b9966d0b56be24ccd510efe7c224f3db2275f5009ce88f4f017616014865ed,0.12833333333333333,5.01,5.14,5.25,77.0,-1.9,951.8,0.25881904510252074,0.9659258262890683,-0.19232150523909483,0.9813319716704275
training,2025-12-19T00:00:00+00:00,2025-12-18T18:00:00+00:00,2025-12-20T02:00:00+00:00,2025-12-20T07:00:00+05:00,24,26.0,bdd3f170f237c20841adac746194fbd73b4ef8ebc1a5ad249415625dd2b8a27a,0.09000000000000001,4.45,4.56,4.66,81.0,-2.6,951.9,0.49999999999999994,0.8660254037844387,-0.19232150523909483,0.9813319716704275
training,2025-12-18T00:00:00+00:00,2025-12-17T18:00:00+00:00,2025-12-20T02:00:00+00:00,2025-12-20T07:00:00+05:00,48,50.0,e5b9966d0b56be24ccd510efe7c224f3db2275f5009ce88f4f017616014865ed,0.09000000000000001,4.73,4.85,4.95,76.0,-1.9,951.1,0.49999999999999994,0.8660254037844387,-0.19232150523909483,0.9813319716704275
training,2025-12-19T06:00:00+00:00,2025-12-19T00:00:00+00:00,2025-12-20T03:00:00+00:00,2025-12-20T08:00:00+05:00,24,21.0,47377fab7d9a54224fe14d2fd0ea6af7134138d85d08a8dfebc8e83fa7f50ed4,0.19666666666666666,4.68,4.8,4.9,76.0,-1.8,951.9,0.7071067811865476,0.7071067811865476,-0.19232150523909483,0.9813319716704275
training,2025-12-18T06:00:00+00:00,2025-12-18T00:00:00+00:00,2025-12-20T03:00:00+00:00,2025-12-20T08:00:00+05:00,48,45.0,27b7678b5c9b112e56a9d0f164bb7ca1dbe820ac8c7edca468421ee943e399a1,0.19666666666666666,4.52,4.64,4.73,74.0,-1.5,951.1,0.7071067811865476,0.7071067811865476,-0.19232150523909483,0.9813319716704275
training,2025-12-19T06:00:00+00:00,2025-12-19T00:00:00+00:00,2025-12-20T04:00:00+00:00,2025-12-20T09:00:00+05:00,24,22.0,47377fab7d9a54224fe14d2fd0ea6af7134138d85d08a8dfebc8e83fa7f50ed4,0.105,4.69,4.82,4.91,75.0,-0.1,951.4,0.8660254037844386,0.5000000000000001,-0.19232150523909483,0.9813319716704275
training,2025-12-18T06:00:00+00:00,2025-12-18T00:00:00+00:00,2025-12-20T04:00:00+00:00,2025-12-20T09:00:00+05:00,48,46.0,27b7678b5c9b112e56a9d0f164bb7ca1dbe820ac8c7edca468421ee943e399a1,0.105,4.05,4.16,4.25,77.0,0.1,950.7,0.8660254037844386,0.5000000000000001,-0.19232150523909483,0.9813319716704275
training,2025-12-19T06:00:00+00:00,2025-12-19T00:00:00+00:00,2025-12-20T05:00:00+00:00,2025-12-20T10:00:00+05:00,24,23.0,47377fab7d9a54224fe14d2fd0ea6af7134138d85d08a8dfebc8e83fa7f50ed4,0.11666666666666668,4.62,4.74,4.84,65.0,1.9,950.8,0.9659258262890683,0.25881904510252074,-0.19232150523909483,0.9813319716704275
training,2025-12-18T06:00:00+00:00,2025-12-18T00:00:00+00:00,2025-12-20T05:00:00+00:00,2025-12-20T10:00:00+05:00,48,47.0,27b7678b5c9b112e56a9d0f164bb7ca1dbe820ac8c7edca468421ee943e399a1,0.11666666666666668,4.36,4.47,4.57,62.0,2.2,950.4,0.9659258262890683,0.25881904510252074,-0.19232150523909483,0.9813319716704275
training,2025-12-19T06:00:00+00:00,2025-12-19T00:00:00+00:00,2025-12-20T06:00:00+00:00,2025-12-20T11:00:00+05:00,24,24.0,47377fab7d9a54224fe14d2fd0ea6af7134138d85d08a8dfebc8e83fa7f50ed4,0.145,5.61,5.76,5.87,56.0,2.8,949.8,1.0,6.123233995736766e-17,-0.19232150523909483,0.9813319716704275
training,2025-12-18T06:00:00+00:00,2025-12-18T00:00:00+00:00,2025-12-20T06:00:00+00:00,2025-12-20T11:00:00+05:00,48,48.0,27b7678b5c9b112e56a9d0f164bb7ca1dbe820ac8c7edca468421ee943e399a1,0.145,5.77,5.92,6.04,53.0,3.5,949.4,1.0,6.123233995736766e-17,-0.19232150523909483,0.9813319716704275
training,2025-12-19T06:00:00+00:00,2025-12-19T00:00:00+00:00,2025-12-20T07:00:00+00:00,2025-12-20T12:00:00+05:00,24,25.0,47377fab7d9a54224fe14d2fd0ea6af7134138d85d08a8dfebc8e83fa7f50ed4,0.21,5.87,6.02,6.15,54.0,3.7,948.6,0.9659258262890683,-0.25881904510252063,-0.19232150523909483,0.9813319716704275
training,2025-12-18T06:00:00+00:00,2025-12-18T00:00:00+00:00,2025-12-20T07:00:00+00:00,2025-12-20T12:00:00+05:00,48,49.0,27b7678b5c9b112e56a9d0f164bb7ca1dbe820ac8c7edca468421ee943e399a1,0.21,6.22,6.38,6.51,55.0,3.8,948.5,0.9659258262890683,-0.25881904510252063,-0.19232150523909483,0.9813319716704275
training,2025-12-19T06:00:00+00:00,2025-12-19T00:00:00+00:00,2025-12-20T08:00:00+00:00,2025-12-20T13:00:00+05:00,24,26.0,47377fab7d9a54224fe14d2fd0ea6af7134138d85d08a8dfebc8e83fa7f50ed4,0.3833333333333333,5.93,6.08,6.21,51.0,4.2,947.9,0.8660254037844387,-0.4999999999999998,-0.19232150523909483,0.9813319716704275
training,2025-12-18T06:00:00+00:00,2025-12-18T00:00:00+00:00,2025-12-20T08:00:00+00:00,2025-12-20T13:00:00+05:00,48,50.0,27b7678b5c9b112e56a9d0f164bb7ca1dbe820ac8c7edca468421ee943e399a1,0.3833333333333333,6.02,6.17,6.3,50.0,4.3,947.8,0.8660254037844387,-0.4999999999999998,-0.19232150523909483,0.9813319716704275
training,2025-12-19T12:00:00+00:00,2025-12-19T06:00:00+00:00,2025-12-20T09:00:00+00:00,2025-12-20T14:00:00+05:00,24,21.0,537bb11aac0167b7a16eafc23e5a2ccec592d8d56fd4b7d57fb2dec94f6ab735,0.26333333333333336,6.45,6.62,6.75,57.0,4.6,946.9,0.7071067811865476,-0.7071067811865475,-0.19232150523909483,0.9813319716704275
training,2025-12-18T12:00:00+00:00,2025-12-18T06:00:00+00:00,2025-12-20T09:00:00+00:00,2025-12-20T14:00:00+05:00,48,45.0,20201420782f301a29db3a4df7734cce42c7b5d80e6306275c2e2af112c89256,0.26333333333333336,6.46,6.63,6.77,52.0,3.4,947.6,0.7071067811865476,-0.7071067811865475,-0.19232150523909483,0.9813319716704275
training,2025-12-19T12:00:00+00:00,2025-12-19T06:00:00+00:00,2025-12-20T10:00:00+00:00,2025-12-20T15:00:00+05:00,24,22.0,537bb11aac0167b7a16eafc23e5a2ccec592d8d56fd4b7d57fb2dec94f6ab735,0.24666666666666667,5.64,5.79,5.91,53.0,3.5,946.8,0.49999999999999994,-0.8660254037844387,-0.19232150523909483,0.9813319716704275
training,2025-12-18T12:00:00+00:00,2025-12-18T06:00:00+00:00,2025-12-20T10:00:00+00:00,2025-12-20T15:00:00+05:00,48,46.0,20201420782f301a29db3a4df7734cce42c7b5d80e6306275c2e2af112c89256,0.24666666666666667,5.42,5.56,5.68,55.0,2.6,947.2,0.49999999999999994,-0.8660254037844387,-0.19232150523909483,0.9813319716704275
training,2025-12-19T12:00:00+00:00,2025-12-19T06:00:00+00:00,2025-12-20T11:00:00+00:00,2025-12-20T16:00:00+05:00,24,23.0,537bb11aac0167b7a16eafc23e5a2ccec592d8d56fd4b7d57fb2dec94f6ab735,0.11,4.07,4.18,4.27,53.0,1.3,946.6,0.258819045102521,-0.9659258262890682,-0.19232150523909483,0.9813319716704275
training,2025-12-18T12:00:00+00:00,2025-12-18T06:00:00+00:00,2025-12-20T11:00:00+00:00,2025-12-20T16:00:00+05:00,48,47.0,20201420782f301a29db3a4df7734cce42c7b5d80e6306275c2e2af112c89256,0.11,4.8,4.92,5.03,57.0,1.0,946.9,0.258819045102521,-0.9659258262890682,-0.19232150523909483,0.9813319716704275
training,2025-12-19T12:00:00+00:00,2025-12-19T06:00:00+00:00,2025-12-20T12:00:00+00:00,2025-12-20T17:00:00+05:00,24,24.0,537bb11aac0167b7a16eafc23e5a2ccec592d8d56fd4b7d57fb2dec94f6ab735,0.01,0.28,0.28,0.29,135.0,0.9,947.4,1.2246467991473532e-16,-1.0,-0.19232150523909483,0.9813319716704275
training,2025-12-18T12:00:00+00:00,2025-12-18T06:00:00+00:00,2025-12-20T12:00:00+00:00,2025-12-20T17:00:00+05:00,48,48.0,20201420782f301a29db3a4df7734cce42c7b5d80e6306275c2e2af112c89256,0.01,2.22,2.28,2.33,64.0,0.4,947.8,1.2246467991473532e-16,-1.0,-0.19232150523909483,0.9813319716704275
training,2025-12-19T12:00:00+00:00,2025-12-19T06:00:00+00:00,2025-12-20T13:00:00+00:00,2025-12-20T18:00:00+05:00,24,25.0,537bb11aac0167b7a16eafc23e5a2ccec592d8d56fd4b7d57fb2dec94f6ab735,0.01,4.27,4.38,4.47,253.0,0.5,947.8,-0.2588190451025208,-0.9659258262890683,-0.19232150523909483,0.9813319716704275
training,2025-12-18T12:00:00+00:00,2025-12-18T06:00:00+00:00,2025-12-20T13:00:00+00:00,2025-12-20T18:00:00+05:00,48,49.0,20201420782f301a29db3a4df7734cce42c7b5d80e6306275c2e2af112c89256,0.01,3.82,3.92,4.0,240.0,0.4,948.4,-0.2588190451025208,-0.9659258262890683,-0.19232150523909483,0.9813319716704275
training,2025-12-19T12:00:00+00:00,2025-12-19T06:00:00+00:00,2025-12-20T14:00:00+00:00,2025-12-20T19:00:00+05:00,24,26.0,537bb11aac0167b7a16eafc23e5a2ccec592d8d56fd4b7d57fb2dec94f6ab735,0.01,6.17,6.33,6.46,249.0,-0.6,948.5,-0.4999999999999997,-0.8660254037844388,-0.19232150523909483,0.9813319716704275
training,2025-12-18T12:00:00+00:00,2025-12-18T06:00:00+00:00,2025-12-20T14:00:00+00:00,2025-12-20T19:00:00+05:00,48,50.0,20201420782f301a29db3a4df7734cce42c7b5d80e6306275c2e2af112c89256,0.01,5.38,5.52,5.64,258.0,-0.7,948.9,-0.4999999999999997,-0.8660254037844388,-0.19232150523909483,0.9813319716704275
training,2025-12-19T18:00:00+00:00,2025-12-19T12:00:00+00:00,2025-12-20T15:00:00+00:00,2025-12-20T20:00:00+05:00,24,21.0,827c722324a833240818e300b3880bebb42ba6a93bb1c59f6ab503621c309dbe,0.01,5.31,5.45,5.56,248.0,-0.1,949.6,-0.7071067811865471,-0.7071067811865479,-0.19232150523909483,0.9813319716704275
training,2025-12-18T18:00:00+00:00,2025-12-18T12:00:00+00:00,2025-12-20T15:00:00+00:00,2025-12-20T20:00:00+05:00,48,45.0,320fe551c984a390ac221a0f883bedfe0bb8b17954c15164d9e6578523bce2de,0.01,6.17,6.33,6.46,241.0,-0.7,948.3,-0.7071067811865471,-0.7071067811865479,-0.19232150523909483,0.9813319716704275
training,2025-12-19T18:00:00+00:00,2025-12-19T12:00:00+00:00,2025-12-20T16:00:00+00:00,2025-12-20T21:00:00+05:00,24,22.0,827c722324a833240818e300b3880bebb42ba6a93bb1c59f6ab503621c309dbe,0.01,4.39,4.5,4.6,240.0,-0.1,949.4,-0.8660254037844385,-0.5000000000000004,-0.19232150523909483,0.9813319716704275
training,2025-12-18T18:00:00+00:00,2025-12-18T12:00:00+00:00,2025-12-20T16:00:00+00:00,2025-12-20T21:00:00+05:00,48,46.0,320fe551c984a390ac221a0f883bedfe0bb8b17954c15164d9e6578523bce2de,0.01,5.69,5.84,5.96,243.0,-1.1,948.8,-0.8660254037844385,-0.5000000000000004,-0.19232150523909483,0.9813319716704275
training,2025-12-19T18:00:00+00:00,2025-12-19T12:00:00+00:00,2025-12-20T17:00:00+00:00,2025-12-20T22:00:00+05:00,24,23.0,827c722324a833240818e300b3880bebb42ba6a93bb1c59f6ab503621c309dbe,0.01,3.9,4.0,4.09,242.0,-0.1,949.5,-0.9659258262890683,-0.25881904510252063,-0.19232150523909483,0.9813319716704275
training,2025-12-18T18:00:00+00:00,2025-12-18T12:00:00+00:00,2025-12-20T17:00:00+00:00,2025-12-20T22:00:00+05:00,48,47.0,320fe551c984a390ac221a0f883bedfe0bb8b17954c15164d9e6578523bce2de,0.01,5.41,5.55,5.67,225.0,-0.5,948.6,-0.9659258262890683,-0.25881904510252063,-0.19232150523909483,0.9813319716704275
training,2025-12-19T18:00:00+00:00,2025-12-19T12:00:00+00:00,2025-12-20T18:00:00+00:00,2025-12-20T23:00:00+05:00,24,24.0,827c722324a833240818e300b3880bebb42ba6a93bb1c59f6ab503621c309dbe,0.05833333333333334,4.23,4.34,4.43,235.0,-0.4,949.4,-1.0,-1.8369701987210297e-16,-0.19232150523909483,0.9813319716704275
training,2025-12-18T18:00:00+00:00,2025-12-18T12:00:00+00:00,2025-12-20T18:00:00+00:00,2025-12-20T23:00:00+05:00,48,48.0,320fe551c984a390ac221a0f883bedfe0bb8b17954c15164d9e6578523bce2de,0.05833333333333334,5.8,5.95,6.08,238.0,-0.9,948.5,-1.0,-1.8369701987210297e-16,-0.19232150523909483,0.9813319716704275
training,2025-12-19T18:00:00+00:00,2025-12-19T12:00:00+00:00,2025-12-20T19:00:00+00:00,2025-12-21T00:00:00+05:00,24,25.0,827c722324a833240818e300b3880bebb42ba6a93bb1c59f6ab503621c309dbe,0.04,5.17,5.3,5.41,244.0,-1.1,949.4,-0.9659258262890684,0.2588190451025203,-0.19232150523909483,0.9813319716704275
training,2025-12-18T18:00:00+00:00,2025-12-18T12:00:00+00:00,2025-12-20T19:00:00+00:00,2025-12-21T00:00:00+05:00,48,49.0,320fe551c984a390ac221a0f883bedfe0bb8b17954c15164d9e6578523bce2de,0.04,6.91,7.09,7.24,245.0,-0.8,949.2,-0.9659258262890684,0.2588190451025203,-0.19232150523909483,0.9813319716704275
training,2025-12-19T18:00:00+00:00,2025-12-19T12:00:00+00:00,2025-12-20T20:00:00+00:00,2025-12-21T01:00:00+05:00,24,26.0,827c722324a833240818e300b3880bebb42ba6a93bb1c59f6ab503621c309dbe,0.08166666666666668,5.96,6.12,6.24,236.0,-0.9,949.6,-0.8660254037844386,0.5000000000000001,-0.19232150523909483,0.9813319716704275
training,2025-12-18T18:00:00+00:00,2025-12-18T12:00:00+00:00,2025-12-20T20:00:00+00:00,2025-12-21T01:00:00+05:00,48,50.0,320fe551c984a390ac221a0f883bedfe0bb8b17954c15164d9e6578523bce2de,0.08166666666666668,7.95,8.16,8.33,243.0,-0.9,949.8,-0.8660254037844386,0.5000000000000001,-0.19232150523909483,0.9813319716704275
training,2025-12-20T00:00:00+00:00,2025-12-19T18:00:00+00:00,2025-12-20T21:00:00+00:00,2025-12-21T02:00:00+05:00,24,21.0,3ab9f14df5704c991bd79d1cec39bfda09e2758e54b6dcb6ebdfa604639d08fc,0.29833333333333334,8.16,8.37,8.54,245.0,-0.9,950.4,-0.7071067811865477,0.7071067811865474,-0.19232150523909483,0.9813319716704275
training,2025-12-19T00:00:00+00:00,2025-12-18T18:00:00+00:00,2025-12-20T21:00:00+00:00,2025-12-21T02:00:00+05:00,48,45.0,bdd3f170f237c20841adac746194fbd73b4ef8ebc1a5ad249415625dd2b8a27a,0.29833333333333334,9.57,9.82,10.02,244.0,-1.4,949.8,-0.7071067811865477,0.7071067811865474,-0.19232150523909483,0.9813319716704275
training,2025-12-20T00:00:00+00:00,2025-12-19T18:00:00+00:00,2025-12-20T22:00:00+00:00,2025-12-21T03:00:00+05:00,24,22.0,3ab9f14df5704c991bd79d1cec39bfda09e2758e54b6dcb6ebdfa604639d08fc,0.22833333333333336,8.91,9.14,9.33,247.0,-1.0,950.5,-0.5000000000000004,0.8660254037844384,-0.19232150523909483,0.9813319716704275
training,2025-12-19T00:00:00+00:00,2025-12-18T18:00:00+00:00,2025-12-20T22:00:00+00:00,2025-12-21T03:00:00+05:00,48,46.0,bdd3f170f237c20841adac746194fbd73b4ef8ebc1a5ad249415625dd2b8a27a,0.22833333333333336,9.83,10.09,10.3,250.0,-0.9,950.1,-0.5000000000000004,0.8660254037844384,-0.19232150523909483,0.9813319716704275
training,2025-12-20T00:00:00+00:00,2025-12-19T18:00:00+00:00,2025-12-20T23:00:00+00:00,2025-12-21T04:00:00+05:00,24,23.0,3ab9f14df5704c991bd79d1cec39bfda09e2758e54b6dcb6ebdfa604639d08fc,0.7166666666666667,9.97,10.23,10.44,251.0,-0.9,951.3,-0.25881904510252157,0.9659258262890681,-0.19232150523909483,0.9813319716704275
training,2025-12-19T00:00:00+00:00,2025-12-18T18:00:00+00:00,2025-12-20T23:00:00+00:00,2025-12-21T04:00:00+05:00,48,47.0,bdd3f170f237c20841adac746194fbd73b4ef8ebc1a5ad249415625dd2b8a27a,0.7166666666666667,10.13,10.39,10.6,248.0,-0.3,950.7,-0.25881904510252157,0.9659258262890681,-0.19232150523909483,0.9813319716704275
training,2025-12-20T00:00:00+00:00,2025-12-19T18:00:00+00:00,2025-12-21T00:00:00+00:00,2025-12-21T05:00:00+05:00,24,24.0,3ab9f14df5704c991bd79d1cec39bfda09e2758e54b6dcb6ebdfa604639d08fc,0.9983333333333334,10.2,10.46,10.68,249.0,-0.9,952.2,0.0,1.0,-0.17541259380427843,0.9844950085880858
training,2025-12-19T00:00:00+00:00,2025-12-18T18:00:00+00:00,2025-12-21T00:00:00+00:00,2025-12-21T05:00:00+05:00,48,48.0,bdd3f170f237c20841adac746194fbd73b4ef8ebc1a5ad249415625dd2b8a27a,0.9983333333333334,11.18,11.47,11.7,248.0,-0.2,951.7,0.0,1.0,-0.17541259380427843,0.9844950085880858
training,2025-12-20T00:00:00+00:00,2025-12-19T18:00:00+00:00,2025-12-21T01:00:00+00:00,2025-12-21T06:00:00+05:00,24,25.0,3ab9f14df5704c991bd79d1cec39bfda09e2758e54b6dcb6ebdfa604639d08fc,0.8633333333333333,9.96,10.22,10.44,249.0,-0.4,952.8,0.25881904510252074,0.9659258262890683,-0.17541259380427843,0.9844950085880858
training,2025-12-19T00:00:00+00:00,2025-12-18T18:00:00+00:00,2025-12-21T01:00:00+00:00,2025-12-21T06:00:00+05:00,48,49.0,bdd3f170f237c20841adac746194fbd73b4ef8ebc1a5ad249415625dd2b8a27a,0.8633333333333333,10.73,11.01,11.24,249.0,-0.1,952.7,0.25881904510252074,0.9659258262890683,-0.17541259380427843,0.9844950085880858
training,2025-12-20T00:00:00+00:00,2025-12-19T18:00:00+00:00,2025-12-21T02:00:00+00:00,2025-12-21T07:00:00+05:00,24,26.0,3ab9f14df5704c991bd79d1cec39bfda09e2758e54b6dcb6ebdfa604639d08fc,0.325,9.97,10.23,10.44,246.0,-0.4,953.7,0.49999999999999994,0.8660254037844387,-0.17541259380427843,0.9844950085880858
training,2025-12-19T00:00:00+00:00,2025-12-18T18:00:00+00:00,2025-12-21T02:00:00+00:00,2025-12-21T07:00:00+05:00,48,50.0,bdd3f170f237c20841adac746194fbd73b4ef8ebc1a5ad249415625dd2b8a27a,0.325,9.83,10.09,10.3,250.0,-0.1,953.7,0.49999999999999994,0.8660254037844387,-0.17541259380427843,0.9844950085880858
training,2025-12-20T06:00:00+00:00,2025-12-20T00:00:00+00:00,2025-12-21T03:00:00+00:00,2025-12-21T08:00:00+05:00,24,21.0,bbb04529949d48178b0fa783c807b7ef1a83bebe4bb8998e02ccc913ede85f00,0.305,9.16,9.4,9.59,249.0,-0.3,955.0,0.7071067811865476,0.7071067811865476,-0.17541259380427843,0.9844950085880858
training,2025-12-19T06:00:00+00:00,2025-12-19T00:00:00+00:00,2025-12-21T03:00:00+00:00,2025-12-21T08:00:00+05:00,48,45.0,47377fab7d9a54224fe14d2fd0ea6af7134138d85d08a8dfebc8e83fa7f50ed4,0.305,9.04,9.28,9.47,247.0,-0.3,954.1,0.7071067811865476,0.7071067811865476,-0.17541259380427843,0.9844950085880858
training,2025-12-20T06:00:00+00:00,2025-12-20T00:00:00+00:00,2025-12-21T04:00:00+00:00,2025-12-21T09:00:00+05:00,24,22.0,bbb04529949d48178b0fa783c807b7ef1a83bebe4bb8998e02ccc913ede85f00,0.325,8.1,8.31,8.48,249.0,0.3,956.1,0.8660254037844386,0.5000000000000001,-0.17541259380427843,0.9844950085880858
training,2025-12-19T06:00:00+00:00,2025-12-19T00:00:00+00:00,2025-12-21T04:00:00+00:00,2025-12-21T09:00:00+05:00,48,46.0,47377fab7d9a54224fe14d2fd0ea6af7134138d85d08a8dfebc8e83fa7f50ed4,0.325,8.54,8.76,8.94,250.0,-0.1,955.0,0.8660254037844386,0.5000000000000001,-0.17541259380427843,0.9844950085880858
training,2025-12-20T06:00:00+00:00,2025-12-20T00:00:00+00:00,2025-12-21T05:00:00+00:00,2025-12-21T10:00:00+05:00,24,23.0,bbb04529949d48178b0fa783c807b7ef1a83bebe4bb8998e02ccc913ede85f00,0.37166666666666665,7.64,7.84,8.01,251.0,0.7,956.5,0.9659258262890683,0.25881904510252074,-0.17541259380427843,0.9844950085880858
training,2025-12-19T06:00:00+00:00,2025-12-19T00:00:00+00:00,2025-12-21T05:00:00+00:00,2025-12-21T10:00:00+05:00,48,47.0,47377fab7d9a54224fe14d2fd0ea6af7134138d85d08a8dfebc8e83fa7f50ed4,0.37166666666666665,8.11,8.32,8.49,253.0,0.1,955.7,0.9659258262890683,0.25881904510252074,-0.17541259380427843,0.9844950085880858
training,2025-12-20T06:00:00+00:00,2025-12-20T00:00:00+00:00,2025-12-21T06:00:00+00:00,2025-12-21T11:00:00+05:00,24,24.0,bbb04529949d48178b0fa783c807b7ef1a83bebe4bb8998e02ccc913ede85f00,0.37833333333333335,7.42,7.61,7.77,250.0,0.4,956.8,1.0,6.123233995736766e-17,-0.17541259380427843,0.9844950085880858
training,2025-12-19T06:00:00+00:00,2025-12-19T00:00:00+00:00,2025-12-21T06:00:00+00:00,2025-12-21T11:00:00+05:00,48,48.0,47377fab7d9a54224fe14d2fd0ea6af7134138d85d08a8dfebc8e83fa7f50ed4,0.37833333333333335,7.98,8.19,8.36,245.0,0.0,956.2,1.0,6.123233995736766e-17,-0.17541259380427843,0.9844950085880858
training,2025-12-20T06:00:00+00:00,2025-12-20T00:00:00+00:00,2025-12-21T07:00:00+00:00,2025-12-21T12:00:00+05:00,24,25.0,bbb04529949d48178b0fa783c807b7ef1a83bebe4bb8998e02ccc913ede85f00,0.31166666666666665,6.9,7.08,7.23,252.0,0.3,956.9,0.9659258262890683,-0.25881904510252063,-0.17541259380427843,0.9844950085880858
training,2025-12-19T06:00:00+00:00,2025-12-19T00:00:00+00:00,2025-12-21T07:00:00+00:00,2025-12-21T12:00:00+05:00,48,49.0,47377fab7d9a54224fe14d2fd0ea6af7134138d85d08a8dfebc8e83fa7f50ed4,0.31166666666666665,7.61,7.8,7.97,243.0,-0.1,956.4,0.9659258262890683,-0.25881904510252063,-0.17541259380427843,0.9844950085880858
training,2025-12-20T06:00:00+00:00,2025-12-20T00:00:00+00:00,2025-12-21T08:00:00+00:00,2025-12-21T13:00:00+05:00,24,26.0,bbb04529949d48178b0fa783c807b7ef1a83bebe4bb8998e02ccc913ede85f00,0.3066666666666667,6.63,6.8,6.94,250.0,0.1,957.3,0.8660254037844387,-0.4999999999999998,-0.17541259380427843,0.9844950085880858
training,2025-12-19T06:00:00+00:00,2025-12-19T00:00:00+00:00,2025-12-21T08:00:00+00:00,2025-12-21T13:00:00+05:00,48,50.0,47377fab7d9a54224fe14d2fd0ea6af7134138d85d08a8dfebc8e83fa7f50ed4,0.3066666666666667,7.42,7.62,7.77,238.0,0.2,957.1,0.8660254037844387,-0.4999999999999998,-0.17541259380427843,0.9844950085880858
training,2025-12-20T12:00:00+00:00,2025-12-20T06:00:00+00:00,2025-12-21T09:00:00+00:00,2025-12-21T14:00:00+05:00,24,21.0,34e225cc1fcd675ef4a41b21ef3806a60dfe93371b0e37c11d79ff0fe0e7f158,0.3283333333333333,5.56,5.7,5.82,242.0,-0.1,957.8,0.7071067811865476,-0.7071067811865475,-0.17541259380427843,0.9844950085880858
training,2025-12-19T12:00:00+00:00,2025-12-19T06:00:00+00:00,2025-12-21T09:00:00+00:00,2025-12-21T14:00:00+05:00,48,45.0,537bb11aac0167b7a16eafc23e5a2ccec592d8d56fd4b7d57fb2dec94f6ab735,0.3283333333333333,7.52,7.72,7.88,252.0,-0.6,958.2,0.7071067811865476,-0.7071067811865475,-0.17541259380427843,0.9844950085880858
training,2025-12-20T12:00:00+00:00,2025-12-20T06:00:00+00:00,2025-12-21T10:00:00+00:00,2025-12-21T15:00:00+05:00,24,22.0,34e225cc1fcd675ef4a41b21ef3806a60dfe93371b0e37c11d79ff0fe0e7f158,0.5,5.29,5.42,5.53,237.0,-0.4,958.6,0.49999999999999994,-0.8660254037844387,-0.17541259380427843,0.9844950085880858
training,2025-12-19T12:00:00+00:00,2025-12-19T06:00:00+00:00,2025-12-21T10:00:00+00:00,2025-12-21T15:00:00+05:00,48,46.0,537bb11aac0167b7a16eafc23e5a2ccec592d8d56fd4b7d57fb2dec94f6ab735,0.5,7.18,7.37,7.52,252.0,-0.8,959.1,0.49999999999999994,-0.8660254037844387,-0.17541259380427843,0.9844950085880858
training,2025-12-20T12:00:00+00:00,2025-12-20T06:00:00+00:00,2025-12-21T11:00:00+00:00,2025-12-21T16:00:00+05:00,24,23.0,34e225cc1fcd675ef4a41b21ef3806a60dfe93371b0e37c11d79ff0fe0e7f158,0.4166666666666667,6.25,6.41,6.54,237.0,-0.9,959.3,0.258819045102521,-0.9659258262890682,-0.17541259380427843,0.9844950085880858
training,2025-12-19T12:00:00+00:00,2025-12-19T06:00:00+00:00,2025-12-21T11:00:00+00:00,2025-12-21T16:00:00+05:00,48,47.0,537bb11aac0167b7a16eafc23e5a2ccec592d8d56fd4b7d57fb2dec94f6ab735,0.4166666666666667,7.2,7.39,7.54,249.0,-1.3,960.1,0.258819045102521,-0.9659258262890682,-0.17541259380427843,0.9844950085880858
training,2025-12-20T12:00:00+00:00,2025-12-20T06:00:00+00:00,2025-12-21T12:00:00+00:00,2025-12-21T17:00:00+05:00,24,24.0,34e225cc1fcd675ef4a41b21ef3806a60dfe93371b0e37c11d79ff0fe0e7f158,0.4666666666666666,6.55,6.72,6.86,241.0,-1.2,960.2,1.2246467991473532e-16,-1.0,-0.17541259380427843,0.9844950085880858
training,2025-12-19T12:00:00+00:00,2025-12-19T06:00:00+00:00,2025-12-21T12:00:00+00:00,2025-12-21T17:00:00+05:00,48,48.0,537bb11aac0167b7a16eafc23e5a2ccec592d8d56fd4b7d57fb2dec94f6ab735,0.4666666666666666,7.03,7.21,7.36,252.0,-1.5,961.2,1.2246467991473532e-16,-1.0,-0.17541259380427843,0.9844950085880858
training,2025-12-20T12:00:00+00:00,2025-12-20T06:00:00+00:00,2025-12-21T13:00:00+00:00,2025-12-21T18:00:00+05:00,24,25.0,34e225cc1fcd675ef4a41b21ef3806a60dfe93371b0e37c11d79ff0fe0e7f158,0.5633333333333334,6.49,6.66,6.8,237.0,-1.8,960.8,-0.2588190451025208,-0.9659258262890683,-0.17541259380427843,0.9844950085880858
training,2025-12-19T12:00:00+00:00,2025-12-19T06:00:00+00:00,2025-12-21T13:00:00+00:00,2025-12-21T18:00:00+05:00,48,49.0,537bb11aac0167b7a16eafc23e5a2ccec592d8d56fd4b7d57fb2dec94f6ab735,0.5633333333333334,6.95,7.13,7.28,248.0,-1.6,962.0,-0.2588190451025208,-0.9659258262890683,-0.17541259380427843,0.9844950085880858
training,2025-12-20T12:00:00+00:00,2025-12-20T06:00:00+00:00,2025-12-21T14:00:00+00:00,2025-12-21T19:00:00+05:00,24,26.0,34e225cc1fcd675ef4a41b21ef3806a60dfe93371b0e37c11d79ff0fe0e7f158,0.7516666666666666,6.51,6.68,6.82,233.0,-1.8,961.5,-0.4999999999999997,-0.8660254037844388,-0.17541259380427843,0.9844950085880858
training,2025-12-19T12:00:00+00:00,2025-12-19T06:00:00+00:00,2025-12-21T14:00:00+00:00,2025-12-21T19:00:00+05:00,48,50.0,537bb11aac0167b7a16eafc23e5a2ccec592d8d56fd4b7d57fb2dec94f6ab735,0.7516666666666666,6.93,7.11,7.26,244.0,-1.7,962.6,-0.4999999999999997,-0.8660254037844388,-0.17541259380427843,0.9844950085880858
training,2025-12-20T18:00:00+00:00,2025-12-20T12:00:00+00:00,2025-12-21T15:00:00+00:00,2025-12-21T20:00:00+05:00,24,21.0,30849935a920e37c6f67a5cac86feefb2cfbb34a0e040ed720047084e0e31b84,0.6883333333333334,7.55,7.75,7.91,246.0,-0.9,962.0,-0.7071067811865471,-0.7071067811865479,-0.17541259380427843,0.9844950085880858
training,2025-12-19T18:00:00+00:00,2025-12-19T12:00:00+00:00,2025-12-21T15:00:00+00:00,2025-12-21T20:00:00+05:00,48,45.0,827c722324a833240818e300b3880bebb42ba6a93bb1c59f6ab503621c309dbe,0.6883333333333334,6.96,7.14,7.29,235.0,-2.0,962.9,-0.7071067811865471,-0.7071067811865479,-0.17541259380427843,0.9844950085880858
training,2025-12-20T18:00:00+00:00,2025-12-20T12:00:00+00:00,2025-12-21T16:00:00+00:00,2025-12-21T21:00:00+05:00,24,22.0,30849935a920e37c6f67a5cac86feefb2cfbb34a0e040ed720047084e0e31b84,0.6733333333333333,6.99,7.17,7.32,249.0,-1.0,962.7,-0.8660254037844385,-0.5000000000000004,-0.17541259380427843,0.9844950085880858
training,2025-12-19T18:00:00+00:00,2025-12-19T12:00:00+00:00,2025-12-21T16:00:00+00:00,2025-12-21T21:00:00+05:00,48,46.0,827c722324a833240818e300b3880bebb42ba6a93bb1c59f6ab503621c309dbe,0.6733333333333333,6.48,6.65,6.79,227.0,-1.9,963.2,-0.8660254037844385,-0.5000000000000004,-0.17541259380427843,0.9844950085880858
training,2025-12-20T18:00:00+00:00,2025-12-20T12:00:00+00:00,2025-12-21T17:00:00+00:00,2025-12-21T22:00:00+05:00,24,23.0,30849935a920e37c6f67a5cac86feefb2cfbb34a0e040ed720047084e0e31b84,0.5033333333333333,6.62,6.8,6.94,248.0,-1.3,963.4,-0.9659258262890683,-0.25881904510252063,-0.17541259380427843,0.9844950085880858
training,2025-12-19T18:00:00+00:00,2025-12-19T12:00:00+00:00,2025-12-21T17:00:00+00:00,2025-12-21T22:00:00+05:00,48,47.0,827c722324a833240818e300b3880bebb42ba6a93bb1c59f6ab503621c309dbe,0.5033333333333333,5.96,6.12,6.24,225.0,-1.8,963.8,-0.9659258262890683,-0.25881904510252063,-0.17541259380427843,0.9844950085880858
training,2025-12-20T18:00:00+00:00,2025-12-20T12:00:00+00:00,2025-12-21T18:00:00+00:00,2025-12-21T23:00:00+05:00,24,24.0,30849935a920e37c6f67a5cac86feefb2cfbb34a0e040ed720047084e0e31b84,0.57,6.64,6.81,6.95,238.0,-1.1,964.2,-1.0,-1.8369701987210297e-16,-0.17541259380427843,0.9844950085880858
training,2025-12-19T18:00:00+00:00,2025-12-19T12:00:00+00:00,2025-12-21T18:00:00+00:00,2025-12-21T23:00:00+05:00,48,48.0,827c722324a833240818e300b3880bebb42ba6a93bb1c59f6ab503621c309dbe,0.57,5.17,5.3,5.41,225.0,-1.6,964.2,-1.0,-1.8369701987210297e-16,-0.17541259380427843,0.9844950085880858
training,2025-12-20T18:00:00+00:00,2025-12-20T12:00:00+00:00,2025-12-21T19:00:00+00:00,2025-12-22T00:00:00+05:00,24,25.0,30849935a920e37c6f67a5cac86feefb2cfbb34a0e040ed720047084e0e31b84,0.6566666666666666,6.23,6.4,6.53,231.0,-1.0,964.4,-0.9659258262890684,0.2588190451025203,-0.17541259380427843,0.9844950085880858
training,2025-12-19T18:00:00+00:00,2025-12-19T12:00:00+00:00,2025-12-21T19:00:00+00:00,2025-12-22T00:00:00+05:00,48,49.0,827c722324a833240818e300b3880bebb42ba6a93bb1c59f6ab503621c309dbe,0.6566666666666666,4.58,4.7,4.8,218.0,-1.8,964.1,-0.9659258262890684,0.2588190451025203,-0.17541259380427843,0.9844950085880858
training,2025-12-20T18:00:00+00:00,2025-12-20T12:00:00+00:00,2025-12-21T20:00:00+00:00,2025-12-22T01:00:00+05:00,24,26.0,30849935a920e37c6f67a5cac86feefb2cfbb34a0e040ed720047084e0e31b84,0.48166666666666663,5.89,6.05,6.17,226.0,-0.7,964.5,-0.8660254037844386,0.5000000000000001,-0.17541259380427843,0.9844950085880858
training,2025-12-19T18:00:00+00:00,2025-12-19T12:00:00+00:00,2025-12-21T20:00:00+00:00,2025-12-22T01:00:00+05:00,48,50.0,827c722324a833240818e300b3880bebb42ba6a93bb1c59f6ab503621c309dbe,0.48166666666666663,4.29,4.4,4.49,220.0,-1.7,964.2,-0.8660254037844386,0.5000000000000001,-0.17541259380427843,0.9844950085880858
training,2025-12-21T00:00:00+00:00,2025-12-20T18:00:00+00:00,2025-12-21T21:00:00+00:00,2025-12-22T02:00:00+05:00,24,21.0,c804d91475b325e3686f64ea016adafa2444e928d3b8f8d1a5e7fbe59fbac5fc,0.17833333333333334,5.52,5.66,5.78,224.0,-0.2,965.0,-0.7071067811865477,0.7071067811865474,-0.17541259380427843,0.9844950085880858
training,2025-12-20T00:00:00+00:00,2025-12-19T18:00:00+00:00,2025-12-21T21:00:00+00:00,2025-12-22T02:00:00+05:00,48,45.0,3ab9f14df5704c991bd79d1cec39bfda09e2758e54b6dcb6ebdfa604639d08fc,0.17833333333333334,4.45,4.56,4.66,223.0,-1.6,964.3,-0.7071067811865477,0.7071067811865474,-0.17541259380427843,0.9844950085880858
training,2025-12-21T00:00:00+00:00,2025-12-20T18:00:00+00:00,2025-12-21T22:00:00+00:00,2025-12-22T03:00:00+05:00,24,22.0,c804d91475b325e3686f64ea016adafa2444e928d3b8f8d1a5e7fbe59fbac5fc,0.01,4.66,4.78,4.88,223.0,0.1,965.2,-0.5000000000000004,0.8660254037844384,-0.17541259380427843,0.9844950085880858
training,2025-12-20T00:00:00+00:00,2025-12-19T18:00:00+00:00,2025-12-21T22:00:00+00:00,2025-12-22T03:00:00+05:00,48,46.0,3ab9f14df5704c991bd79d1cec39bfda09e2758e54b6dcb6ebdfa604639d08fc,0.01,2.88,2.95,3.01,231.0,-2.7,964.1,-0.5000000000000004,0.8660254037844384,-0.17541259380427843,0.9844950085880858
training,2025-12-21T00:00:00+00:00,2025-12-20T18:00:00+00:00,2025-12-21T23:00:00+00:00,2025-12-22T04:00:00+05:00,24,23.0,c804d91475b325e3686f64ea016adafa2444e928d3b8f8d1a5e7fbe59fbac5fc,0.015,3.1,3.18,3.25,225.0,-0.4,965.2,-0.25881904510252157,0.9659258262890681,-0.17541259380427843,0.9844950085880858
training,2025-12-20T00:00:00+00:00,2025-12-19T18:00:00+00:00,2025-12-21T23:00:00+00:00,2025-12-22T04:00:00+05:00,48,47.0,3ab9f14df5704c991bd79d1cec39bfda09e2758e54b6dcb6ebdfa604639d08fc,0.015,1.7,1.75,1.78,283.0,-3.3,964.3,-0.25881904510252157,0.9659258262890681,-0.17541259380427843,0.9844950085880858
training,2025-12-21T00:00:00+00:00,2025-12-20T18:00:00+00:00,2025-12-22T00:00:00+00:00,2025-12-22T05:00:00+05:00,24,24.0,c804d91475b325e3686f64ea016adafa2444e928d3b8f8d1a5e7fbe59fbac5fc,0.09500000000000001,1.69,1.73,1.77,213.0,-1.5,965.1,0.0,1.0,-0.15845177496083632,0.9873667175937016
training,2025-12-20T00:00:00+00:00,2025-12-19T18:00:00+00:00,2025-12-22T00:00:00+00:00,2025-12-22T05:00:00+05:00,48,48.0,3ab9f14df5704c991bd79d1cec39bfda09e2758e54b6dcb6ebdfa604639d08fc,0.09500000000000001,0.26,0.27,0.27,248.0,-3.4,964.8,0.0,1.0,-0.15845177496083632,0.9873667175937016
training,2025-12-21T00:00:00+00:00,2025-12-20T18:00:00+00:00,2025-12-22T01:00:00+00:00,2025-12-22T06:00:00+05:00,24,25.0,c804d91475b325e3686f64ea016adafa2444e928d3b8f8d1a5e7fbe59fbac5fc,0.19999999999999998,0.63,0.65,0.66,203.0,-1.8,965.0,0.25881904510252074,0.9659258262890683,-0.15845177496083632,0.9873667175937016
training,2025-12-20T00:00:00+00:00,2025-12-19T18:00:00+00:00,2025-12-22T01:00:00+00:00,2025-12-22T06:00:00+05:00,48,49.0,3ab9f14df5704c991bd79d1cec39bfda09e2758e54b6dcb6ebdfa604639d08fc,0.19999999999999998,1.33,1.36,1.39,98.0,-4.1,964.9,0.25881904510252074,0.9659258262890683,-0.15845177496083632,0.9873667175937016
training,2025-12-21T00:00:00+00:00,2025-12-20T18:00:00+00:00,2025-12-22T02:00:00+00:00,2025-12-22T07:00:00+05:00,24,26.0,c804d91475b325e3686f64ea016adafa2444e928d3b8f8d1a5e7fbe59fbac5fc,0.13333333333333333,1.13,1.15,1.18,72.0,-2.6,965.1,0.49999999999999994,0.8660254037844387,-0.15845177496083632,0.9873667175937016
training,2025-12-20T00:00:00+00:00,2025-12-19T18:00:00+00:00,2025-12-22T02:00:00+00:00,2025-12-22T07:00:00+05:00,48,50.0,3ab9f14df5704c991bd79d1cec39bfda09e2758e54b6dcb6ebdfa604639d08fc,0.13333333333333333,3.91,4.01,4.1,76.0,-4.8,965.2,0.49999999999999994,0.8660254037844387,-0.15845177496083632,0.9873667175937016
training,2025-12-21T06:00:00+00:00,2025-12-21T00:00:00+00:00,2025-12-22T03:00:00+00:00,2025-12-22T08:00:00+05:00,24,21.0,6b696c3870a0d91d85301821182fc9bc640d36366d1ed1e934e945f75ba703e5,0.18166666666666667,4.42,4.54,4.63,76.0,-3.7,965.9,0.7071067811865476,0.7071067811865476,-0.15845177496083632,0.9873667175937016
training,2025-12-20T06:00:00+00:00,2025-12-20T00:00:00+00:00,2025-12-22T03:00:00+00:00,2025-12-22T08:00:00+05:00,48,45.0,bbb04529949d48178b0fa783c807b7ef1a83bebe4bb8998e02ccc913ede85f00,0.18166666666666667,5.15,5.28,5.39,73.0,-4.3,966.0,0.7071067811865476,0.7071067811865476,-0.15845177496083632,0.9873667175937016
training,2025-12-21T06:00:00+00:00,2025-12-21T00:00:00+00:00,2025-12-22T04:00:00+00:00,2025-12-22T09:00:00+05:00,24,22.0,6b696c3870a0d91d85301821182fc9bc640d36366d1ed1e934e945f75ba703e5,0.5533333333333333,5.33,5.47,5.58,67.0,-2.4,966.8,0.8660254037844386,0.5000000000000001,-0.15845177496083632,0.9873667175937016
training,2025-12-20T06:00:00+00:00,2025-12-20T00:00:00+00:00,2025-12-22T04:00:00+00:00,2025-12-22T09:00:00+05:00,48,46.0,bbb04529949d48178b0fa783c807b7ef1a83bebe4bb8998e02ccc913ede85f00,0.5533333333333333,4.78,4.9,5.01,67.0,-2.8,966.6,0.8660254037844386,0.5000000000000001,-0.15845177496083632,0.9873667175937016
training,2025-12-21T06:00:00+00:00,2025-12-21T00:00:00+00:00,2025-12-22T05:00:00+00:00,2025-12-22T10:00:00+05:00,24,23.0,6b696c3870a0d91d85301821182fc9bc640d36366d1ed1e934e945f75ba703e5,0.965,5.49,5.64,5.75,65.0,-1.0,966.5,0.9659258262890683,0.25881904510252074,-0.15845177496083632,0.9873667175937016
training,2025-12-20T06:00:00+00:00,2025-12-20T00:00:00+00:00,2025-12-22T05:00:00+00:00,2025-12-22T10:00:00+05:00,48,47.0,bbb04529949d48178b0fa783c807b7ef1a83bebe4bb8998e02ccc913ede85f00,0.965,5.24,5.37,5.48,66.0,-0.7,966.2,0.9659258262890683,0.25881904510252074,-0.15845177496083632,0.9873667175937016
training,2025-12-21T06:00:00+00:00,2025-12-21T00:00:00+00:00,2025-12-22T06:00:00+00:00,2025-12-22T11:00:00+05:00,24,24.0,6b696c3870a0d91d85301821182fc9bc640d36366d1ed1e934e945f75ba703e5,0.975,6.83,7.01,7.15,66.0,0.7,965.8,1.0,6.123233995736766e-17,-0.15845177496083632,0.9873667175937016
training,2025-12-20T06:00:00+00:00,2025-12-20T00:00:00+00:00,2025-12-22T06:00:00+00:00,2025-12-22T11:00:00+05:00,48,48.0,bbb04529949d48178b0fa783c807b7ef1a83bebe4bb8998e02ccc913ede85f00,0.975,6.72,6.89,7.04,66.0,1.1,965.5,1.0,6.123233995736766e-17,-0.15845177496083632,0.9873667175937016
training,2025-12-21T06:00:00+00:00,2025-12-21T00:00:00+00:00,2025-12-22T07:00:00+00:00,2025-12-22T12:00:00+05:00,24,25.0,6b696c3870a0d91d85301821182fc9bc640d36366d1ed1e934e945f75ba703e5,0.9866666666666667,8.04,8.25,8.42,67.0,1.3,964.6,0.9659258262890683,-0.25881904510252063,-0.15845177496083632,0.9873667175937016
training,2025-12-20T06:00:00+00:00,2025-12-20T00:00:00+00:00,2025-12-22T07:00:00+00:00,2025-12-22T12:00:00+05:00,48,49.0,bbb04529949d48178b0fa783c807b7ef1a83bebe4bb8998e02ccc913ede85f00,0.9866666666666667,7.7,7.9,8.06,68.0,2.3,964.6,0.9659258262890683,-0.25881904510252063,-0.15845177496083632,0.9873667175937016
training,2025-12-21T06:00:00+00:00,2025-12-21T00:00:00+00:00,2025-12-22T08:00:00+00:00,2025-12-22T13:00:00+05:00,24,26.0,6b696c3870a0d91d85301821182fc9bc640d36366d1ed1e934e945f75ba703e5,0.9566666666666667,7.96,8.16,8.33,70.0,1.5,964.0,0.8660254037844387,-0.4999999999999998,-0.15845177496083632,0.9873667175937016
training,2025-12-20T06:00:00+00:00,2025-12-20T00:00:00+00:00,2025-12-22T08:00:00+00:00,2025-12-22T13:00:00+05:00,48,50.0,bbb04529949d48178b0fa783c807b7ef1a83bebe4bb8998e02ccc913ede85f00,0.9566666666666667,7.8,8.0,8.17,72.0,2.0,964.0,0.8660254037844387,-0.4999999999999998,-0.15845177496083632,0.9873667175937016
training,2025-12-21T12:00:00+00:00,2025-12-21T06:00:00+00:00,2025-12-22T09:00:00+00:00,2025-12-22T14:00:00+05:00,24,21.0,6656462a9c89a2182913d8e2211a59ec93750fe9f91c77ceb9da3edb33d196e7,0.9883333333333333,7.46,7.66,7.81,70.0,1.2,963.6,0.7071067811865476,-0.7071067811865475,-0.15845177496083632,0.9873667175937016
training,2025-12-20T12:00:00+00:00,2025-12-20T06:00:00+00:00,2025-12-22T09:00:00+00:00,2025-12-22T14:00:00+05:00,48,45.0,34e225cc1fcd675ef4a41b21ef3806a60dfe93371b0e37c11d79ff0fe0e7f158,0.9883333333333333,8.3,8.52,8.69,74.0,1.8,963.7,0.7071067811865476,-0.7071067811865475,-0.15845177496083632,0.9873667175937016
training,2025-12-21T12:00:00+00:00,2025-12-21T06:00:00+00:00,2025-12-22T10:00:00+00:00,2025-12-22T15:00:00+05:00,24,22.0,6656462a9c89a2182913d8e2211a59ec93750fe9f91c77ceb9da3edb33d196e7,0.9883333333333333,7.15,7.34,7.49,70.0,0.9,963.3,0.49999999999999994,-0.8660254037844387,-0.15845177496083632,0.9873667175937016
training,2025-12-20T12:00:00+00:00,2025-12-20T06:00:00+00:00,2025-12-22T10:00:00+00:00,2025-12-22T15:00:00+05:00,48,46.0,34e225cc1fcd675ef4a41b21ef3806a60dfe93371b0e37c11d79ff0fe0e7f158,0.9883333333333333,7.65,7.85,8.01,76.0,0.8,963.5,0.49999999999999994,-0.8660254037844387,-0.15845177496083632,0.9873667175937016
training,2025-12-21T12:00:00+00:00,2025-12-21T06:00:00+00:00,2025-12-22T11:00:00+00:00,2025-12-22T16:00:00+05:00,24,23.0,6656462a9c89a2182913d8e2211a59ec93750fe9f91c77ceb9da3edb33d196e7,0.9899999999999999,7.17,7.36,7.51,70.0,-0.6,962.9,0.258819045102521,-0.9659258262890682,-0.15845177496083632,0.9873667175937016
training,2025-12-20T12:00:00+00:00,2025-12-20T06:00:00+00:00,2025-12-22T11:00:00+00:00,2025-12-22T16:00:00+05:00,48,47.0,34e225cc1fcd675ef4a41b21ef3806a60dfe93371b0e37c11d79ff0fe0e7f158,0.9899999999999999,7.89,8.1,8.27,73.0,-0.3,963.0,0.258819045102521,-0.9659258262890682,-0.15845177496083632,0.9873667175937016
training,2025-12-21T12:00:00+00:00,2025-12-21T06:00:00+00:00,2025-12-22T12:00:00+00:00,2025-12-22T17:00:00+05:00,24,24.0,6656462a9c89a2182913d8e2211a59ec93750fe9f91c77ceb9da3edb33d196e7,0.9899999999999999,6.89,7.07,7.22,73.0,-1.8,962.6,1.2246467991473532e-16,-1.0,-0.15845177496083632,0.9873667175937016
training,2025-12-20T12:00:00+00:00,2025-12-20T06:00:00+00:00,2025-12-22T12:00:00+00:00,2025-12-22T17:00:00+05:00,48,48.0,34e225cc1fcd675ef4a41b21ef3806a60dfe93371b0e37c11d79ff0fe0e7f158,0.9899999999999999,8.18,8.4,8.57,72.0,-0.9,962.7,1.2246467991473532e-16,-1.0,-0.15845177496083632,0.9873667175937016
training,2025-12-21T12:00:00+00:00,2025-12-21T06:00:00+00:00,2025-12-22T13:00:00+00:00,2025-12-22T18:00:00+05:00,24,25.0,6656462a9c89a2182913d8e2211a59ec93750fe9f91c77ceb9da3edb33d196e7,0.975,6.23,6.39,6.53,78.0,-2.4,962.4,-0.2588190451025208,-0.9659258262890683,-0.15845177496083632,0.9873667175937016
training,2025-12-20T12:00:00+00:00,2025-12-20T06:00:00+00:00,2025-12-22T13:00:00+00:00,2025-12-22T18:00:00+05:00,48,49.0,34e225cc1fcd675ef4a41b21ef3806a60dfe93371b0e37c11d79ff0fe0e7f158,0.975,8.18,8.4,8.57,72.0,-1.3,962.3,-0.2588190451025208,-0.9659258262890683,-0.15845177496083632,0.9873667175937016
training,2025-12-21T12:00:00+00:00,2025-12-21T06:00:00+00:00,2025-12-22T14:00:00+00:00,2025-12-22T19:00:00+05:00,24,26.0,6656462a9c89a2182913d8e2211a59ec93750fe9f91c77ceb9da3edb33d196e7,0.5850000000000001,5.57,5.72,5.84,78.0,-2.2,962.2,-0.4999999999999997,-0.8660254037844388,-0.15845177496083632,0.9873667175937016
training,2025-12-20T12:00:00+00:00,2025-12-20T06:00:00+00:00,2025-12-22T14:00:00+00:00,2025-12-22T19:00:00+05:00,48,50.0,34e225cc1fcd675ef4a41b21ef3806a60dfe93371b0e37c11d79ff0fe0e7f158,0.5850000000000001,7.83,8.03,8.2,72.0,-1.5,961.9,-0.4999999999999997,-0.8660254037844388,-0.15845177496083632,0.9873667175937016
training,2025-12-21T18:00:00+00:00,2025-12-21T12:00:00+00:00,2025-12-22T15:00:00+00:00,2025-12-22T20:00:00+05:00,24,21.0,f7166a1235675f1ca3b676cee03220804bcc050943c3aad2e75a6cbd67e47648,0.11499999999999999,4.3,4.41,4.51,77.0,-2.5,962.3,-0.7071067811865471,-0.7071067811865479,-0.15845177496083632,0.9873667175937016
training,2025-12-20T18:00:00+00:00,2025-12-20T12:00:00+00:00,2025-12-22T15:00:00+00:00,2025-12-22T20:00:00+05:00,48,45.0,30849935a920e37c6f67a5cac86feefb2cfbb34a0e040ed720047084e0e31b84,0.11499999999999999,6.12,6.28,6.41,73.0,-1.9,962.3,-0.7071067811865471,-0.7071067811865479,-0.15845177496083632,0.9873667175937016
training,2025-12-21T18:00:00+00:00,2025-12-21T12:00:00+00:00,2025-12-22T16:00:00+00:00,2025-12-22T21:00:00+05:00,24,22.0,f7166a1235675f1ca3b676cee03220804bcc050943c3aad2e75a6cbd67e47648,0.17333333333333334,3.14,3.22,3.29,84.0,-3.9,961.8,-0.8660254037844385,-0.5000000000000004,-0.15845177496083632,0.9873667175937016
training,2025-12-20T18:00:00+00:00,2025-12-20T12:00:00+00:00,2025-12-22T16:00:00+00:00,2025-12-22T21:00:00+05:00,48,46.0,30849935a920e37c6f67a5cac86feefb2cfbb34a0e040ed720047084e0e31b84,0.17333333333333334,5.08,5.21,5.32,76.0,-2.6,962.0,-0.8660254037844385,-0.5000000000000004,-0.15845177496083632,0.9873667175937016
training,2025-12-21T18:00:00+00:00,2025-12-21T12:00:00+00:00,2025-12-22T17:00:00+00:00,2025-12-22T22:00:00+05:00,24,23.0,f7166a1235675f1ca3b676cee03220804bcc050943c3aad2e75a6cbd67e47648,0.11166666666666668,1.71,1.76,1.79,105.0,-3.7,961.9,-0.9659258262890683,-0.25881904510252063,-0.15845177496083632,0.9873667175937016
training,2025-12-20T18:00:00+00:00,2025-12-20T12:00:00+00:00,2025-12-22T17:00:00+00:00,2025-12-22T22:00:00+05:00,48,47.0,30849935a920e37c6f67a5cac86feefb2cfbb34a0e040ed720047084e0e31b84,0.11166666666666668,4.38,4.49,4.58,82.0,-3.0,961.6,-0.9659258262890683,-0.25881904510252063,-0.15845177496083632,0.9873667175937016
training,2025-12-21T18:00:00+00:00,2025-12-21T12:00:00+00:00,2025-12-22T18:00:00+00:00,2025-12-22T23:00:00+05:00,24,24.0,f7166a1235675f1ca3b676cee03220804bcc050943c3aad2e75a6cbd67e47648,0.075,1.5,1.54,1.57,126.0,-3.1,961.8,-1.0,-1.8369701987210297e-16,-0.15845177496083632,0.9873667175937016
training,2025-12-20T18:00:00+00:00,2025-12-20T12:00:00+00:00,2025-12-22T18:00:00+00:00,2025-12-22T23:00:00+05:00,48,48.0,30849935a920e37c6f67a5cac86feefb2cfbb34a0e040ed720047084e0e31b84,0.075,3.67,3.77,3.84,95.0,-3.6,961.2,-1.0,-1.8369701987210297e-16,-0.15845177496083632,0.9873667175937016
training,2025-12-21T18:00:00+00:00,2025-12-21T12:00:00+00:00,2025-12-22T19:00:00+00:00,2025-12-23T00:00:00+05:00,24,25.0,f7166a1235675f1ca3b676cee03220804bcc050943c3aad2e75a6cbd67e47648,0.023333333333333334,1.33,1.36,1.39,82.0,-4.3,961.0,-0.9659258262890684,0.2588190451025203,-0.15845177496083632,0.9873667175937016
training,2025-12-20T18:00:00+00:00,2025-12-20T12:00:00+00:00,2025-12-22T19:00:00+00:00,2025-12-23T00:00:00+05:00,48,49.0,30849935a920e37c6f67a5cac86feefb2cfbb34a0e040ed720047084e0e31b84,0.023333333333333334,3.54,3.63,3.7,97.0,-3.8,960.8,-0.9659258262890684,0.2588190451025203,-0.15845177496083632,0.9873667175937016
training,2025-12-21T18:00:00+00:00,2025-12-21T12:00:00+00:00,2025-12-22T20:00:00+00:00,2025-12-23T01:00:00+05:00,24,26.0,f7166a1235675f1ca3b676cee03220804bcc050943c3aad2e75a6cbd67e47648,0.01,0.8,0.82,0.84,38.0,-5.2,960.6,-0.8660254037844386,0.5000000000000001,-0.15845177496083632,0.9873667175937016
training,2025-12-20T18:00:00+00:00,2025-12-20T12:00:00+00:00,2025-12-22T20:00:00+00:00,2025-12-23T01:00:00+05:00,48,50.0,30849935a920e37c6f67a5cac86feefb2cfbb34a0e040ed720047084e0e31b84,0.01,3.13,3.21,3.28,95.0,-4.0,960.4,-0.8660254037844386,0.5000000000000001,-0.15845177496083632,0.9873667175937016
training,2025-12-22T00:00:00+00:00,2025-12-21T18:00:00+00:00,2025-12-22T21:00:00+00:00,2025-12-23T02:00:00+05:00,24,21.0,110c6b0241af685b24058e1faee254a6f18aab7cf2a68071bf1958b3f98fbafa,0.01,0.48,0.49,0.5,246.0,-5.4,961.0,-0.7071067811865477,0.7071067811865474,-0.15845177496083632,0.9873667175937016
training,2025-12-21T00:00:00+00:00,2025-12-20T18:00:00+00:00,2025-12-22T21:00:00+00:00,2025-12-23T02:00:00+05:00,48,45.0,c804d91475b325e3686f64ea016adafa2444e928d3b8f8d1a5e7fbe59fbac5fc,0.01,2.47,2.53,2.58,81.0,-4.2,960.2,-0.7071067811865477,0.7071067811865474,-0.15845177496083632,0.9873667175937016
training,2025-12-22T00:00:00+00:00,2025-12-21T18:00:00+00:00,2025-12-22T22:00:00+00:00,2025-12-23T03:00:00+05:00,24,22.0,110c6b0241af685b24058e1faee254a6f18aab7cf2a68071bf1958b3f98fbafa,0.015,0.62,0.64,0.65,219.0,-6.3,960.7,-0.5000000000000004,0.8660254037844384,-0.15845177496083632,0.9873667175937016
training,2025-12-21T00:00:00+00:00,2025-12-20T18:00:00+00:00,2025-12-22T22:00:00+00:00,2025-12-23T03:00:00+05:00,48,46.0,c804d91475b325e3686f64ea016adafa2444e928d3b8f8d1a5e7fbe59fbac5fc,0.015,1.75,1.8,1.83,77.0,-4.4,959.6,-0.5000000000000004,0.8660254037844384,-0.15845177496083632,0.9873667175937016
training,2025-12-22T00:00:00+00:00,2025-12-21T18:00:00+00:00,2025-12-22T23:00:00+00:00,2025-12-23T04:00:00+05:00,24,23.0,110c6b0241af685b24058e1faee254a6f18aab7cf2a68071bf1958b3f98fbafa,0.01,0.81,0.83,0.84,295.0,-5.6,960.4,-0.25881904510252157,0.9659258262890681,-0.15845177496083632,0.9873667175937016
training,2025-12-21T00:00:00+00:00,2025-12-20T18:00:00+00:00,2025-12-22T23:00:00+00:00,2025-12-23T04:00:00+05:00,48,47.0,c804d91475b325e3686f64ea016adafa2444e928d3b8f8d1a5e7fbe59fbac5fc,0.01,0.87,0.89,0.91,63.0,-4.9,959.3,-0.25881904510252157,0.9659258262890681,-0.15845177496083632,0.9873667175937016
training,2025-12-22T00:00:00+00:00,2025-12-21T18:00:00+00:00,2025-12-23T00:00:00+00:00,2025-12-23T05:00:00+05:00,24,24.0,110c6b0241af685b24058e1faee254a6f18aab7cf2a68071bf1958b3f98fbafa,0.01,1.85,1.9,1.94,272.0,-6.0,960.6,0.0,1.0,-0.14144406768794202,0.9899462489023779
training,2025-12-21T00:00:00+00:00,2025-12-20T18:00:00+00:00,2025-12-23T00:00:00+00:00,2025-12-23T05:00:00+05:00,48,48.0,c804d91475b325e3686f64ea016adafa2444e928d3b8f8d1a5e7fbe59fbac5fc,0.01,0.87,0.89,0.91,297.0,-5.4,959.6,0.0,1.0,-0.14144406768794202,0.9899462489023779
training,2025-12-22T00:00:00+00:00,2025-12-21T18:00:00+00:00,2025-12-23T01:00:00+00:00,2025-12-23T06:00:00+05:00,24,25.0,110c6b0241af685b24058e1faee254a6f18aab7cf2a68071bf1958b3f98fbafa,0.01,2.36,2.42,2.47,263.0,-5.7,961.0,0.25881904510252074,0.9659258262890683,-0.14144406768794202,0.9899462489023779
training,2025-12-21T00:00:00+00:00,2025-12-20T18:00:00+00:00,2025-12-23T01:00:00+00:00,2025-12-23T06:00:00+05:00,48,49.0,c804d91475b325e3686f64ea016adafa2444e928d3b8f8d1a5e7fbe59fbac5fc,0.01,1.81,1.86,1.89,265.0,-5.8,959.9,0.25881904510252074,0.9659258262890683,-0.14144406768794202,0.9899462489023779
training,2025-12-22T00:00:00+00:00,2025-12-21T18:00:00+00:00,2025-12-23T02:00:00+00:00,2025-12-23T07:00:00+05:00,24,26.0,110c6b0241af685b24058e1faee254a6f18aab7cf2a68071bf1958b3f98fbafa,0.01,2.06,2.11,2.16,263.0,-5.5,961.2,0.49999999999999994,0.8660254037844387,-0.14144406768794202,0.9899462489023779
training,2025-12-21T00:00:00+00:00,2025-12-20T18:00:00+00:00,2025-12-23T02:00:00+00:00,2025-12-23T07:00:00+05:00,48,50.0,c804d91475b325e3686f64ea016adafa2444e928d3b8f8d1a5e7fbe59fbac5fc,0.01,1.9,1.95,1.99,271.0,-6.2,959.9,0.49999999999999994,0.8660254037844387,-0.14144406768794202,0.9899462489023779
training,2025-12-22T06:00:00+00:00,2025-12-22T00:00:00+00:00,2025-12-23T03:00:00+00:00,2025-12-23T08:00:00+05:00,24,21.0,20daa31b853645542104c6bfa0477e3879a76ec8c5fa6d88db9794bd5ff0624d,0.034999999999999996,1.27,1.3,1.33,268.0,-5.0,962.1,0.7071067811865476,0.7071067811865476,-0.14144406768794202,0.9899462489023779
training,2025-12-21T06:00:00+00:00,2025-12-21T00:00:00+00:00,2025-12-23T03:00:00+00:00,2025-12-23T08:00:00+05:00,48,45.0,6b696c3870a0d91d85301821182fc9bc640d36366d1ed1e934e945f75ba703e5,0.034999999999999996,1.9,1.95,1.99,257.0,-5.8,961.0,0.7071067811865476,0.7071067811865476,-0.14144406768794202,0.9899462489023779
training,2025-12-22T06:00:00+00:00,2025-12-22T00:00:00+00:00,2025-12-23T04:00:00+00:00,2025-12-23T09:00:00+05:00,24,22.0,20daa31b853645542104c6bfa0477e3879a76ec8c5fa6d88db9794bd5ff0624d,0.021666666666666667,0.94,0.96,0.98,231.0,-4.2,962.6,0.8660254037844386,0.5000000000000001,-0.14144406768794202,0.9899462489023779
training,2025-12-21T06:00:00+00:00,2025-12-21T00:00:00+00:00,2025-12-23T04:00:00+00:00,2025-12-23T09:00:00+05:00,48,46.0,6b696c3870a0d91d85301821182fc9bc640d36366d1ed1e934e945f75ba703e5,0.021666666666666667,1.9,1.94,1.99,252.0,-4.3,961.8,0.8660254037844386,0.5000000000000001,-0.14144406768794202,0.9899462489023779
training,2025-12-22T06:00:00+00:00,2025-12-22T00:00:00+00:00,2025-12-23T05:00:00+00:00,2025-12-23T10:00:00+05:00,24,23.0,20daa31b853645542104c6bfa0477e3879a76ec8c5fa6d88db9794bd5ff0624d,0.01,0.85,0.87,0.89,257.0,-3.3,962.6,0.9659258262890683,0.25881904510252074,-0.14144406768794202,0.9899462489023779
training,2025-12-21T06:00:00+00:00,2025-12-21T00:00:00+00:00,2025-12-23T05:00:00+00:00,2025-12-23T10:00:00+05:00,48,47.0,6b696c3870a0d91d85301821182fc9bc640d36366d1ed1e934e945f75ba703e5,0.01,1.57,1.61,1.65,263.0,-2.9,962.0,0.9659258262890683,0.25881904510252074,-0.14144406768794202,0.9899462489023779
training,2025-12-22T06:00:00+00:00,2025-12-22T00:00:00+00:00,2025-12-23T06:00:00+00:00,2025-12-23T11:00:00+05:00,24,24.0,20daa31b853645542104c6bfa0477e3879a76ec8c5fa6d88db9794bd5ff0624d,0.01,1.39,1.42,1.45,280.0,-2.7,962.0,1.0,6.123233995736766e-17,-0.14144406768794202,0.9899462489023779
training,2025-12-21T06:00:00+00:00,2025-12-21T00:00:00+00:00,2025-12-23T06:00:00+00:00,2025-12-23T11:00:00+05:00,48,48.0,6b696c3870a0d91d85301821182fc9bc640d36366d1ed1e934e945f75ba703e5,0.01,1.71,1.75,1.79,273.0,-2.4,961.4,1.0,6.123233995736766e-17,-0.14144406768794202,0.9899462489023779
training,2025-12-22T06:00:00+00:00,2025-12-22T00:00:00+00:00,2025-12-23T07:00:00+00:00,2025-12-23T12:00:00+05:00,24,25.0,20daa31b853645542104c6bfa0477e3879a76ec8c5fa6d88db9794bd5ff0624d,0.01,1.96,2.02,2.06,277.0,-1.9,961.4,0.9659258262890683,-0.25881904510252063,-0.14144406768794202,0.9899462489023779
training,2025-12-21T06:00:00+00:00,2025-12-21T00:00:00+00:00,2025-12-23T07:00:00+00:00,2025-12-23T12:00:00+05:00,48,49.0,6b696c3870a0d91d85301821182fc9bc640d36366d1ed1e934e945f75ba703e5,0.01,2.0,2.06,2.1,274.0,-1.4,960.9,0.9659258262890683,-0.25881904510252063,-0.14144406768794202,0.9899462489023779
training,2025-12-22T06:00:00+00:00,2025-12-22T00:00:00+00:00,2025-12-23T08:00:00+00:00,2025-12-23T13:00:00+05:00,24,26.0,20daa31b853645542104c6bfa0477e3879a76ec8c5fa6d88db9794bd5ff0624d,0.01,2.15,2.2,2.25,267.0,-1.3,961.1,0.8660254037844387,-0.4999999999999998,-0.14144406768794202,0.9899462489023779
training,2025-12-21T06:00:00+00:00,2025-12-21T00:00:00+00:00,2025-12-23T08:00:00+00:00,2025-12-23T13:00:00+05:00,48,50.0,6b696c3870a0d91d85301821182fc9bc640d36366d1ed1e934e945f75ba703e5,0.01,2.22,2.28,2.32,261.0,-1.2,960.5,0.8660254037844387,-0.4999999999999998,-0.14144406768794202,0.9899462489023779
training,2025-12-22T12:00:00+00:00,2025-12-22T06:00:00+00:00,2025-12-23T09:00:00+00:00,2025-12-23T14:00:00+05:00,24,21.0,ce1a4060bbee6e70d58e473881fa96879ea955faaebc9e83a82302e55903c919,0.01,1.97,2.02,2.06,261.0,-1.6,960.7,0.7071067811865476,-0.7071067811865475,-0.14144406768794202,0.9899462489023779
training,2025-12-21T12:00:00+00:00,2025-12-21T06:00:00+00:00,2025-12-23T09:00:00+00:00,2025-12-23T14:00:00+05:00,48,45.0,6656462a9c89a2182913d8e2211a59ec93750fe9f91c77ceb9da3edb33d196e7,0.01,2.81,2.88,2.94,262.0,-1.3,960.6,0.7071067811865476,-0.7071067811865475,-0.14144406768794202,0.9899462489023779
training,2025-12-22T12:00:00+00:00,2025-12-22T06:00:00+00:00,2025-12-23T10:00:00+00:00,2025-12-23T15:00:00+05:00,24,22.0,ce1a4060bbee6e70d58e473881fa96879ea955faaebc9e83a82302e55903c919,0.01,2.2,2.25,2.3,267.0,-2.0,961.0,0.49999999999999994,-0.8660254037844387,-0.14144406768794202,0.9899462489023779
training,2025-12-21T12:00:00+00:00,2025-12-21T06:00:00+00:00,2025-12-23T10:00:00+00:00,2025-12-23T15:00:00+05:00,48,46.0,6656462a9c89a2182913d8e2211a59ec93750fe9f91c77ceb9da3edb33d196e7,0.01,2.94,3.01,3.08,264.0,-2.0,960.8,0.49999999999999994,-0.8660254037844387,-0.14144406768794202,0.9899462489023779
training,2025-12-22T12:00:00+00:00,2025-12-22T06:00:00+00:00,2025-12-23T11:00:00+00:00,2025-12-23T16:00:00+05:00,24,23.0,ce1a4060bbee6e70d58e473881fa96879ea955faaebc9e83a82302e55903c919,0.01,2.47,2.53,2.59,255.0,-2.6,961.4,0.258819045102521,-0.9659258262890682,-0.14144406768794202,0.9899462489023779
training,2025-12-21T12:00:00+00:00,2025-12-21T06:00:00+00:00,2025-12-23T11:00:00+00:00,2025-12-23T16:00:00+05:00,48,47.0,6656462a9c89a2182913d8e2211a59ec93750fe9f91c77ceb9da3edb33d196e7,0.01,2.44,2.5,2.55,258.0,-3.8,960.9,0.258819045102521,-0.9659258262890682,-0.14144406768794202,0.9899462489023779
training,2025-12-22T12:00:00+00:00,2025-12-22T06:00:00+00:00,2025-12-23T12:00:00+00:00,2025-12-23T17:00:00+05:00,24,24.0,ce1a4060bbee6e70d58e473881fa96879ea955faaebc9e83a82302e55903c919,0.01,2.24,2.29,2.34,250.0,-3.9,961.3,1.2246467991473532e-16,-1.0,-0.14144406768794202,0.9899462489023779
training,2025-12-21T12:00:00+00:00,2025-12-21T06:00:00+00:00,2025-12-23T12:00:00+00:00,2025-12-23T17:00:00+05:00,48,48.0,6656462a9c89a2182913d8e2211a59ec93750fe9f91c77ceb9da3edb33d196e7,0.01,2.29,2.35,2.4,258.0,-5.0,960.9,1.2246467991473532e-16,-1.0,-0.14144406768794202,0.9899462489023779
training,2025-12-22T12:00:00+00:00,2025-12-22T06:00:00+00:00,2025-12-23T13:00:00+00:00,2025-12-23T18:00:00+05:00,24,25.0,ce1a4060bbee6e70d58e473881fa96879ea955faaebc9e83a82302e55903c919,0.01,2.01,2.06,2.1,256.0,-4.7,961.3,-0.2588190451025208,-0.9659258262890683,-0.14144406768794202,0.9899462489023779
training,2025-12-21T12:00:00+00:00,2025-12-21T06:00:00+00:00,2025-12-23T13:00:00+00:00,2025-12-23T18:00:00+05:00,48,49.0,6656462a9c89a2182913d8e2211a59ec93750fe9f91c77ceb9da3edb33d196e7,0.01,2.15,2.2,2.25,267.0,-5.4,961.0,-0.2588190451025208,-0.9659258262890683,-0.14144406768794202,0.9899462489023779
training,2025-12-22T12:00:00+00:00,2025-12-22T06:00:00+00:00,2025-12-23T14:00:00+00:00,2025-12-23T19:00:00+05:00,24,26.0,ce1a4060bbee6e70d58e473881fa96879ea955faaebc9e83a82302e55903c919,0.01,1.96,2.01,2.05,264.0,-4.9,961.3,-0.4999999999999997,-0.8660254037844388,-0.14144406768794202,0.9899462489023779
training,2025-12-21T12:00:00+00:00,2025-12-21T06:00:00+00:00,2025-12-23T14:00:00+00:00,2025-12-23T19:00:00+05:00,48,50.0,6656462a9c89a2182913d8e2211a59ec93750fe9f91c77ceb9da3edb33d196e7,0.01,2.02,2.07,2.11,278.0,-5.8,961.1,-0.4999999999999997,-0.8660254037844388,-0.14144406768794202,0.9899462489023779
training,2025-12-22T18:00:00+00:00,2025-12-22T12:00:00+00:00,2025-12-23T15:00:00+00:00,2025-12-23T20:00:00+05:00,24,21.0,082da30f7827b8de90a54905d7bcdc213fa2100199c98893c6ed0a47e72db161,0.01,1.77,1.82,1.86,238.0,-4.7,961.7,-0.7071067811865471,-0.7071067811865479,-0.14144406768794202,0.9899462489023779
training,2025-12-21T18:00:00+00:00,2025-12-21T12:00:00+00:00,2025-12-23T15:00:00+00:00,2025-12-23T20:00:00+05:00,48,45.0,f7166a1235675f1ca3b676cee03220804bcc050943c3aad2e75a6cbd67e47648,0.01,0.64,0.65,0.67,238.0,-5.1,961.5,-0.7071067811865471,-0.7071067811865479,-0.14144406768794202,0.9899462489023779
training,2025-12-22T18:00:00+00:00,2025-12-22T12:00:00+00:00,2025-12-23T16:00:00+00:00,2025-12-23T21:00:00+05:00,24,22.0,082da30f7827b8de90a54905d7bcdc213fa2100199c98893c6ed0a47e72db161,0.01,1.27,1.3,1.33,272.0,-4.4,961.8,-0.8660254037844385,-0.5000000000000004,-0.14144406768794202,0.9899462489023779
training,2025-12-21T18:00:00+00:00,2025-12-21T12:00:00+00:00,2025-12-23T16:00:00+00:00,2025-12-23T21:00:00+05:00,48,46.0,f7166a1235675f1ca3b676cee03220804bcc050943c3aad2e75a6cbd67e47648,0.01,0.52,0.53,0.54,41.0,-4.8,961.3,-0.8660254037844385,-0.5000000000000004,-0.14144406768794202,0.9899462489023779
training,2025-12-22T18:00:00+00:00,2025-12-22T12:00:00+00:00,2025-12-23T17:00:00+00:00,2025-12-23T22:00:00+05:00,24,23.0,082da30f7827b8de90a54905d7bcdc213fa2100199c98893c6ed0a47e72db161,0.008333333333333333,0.79,0.81,0.82,353.0,-4.3,961.7,-0.9659258262890683,-0.25881904510252063,-0.14144406768794202,0.9899462489023779
training,2025-12-21T18:00:00+00:00,2025-12-21T12:00:00+00:00,2025-12-23T17:00:00+00:00,2025-12-23T22:00:00+05:00,48,47.0,f7166a1235675f1ca3b676cee03220804bcc050943c3aad2e75a6cbd67e47648,0.008333333333333333,1.93,1.98,2.03,49.0,-5.0,961.2,-0.9659258262890683,-0.25881904510252063,-0.14144406768794202,0.9899462489023779
training,2025-12-22T18:00:00+00:00,2025-12-22T12:00:00+00:00,2025-12-23T18:00:00+00:00,2025-12-23T23:00:00+05:00,24,24.0,082da30f7827b8de90a54905d7bcdc213fa2100199c98893c6ed0a47e72db161,0.07833333333333332,2.0,2.06,2.1,49.0,-4.4,961.4,-1.0,-1.8369701987210297e-16,-0.14144406768794202,0.9899462489023779
training,2025-12-21T18:00:00+00:00,2025-12-21T12:00:00+00:00,2025-12-23T18:00:00+00:00,2025-12-23T23:00:00+05:00,48,48.0,f7166a1235675f1ca3b676cee03220804bcc050943c3aad2e75a6cbd67e47648,0.07833333333333332,3.07,3.15,3.21,57.0,-5.3,960.8,-1.0,-1.8369701987210297e-16,-0.14144406768794202,0.9899462489023779
training,2025-12-22T18:00:00+00:00,2025-12-22T12:00:00+00:00,2025-12-23T19:00:00+00:00,2025-12-24T00:00:00+05:00,24,25.0,082da30f7827b8de90a54905d7bcdc213fa2100199c98893c6ed0a47e72db161,0.18000000000000002,3.13,3.21,3.28,53.0,-4.8,961.1,-0.9659258262890684,0.2588190451025203,-0.14144406768794202,0.9899462489023779
training,2025-12-21T18:00:00+00:00,2025-12-21T12:00:00+00:00,2025-12-23T19:00:00+00:00,2025-12-24T00:00:00+05:00,48,49.0,f7166a1235675f1ca3b676cee03220804bcc050943c3aad2e75a6cbd67e47648,0.18000000000000002,4.01,4.11,4.2,63.0,-5.2,960.6,-0.9659258262890684,0.2588190451025203,-0.14144406768794202,0.9899462489023779
training,2025-12-22T18:00:00+00:00,2025-12-22T12:00:00+00:00,2025-12-23T20:00:00+00:00,2025-12-24T01:00:00+05:00,24,26.0,082da30f7827b8de90a54905d7bcdc213fa2100199c98893c6ed0a47e72db161,0.305,3.54,3.63,3.7,60.0,-4.8,961.1,-0.8660254037844386,0.5000000000000001,-0.14144406768794202,0.9899462489023779
training,2025-12-21T18:00:00+00:00,2025-12-21T12:00:00+00:00,2025-12-23T20:00:00+00:00,2025-12-24T01:00:00+05:00,48,50.0,f7166a1235675f1ca3b676cee03220804bcc050943c3aad2e75a6cbd67e47648,0.305,4.05,4.15,4.24,59.0,-5.4,960.5,-0.8660254037844386,0.5000000000000001,-0.14144406768794202,0.9899462489023779
training,2025-12-23T00:00:00+00:00,2025-12-22T18:00:00+00:00,2025-12-23T21:00:00+00:00,2025-12-24T02:00:00+05:00,24,21.0,672921af2551b46770ac1efaf09973c8ae47b7e9c6b7a66ef6cc3d8df3310611,0.735,4.02,4.12,4.21,59.0,-4.7,961.1,-0.7071067811865477,0.7071067811865474,-0.14144406768794202,0.9899462489023779
training,2025-12-22T00:00:00+00:00,2025-12-21T18:00:00+00:00,2025-12-23T21:00:00+00:00,2025-12-24T02:00:00+05:00,48,45.0,110c6b0241af685b24058e1faee254a6f18aab7cf2a68071bf1958b3f98fbafa,0.735,4.25,4.36,4.45,58.0,-5.4,961.0,-0.7071067811865477,0.7071067811865474,-0.14144406768794202,0.9899462489023779
training,2025-12-23T00:00:00+00:00,2025-12-22T18:00:00+00:00,2025-12-23T22:00:00+00:00,2025-12-24T03:00:00+05:00,24,22.0,672921af2551b46770ac1efaf09973c8ae47b7e9c6b7a66ef6cc3d8df3310611,0.6533333333333333,4.49,4.61,4.7,58.0,-4.7,961.3,-0.5000000000000004,0.8660254037844384,-0.14144406768794202,0.9899462489023779
training,2025-12-22T00:00:00+00:00,2025-12-21T18:00:00+00:00,2025-12-23T22:00:00+00:00,2025-12-24T03:00:00+05:00,48,46.0,110c6b0241af685b24058e1faee254a6f18aab7cf2a68071bf1958b3f98fbafa,0.6533333333333333,3.73,3.83,3.91,61.0,-5.6,960.9,-0.5000000000000004,0.8660254037844384,-0.14144406768794202,0.9899462489023779
training,2025-12-23T00:00:00+00:00,2025-12-22T18:00:00+00:00,2025-12-23T23:00:00+00:00,2025-12-24T04:00:00+05:00,24,23.0,672921af2551b46770ac1efaf09973c8ae47b7e9c6b7a66ef6cc3d8df3310611,0.5683333333333334,4.24,4.35,4.44,60.0,-4.9,961.4,-0.25881904510252157,0.9659258262890681,-0.14144406768794202,0.9899462489023779
training,2025-12-22T00:00:00+00:00,2025-12-21T18:00:00+00:00,2025-12-23T23:00:00+00:00,2025-12-24T04:00:00+05:00,48,47.0,110c6b0241af685b24058e1faee254a6f18aab7cf2a68071bf1958b3f98fbafa,0.5683333333333334,3.77,3.87,3.95,63.0,-5.7,960.9,-0.25881904510252157,0.9659258262890681,-0.14144406768794202,0.9899462489023779
training,2025-12-23T00:00:00+00:00,2025-12-22T18:00:00+00:00,2025-12-24T00:00:00+00:00,2025-12-24T05:00:00+05:00,24,24.0,672921af2551b46770ac1efaf09973c8ae47b7e9c6b7a66ef6cc3d8df3310611,0.7633333333333333,4.79,4.92,5.02,63.0,-5.0,961.6,0.0,1.0,-0.12439450483979998,0.9922328391893008
training,2025-12-22T00:00:00+00:00,2025-12-21T18:00:00+00:00,2025-12-24T00:00:00+00:00,2025-12-24T05:00:00+05:00,48,48.0,110c6b0241af685b24058e1faee254a6f18aab7cf2a68071bf1958b3f98fbafa,0.7633333333333333,4.38,4.5,4.59,66.0,-6.2,960.9,0.0,1.0,-0.12439450483979998,0.9922328391893008
training,2025-12-23T00:00:00+00:00,2025-12-22T18:00:00+00:00,2025-12-24T01:00:00+00:00,2025-12-24T06:00:00+05:00,24,25.0,672921af2551b46770ac1efaf09973c8ae47b7e9c6b7a66ef6cc3d8df3310611,0.8833333333333333,4.97,5.1,5.2,64.0,-4.8,961.7,0.25881904510252074,0.9659258262890683,-0.12439450483979998,0.9922328391893008
training,2025-12-22T00:00:00+00:00,2025-12-21T18:00:00+00:00,2025-12-24T01:00:00+00:00,2025-12-24T06:00:00+05:00,48,49.0,110c6b0241af685b24058e1faee254a6f18aab7cf2a68071bf1958b3f98fbafa,0.8833333333333333,4.96,5.09,5.19,67.0,-6.1,961.1,0.25881904510252074,0.9659258262890683,-0.12439450483979998,0.9922328391893008
training,2025-12-23T00:00:00+00:00,2025-12-22T18:00:00+00:00,2025-12-24T02:00:00+00:00,2025-12-24T07:00:00+05:00,24,26.0,672921af2551b46770ac1efaf09973c8ae47b7e9c6b7a66ef6cc3d8df3310611,0.5833333333333334,5.77,5.92,6.04,60.0,-4.9,961.9,0.49999999999999994,0.8660254037844387,-0.12439450483979998,0.9922328391893008
training,2025-12-22T00:00:00+00:00,2025-12-21T18:00:00+00:00,2025-12-24T02:00:00+00:00,2025-12-24T07:00:00+05:00,48,50.0,110c6b0241af685b24058e1faee254a6f18aab7cf2a68071bf1958b3f98fbafa,0.5833333333333334,5.62,5.77,5.89,62.0,-6.0,961.4,0.49999999999999994,0.8660254037844387,-0.12439450483979998,0.9922328391893008
training,2025-12-23T06:00:00+00:00,2025-12-23T00:00:00+00:00,2025-12-24T03:00:00+00:00,2025-12-24T08:00:00+05:00,24,21.0,28b63df782bfef51f5547da0f7501318f69c0798ffb027035f64d022c90cb97a,0.6816666666666666,5.92,6.07,6.2,60.0,-4.7,962.2,0.7071067811865476,0.7071067811865476,-0.12439450483979998,0.9922328391893008
training,2025-12-22T06:00:00+00:00,2025-12-22T00:00:00+00:00,2025-12-24T03:00:00+00:00,2025-12-24T08:00:00+05:00,48,45.0,20daa31b853645542104c6bfa0477e3879a76ec8c5fa6d88db9794bd5ff0624d,0.6816666666666666,6.13,6.29,6.42,62.0,-5.5,962.3,0.7071067811865476,0.7071067811865476,-0.12439450483979998,0.9922328391893008
training,2025-12-23T06:00:00+00:00,2025-12-23T00:00:00+00:00,2025-12-24T04:00:00+00:00,2025-12-24T09:00:00+05:00,24,22.0,28b63df782bfef51f5547da0f7501318f69c0798ffb027035f64d022c90cb97a,0.5583333333333333,5.06,5.19,5.3,61.0,-3.5,962.9,0.8660254037844386,0.5000000000000001,-0.12439450483979998,0.9922328391893008
training,2025-12-22T06:00:00+00:00,2025-12-22T00:00:00+00:00,2025-12-24T04:00:00+00:00,2025-12-24T09:00:00+05:00,48,46.0,20daa31b853645542104c6bfa0477e3879a76ec8c5fa6d88db9794bd5ff0624d,0.5583333333333333,5.02,5.15,5.25,61.0,-3.8,963.0,0.8660254037844386,0.5000000000000001,-0.12439450483979998,0.9922328391893008
training,2025-12-23T06:00:00+00:00,2025-12-23T00:00:00+00:00,2025-12-24T05:00:00+00:00,2025-12-24T10:00:00+05:00,24,23.0,28b63df782bfef51f5547da0f7501318f69c0798ffb027035f64d022c90cb97a,0.4583333333333333,4.16,4.27,4.36,63.0,-2.1,963.1,0.9659258262890683,0.25881904510252074,-0.12439450483979998,0.9922328391893008
training,2025-12-22T06:00:00+00:00,2025-12-22T00:00:00+00:00,2025-12-24T05:00:00+00:00,2025-12-24T10:00:00+05:00,48,47.0,20daa31b853645542104c6bfa0477e3879a76ec8c5fa6d88db9794bd5ff0624d,0.4583333333333333,4.6,4.72,4.82,63.0,-2.4,963.2,0.9659258262890683,0.25881904510252074,-0.12439450483979998,0.9922328391893008
training,2025-12-23T06:00:00+00:00,2025-12-23T00:00:00+00:00,2025-12-24T06:00:00+00:00,2025-12-24T11:00:00+05:00,24,24.0,28b63df782bfef51f5547da0f7501318f69c0798ffb027035f64d022c90cb97a,0.27166666666666667,4.63,4.75,4.85,60.0,-0.3,962.9,1.0,6.123233995736766e-17,-0.12439450483979998,0.9922328391893008
training,2025-12-22T06:00:00+00:00,2025-12-22T00:00:00+00:00,2025-12-24T06:00:00+00:00,2025-12-24T11:00:00+05:00,48,48.0,20daa31b853645542104c6bfa0477e3879a76ec8c5fa6d88db9794bd5ff0624d,0.27166666666666667,4.71,4.83,4.93,63.0,-1.0,962.9,1.0,6.123233995736766e-17,-0.12439450483979998,0.9922328391893008
training,2025-12-23T06:00:00+00:00,2025-12-23T00:00:00+00:00,2025-12-24T07:00:00+00:00,2025-12-24T12:00:00+05:00,24,25.0,28b63df782bfef51f5547da0f7501318f69c0798ffb027035f64d022c90cb97a,0.21333333333333335,4.97,5.1,5.21,61.0,0.9,962.2,0.9659258262890683,-0.25881904510252063,-0.12439450483979998,0.9922328391893008
training,2025-12-22T06:00:00+00:00,2025-12-22T00:00:00+00:00,2025-12-24T07:00:00+00:00,2025-12-24T12:00:00+05:00,48,49.0,20daa31b853645542104c6bfa0477e3879a76ec8c5fa6d88db9794bd5ff0624d,0.21333333333333335,4.64,4.76,4.86,63.0,0.6,962.3,0.9659258262890683,-0.25881904510252063,-0.12439450483979998,0.9922328391893008
training,2025-12-23T06:00:00+00:00,2025-12-23T00:00:00+00:00,2025-12-24T08:00:00+00:00,2025-12-24T13:00:00+05:00,24,26.0,28b63df782bfef51f5547da0f7501318f69c0798ffb027035f64d022c90cb97a,0.22999999999999998,5.01,5.14,5.25,62.0,1.4,961.8,0.8660254037844387,-0.4999999999999998,-0.12439450483979998,0.9922328391893008
training,2025-12-22T06:00:00+00:00,2025-12-22T00:00:00+00:00,2025-12-24T08:00:00+00:00,2025-12-24T13:00:00+05:00,48,50.0,20daa31b853645542104c6bfa0477e3879a76ec8c5fa6d88db9794bd5ff0624d,0.22999999999999998,4.16,4.27,4.36,63.0,1.4,962.2,0.8660254037844387,-0.4999999999999998,-0.12439450483979998,0.9922328391893008
training,2025-12-23T12:00:00+00:00,2025-12-23T06:00:00+00:00,2025-12-24T09:00:00+00:00,2025-12-24T14:00:00+05:00,24,21.0,27afb6c0a385bc285a62110318e7f48363300e07d91b5e589df72e8cd953a32b,0.23500000000000001,5.24,5.38,5.49,60.0,1.4,961.8,0.7071067811865476,-0.7071067811865475,-0.12439450483979998,0.9922328391893008
training,2025-12-22T12:00:00+00:00,2025-12-22T06:00:00+00:00,2025-12-24T09:00:00+00:00,2025-12-24T14:00:00+05:00,48,45.0,ce1a4060bbee6e70d58e473881fa96879ea955faaebc9e83a82302e55903c919,0.23500000000000001,4.49,4.61,4.7,61.0,1.5,961.6,0.7071067811865476,-0.7071067811865475,-0.12439450483979998,0.9922328391893008
training,2025-12-23T12:00:00+00:00,2025-12-23T06:00:00+00:00,2025-12-24T10:00:00+00:00,2025-12-24T15:00:00+05:00,24,22.0,27afb6c0a385bc285a62110318e7f48363300e07d91b5e589df72e8cd953a32b,0.20833333333333334,5.43,5.57,5.69,62.0,0.6,962.1,0.49999999999999994,-0.8660254037844387,-0.12439450483979998,0.9922328391893008
training,2025-12-22T12:00:00+00:00,2025-12-22T06:00:00+00:00,2025-12-24T10:00:00+00:00,2025-12-24T15:00:00+05:00,48,46.0,ce1a4060bbee6e70d58e473881fa96879ea955faaebc9e83a82302e55903c919,0.20833333333333334,5.08,5.21,5.32,64.0,0.7,961.6,0.49999999999999994,-0.8660254037844387,-0.12439450483979998,0.9922328391893008
training,2025-12-23T12:00:00+00:00,2025-12-23T06:00:00+00:00,2025-12-24T11:00:00+00:00,2025-12-24T16:00:00+05:00,24,23.0,27afb6c0a385bc285a62110318e7f48363300e07d91b5e589df72e8cd953a32b,0.26,5.82,5.97,6.09,64.0,-1.2,962.0,0.258819045102521,-0.9659258262890682,-0.12439450483979998,0.9922328391893008
training,2025-12-22T12:00:00+00:00,2025-12-22T06:00:00+00:00,2025-12-24T11:00:00+00:00,2025-12-24T16:00:00+05:00,48,47.0,ce1a4060bbee6e70d58e473881fa96879ea955faaebc9e83a82302e55903c919,0.26,5.34,5.48,5.6,66.0,-0.4,961.7,0.258819045102521,-0.9659258262890682,-0.12439450483979998,0.9922328391893008
training,2025-12-23T12:00:00+00:00,2025-12-23T06:00:00+00:00,2025-12-24T12:00:00+00:00,2025-12-24T17:00:00+05:00,24,24.0,27afb6c0a385bc285a62110318e7f48363300e07d91b5e589df72e8cd953a32b,0.295,5.98,6.14,6.26,71.0,-2.3,962.0,1.2246467991473532e-16,-1.0,-0.12439450483979998,0.9922328391893008
training,2025-12-22T12:00:00+00:00,2025-12-22T06:00:00+00:00,2025-12-24T12:00:00+00:00,2025-12-24T17:00:00+05:00,48,48.0,ce1a4060bbee6e70d58e473881fa96879ea955faaebc9e83a82302e55903c919,0.295,5.48,5.62,5.74,66.0,-1.5,961.9,1.2246467991473532e-16,-1.0,-0.12439450483979998,0.9922328391893008
training,2025-12-23T12:00:00+00:00,2025-12-23T06:00:00+00:00,2025-12-24T13:00:00+00:00,2025-12-24T18:00:00+05:00,24,25.0,27afb6c0a385bc285a62110318e7f48363300e07d91b5e589df72e8cd953a32b,0.24833333333333332,5.94,6.09,6.22,74.0,-2.1,962.1,-0.2588190451025208,-0.9659258262890683,-0.12439450483979998,0.9922328391893008
training,2025-12-22T12:00:00+00:00,2025-12-22T06:00:00+00:00,2025-12-24T13:00:00+00:00,2025-12-24T18:00:00+05:00,48,49.0,ce1a4060bbee6e70d58e473881fa96879ea955faaebc9e83a82302e55903c919,0.24833333333333332,5.69,5.84,5.96,70.0,-1.9,961.8,-0.2588190451025208,-0.9659258262890683,-0.12439450483979998,0.9922328391893008
training,2025-12-23T12:00:00+00:00,2025-12-23T06:00:00+00:00,2025-12-24T14:00:00+00:00,2025-12-24T19:00:00+05:00,24,26.0,27afb6c0a385bc285a62110318e7f48363300e07d91b5e589df72e8cd953a32b,0.2866666666666667,6.31,6.47,6.6,73.0,-1.6,961.7,-0.4999999999999997,-0.8660254037844388,-0.12439450483979998,0.9922328391893008
training,2025-12-22T12:00:00+00:00,2025-12-22T06:00:00+00:00,2025-12-24T14:00:00+00:00,2025-12-24T19:00:00+05:00,48,50.0,ce1a4060bbee6e70d58e473881fa96879ea955faaebc9e83a82302e55903c919,0.2866666666666667,5.95,6.11,6.23,73.0,-1.8,961.7,-0.4999999999999997,-0.8660254037844388,-0.12439450483979998,0.9922328391893008
training,2025-12-23T18:00:00+00:00,2025-12-23T12:00:00+00:00,2025-12-24T15:00:00+00:00,2025-12-24T20:00:00+05:00,24,21.0,bf832ac2748d4eacf73257506bb8b3fcd4226bd542c587bcd5d9dd530f9dc68c,0.5516666666666666,6.67,6.85,6.99,70.0,-1.5,961.1,-0.7071067811865471,-0.7071067811865479,-0.12439450483979998,0.9922328391893008
training,2025-12-22T18:00:00+00:00,2025-12-22T12:00:00+00:00,2025-12-24T15:00:00+00:00,2025-12-24T20:00:00+05:00,48,45.0,082da30f7827b8de90a54905d7bcdc213fa2100199c98893c6ed0a47e72db161,0.5516666666666666,6.63,6.8,6.94,72.0,-1.7,961.5,-0.7071067811865471,-0.7071067811865479,-0.12439450483979998,0.9922328391893008
training,2025-12-23T18:00:00+00:00,2025-12-23T12:00:00+00:00,2025-12-24T16:00:00+00:00,2025-12-24T21:00:00+05:00,24,22.0,bf832ac2748d4eacf73257506bb8b3fcd4226bd542c587bcd5d9dd530f9dc68c,0.5616666666666666,7.39,7.58,7.74,65.0,-1.4,960.7,-0.8660254037844385,-0.5000000000000004,-0.12439450483979998,0.9922328391893008
training,2025-12-22T18:00:00+00:00,2025-12-22T12:00:00+00:00,2025-12-24T16:00:00+00:00,2025-12-24T21:00:00+05:00,48,46.0,082da30f7827b8de90a54905d7bcdc213fa2100199c98893c6ed0a47e72db161,0.5616666666666666,7.29,7.47,7.63,68.0,-1.8,960.9,-0.8660254037844385,-0.5000000000000004,-0.12439450483979998,0.9922328391893008
training,2025-12-23T18:00:00+00:00,2025-12-23T12:00:00+00:00,2025-12-24T17:00:00+00:00,2025-12-24T22:00:00+05:00,24,23.0,bf832ac2748d4eacf73257506bb8b3fcd4226bd542c587bcd5d9dd530f9dc68c,0.365,7.78,7.98,8.15,64.0,-1.8,960.1,-0.9659258262890683,-0.25881904510252063,-0.12439450483979998,0.9922328391893008
training,2025-12-22T18:00:00+00:00,2025-12-22T12:00:00+00:00,2025-12-24T17:00:00+00:00,2025-12-24T22:00:00+05:00,48,47.0,082da30f7827b8de90a54905d7bcdc213fa2100199c98893c6ed0a47e72db161,0.365,7.44,7.63,7.79,66.0,-2.0,960.4,-0.9659258262890683,-0.25881904510252063,-0.12439450483979998,0.9922328391893008
training,2025-12-23T18:00:00+00:00,2025-12-23T12:00:00+00:00,2025-12-24T18:00:00+00:00,2025-12-24T23:00:00+05:00,24,24.0,bf832ac2748d4eacf73257506bb8b3fcd4226bd542c587bcd5d9dd530f9dc68c,0.5433333333333333,7.52,7.72,7.87,63.0,-2.6,959.3,-1.0,-1.8369701987210297e-16,-0.12439450483979998,0.9922328391893008
training,2025-12-22T18:00:00+00:00,2025-12-22T12:00:00+00:00,2025-12-24T18:00:00+00:00,2025-12-24T23:00:00+05:00,48,48.0,082da30f7827b8de90a54905d7bcdc213fa2100199c98893c6ed0a47e72db161,0.5433333333333333,8.04,8.25,8.42,62.0,-2.5,959.7,-1.0,-1.8369701987210297e-16,-0.12439450483979998,0.9922328391893008
training,2025-12-23T18:00:00+00:00,2025-12-23T12:00:00+00:00,2025-12-24T19:00:00+00:00,2025-12-25T00:00:00+05:00,24,25.0,bf832ac2748d4eacf73257506bb8b3fcd4226bd542c587bcd5d9dd530f9dc68c,0.4716666666666667,7.7,7.9,8.06,62.0,-3.1,958.9,-0.9659258262890684,0.2588190451025203,-0.12439450483979998,0.9922328391893008
training,2025-12-22T18:00:00+00:00,2025-12-22T12:00:00+00:00,2025-12-24T19:00:00+00:00,2025-12-25T00:00:00+05:00,48,49.0,082da30f7827b8de90a54905d7bcdc213fa2100199c98893c6ed0a47e72db161,0.4716666666666667,8.34,8.56,8.74,60.0,-3.1,959.1,-0.9659258262890684,0.2588190451025203,-0.12439450483979998,0.9922328391893008
training,2025-12-23T18:00:00+00:00,2025-12-23T12:00:00+00:00,2025-12-24T20:00:00+00:00,2025-12-25T01:00:00+05:00,24,26.0,bf832ac2748d4eacf73257506bb8b3fcd4226bd542c587bcd5d9dd530f9dc68c,0.47333333333333333,7.98,8.18,8.35,64.0,-3.4,958.5,-0.8660254037844386,0.5000000000000001,-0.12439450483979998,0.9922328391893008
training,2025-12-22T18:00:00+00:00,2025-12-22T12:00:00+00:00,2025-12-24T20:00:00+00:00,2025-12-25T01:00:00+05:00,48,50.0,082da30f7827b8de90a54905d7bcdc213fa2100199c98893c6ed0a47e72db161,0.47333333333333333,8.46,8.68,8.86,62.0,-3.5,958.7,-0.8660254037844386,0.5000000000000001,-0.12439450483979998,0.9922328391893008
training,2025-12-24T00:00:00+00:00,2025-12-23T18:00:00+00:00,2025-12-24T21:00:00+00:00,2025-12-25T02:00:00+05:00,24,21.0,318ff4abbaad7b72d3b8689d9a8ad4a5f9be6cfbbae92da189ca1938918098ba,0.6716666666666667,8.31,8.52,8.7,65.0,-3.6,957.7,-0.7071067811865477,0.7071067811865474,-0.12439450483979998,0.9922328391893008
training,2025-12-23T00:00:00+00:00,2025-12-22T18:00:00+00:00,2025-12-24T21:00:00+00:00,2025-12-25T02:00:00+05:00,48,45.0,672921af2551b46770ac1efaf09973c8ae47b7e9c6b7a66ef6cc3d8df3310611,0.6716666666666667,8.78,9.01,9.2,63.0,-3.8,958.3,-0.7071067811865477,0.7071067811865474,-0.12439450483979998,0.9922328391893008
training,2025-12-24T00:00:00+00:00,2025-12-23T18:00:00+00:00,2025-12-24T22:00:00+00:00,2025-12-25T03:00:00+05:00,24,22.0,318ff4abbaad7b72d3b8689d9a8ad4a5f9be6cfbbae92da189ca1938918098ba,0.43333333333333335,8.58,8.8,8.99,67.0,-3.7,957.2,-0.5000000000000004,0.8660254037844384,-0.12439450483979998,0.9922328391893008
training,2025-12-23T00:00:00+00:00,2025-12-22T18:00:00+00:00,2025-12-24T22:00:00+00:00,2025-12-25T03:00:00+05:00,48,46.0,672921af2551b46770ac1efaf09973c8ae47b7e9c6b7a66ef6cc3d8df3310611,0.43333333333333335,8.96,9.19,9.38,65.0,-4.0,957.7,-0.5000000000000004,0.8660254037844384,-0.12439450483979998,0.9922328391893008
training,2025-12-24T00:00:00+00:00,2025-12-23T18:00:00+00:00,2025-12-24T23:00:00+00:00,2025-12-25T04:00:00+05:00,24,23.0,318ff4abbaad7b72d3b8689d9a8ad4a5f9be6cfbbae92da189ca1938918098ba,0.5650000000000001,8.65,8.88,9.06,67.0,-3.9,956.6,-0.25881904510252157,0.9659258262890681,-0.12439450483979998,0.9922328391893008
training,2025-12-23T00:00:00+00:00,2025-12-22T18:00:00+00:00,2025-12-24T23:00:00+00:00,2025-12-25T04:00:00+05:00,48,47.0,672921af2551b46770ac1efaf09973c8ae47b7e9c6b7a66ef6cc3d8df3310611,0.5650000000000001,8.91,9.14,9.33,67.0,-4.1,957.2,-0.25881904510252157,0.9659258262890681,-0.12439450483979998,0.9922328391893008
training,2025-12-24T00:00:00+00:00,2025-12-23T18:00:00+00:00,2025-12-25T00:00:00+00:00,2025-12-25T05:00:00+05:00,24,24.0,318ff4abbaad7b72d3b8689d9a8ad4a5f9be6cfbbae92da189ca1938918098ba,0.555,8.56,8.78,8.97,67.0,-4.0,956.3,0.0,1.0,-0.10730813165636247,0.9942258118156161
training,2025-12-23T00:00:00+00:00,2025-12-22T18:00:00+00:00,2025-12-25T00:00:00+00:00,2025-12-25T05:00:00+05:00,48,48.0,672921af2551b46770ac1efaf09973c8ae47b7e9c6b7a66ef6cc3d8df3310611,0.555,8.93,9.16,9.35,69.0,-4.2,956.9,0.0,1.0,-0.10730813165636247,0.9942258118156161
training,2025-12-24T00:00:00+00:00,2025-12-23T18:00:00+00:00,2025-12-25T01:00:00+00:00,2025-12-25T06:00:00+05:00,24,25.0,318ff4abbaad7b72d3b8689d9a8ad4a5f9be6cfbbae92da189ca1938918098ba,0.39666666666666667,8.54,8.77,8.95,68.0,-4.1,956.1,0.25881904510252074,0.9659258262890683,-0.10730813165636247,0.9942258118156161
training,2025-12-23T00:00:00+00:00,2025-12-22T18:00:00+00:00,2025-12-25T01:00:00+00:00,2025-12-25T06:00:00+05:00,48,49.0,672921af2551b46770ac1efaf09973c8ae47b7e9c6b7a66ef6cc3d8df3310611,0.39666666666666667,8.92,9.16,9.34,71.0,-4.2,956.7,0.25881904510252074,0.9659258262890683,-0.10730813165636247,0.9942258118156161
training,2025-12-24T00:00:00+00:00,2025-12-23T18:00:00+00:00,2025-12-25T02:00:00+00:00,2025-12-25T07:00:00+05:00,24,26.0,318ff4abbaad7b72d3b8689d9a8ad4a5f9be6cfbbae92da189ca1938918098ba,0.43,8.61,8.83,9.01,69.0,-4.1,955.9,0.49999999999999994,0.8660254037844387,-0.10730813165636247,0.9942258118156161
training,2025-12-23T00:00:00+00:00,2025-12-22T18:00:00+00:00,2025-12-25T02:00:00+00:00,2025-12-25T07:00:00+05:00,48,50.0,672921af2551b46770ac1efaf09973c8ae47b7e9c6b7a66ef6cc3d8df3310611,0.43,8.89,9.12,9.31,71.0,-4.3,956.3,0.49999999999999994,0.8660254037844387,-0.10730813165636247,0.9942258118156161
training,2025-12-24T06:00:00+00:00,2025-12-24T00:00:00+00:00,2025-12-25T03:00:00+00:00,2025-12-25T08:00:00+05:00,24,21.0,e48eef06417f14cdbf33e74cad86cfe6be82f0412c80834011003af48b89622b,0.3983333333333334,8.75,8.98,9.17,72.0,-3.8,955.8,0.7071067811865476,0.7071067811865476,-0.10730813165636247,0.9942258118156161
training,2025-12-23T06:00:00+00:00,2025-12-23T00:00:00+00:00,2025-12-25T03:00:00+00:00,2025-12-25T08:00:00+05:00,48,45.0,28b63df782bfef51f5547da0f7501318f69c0798ffb027035f64d022c90cb97a,0.3983333333333334,8.28,8.49,8.67,70.0,-4.0,955.8,0.7071067811865476,0.7071067811865476,-0.10730813165636247,0.9942258118156161
training,2025-12-24T06:00:00+00:00,2025-12-24T00:00:00+00:00,2025-12-25T04:00:00+00:00,2025-12-25T09:00:00+05:00,24,22.0,e48eef06417f14cdbf33e74cad86cfe6be82f0412c80834011003af48b89622b,0.17333333333333334,8.86,9.09,9.28,72.0,-1.4,956.2,0.8660254037844386,0.5000000000000001,-0.10730813165636247,0.9942258118156161
training,2025-12-23T06:00:00+00:00,2025-12-23T00:00:00+00:00,2025-12-25T04:00:00+00:00,2025-12-25T09:00:00+05:00,48,46.0,28b63df782bfef51f5547da0f7501318f69c0798ffb027035f64d022c90cb97a,0.17333333333333334,8.18,8.4,8.57,71.0,-1.5,956.1,0.8660254037844386,0.5000000000000001,-0.10730813165636247,0.9942258118156161
training,2025-12-24T06:00:00+00:00,2025-12-24T00:00:00+00:00,2025-12-25T05:00:00+00:00,2025-12-25T10:00:00+05:00,24,23.0,e48eef06417f14cdbf33e74cad86cfe6be82f0412c80834011003af48b89622b,0.14833333333333334,8.12,8.33,8.51,70.0,1.9,956.1,0.9659258262890683,0.25881904510252074,-0.10730813165636247,0.9942258118156161
training,2025-12-23T06:00:00+00:00,2025-12-23T00:00:00+00:00,2025-12-25T05:00:00+00:00,2025-12-25T10:00:00+05:00,48,47.0,28b63df782bfef51f5547da0f7501318f69c0798ffb027035f64d022c90cb97a,0.14833333333333334,8.62,8.85,9.03,74.0,2.7,956.1,0.9659258262890683,0.25881904510252074,-0.10730813165636247,0.9942258118156161
training,2025-12-24T06:00:00+00:00,2025-12-24T00:00:00+00:00,2025-12-25T06:00:00+00:00,2025-12-25T11:00:00+05:00,24,24.0,e48eef06417f14cdbf33e74cad86cfe6be82f0412c80834011003af48b89622b,0.205,8.31,8.52,8.7,65.0,3.6,955.6,1.0,6.123233995736766e-17,-0.10730813165636247,0.9942258118156161
training,2025-12-23T06:00:00+00:00,2025-12-23T00:00:00+00:00,2025-12-25T06:00:00+00:00,2025-12-25T11:00:00+05:00,48,48.0,28b63df782bfef51f5547da0f7501318f69c0798ffb027035f64d022c90cb97a,0.205,8.58,8.8,8.98,66.0,3.7,955.6,1.0,6.123233995736766e-17,-0.10730813165636247,0.9942258118156161
training,2025-12-24T06:00:00+00:00,2025-12-24T00:00:00+00:00,2025-12-25T07:00:00+00:00,2025-12-25T12:00:00+05:00,24,25.0,e48eef06417f14cdbf33e74cad86cfe6be82f0412c80834011003af48b89622b,0.125,8.63,8.86,9.04,62.0,4.5,954.6,0.9659258262890683,-0.25881904510252063,-0.10730813165636247,0.9942258118156161
training,2025-12-23T06:00:00+00:00,2025-12-23T00:00:00+00:00,2025-12-25T07:00:00+00:00,2025-12-25T12:00:00+05:00,48,49.0,28b63df782bfef51f5547da0f7501318f69c0798ffb027035f64d022c90cb97a,0.125,8.94,9.17,9.36,62.0,4.6,954.6,0.9659258262890683,-0.25881904510252063,-0.10730813165636247,0.9942258118156161
training,2025-12-24T06:00:00+00:00,2025-12-24T00:00:00+00:00,2025-12-25T08:00:00+00:00,2025-12-25T13:00:00+05:00,24,26.0,e48eef06417f14cdbf33e74cad86cfe6be82f0412c80834011003af48b89622b,0.20333333333333334,8.52,8.74,8.92,64.0,5.0,953.7,0.8660254037844387,-0.4999999999999998,-0.10730813165636247,0.9942258118156161
training,2025-12-23T06:00:00+00:00,2025-12-23T00:00:00+00:00,2025-12-25T08:00:00+00:00,2025-12-25T13:00:00+05:00,48,50.0,28b63df782bfef51f5547da0f7501318f69c0798ffb027035f64d022c90cb97a,0.20333333333333334,8.98,9.21,9.4,63.0,5.0,953.8,0.8660254037844387,-0.4999999999999998,-0.10730813165636247,0.9942258118156161
training,2025-12-24T12:00:00+00:00,2025-12-24T06:00:00+00:00,2025-12-25T09:00:00+00:00,2025-12-25T14:00:00+05:00,24,21.0,b8275362ce52e1f94fd656fce44497ba799bb6d9b9c038ef166ee75cd0385674,0.16166666666666665,8.72,8.94,9.13,63.0,4.6,953.4,0.7071067811865476,-0.7071067811865475,-0.10730813165636247,0.9942258118156161
training,2025-12-23T12:00:00+00:00,2025-12-23T06:00:00+00:00,2025-12-25T09:00:00+00:00,2025-12-25T14:00:00+05:00,48,45.0,27afb6c0a385bc285a62110318e7f48363300e07d91b5e589df72e8cd953a32b,0.16166666666666665,8.55,8.77,8.95,65.0,4.7,953.3,0.7071067811865476,-0.7071067811865475,-0.10730813165636247,0.9942258118156161
training,2025-12-24T12:00:00+00:00,2025-12-24T06:00:00+00:00,2025-12-25T10:00:00+00:00,2025-12-25T15:00:00+05:00,24,22.0,b8275362ce52e1f94fd656fce44497ba799bb6d9b9c038ef166ee75cd0385674,0.19666666666666666,8.4,8.62,8.8,66.0,3.5,953.1,0.49999999999999994,-0.8660254037844387,-0.10730813165636247,0.9942258118156161
training,2025-12-23T12:00:00+00:00,2025-12-23T06:00:00+00:00,2025-12-25T10:00:00+00:00,2025-12-25T15:00:00+05:00,48,46.0,27afb6c0a385bc285a62110318e7f48363300e07d91b5e589df72e8cd953a32b,0.19666666666666666,8.38,8.6,8.78,67.0,3.5,952.9,0.49999999999999994,-0.8660254037844387,-0.10730813165636247,0.9942258118156161
training,2025-12-24T12:00:00+00:00,2025-12-24T06:00:00+00:00,2025-12-25T11:00:00+00:00,2025-12-25T16:00:00+05:00,24,23.0,b8275362ce52e1f94fd656fce44497ba799bb6d9b9c038ef166ee75cd0385674,0.19166666666666665,7.71,7.91,8.07,70.0,0.9,952.5,0.258819045102521,-0.9659258262890682,-0.10730813165636247,0.9942258118156161
training,2025-12-23T12:00:00+00:00,2025-12-23T06:00:00+00:00,2025-12-25T11:00:00+00:00,2025-12-25T16:00:00+05:00,48,47.0,27afb6c0a385bc285a62110318e7f48363300e07d91b5e589df72e8cd953a32b,0.19166666666666665,7.91,8.11,8.28,71.0,0.9,952.0,0.258819045102521,-0.9659258262890682,-0.10730813165636247,0.9942258118156161
training,2025-12-24T12:00:00+00:00,2025-12-24T06:00:00+00:00,2025-12-25T12:00:00+00:00,2025-12-25T17:00:00+05:00,24,24.0,b8275362ce52e1f94fd656fce44497ba799bb6d9b9c038ef166ee75cd0385674,0.14833333333333334,7.41,7.61,7.76,72.0,-1.6,951.7,1.2246467991473532e-16,-1.0,-0.10730813165636247,0.9942258118156161
training,2025-12-23T12:00:00+00:00,2025-12-23T06:00:00+00:00,2025-12-25T12:00:00+00:00,2025-12-25T17:00:00+05:00,48,48.0,27afb6c0a385bc285a62110318e7f48363300e07d91b5e589df72e8cd953a32b,0.14833333333333334,7.59,7.79,7.95,74.0,-1.3,951.2,1.2246467991473532e-16,-1.0,-0.10730813165636247,0.9942258118156161
training,2025-12-24T12:00:00+00:00,2025-12-24T06:00:00+00:00,2025-12-25T13:00:00+00:00,2025-12-25T18:00:00+05:00,24,25.0,b8275362ce52e1f94fd656fce44497ba799bb6d9b9c038ef166ee75cd0385674,0.15166666666666667,7.6,7.8,7.96,73.0,-2.4,950.9,-0.2588190451025208,-0.9659258262890683,-0.10730813165636247,0.9942258118156161
training,2025-12-23T12:00:00+00:00,2025-12-23T06:00:00+00:00,2025-12-25T13:00:00+00:00,2025-12-25T18:00:00+05:00,48,49.0,27afb6c0a385bc285a62110318e7f48363300e07d91b5e589df72e8cd953a32b,0.15166666666666667,7.75,7.96,8.12,73.0,-1.9,950.5,-0.2588190451025208,-0.9659258262890683,-0.10730813165636247,0.9942258118156161
training,2025-12-24T12:00:00+00:00,2025-12-24T06:00:00+00:00,2025-12-25T14:00:00+00:00,2025-12-25T19:00:00+05:00,24,26.0,b8275362ce52e1f94fd656fce44497ba799bb6d9b9c038ef166ee75cd0385674,0.35333333333333333,7.84,8.05,8.21,72.0,-2.5,950.2,-0.4999999999999997,-0.8660254037844388,-0.10730813165636247,0.9942258118156161
training,2025-12-23T12:00:00+00:00,2025-12-23T06:00:00+00:00,2025-12-25T14:00:00+00:00,2025-12-25T19:00:00+05:00,48,50.0,27afb6c0a385bc285a62110318e7f48363300e07d91b5e589df72e8cd953a32b,0.35333333333333333,7.83,8.03,8.2,71.0,-1.8,950.1,-0.4999999999999997,-0.8660254037844388,-0.10730813165636247,0.9942258118156161
training,2025-12-24T18:00:00+00:00,2025-12-24T12:00:00+00:00,2025-12-25T15:00:00+00:00,2025-12-25T20:00:00+05:00,24,21.0,9ebd75239292faea01d0ca9dfb1744ce2798d8576212243d1c75c7b51ac41339,0.7666666666666666,8.08,8.29,8.46,71.0,-1.8,949.7,-0.7071067811865471,-0.7071067811865479,-0.10730813165636247,0.9942258118156161
training,2025-12-23T18:00:00+00:00,2025-12-23T12:00:00+00:00,2025-12-25T15:00:00+00:00,2025-12-25T20:00:00+05:00,48,45.0,bf832ac2748d4eacf73257506bb8b3fcd4226bd542c587bcd5d9dd530f9dc68c,0.7666666666666666,7.65,7.85,8.01,69.0,-1.9,949.4,-0.7071067811865471,-0.7071067811865479,-0.10730813165636247,0.9942258118156161
training,2025-12-24T18:00:00+00:00,2025-12-24T12:00:00+00:00,2025-12-25T16:00:00+00:00,2025-12-25T21:00:00+05:00,24,22.0,9ebd75239292faea01d0ca9dfb1744ce2798d8576212243d1c75c7b51ac41339,0.85,7.88,8.08,8.25,71.0,-1.8,949.5,-0.8660254037844385,-0.5000000000000004,-0.10730813165636247,0.9942258118156161
training,2025-12-23T18:00:00+00:00,2025-12-23T12:00:00+00:00,2025-12-25T16:00:00+00:00,2025-12-25T21:00:00+05:00,48,46.0,bf832ac2748d4eacf73257506bb8b3fcd4226bd542c587bcd5d9dd530f9dc68c,0.85,7.41,7.61,7.76,71.0,-2.1,949.1,-0.8660254037844385,-0.5000000000000004,-0.10730813165636247,0.9942258118156161
training,2025-12-24T18:00:00+00:00,2025-12-24T12:00:00+00:00,2025-12-25T17:00:00+00:00,2025-12-25T22:00:00+05:00,24,23.0,9ebd75239292faea01d0ca9dfb1744ce2798d8576212243d1c75c7b51ac41339,0.455,7.47,7.67,7.83,71.0,-2.2,949.0,-0.9659258262890683,-0.25881904510252063,-0.10730813165636247,0.9942258118156161
training,2025-12-23T18:00:00+00:00,2025-12-23T12:00:00+00:00,2025-12-25T17:00:00+00:00,2025-12-25T22:00:00+05:00,48,47.0,bf832ac2748d4eacf73257506bb8b3fcd4226bd542c587bcd5d9dd530f9dc68c,0.455,7.31,7.5,7.65,70.0,-2.2,948.7,-0.9659258262890683,-0.25881904510252063,-0.10730813165636247,0.9942258118156161
training,2025-12-24T18:00:00+00:00,2025-12-24T12:00:00+00:00,2025-12-25T18:00:00+00:00,2025-12-25T23:00:00+05:00,24,24.0,9ebd75239292faea01d0ca9dfb1744ce2798d8576212243d1c75c7b51ac41339,0.25333333333333335,7.1,7.29,7.44,71.0,-2.7,948.5,-1.0,-1.8369701987210297e-16,-0.10730813165636247,0.9942258118156161
training,2025-12-23T18:00:00+00:00,2025-12-23T12:00:00+00:00,2025-12-25T18:00:00+00:00,2025-12-25T23:00:00+05:00,48,48.0,bf832ac2748d4eacf73257506bb8b3fcd4226bd542c587bcd5d9dd530f9dc68c,0.25333333333333335,7.42,7.61,7.77,70.0,-2.4,948.5,-1.0,-1.8369701987210297e-16,-0.10730813165636247,0.9942258118156161
training,2025-12-24T18:00:00+00:00,2025-12-24T12:00:00+00:00,2025-12-25T19:00:00+00:00,2025-12-26T00:00:00+05:00,24,25.0,9ebd75239292faea01d0ca9dfb1744ce2798d8576212243d1c75c7b51ac41339,0.3133333333333333,7.03,7.21,7.36,72.0,-2.8,948.1,-0.9659258262890684,0.2588190451025203,-0.10730813165636247,0.9942258118156161
training,2025-12-23T18:00:00+00:00,2025-12-23T12:00:00+00:00,2025-12-25T19:00:00+00:00,2025-12-26T00:00:00+05:00,48,49.0,bf832ac2748d4eacf73257506bb8b3fcd4226bd542c587bcd5d9dd530f9dc68c,0.3133333333333333,7.17,7.36,7.51,70.0,-2.7,948.0,-0.9659258262890684,0.2588190451025203,-0.10730813165636247,0.9942258118156161
training,2025-12-24T18:00:00+00:00,2025-12-24T12:00:00+00:00,2025-12-25T20:00:00+00:00,2025-12-26T01:00:00+05:00,24,26.0,9ebd75239292faea01d0ca9dfb1744ce2798d8576212243d1c75c7b51ac41339,0.45166666666666666,7.21,7.4,7.55,71.0,-2.6,947.6,-0.8660254037844386,0.5000000000000001,-0.10730813165636247,0.9942258118156161
training,2025-12-23T18:00:00+00:00,2025-12-23T12:00:00+00:00,2025-12-25T20:00:00+00:00,2025-12-26T01:00:00+05:00,48,50.0,bf832ac2748d4eacf73257506bb8b3fcd4226bd542c587bcd5d9dd530f9dc68c,0.45166666666666666,6.41,6.57,6.71,68.0,-2.7,947.9,-0.8660254037844386,0.5000000000000001,-0.10730813165636247,0.9942258118156161
training,2025-12-25T00:00:00+00:00,2025-12-24T18:00:00+00:00,2025-12-25T21:00:00+00:00,2025-12-26T02:00:00+05:00,24,21.0,4cf449634ab8fd8d783d889ca0740759dd425e61c8ba6a9780e7569d9d37f05a,0.64,6.7,6.87,7.01,69.0,-2.5,947.7,-0.7071067811865477,0.7071067811865474,-0.10730813165636247,0.9942258118156161
training,2025-12-24T00:00:00+00:00,2025-12-23T18:00:00+00:00,2025-12-25T21:00:00+00:00,2025-12-26T02:00:00+05:00,48,45.0,318ff4abbaad7b72d3b8689d9a8ad4a5f9be6cfbbae92da189ca1938918098ba,0.64,5.87,6.03,6.15,67.0,-2.8,948.1,-0.7071067811865477,0.7071067811865474,-0.10730813165636247,0.9942258118156161
training,2025-12-25T00:00:00+00:00,2025-12-24T18:00:00+00:00,2025-12-25T22:00:00+00:00,2025-12-26T03:00:00+05:00,24,22.0,4cf449634ab8fd8d783d889ca0740759dd425e61c8ba6a9780e7569d9d37f05a,0.27666666666666667,5.4,5.54,5.66,68.0,-3.3,947.6,-0.5000000000000004,0.8660254037844384,-0.10730813165636247,0.9942258118156161
training,2025-12-24T00:00:00+00:00,2025-12-23T18:00:00+00:00,2025-12-25T22:00:00+00:00,2025-12-26T03:00:00+05:00,48,46.0,318ff4abbaad7b72d3b8689d9a8ad4a5f9be6cfbbae92da189ca1938918098ba,0.27666666666666667,3.82,3.92,4.0,67.0,-3.3,948.3,-0.5000000000000004,0.8660254037844384,-0.10730813165636247,0.9942258118156161
training,2025-12-25T00:00:00+00:00,2025-12-24T18:00:00+00:00,2025-12-25T23:00:00+00:00,2025-12-26T04:00:00+05:00,24,23.0,4cf449634ab8fd8d783d889ca0740759dd425e61c8ba6a9780e7569d9d37f05a,0.345,3.3,3.39,3.46,68.0,-3.9,947.6,-0.25881904510252157,0.9659258262890681,-0.10730813165636247,0.9942258118156161
training,2025-12-24T00:00:00+00:00,2025-12-23T18:00:00+00:00,2025-12-25T23:00:00+00:00,2025-12-26T04:00:00+05:00,48,47.0,318ff4abbaad7b72d3b8689d9a8ad4a5f9be6cfbbae92da189ca1938918098ba,0.345,1.51,1.55,1.59,94.0,-3.6,948.5,-0.25881904510252157,0.9659258262890681,-0.10730813165636247,0.9942258118156161
training,2025-12-25T00:00:00+00:00,2025-12-24T18:00:00+00:00,2025-12-26T00:00:00+00:00,2025-12-26T05:00:00+05:00,24,24.0,4cf449634ab8fd8d783d889ca0740759dd425e61c8ba6a9780e7569d9d37f05a,0.23500000000000001,1.45,1.49,1.52,70.0,-4.0,948.1,0.0,1.0,-0.09019000427034513,0.9959245770286599
training,2025-12-24T00:00:00+00:00,2025-12-23T18:00:00+00:00,2025-12-26T00:00:00+00:00,2025-12-26T05:00:00+05:00,48,48.0,318ff4abbaad7b72d3b8689d9a8ad4a5f9be6cfbbae92da189ca1938918098ba,0.23500000000000001,1.33,1.36,1.39,98.0,-4.0,948.6,0.0,1.0,-0.09019000427034513,0.9959245770286599
training,2025-12-25T00:00:00+00:00,2025-12-24T18:00:00+00:00,2025-12-26T01:00:00+00:00,2025-12-26T06:00:00+05:00,24,25.0,4cf449634ab8fd8d783d889ca0740759dd425e61c8ba6a9780e7569d9d37f05a,0.12,1.93,1.98,2.02,111.0,-3.7,948.6,0.25881904510252074,0.9659258262890683,-0.09019000427034513,0.9959245770286599
training,2025-12-24T00:00:00+00:00,2025-12-23T18:00:00+00:00,2025-12-26T01:00:00+00:00,2025-12-26T06:00:00+05:00,48,49.0,318ff4abbaad7b72d3b8689d9a8ad4a5f9be6cfbbae92da189ca1938918098ba,0.12,1.53,1.57,1.6,127.0,-3.5,949.1,0.25881904510252074,0.9659258262890683,-0.09019000427034513,0.9959245770286599
training,2025-12-25T00:00:00+00:00,2025-12-24T18:00:00+00:00,2025-12-26T02:00:00+00:00,2025-12-26T07:00:00+05:00,24,26.0,4cf449634ab8fd8d783d889ca0740759dd425e61c8ba6a9780e7569d9d37f05a,0.051666666666666666,1.81,1.86,1.89,166.0,-2.8,949.0,0.49999999999999994,0.8660254037844387,-0.09019000427034513,0.9959245770286599
training,2025-12-24T00:00:00+00:00,2025-12-23T18:00:00+00:00,2025-12-26T02:00:00+00:00,2025-12-26T07:00:00+05:00,48,50.0,318ff4abbaad7b72d3b8689d9a8ad4a5f9be6cfbbae92da189ca1938918098ba,0.051666666666666666,2.05,2.1,2.14,218.0,-1.9,950.1,0.49999999999999994,0.8660254037844387,-0.09019000427034513,0.9959245770286599
training,2025-12-25T06:00:00+00:00,2025-12-25T00:00:00+00:00,2025-12-26T03:00:00+00:00,2025-12-26T08:00:00+05:00,24,21.0,69f1de74b03c07fc7f6a7a6811c2aa2b140114f9591b2f471ffd7546fd687b58,0.02666666666666667,3.24,3.32,3.39,225.0,-1.8,949.7,0.7071067811865476,0.7071067811865476,-0.09019000427034513,0.9959245770286599
training,2025-12-24T06:00:00+00:00,2025-12-24T00:00:00+00:00,2025-12-26T03:00:00+00:00,2025-12-26T08:00:00+05:00,48,45.0,e48eef06417f14cdbf33e74cad86cfe6be82f0412c80834011003af48b89622b,0.02666666666666667,4.34,4.45,4.54,243.0,-1.3,951.4,0.7071067811865476,0.7071067811865476,-0.09019000427034513,0.9959245770286599
training,2025-12-25T06:00:00+00:00,2025-12-25T00:00:00+00:00,2025-12-26T04:00:00+00:00,2025-12-26T09:00:00+05:00,24,22.0,69f1de74b03c07fc7f6a7a6811c2aa2b140114f9591b2f471ffd7546fd687b58,0.016666666666666666,5.89,6.04,6.17,231.0,1.8,951.5,0.8660254037844386,0.5000000000000001,-0.09019000427034513,0.9959245770286599
training,2025-12-24T06:00:00+00:00,2025-12-24T00:00:00+00:00,2025-12-26T04:00:00+00:00,2025-12-26T09:00:00+05:00,48,46.0,e48eef06417f14cdbf33e74cad86cfe6be82f0412c80834011003af48b89622b,0.016666666666666666,4.65,4.77,4.87,235.0,0.7,952.8,0.8660254037844386,0.5000000000000001,-0.09019000427034513,0.9959245770286599
training,2025-12-25T06:00:00+00:00,2025-12-25T00:00:00+00:00,2025-12-26T05:00:00+00:00,2025-12-26T10:00:00+05:00,24,23.0,69f1de74b03c07fc7f6a7a6811c2aa2b140114f9591b2f471ffd7546fd687b58,0.15666666666666668,6.08,6.24,6.37,254.0,3.8,953.0,0.9659258262890683,0.25881904510252074,-0.09019000427034513,0.9959245770286599
training,2025-12-24T06:00:00+00:00,2025-12-24T00:00:00+00:00,2025-12-26T05:00:00+00:00,2025-12-26T10:00:00+05:00,48,47.0,e48eef06417f14cdbf33e74cad86cfe6be82f0412c80834011003af48b89622b,0.15666666666666668,4.51,4.63,4.73,225.0,2.9,953.6,0.9659258262890683,0.25881904510252074,-0.09019000427034513,0.9959245770286599
training,2025-12-25T06:00:00+00:00,2025-12-25T00:00:00+00:00,2025-12-26T06:00:00+00:00,2025-12-26T11:00:00+05:00,24,24.0,69f1de74b03c07fc7f6a7a6811c2aa2b140114f9591b2f471ffd7546fd687b58,0.05833333333333333,5.09,5.23,5.34,255.0,4.0,953.7,1.0,6.123233995736766e-17,-0.09019000427034513,0.9959245770286599
training,2025-12-24T06:00:00+00:00,2025-12-24T00:00:00+00:00,2025-12-26T06:00:00+00:00,2025-12-26T11:00:00+05:00,48,48.0,e48eef06417f14cdbf33e74cad86cfe6be82f0412c80834011003af48b89622b,0.05833333333333333,3.98,4.08,4.17,230.0,4.9,953.8,1.0,6.123233995736766e-17,-0.09019000427034513,0.9959245770286599
training,2025-12-25T06:00:00+00:00,2025-12-25T00:00:00+00:00,2025-12-26T07:00:00+00:00,2025-12-26T12:00:00+05:00,24,25.0,69f1de74b03c07fc7f6a7a6811c2aa2b140114f9591b2f471ffd7546fd687b58,0.08333333333333333,4.27,4.39,4.48,241.0,5.3,953.7,0.9659258262890683,-0.25881904510252063,-0.09019000427034513,0.9959245770286599
training,2025-12-24T06:00:00+00:00,2025-12-24T00:00:00+00:00,2025-12-26T07:00:00+00:00,2025-12-26T12:00:00+05:00,48,49.0,e48eef06417f14cdbf33e74cad86cfe6be82f0412c80834011003af48b89622b,0.08333333333333333,4.51,4.63,4.72,244.0,6.0,953.6,0.9659258262890683,-0.25881904510252063,-0.09019000427034513,0.9959245770286599
training,2025-12-25T06:00:00+00:00,2025-12-25T00:00:00+00:00,2025-12-26T08:00:00+00:00,2025-12-26T13:00:00+05:00,24,26.0,69f1de74b03c07fc7f6a7a6811c2aa2b140114f9591b2f471ffd7546fd687b58,0.23166666666666666,4.57,4.69,4.79,256.0,6.0,953.9,0.8660254037844387,-0.4999999999999998,-0.09019000427034513,0.9959245770286599
training,2025-12-24T06:00:00+00:00,2025-12-24T00:00:00+00:00,2025-12-26T08:00:00+00:00,2025-12-26T13:00:00+05:00,48,50.0,e48eef06417f14cdbf33e74cad86cfe6be82f0412c80834011003af48b89622b,0.23166666666666666,4.31,4.43,4.52,238.0,6.5,953.7,0.8660254037844387,-0.4999999999999998,-0.09019000427034513,0.9959245770286599
training,2025-12-25T12:00:00+00:00,2025-12-25T06:00:00+00:00,2025-12-26T09:00:00+00:00,2025-12-26T14:00:00+05:00,24,21.0,24223ad8bc5cec530334e4c9c91095835202c03174d960c3c0179d32a85c6e9d,0.8283333333333333,7.43,7.62,7.78,262.0,6.2,954.2,0.7071067811865476,-0.7071067811865475,-0.09019000427034513,0.9959245770286599
training,2025-12-24T12:00:00+00:00,2025-12-24T06:00:00+00:00,2025-12-26T09:00:00+00:00,2025-12-26T14:00:00+05:00,48,45.0,b8275362ce52e1f94fd656fce44497ba799bb6d9b9c038ef166ee75cd0385674,0.8283333333333333,6.46,6.63,6.76,265.0,6.2,954.2,0.7071067811865476,-0.7071067811865475,-0.09019000427034513,0.9959245770286599
training,2025-12-25T12:00:00+00:00,2025-12-25T06:00:00+00:00,2025-12-26T10:00:00+00:00,2025-12-26T15:00:00+05:00,24,22.0,24223ad8bc5cec530334e4c9c91095835202c03174d960c3c0179d32a85c6e9d,0.9916666666666667,7.67,7.87,8.03,262.0,4.3,955.5,0.49999999999999994,-0.8660254037844387,-0.09019000427034513,0.9959245770286599
training,2025-12-24T12:00:00+00:00,2025-12-24T06:00:00+00:00,2025-12-26T10:00:00+00:00,2025-12-26T15:00:00+05:00,48,46.0,b8275362ce52e1f94fd656fce44497ba799bb6d9b9c038ef166ee75cd0385674,0.9916666666666667,7.67,7.87,8.03,256.0,4.4,955.3,0.49999999999999994,-0.8660254037844387,-0.09019000427034513,0.9959245770286599
training,2025-12-25T12:00:00+00:00,2025-12-25T06:00:00+00:00,2025-12-26T11:00:00+00:00,2025-12-26T16:00:00+05:00,24,23.0,24223ad8bc5cec530334e4c9c91095835202c03174d960c3c0179d32a85c6e9d,0.9899999999999999,8.03,8.24,8.41,260.0,3.2,956.7,0.258819045102521,-0.9659258262890682,-0.09019000427034513,0.9959245770286599
training,2025-12-24T12:00:00+00:00,2025-12-24T06:00:00+00:00,2025-12-26T11:00:00+00:00,2025-12-26T16:00:00+05:00,48,47.0,b8275362ce52e1f94fd656fce44497ba799bb6d9b9c038ef166ee75cd0385674,0.9899999999999999,7.03,7.21,7.36,252.0,3.3,956.1,0.258819045102521,-0.9659258262890682,-0.09019000427034513,0.9959245770286599
training,2025-12-25T12:00:00+00:00,2025-12-25T06:00:00+00:00,2025-12-26T12:00:00+00:00,2025-12-26T17:00:00+05:00,24,24.0,24223ad8bc5cec530334e4c9c91095835202c03174d960c3c0179d32a85c6e9d,0.9899999999999999,7.65,7.85,8.01,257.0,2.4,957.8,1.2246467991473532e-16,-1.0,-0.09019000427034513,0.9959245770286599
training,2025-12-24T12:00:00+00:00,2025-12-24T06:00:00+00:00,2025-12-26T12:00:00+00:00,2025-12-26T17:00:00+05:00,48,48.0,b8275362ce52e1f94fd656fce44497ba799bb6d9b9c038ef166ee75cd0385674,0.9899999999999999,6.63,6.8,6.94,256.0,3.1,957.0,1.2246467991473532e-16,-1.0,-0.09019000427034513,0.9959245770286599
training,2025-12-25T12:00:00+00:00,2025-12-25T06:00:00+00:00,2025-12-26T13:00:00+00:00,2025-12-26T18:00:00+05:00,24,25.0,24223ad8bc5cec530334e4c9c91095835202c03174d960c3c0179d32a85c6e9d,0.9633333333333334,7.19,7.37,7.53,256.0,1.4,959.2,-0.2588190451025208,-0.9659258262890683,-0.09019000427034513,0.9959245770286599
training,2025-12-24T12:00:00+00:00,2025-12-24T06:00:00+00:00,2025-12-26T13:00:00+00:00,2025-12-26T18:00:00+05:00,48,49.0,b8275362ce52e1f94fd656fce44497ba799bb6d9b9c038ef166ee75cd0385674,0.9633333333333334,6.77,6.95,7.09,263.0,2.6,958.3,-0.2588190451025208,-0.9659258262890683,-0.09019000427034513,0.9959245770286599
training,2025-12-25T12:00:00+00:00,2025-12-25T06:00:00+00:00,2025-12-26T14:00:00+00:00,2025-12-26T19:00:00+05:00,24,26.0,24223ad8bc5cec530334e4c9c91095835202c03174d960c3c0179d32a85c6e9d,0.7366666666666667,7.8,8.0,8.17,271.0,0.9,960.1,-0.4999999999999997,-0.8660254037844388,-0.09019000427034513,0.9959245770286599
training,2025-12-24T12:00:00+00:00,2025-12-24T06:00:00+00:00,2025-12-26T14:00:00+00:00,2025-12-26T19:00:00+05:00,48,50.0,b8275362ce52e1f94fd656fce44497ba799bb6d9b9c038ef166ee75cd0385674,0.7366666666666667,6.98,7.16,7.31,262.0,1.9,959.5,-0.4999999999999997,-0.8660254037844388,-0.09019000427034513,0.9959245770286599
training,2025-12-25T18:00:00+00:00,2025-12-25T12:00:00+00:00,2025-12-26T15:00:00+00:00,2025-12-26T20:00:00+05:00,24,21.0,0c6df17bbed0c6dd60a320164f9a8aae671a5e1c901e9f7f4757ac06065078bc,0.8516666666666666,6.86,7.04,7.18,251.0,0.5,960.6,-0.7071067811865471,-0.7071067811865479,-0.09019000427034513,0.9959245770286599
training,2025-12-24T18:00:00+00:00,2025-12-24T12:00:00+00:00,2025-12-26T15:00:00+00:00,2025-12-26T20:00:00+05:00,48,45.0,9ebd75239292faea01d0ca9dfb1744ce2798d8576212243d1c75c7b51ac41339,0.8516666666666666,5.59,5.74,5.86,263.0,0.3,960.8,-0.7071067811865471,-0.7071067811865479,-0.09019000427034513,0.9959245770286599
training,2025-12-25T18:00:00+00:00,2025-12-25T12:00:00+00:00,2025-12-26T16:00:00+00:00,2025-12-26T21:00:00+05:00,24,22.0,0c6df17bbed0c6dd60a320164f9a8aae671a5e1c901e9f7f4757ac06065078bc,0.38833333333333336,3.56,3.65,3.73,268.0,0.2,960.9,-0.8660254037844385,-0.5000000000000004,-0.09019000427034513,0.9959245770286599
training,2025-12-24T18:00:00+00:00,2025-12-24T12:00:00+00:00,2025-12-26T16:00:00+00:00,2025-12-26T21:00:00+05:00,48,46.0,9ebd75239292faea01d0ca9dfb1744ce2798d8576212243d1c75c7b51ac41339,0.38833333333333336,4.73,4.85,4.95,262.0,-0.1,961.2,-0.8660254037844385,-0.5000000000000004,-0.09019000427034513,0.9959245770286599
training,2025-12-25T18:00:00+00:00,2025-12-25T12:00:00+00:00,2025-12-26T17:00:00+00:00,2025-12-26T22:00:00+05:00,24,23.0,0c6df17bbed0c6dd60a320164f9a8aae671a5e1c901e9f7f4757ac06065078bc,0.2916666666666667,3.32,3.41,3.48,266.0,-1.4,960.9,-0.9659258262890683,-0.25881904510252063,-0.09019000427034513,0.9959245770286599
training,2025-12-24T18:00:00+00:00,2025-12-24T12:00:00+00:00,2025-12-26T17:00:00+00:00,2025-12-26T22:00:00+05:00,48,47.0,9ebd75239292faea01d0ca9dfb1744ce2798d8576212243d1c75c7b51ac41339,0.2916666666666667,4.59,4.71,4.8,258.0,-0.4,961.4,-0.9659258262890683,-0.25881904510252063,-0.09019000427034513,0.9959245770286599
training,2025-12-25T18:00:00+00:00,2025-12-25T12:00:00+00:00,2025-12-26T18:00:00+00:00,2025-12-26T23:00:00+05:00,24,24.0,0c6df17bbed0c6dd60a320164f9a8aae671a5e1c901e9f7f4757ac06065078bc,0.21333333333333335,3.38,3.46,3.53,252.0,-0.7,961.1,-1.0,-1.8369701987210297e-16,-0.09019000427034513,0.9959245770286599
training,2025-12-24T18:00:00+00:00,2025-12-24T12:00:00+00:00,2025-12-26T18:00:00+00:00,2025-12-26T23:00:00+05:00,48,48.0,9ebd75239292faea01d0ca9dfb1744ce2798d8576212243d1c75c7b51ac41339,0.21333333333333335,5.0,5.13,5.24,232.0,-0.4,961.5,-1.0,-1.8369701987210297e-16,-0.09019000427034513,0.9959245770286599
training,2025-12-25T18:00:00+00:00,2025-12-25T12:00:00+00:00,2025-12-26T19:00:00+00:00,2025-12-27T00:00:00+05:00,24,25.0,0c6df17bbed0c6dd60a320164f9a8aae671a5e1c901e9f7f4757ac06065078bc,0.25333333333333335,3.57,3.66,3.74,238.0,-0.8,960.9,-0.9659258262890684,0.2588190451025203,-0.09019000427034513,0.9959245770286599
training,2025-12-24T18:00:00+00:00,2025-12-24T12:00:00+00:00,2025-12-26T19:00:00+00:00,2025-12-27T00:00:00+05:00,48,49.0,9ebd75239292faea01d0ca9dfb1744ce2798d8576212243d1c75c7b51ac41339,0.25333333333333335,4.41,4.52,4.61,232.0,-0.2,961.3,-0.9659258262890684,0.2588190451025203,-0.09019000427034513,0.9959245770286599
training,2025-12-25T18:00:00+00:00,2025-12-25T12:00:00+00:00,2025-12-26T20:00:00+00:00,2025-12-27T01:00:00+05:00,24,26.0,0c6df17bbed0c6dd60a320164f9a8aae671a5e1c901e9f7f4757ac06065078bc,0.18000000000000002,3.89,3.99,4.08,236.0,-0.8,960.5,-0.8660254037844386,0.5000000000000001,-0.09019000427034513,0.9959245770286599
training,2025-12-24T18:00:00+00:00,2025-12-24T12:00:00+00:00,2025-12-26T20:00:00+00:00,2025-12-27T01:00:00+05:00,48,50.0,9ebd75239292faea01d0ca9dfb1744ce2798d8576212243d1c75c7b51ac41339,0.18000000000000002,3.11,3.19,3.26,229.0,-0.3,960.8,-0.8660254037844386,0.5000000000000001,-0.09019000427034513,0.9959245770286599
training,2025-12-26T00:00:00+00:00,2025-12-25T18:00:00+00:00,2025-12-26T21:00:00+00:00,2025-12-27T02:00:00+05:00,24,21.0,88b17826b93f1b82f250ec9492d2c57b16e94a22edcc49380c9f0e55be69f713,0.20166666666666666,2.56,2.63,2.69,261.0,-1.2,959.7,-0.7071067811865477,0.7071067811865474,-0.09019000427034513,0.9959245770286599
training,2025-12-25T00:00:00+00:00,2025-12-24T18:00:00+00:00,2025-12-26T21:00:00+00:00,2025-12-27T02:00:00+05:00,48,45.0,4cf449634ab8fd8d783d889ca0740759dd425e61c8ba6a9780e7569d9d37f05a,0.20166666666666666,2.27,2.32,2.37,199.0,-1.0,960.6,-0.7071067811865477,0.7071067811865474,-0.09019000427034513,0.9959245770286599
training,2025-12-26T00:00:00+00:00,2025-12-25T18:00:00+00:00,2025-12-26T22:00:00+00:00,2025-12-27T03:00:00+05:00,24,22.0,88b17826b93f1b82f250ec9492d2c57b16e94a22edcc49380c9f0e55be69f713,0.13833333333333334,1.86,1.91,1.95,275.0,-1.2,959.3,-0.5000000000000004,0.8660254037844384,-0.09019000427034513,0.9959245770286599
training,2025-12-25T00:00:00+00:00,2025-12-24T18:00:00+00:00,2025-12-26T22:00:00+00:00,2025-12-27T03:00:00+05:00,48,46.0,4cf449634ab8fd8d783d889ca0740759dd425e61c8ba6a9780e7569d9d37f05a,0.13833333333333334,2.14,2.2,2.25,181.0,-1.1,960.0,-0.5000000000000004,0.8660254037844384,-0.09019000427034513,0.9959245770286599
training,2025-12-26T00:00:00+00:00,2025-12-25T18:00:00+00:00,2025-12-26T23:00:00+00:00,2025-12-27T04:00:00+05:00,24,23.0,88b17826b93f1b82f250ec9492d2c57b16e94a22edcc49380c9f0e55be69f713,0.018333333333333333,1.17,1.2,1.23,315.0,-1.6,958.6,-0.25881904510252157,0.9659258262890681,-0.09019000427034513,0.9959245770286599
training,2025-12-25T00:00:00+00:00,2025-12-24T18:00:00+00:00,2025-12-26T23:00:00+00:00,2025-12-27T04:00:00+05:00,48,47.0,4cf449634ab8fd8d783d889ca0740759dd425e61c8ba6a9780e7569d9d37f05a,0.018333333333333333,1.08,1.11,1.13,162.0,-1.4,959.3,-0.25881904510252157,0.9659258262890681,-0.09019000427034513,0.9959245770286599
training,2025-12-26T00:00:00+00:00,2025-12-25T18:00:00+00:00,2025-12-27T00:00:00+00:00,2025-12-27T05:00:00+05:00,24,24.0,88b17826b93f1b82f250ec9492d2c57b16e94a22edcc49380c9f0e55be69f713,0.041666666666666664,1.68,1.72,1.76,17.0,-1.7,958.3,0.0,1.0,-0.07304518821104743,0.9973286321364752
training,2025-12-25T00:00:00+00:00,2025-12-24T18:00:00+00:00,2025-12-27T00:00:00+00:00,2025-12-27T05:00:00+05:00,48,48.0,4cf449634ab8fd8d783d889ca0740759dd425e61c8ba6a9780e7569d9d37f05a,0.041666666666666664,1.26,1.29,1.32,54.0,-2.1,958.9,0.0,1.0,-0.07304518821104743,0.9973286321364752
training,2025-12-26T00:00:00+00:00,2025-12-25T18:00:00+00:00,2025-12-27T01:00:00+00:00,2025-12-27T06:00:00+05:00,24,25.0,88b17826b93f1b82f250ec9492d2c57b16e94a22edcc49380c9f0e55be69f713,0.11833333333333333,3.9,4.0,4.08,53.0,-2.3,958.0,0.25881904510252074,0.9659258262890683,-0.07304518821104743,0.9973286321364752
training,2025-12-25T00:00:00+00:00,2025-12-24T18:00:00+00:00,2025-12-27T01:00:00+00:00,2025-12-27T06:00:00+05:00,48,49.0,4cf449634ab8fd8d783d889ca0740759dd425e61c8ba6a9780e7569d9d37f05a,0.11833333333333333,3.94,4.04,4.12,68.0,-2.9,958.9,0.25881904510252074,0.9659258262890683,-0.07304518821104743,0.9973286321364752
training,2025-12-26T00:00:00+00:00,2025-12-25T18:00:00+00:00,2025-12-27T02:00:00+00:00,2025-12-27T07:00:00+05:00,24,26.0,88b17826b93f1b82f250ec9492d2c57b16e94a22edcc49380c9f0e55be69f713,0.22333333333333336,5.8,5.95,6.07,64.0,-2.7,957.7,0.49999999999999994,0.8660254037844387,-0.07304518821104743,0.9973286321364752
training,2025-12-25T00:00:00+00:00,2025-12-24T18:00:00+00:00,2025-12-27T02:00:00+00:00,2025-12-27T07:00:00+05:00,48,50.0,4cf449634ab8fd8d783d889ca0740759dd425e61c8ba6a9780e7569d9d37f05a,0.22333333333333336,5.66,5.8,5.92,67.0,-3.3,958.6,0.49999999999999994,0.8660254037844387,-0.07304518821104743,0.9973286321364752
training,2025-12-26T06:00:00+00:00,2025-12-26T00:00:00+00:00,2025-12-27T03:00:00+00:00,2025-12-27T08:00:00+05:00,24,21.0,fd24441b69df6fddd50f7af68233499e1ba3b382afde4c0a4990af8d945688d4,0.20666666666666667,6.7,6.87,7.01,69.0,-1.9,957.6,0.7071067811865476,0.7071067811865476,-0.07304518821104743,0.9973286321364752
training,2025-12-25T06:00:00+00:00,2025-12-25T00:00:00+00:00,2025-12-27T03:00:00+00:00,2025-12-27T08:00:00+05:00,48,45.0,69f1de74b03c07fc7f6a7a6811c2aa2b140114f9591b2f471ffd7546fd687b58,0.20666666666666667,6.48,6.65,6.79,69.0,-2.9,958.4,0.7071067811865476,0.7071067811865476,-0.07304518821104743,0.9973286321364752
training,2025-12-26T06:00:00+00:00,2025-12-26T00:00:00+00:00,2025-12-27T04:00:00+00:00,2025-12-27T09:00:00+05:00,24,22.0,fd24441b69df6fddd50f7af68233499e1ba3b382afde4c0a4990af8d945688d4,0.255,8.39,8.61,8.79,63.0,-0.3,957.8,0.8660254037844386,0.5000000000000001,-0.07304518821104743,0.9973286321364752
training,2025-12-25T06:00:00+00:00,2025-12-25T00:00:00+00:00,2025-12-27T04:00:00+00:00,2025-12-27T09:00:00+05:00,48,46.0,69f1de74b03c07fc7f6a7a6811c2aa2b140114f9591b2f471ffd7546fd687b58,0.255,8.16,8.37,8.54,65.0,-1.2,958.3,0.8660254037844386,0.5000000000000001,-0.07304518821104743,0.9973286321364752
training,2025-12-26T06:00:00+00:00,2025-12-26T00:00:00+00:00,2025-12-27T05:00:00+00:00,2025-12-27T10:00:00+05:00,24,23.0,fd24441b69df6fddd50f7af68233499e1ba3b382afde4c0a4990af8d945688d4,0.7483333333333334,8.17,8.38,8.55,60.0,1.1,957.8,0.9659258262890683,0.25881904510252074,-0.07304518821104743,0.9973286321364752
training,2025-12-25T06:00:00+00:00,2025-12-25T00:00:00+00:00,2025-12-27T05:00:00+00:00,2025-12-27T10:00:00+05:00,48,47.0,69f1de74b03c07fc7f6a7a6811c2aa2b140114f9591b2f471ffd7546fd687b58,0.7483333333333334,8.55,8.78,8.96,61.0,1.0,958.2,0.9659258262890683,0.25881904510252074,-0.07304518821104743,0.9973286321364752
training,2025-12-26T06:00:00+00:00,2025-12-26T00:00:00+00:00,2025-12-27T06:00:00+00:00,2025-12-27T11:00:00+05:00,24,24.0,fd24441b69df6fddd50f7af68233499e1ba3b382afde4c0a4990af8d945688d4,0.9700000000000001,8.84,9.07,9.25,61.0,2.1,957.2,1.0,6.123233995736766e-17,-0.07304518821104743,0.9973286321364752
training,2025-12-25T06:00:00+00:00,2025-12-25T00:00:00+00:00,2025-12-27T06:00:00+00:00,2025-12-27T11:00:00+05:00,48,48.0,69f1de74b03c07fc7f6a7a6811c2aa2b140114f9591b2f471ffd7546fd687b58,0.9700000000000001,8.97,9.2,9.39,61.0,2.0,957.6,1.0,6.123233995736766e-17,-0.07304518821104743,0.9973286321364752
training,2025-12-26T06:00:00+00:00,2025-12-26T00:00:00+00:00,2025-12-27T07:00:00+00:00,2025-12-27T12:00:00+05:00,24,25.0,fd24441b69df6fddd50f7af68233499e1ba3b382afde4c0a4990af8d945688d4,0.9066666666666666,8.98,9.21,9.4,63.0,3.0,956.1,0.9659258262890683,-0.25881904510252063,-0.07304518821104743,0.9973286321364752
training,2025-12-25T06:00:00+00:00,2025-12-25T00:00:00+00:00,2025-12-27T07:00:00+00:00,2025-12-27T12:00:00+05:00,48,49.0,69f1de74b03c07fc7f6a7a6811c2aa2b140114f9591b2f471ffd7546fd687b58,0.9066666666666666,8.92,9.15,9.34,65.0,2.9,956.5,0.9659258262890683,-0.25881904510252063,-0.07304518821104743,0.9973286321364752
training,2025-12-26T06:00:00+00:00,2025-12-26T00:00:00+00:00,2025-12-27T08:00:00+00:00,2025-12-27T13:00:00+05:00,24,26.0,fd24441b69df6fddd50f7af68233499e1ba3b382afde4c0a4990af8d945688d4,0.9116666666666666,8.26,8.48,8.65,68.0,3.5,955.4,0.8660254037844387,-0.4999999999999998,-0.07304518821104743,0.9973286321364752
training,2025-12-25T06:00:00+00:00,2025-12-25T00:00:00+00:00,2025-12-27T08:00:00+00:00,2025-12-27T13:00:00+05:00,48,50.0,69f1de74b03c07fc7f6a7a6811c2aa2b140114f9591b2f471ffd7546fd687b58,0.9116666666666666,8.39,8.61,8.79,69.0,3.3,955.9,0.8660254037844387,-0.4999999999999998,-0.07304518821104743,0.9973286321364752
training,2025-12-26T12:00:00+00:00,2025-12-26T06:00:00+00:00,2025-12-27T09:00:00+00:00,2025-12-27T14:00:00+05:00,24,21.0,18d62a6ba9c1fcb3affd72093b139177829ed673f1a1a53f9500af21d5615547,0.9249999999999999,7.96,8.16,8.33,70.0,3.3,955.0,0.7071067811865476,-0.7071067811865475,-0.07304518821104743,0.9973286321364752
training,2025-12-25T12:00:00+00:00,2025-12-25T06:00:00+00:00,2025-12-27T09:00:00+00:00,2025-12-27T14:00:00+05:00,48,45.0,24223ad8bc5cec530334e4c9c91095835202c03174d960c3c0179d32a85c6e9d,0.9249999999999999,7.96,8.16,8.33,70.0,3.3,955.5,0.7071067811865476,-0.7071067811865475,-0.07304518821104743,0.9973286321364752
training,2025-12-26T12:00:00+00:00,2025-12-26T06:00:00+00:00,2025-12-27T10:00:00+00:00,2025-12-27T15:00:00+05:00,24,22.0,18d62a6ba9c1fcb3affd72093b139177829ed673f1a1a53f9500af21d5615547,0.9133333333333334,7.43,7.62,7.78,72.0,2.7,955.0,0.49999999999999994,-0.8660254037844387,-0.07304518821104743,0.9973286321364752
training,2025-12-25T12:00:00+00:00,2025-12-25T06:00:00+00:00,2025-12-27T10:00:00+00:00,2025-12-27T15:00:00+05:00,48,46.0,24223ad8bc5cec530334e4c9c91095835202c03174d960c3c0179d32a85c6e9d,0.9133333333333334,7.54,7.73,7.89,72.0,2.5,955.1,0.49999999999999994,-0.8660254037844387,-0.07304518821104743,0.9973286321364752
training,2025-12-26T12:00:00+00:00,2025-12-26T06:00:00+00:00,2025-12-27T11:00:00+00:00,2025-12-27T16:00:00+05:00,24,23.0,18d62a6ba9c1fcb3affd72093b139177829ed673f1a1a53f9500af21d5615547,0.8733333333333334,6.35,6.51,6.65,72.0,0.7,954.7,0.258819045102521,-0.9659258262890682,-0.07304518821104743,0.9973286321364752
training,2025-12-25T12:00:00+00:00,2025-12-25T06:00:00+00:00,2025-12-27T11:00:00+00:00,2025-12-27T16:00:00+05:00,48,47.0,24223ad8bc5cec530334e4c9c91095835202c03174d960c3c0179d32a85c6e9d,0.8733333333333334,6.9,7.08,7.23,72.0,0.3,954.7,0.258819045102521,-0.9659258262890682,-0.07304518821104743,0.9973286321364752
training,2025-12-26T12:00:00+00:00,2025-12-26T06:00:00+00:00,2025-12-27T12:00:00+00:00,2025-12-27T17:00:00+05:00,24,24.0,18d62a6ba9c1fcb3affd72093b139177829ed673f1a1a53f9500af21d5615547,0.9500000000000001,5.31,5.45,5.56,75.0,-0.9,954.4,1.2246467991473532e-16,-1.0,-0.07304518821104743,0.9973286321364752
training,2025-12-25T12:00:00+00:00,2025-12-25T06:00:00+00:00,2025-12-27T12:00:00+00:00,2025-12-27T17:00:00+05:00,48,48.0,24223ad8bc5cec530334e4c9c91095835202c03174d960c3c0179d32a85c6e9d,0.9500000000000001,5.85,6.0,6.13,75.0,-1.4,954.5,1.2246467991473532e-16,-1.0,-0.07304518821104743,0.9973286321364752
training,2025-12-26T12:00:00+00:00,2025-12-26T06:00:00+00:00,2025-12-27T13:00:00+00:00,2025-12-27T18:00:00+05:00,24,25.0,18d62a6ba9c1fcb3affd72093b139177829ed673f1a1a53f9500af21d5615547,0.9183333333333333,4.1,4.21,4.29,87.0,-2.0,954.1,-0.2588190451025208,-0.9659258262890683,-0.07304518821104743,0.9973286321364752
training,2025-12-25T12:00:00+00:00,2025-12-25T06:00:00+00:00,2025-12-27T13:00:00+00:00,2025-12-27T18:00:00+05:00,48,49.0,24223ad8bc5cec530334e4c9c91095835202c03174d960c3c0179d32a85c6e9d,0.9183333333333333,4.68,4.8,4.9,89.0,-2.4,954.4,-0.2588190451025208,-0.9659258262890683,-0.07304518821104743,0.9973286321364752
training,2025-12-26T12:00:00+00:00,2025-12-26T06:00:00+00:00,2025-12-27T14:00:00+00:00,2025-12-27T19:00:00+05:00,24,26.0,18d62a6ba9c1fcb3affd72093b139177829ed673f1a1a53f9500af21d5615547,0.6033333333333334,3.42,3.51,3.58,94.0,-2.5,954.1,-0.4999999999999997,-0.8660254037844388,-0.07304518821104743,0.9973286321364752
training,2025-12-25T12:00:00+00:00,2025-12-25T06:00:00+00:00,2025-12-27T14:00:00+00:00,2025-12-27T19:00:00+05:00,48,50.0,24223ad8bc5cec530334e4c9c91095835202c03174d960c3c0179d32a85c6e9d,0.6033333333333334,4.05,4.15,4.24,91.0,-2.9,954.2,-0.4999999999999997,-0.8660254037844388,-0.07304518821104743,0.9973286321364752
training,2025-12-26T18:00:00+00:00,2025-12-26T12:00:00+00:00,2025-12-27T15:00:00+00:00,2025-12-27T20:00:00+05:00,24,21.0,426c063a45f899c5d635c093a11c84a9f63f04c73c52d2c29207d8e7a1ed1298,0.27,3.34,3.42,3.49,78.0,-3.0,953.6,-0.7071067811865471,-0.7071067811865479,-0.07304518821104743,0.9973286321364752
training,2025-12-25T18:00:00+00:00,2025-12-25T12:00:00+00:00,2025-12-27T15:00:00+00:00,2025-12-27T20:00:00+05:00,48,45.0,0c6df17bbed0c6dd60a320164f9a8aae671a5e1c901e9f7f4757ac06065078bc,0.27,4.32,4.43,4.52,84.0,-3.1,953.2,-0.7071067811865471,-0.7071067811865479,-0.07304518821104743,0.9973286321364752
training,2025-12-26T18:00:00+00:00,2025-12-26T12:00:00+00:00,2025-12-27T16:00:00+00:00,2025-12-27T21:00:00+05:00,24,22.0,426c063a45f899c5d635c093a11c84a9f63f04c73c52d2c29207d8e7a1ed1298,0.15166666666666667,3.72,3.81,3.89,73.0,-3.0,953.5,-0.8660254037844385,-0.5000000000000004,-0.07304518821104743,0.9973286321364752
training,2025-12-25T18:00:00+00:00,2025-12-25T12:00:00+00:00,2025-12-27T16:00:00+00:00,2025-12-27T21:00:00+05:00,48,46.0,0c6df17bbed0c6dd60a320164f9a8aae671a5e1c901e9f7f4757ac06065078bc,0.15166666666666667,4.76,4.89,4.99,76.0,-3.0,953.0,-0.8660254037844385,-0.5000000000000004,-0.07304518821104743,0.9973286321364752
training,2025-12-26T18:00:00+00:00,2025-12-26T12:00:00+00:00,2025-12-27T17:00:00+00:00,2025-12-27T22:00:00+05:00,24,23.0,426c063a45f899c5d635c093a11c84a9f63f04c73c52d2c29207d8e7a1ed1298,0.39166666666666666,4.24,4.35,4.44,73.0,-2.8,953.0,-0.9659258262890683,-0.25881904510252063,-0.07304518821104743,0.9973286321364752
training,2025-12-25T18:00:00+00:00,2025-12-25T12:00:00+00:00,2025-12-27T17:00:00+00:00,2025-12-27T22:00:00+05:00,48,47.0,0c6df17bbed0c6dd60a320164f9a8aae671a5e1c901e9f7f4757ac06065078bc,0.39166666666666666,5.04,5.17,5.27,75.0,-2.9,952.7,-0.9659258262890683,-0.25881904510252063,-0.07304518821104743,0.9973286321364752
training,2025-12-26T18:00:00+00:00,2025-12-26T12:00:00+00:00,2025-12-27T18:00:00+00:00,2025-12-27T23:00:00+05:00,24,24.0,426c063a45f899c5d635c093a11c84a9f63f04c73c52d2c29207d8e7a1ed1298,0.2783333333333333,4.52,4.63,4.73,72.0,-3.0,952.5,-1.0,-1.8369701987210297e-16,-0.07304518821104743,0.9973286321364752
training,2025-12-25T18:00:00+00:00,2025-12-25T12:00:00+00:00,2025-12-27T18:00:00+00:00,2025-12-27T23:00:00+05:00,48,48.0,0c6df17bbed0c6dd60a320164f9a8aae671a5e1c901e9f7f4757ac06065078bc,0.2783333333333333,5.41,5.55,5.67,73.0,-3.2,952.1,-1.0,-1.8369701987210297e-16,-0.07304518821104743,0.9973286321364752
training,2025-12-26T18:00:00+00:00,2025-12-26T12:00:00+00:00,2025-12-27T19:00:00+00:00,2025-12-28T00:00:00+05:00,24,25.0,426c063a45f899c5d635c093a11c84a9f63f04c73c52d2c29207d8e7a1ed1298,0.73,5.01,5.14,5.25,72.0,-3.0,952.1,-0.9659258262890684,0.2588190451025203,-0.07304518821104743,0.9973286321364752
training,2025-12-25T18:00:00+00:00,2025-12-25T12:00:00+00:00,2025-12-27T19:00:00+00:00,2025-12-28T00:00:00+05:00,48,49.0,0c6df17bbed0c6dd60a320164f9a8aae671a5e1c901e9f7f4757ac06065078bc,0.73,5.88,6.03,6.15,70.0,-3.5,951.8,-0.9659258262890684,0.2588190451025203,-0.07304518821104743,0.9973286321364752
training,2025-12-26T18:00:00+00:00,2025-12-26T12:00:00+00:00,2025-12-27T20:00:00+00:00,2025-12-28T01:00:00+05:00,24,26.0,426c063a45f899c5d635c093a11c84a9f63f04c73c52d2c29207d8e7a1ed1298,0.5983333333333333,5.31,5.45,5.56,75.0,-2.4,951.9,-0.8660254037844386,0.5000000000000001,-0.07304518821104743,0.9973286321364752
training,2025-12-25T18:00:00+00:00,2025-12-25T12:00:00+00:00,2025-12-27T20:00:00+00:00,2025-12-28T01:00:00+05:00,48,50.0,0c6df17bbed0c6dd60a320164f9a8aae671a5e1c901e9f7f4757ac06065078bc,0.5983333333333333,6.18,6.34,6.47,71.0,-3.3,951.6,-0.8660254037844386,0.5000000000000001,-0.07304518821104743,0.9973286321364752
training,2025-12-27T00:00:00+00:00,2025-12-26T18:00:00+00:00,2025-12-27T21:00:00+00:00,2025-12-28T02:00:00+05:00,24,21.0,3f2895b6354b2f1dee94a9da30c2494d6aa88cf25e01b16c35feeda355cee2b1,0.8816666666666667,5.01,5.14,5.25,72.0,-3.2,951.7,-0.7071067811865477,0.7071067811865474,-0.07304518821104743,0.9973286321364752
training,2025-12-26T00:00:00+00:00,2025-12-25T18:00:00+00:00,2025-12-27T21:00:00+00:00,2025-12-28T02:00:00+05:00,48,45.0,88b17826b93f1b82f250ec9492d2c57b16e94a22edcc49380c9f0e55be69f713,0.8816666666666667,5.46,5.6,5.72,70.0,-3.5,951.7,-0.7071067811865477,0.7071067811865474,-0.07304518821104743,0.9973286321364752
training,2025-12-27T00:00:00+00:00,2025-12-26T18:00:00+00:00,2025-12-27T22:00:00+00:00,2025-12-28T03:00:00+05:00,24,22.0,3f2895b6354b2f1dee94a9da30c2494d6aa88cf25e01b16c35feeda355cee2b1,0.9033333333333333,5.29,5.43,5.54,70.0,-3.5,951.5,-0.5000000000000004,0.8660254037844384,-0.07304518821104743,0.9973286321364752
training,2025-12-26T00:00:00+00:00,2025-12-25T18:00:00+00:00,2025-12-27T22:00:00+00:00,2025-12-28T03:00:00+05:00,48,46.0,88b17826b93f1b82f250ec9492d2c57b16e94a22edcc49380c9f0e55be69f713,0.9033333333333333,5.81,5.96,6.08,67.0,-4.0,951.4,-0.5000000000000004,0.8660254037844384,-0.07304518821104743,0.9973286321364752
training,2025-12-27T00:00:00+00:00,2025-12-26T18:00:00+00:00,2025-12-27T23:00:00+00:00,2025-12-28T04:00:00+05:00,24,23.0,3f2895b6354b2f1dee94a9da30c2494d6aa88cf25e01b16c35feeda355cee2b1,0.9700000000000001,5.7,5.85,5.97,70.0,-3.1,951.4,-0.25881904510252157,0.9659258262890681,-0.07304518821104743,0.9973286321364752
training,2025-12-26T00:00:00+00:00,2025-12-25T18:00:00+00:00,2025-12-27T23:00:00+00:00,2025-12-28T04:00:00+05:00,48,47.0,88b17826b93f1b82f250ec9492d2c57b16e94a22edcc49380c9f0e55be69f713,0.9700000000000001,6.24,6.4,6.53,66.0,-4.1,950.9,-0.25881904510252157,0.9659258262890681,-0.07304518821104743,0.9973286321364752
training,2025-12-27T00:00:00+00:00,2025-12-26T18:00:00+00:00,2025-12-28T00:00:00+00:00,2025-12-28T05:00:00+05:00,24,24.0,3f2895b6354b2f1dee94a9da30c2494d6aa88cf25e01b16c35feeda355cee2b1,0.89,5.97,6.13,6.25,68.0,-3.4,951.2,0.0,1.0,-0.05587875690537313,0.9984375616565666
training,2025-12-26T00:00:00+00:00,2025-12-25T18:00:00+00:00,2025-12-28T00:00:00+00:00,2025-12-28T05:00:00+05:00,48,48.0,88b17826b93f1b82f250ec9492d2c57b16e94a22edcc49380c9f0e55be69f713,0.89,6.52,6.69,6.83,66.0,-3.9,950.9,0.0,1.0,-0.05587875690537313,0.9984375616565666
training,2025-12-27T00:00:00+00:00,2025-12-26T18:00:00+00:00,2025-12-28T01:00:00+00:00,2025-12-28T06:00:00+05:00,24,25.0,3f2895b6354b2f1dee94a9da30c2494d6aa88cf25e01b16c35feeda355cee2b1,0.735,6.38,6.55,6.68,68.0,-3.1,951.4,0.25881904510252074,0.9659258262890683,-0.05587875690537313,0.9984375616565666
training,2025-12-26T00:00:00+00:00,2025-12-25T18:00:00+00:00,2025-12-28T01:00:00+00:00,2025-12-28T06:00:00+05:00,48,49.0,88b17826b93f1b82f250ec9492d2c57b16e94a22edcc49380c9f0e55be69f713,0.735,6.94,7.12,7.26,66.0,-3.7,951.0,0.25881904510252074,0.9659258262890683,-0.05587875690537313,0.9984375616565666
training,2025-12-27T00:00:00+00:00,2025-12-26T18:00:00+00:00,2025-12-28T02:00:00+00:00,2025-12-28T07:00:00+05:00,24,26.0,3f2895b6354b2f1dee94a9da30c2494d6aa88cf25e01b16c35feeda355cee2b1,0.6333333333333333,6.72,6.89,7.04,66.0,-3.4,951.3,0.49999999999999994,0.8660254037844387,-0.05587875690537313,0.9984375616565666
training,2025-12-26T00:00:00+00:00,2025-12-25T18:00:00+00:00,2025-12-28T02:00:00+00:00,2025-12-28T07:00:00+05:00,48,50.0,88b17826b93f1b82f250ec9492d2c57b16e94a22edcc49380c9f0e55be69f713,0.6333333333333333,7.15,7.34,7.49,65.0,-3.8,951.2,0.49999999999999994,0.8660254037844387,-0.05587875690537313,0.9984375616565666
training,2025-12-27T06:00:00+00:00,2025-12-27T00:00:00+00:00,2025-12-28T03:00:00+00:00,2025-12-28T08:00:00+05:00,24,21.0,d9df97d3fa3d3ff7f4ef4f6f3b0500d9eff17c88d984f2943840b43ca52299e1,0.6733333333333333,7.33,7.52,7.68,67.0,-3.1,951.5,0.7071067811865476,0.7071067811865476,-0.05587875690537313,0.9984375616565666
training,2025-12-26T06:00:00+00:00,2025-12-26T00:00:00+00:00,2025-12-28T03:00:00+00:00,2025-12-28T08:00:00+05:00,48,45.0,fd24441b69df6fddd50f7af68233499e1ba3b382afde4c0a4990af8d945688d4,0.6733333333333333,7.55,7.75,7.91,66.0,-2.9,951.3,0.7071067811865476,0.7071067811865476,-0.05587875690537313,0.9984375616565666
training,2025-12-27T06:00:00+00:00,2025-12-27T00:00:00+00:00,2025-12-28T04:00:00+00:00,2025-12-28T09:00:00+05:00,24,22.0,d9df97d3fa3d3ff7f4ef4f6f3b0500d9eff17c88d984f2943840b43ca52299e1,0.52,7.02,7.2,7.35,65.0,-0.1,952.3,0.8660254037844386,0.5000000000000001,-0.05587875690537313,0.9984375616565666
training,2025-12-26T06:00:00+00:00,2025-12-26T00:00:00+00:00,2025-12-28T04:00:00+00:00,2025-12-28T09:00:00+05:00,48,46.0,fd24441b69df6fddd50f7af68233499e1ba3b382afde4c0a4990af8d945688d4,0.52,7.74,7.94,8.11,62.0,-0.5,951.9,0.8660254037844386,0.5000000000000001,-0.05587875690537313,0.9984375616565666
training,2025-12-27T06:00:00+00:00,2025-12-27T00:00:00+00:00,2025-12-28T05:00:00+00:00,2025-12-28T10:00:00+05:00,24,23.0,d9df97d3fa3d3ff7f4ef4f6f3b0500d9eff17c88d984f2943840b43ca52299e1,0.6766666666666667,7.08,7.26,7.41,59.0,2.3,952.3,0.9659258262890683,0.25881904510252074,-0.05587875690537313,0.9984375616565666
training,2025-12-26T06:00:00+00:00,2025-12-26T00:00:00+00:00,2025-12-28T05:00:00+00:00,2025-12-28T10:00:00+05:00,48,47.0,fd24441b69df6fddd50f7af68233499e1ba3b382afde4c0a4990af8d945688d4,0.6766666666666667,7.83,8.03,8.2,61.0,1.9,952.2,0.9659258262890683,0.25881904510252074,-0.05587875690537313,0.9984375616565666
training,2025-12-27T06:00:00+00:00,2025-12-27T00:00:00+00:00,2025-12-28T06:00:00+00:00,2025-12-28T11:00:00+05:00,24,24.0,d9df97d3fa3d3ff7f4ef4f6f3b0500d9eff17c88d984f2943840b43ca52299e1,0.8383333333333334,7.86,8.06,8.23,58.0,3.7,952.0,1.0,6.123233995736766e-17,-0.05587875690537313,0.9984375616565666
training,2025-12-26T06:00:00+00:00,2025-12-26T00:00:00+00:00,2025-12-28T06:00:00+00:00,2025-12-28T11:00:00+05:00,48,48.0,fd24441b69df6fddd50f7af68233499e1ba3b382afde4c0a4990af8d945688d4,0.8383333333333334,7.51,7.71,7.87,60.0,3.6,951.9,1.0,6.123233995736766e-17,-0.05587875690537313,0.9984375616565666
training,2025-12-27T06:00:00+00:00,2025-12-27T00:00:00+00:00,2025-12-28T07:00:00+00:00,2025-12-28T12:00:00+05:00,24,25.0,d9df97d3fa3d3ff7f4ef4f6f3b0500d9eff17c88d984f2943840b43ca52299e1,0.87,8.01,8.22,8.39,58.0,4.6,951.0,0.9659258262890683,-0.25881904510252063,-0.05587875690537313,0.9984375616565666
training,2025-12-26T06:00:00+00:00,2025-12-26T00:00:00+00:00,2025-12-28T07:00:00+00:00,2025-12-28T12:00:00+05:00,48,49.0,fd24441b69df6fddd50f7af68233499e1ba3b382afde4c0a4990af8d945688d4,0.87,7.82,8.02,8.18,58.0,4.8,950.9,0.9659258262890683,-0.25881904510252063,-0.05587875690537313,0.9984375616565666
training,2025-12-27T06:00:00+00:00,2025-12-27T00:00:00+00:00,2025-12-28T08:00:00+00:00,2025-12-28T13:00:00+05:00,24,26.0,d9df97d3fa3d3ff7f4ef4f6f3b0500d9eff17c88d984f2943840b43ca52299e1,0.8966666666666666,8.01,8.22,8.39,58.0,5.4,950.4,0.8660254037844387,-0.4999999999999998,-0.05587875690537313,0.9984375616565666
training,2025-12-26T06:00:00+00:00,2025-12-26T00:00:00+00:00,2025-12-28T08:00:00+00:00,2025-12-28T13:00:00+05:00,48,50.0,fd24441b69df6fddd50f7af68233499e1ba3b382afde4c0a4990af8d945688d4,0.8966666666666666,7.67,7.87,8.03,58.0,5.4,950.3,0.8660254037844387,-0.4999999999999998,-0.05587875690537313,0.9984375616565666
training,2025-12-27T12:00:00+00:00,2025-12-27T06:00:00+00:00,2025-12-28T09:00:00+00:00,2025-12-28T14:00:00+05:00,24,21.0,90638a3262e0e05fb0ccc9d64d5abf7c4f7911e80222604bbd43379f862a57e5,0.635,8.11,8.32,8.49,56.0,5.1,949.7,0.7071067811865476,-0.7071067811865475,-0.05587875690537313,0.9984375616565666
training,2025-12-26T12:00:00+00:00,2025-12-26T06:00:00+00:00,2025-12-28T09:00:00+00:00,2025-12-28T14:00:00+05:00,48,45.0,18d62a6ba9c1fcb3affd72093b139177829ed673f1a1a53f9500af21d5615547,0.635,7.61,7.81,7.97,57.0,5.2,949.7,0.7071067811865476,-0.7071067811865475,-0.05587875690537313,0.9984375616565666
training,2025-12-27T12:00:00+00:00,2025-12-27T06:00:00+00:00,2025-12-28T10:00:00+00:00,2025-12-28T15:00:00+05:00,24,22.0,90638a3262e0e05fb0ccc9d64d5abf7c4f7911e80222604bbd43379f862a57e5,0.8250000000000001,8.74,8.97,9.15,63.0,4.3,949.5,0.49999999999999994,-0.8660254037844387,-0.05587875690537313,0.9984375616565666
training,2025-12-26T12:00:00+00:00,2025-12-26T06:00:00+00:00,2025-12-28T10:00:00+00:00,2025-12-28T15:00:00+05:00,48,46.0,18d62a6ba9c1fcb3affd72093b139177829ed673f1a1a53f9500af21d5615547,0.8250000000000001,7.73,7.93,8.1,60.0,3.9,949.7,0.49999999999999994,-0.8660254037844387,-0.05587875690537313,0.9984375616565666
training,2025-12-27T12:00:00+00:00,2025-12-27T06:00:00+00:00,2025-12-28T11:00:00+00:00,2025-12-28T16:00:00+05:00,24,23.0,90638a3262e0e05fb0ccc9d64d5abf7c4f7911e80222604bbd43379f862a57e5,0.8450000000000001,7.93,8.14,8.31,65.0,1.8,949.1,0.258819045102521,-0.9659258262890682,-0.05587875690537313,0.9984375616565666
training,2025-12-26T12:00:00+00:00,2025-12-26T06:00:00+00:00,2025-12-28T11:00:00+00:00,2025-12-28T16:00:00+05:00,48,47.0,18d62a6ba9c1fcb3affd72093b139177829ed673f1a1a53f9500af21d5615547,0.8450000000000001,7.12,7.31,7.46,60.0,1.6,949.2,0.258819045102521,-0.9659258262890682,-0.05587875690537313,0.9984375616565666
training,2025-12-27T12:00:00+00:00,2025-12-27T06:00:00+00:00,2025-12-28T12:00:00+00:00,2025-12-28T17:00:00+05:00,24,24.0,90638a3262e0e05fb0ccc9d64d5abf7c4f7911e80222604bbd43379f862a57e5,0.96,7.19,7.38,7.53,64.0,-0.5,948.6,1.2246467991473532e-16,-1.0,-0.05587875690537313,0.9984375616565666
training,2025-12-26T12:00:00+00:00,2025-12-26T06:00:00+00:00,2025-12-28T12:00:00+00:00,2025-12-28T17:00:00+05:00,48,48.0,18d62a6ba9c1fcb3affd72093b139177829ed673f1a1a53f9500af21d5615547,0.96,6.68,6.85,6.99,60.0,0.0,948.9,1.2246467991473532e-16,-1.0,-0.05587875690537313,0.9984375616565666
training,2025-12-27T12:00:00+00:00,2025-12-27T06:00:00+00:00,2025-12-28T13:00:00+00:00,2025-12-28T18:00:00+05:00,24,25.0,90638a3262e0e05fb0ccc9d64d5abf7c4f7911e80222604bbd43379f862a57e5,0.6516666666666667,7.22,7.41,7.56,61.0,-1.3,948.7,-0.2588190451025208,-0.9659258262890683,-0.05587875690537313,0.9984375616565666
training,2025-12-26T12:00:00+00:00,2025-12-26T06:00:00+00:00,2025-12-28T13:00:00+00:00,2025-12-28T18:00:00+05:00,48,49.0,18d62a6ba9c1fcb3affd72093b139177829ed673f1a1a53f9500af21d5615547,0.6516666666666667,6.98,7.16,7.31,61.0,-0.7,948.6,-0.2588190451025208,-0.9659258262890683,-0.05587875690537313,0.9984375616565666
training,2025-12-27T12:00:00+00:00,2025-12-27T06:00:00+00:00,2025-12-28T14:00:00+00:00,2025-12-28T19:00:00+05:00,24,26.0,90638a3262e0e05fb0ccc9d64d5abf7c4f7911e80222604bbd43379f862a57e5,0.83,6.37,6.53,6.67,66.0,-1.6,948.6,-0.4999999999999997,-0.8660254037844388,-0.05587875690537313,0.9984375616565666
training,2025-12-26T12:00:00+00:00,2025-12-26T06:00:00+00:00,2025-12-28T14:00:00+00:00,2025-12-28T19:00:00+05:00,48,50.0,18d62a6ba9c1fcb3affd72093b139177829ed673f1a1a53f9500af21d5615547,0.83,7.0,7.18,7.33,62.0,-1.1,948.5,-0.4999999999999997,-0.8660254037844388,-0.05587875690537313,0.9984375616565666
training,2025-12-27T18:00:00+00:00,2025-12-27T12:00:00+00:00,2025-12-28T15:00:00+00:00,2025-12-28T20:00:00+05:00,24,21.0,fa0758c47af2afb246626b717eb9d2dc9719333f723a5e86757509d7eeee697a,0.5933333333333334,5.32,5.46,5.58,66.0,-2.1,948.7,-0.7071067811865471,-0.7071067811865479,-0.05587875690537313,0.9984375616565666
training,2025-12-26T18:00:00+00:00,2025-12-26T12:00:00+00:00,2025-12-28T15:00:00+00:00,2025-12-28T20:00:00+05:00,48,45.0,426c063a45f899c5d635c093a11c84a9f63f04c73c52d2c29207d8e7a1ed1298,0.5933333333333334,5.56,5.7,5.82,63.0,-1.9,948.6,-0.7071067811865471,-0.7071067811865479,-0.05587875690537313,0.9984375616565666
training,2025-12-27T18:00:00+00:00,2025-12-27T12:00:00+00:00,2025-12-28T16:00:00+00:00,2025-12-28T21:00:00+05:00,24,22.0,fa0758c47af2afb246626b717eb9d2dc9719333f723a5e86757509d7eeee697a,0.5533333333333333,3.82,3.92,4.0,71.0,-2.0,948.9,-0.8660254037844385,-0.5000000000000004,-0.05587875690537313,0.9984375616565666
training,2025-12-26T18:00:00+00:00,2025-12-26T12:00:00+00:00,2025-12-28T16:00:00+00:00,2025-12-28T21:00:00+05:00,48,46.0,426c063a45f899c5d635c093a11c84a9f63f04c73c52d2c29207d8e7a1ed1298,0.5533333333333333,4.51,4.63,4.73,65.0,-2.3,948.7,-0.8660254037844385,-0.5000000000000004,-0.05587875690537313,0.9984375616565666
training,2025-12-27T18:00:00+00:00,2025-12-27T12:00:00+00:00,2025-12-28T17:00:00+00:00,2025-12-28T22:00:00+05:00,24,23.0,fa0758c47af2afb246626b717eb9d2dc9719333f723a5e86757509d7eeee697a,0.26166666666666666,3.9,4.0,4.09,74.0,-1.3,949.2,-0.9659258262890683,-0.25881904510252063,-0.05587875690537313,0.9984375616565666
training,2025-12-26T18:00:00+00:00,2025-12-26T12:00:00+00:00,2025-12-28T17:00:00+00:00,2025-12-28T22:00:00+05:00,48,47.0,426c063a45f899c5d635c093a11c84a9f63f04c73c52d2c29207d8e7a1ed1298,0.26166666666666666,4.8,4.92,5.03,66.0,-1.8,948.8,-0.9659258262890683,-0.25881904510252063,-0.05587875690537313,0.9984375616565666
training,2025-12-27T18:00:00+00:00,2025-12-27T12:00:00+00:00,2025-12-28T18:00:00+00:00,2025-12-28T23:00:00+05:00,24,24.0,fa0758c47af2afb246626b717eb9d2dc9719333f723a5e86757509d7eeee697a,0.385,4.93,5.05,5.16,64.0,-0.1,949.5,-1.0,-1.8369701987210297e-16,-0.05587875690537313,0.9984375616565666
training,2025-12-26T18:00:00+00:00,2025-12-26T12:00:00+00:00,2025-12-28T18:00:00+00:00,2025-12-28T23:00:00+05:00,48,48.0,426c063a45f899c5d635c093a11c84a9f63f04c73c52d2c29207d8e7a1ed1298,0.385,4.81,4.94,5.04,74.0,-1.6,948.7,-1.0,-1.8369701987210297e-16,-0.05587875690537313,0.9984375616565666
training,2025-12-27T18:00:00+00:00,2025-12-27T12:00:00+00:00,2025-12-28T19:00:00+00:00,2025-12-29T00:00:00+05:00,24,25.0,fa0758c47af2afb246626b717eb9d2dc9719333f723a5e86757509d7eeee697a,0.3416666666666666,5.36,5.5,5.62,73.0,0.3,949.0,-0.9659258262890684,0.2588190451025203,-0.05587875690537313,0.9984375616565666
training,2025-12-26T18:00:00+00:00,2025-12-26T12:00:00+00:00,2025-12-28T19:00:00+00:00,2025-12-29T00:00:00+05:00,48,49.0,426c063a45f899c5d635c093a11c84a9f63f04c73c52d2c29207d8e7a1ed1298,0.3416666666666666,4.7,4.82,4.92,73.0,-1.4,948.5,-0.9659258262890684,0.2588190451025203,-0.05587875690537313,0.9984375616565666
training,2025-12-27T18:00:00+00:00,2025-12-27T12:00:00+00:00,2025-12-28T20:00:00+00:00,2025-12-29T01:00:00+05:00,24,26.0,fa0758c47af2afb246626b717eb9d2dc9719333f723a5e86757509d7eeee697a,0.3416666666666666,5.48,5.62,5.74,66.0,-0.5,948.8,-0.8660254037844386,0.5000000000000001,-0.05587875690537313,0.9984375616565666
training,2025-12-26T18:00:00+00:00,2025-12-26T12:00:00+00:00,2025-12-28T20:00:00+00:00,2025-12-29T01:00:00+05:00,48,50.0,426c063a45f899c5d635c093a11c84a9f63f04c73c52d2c29207d8e7a1ed1298,0.3416666666666666,4.52,4.64,4.74,68.0,-1.4,948.5,-0.8660254037844386,0.5000000000000001,-0.05587875690537313,0.9984375616565666
training,2025-12-28T00:00:00+00:00,2025-12-27T18:00:00+00:00,2025-12-28T21:00:00+00:00,2025-12-29T02:00:00+05:00,24,21.0,f9676ffa6b85294d666170010dad740c11da3c8dc50ea71b3509ab15d7dd89e8,0.36000000000000004,6.26,6.42,6.55,63.0,-0.9,948.3,-0.7071067811865477,0.7071067811865474,-0.05587875690537313,0.9984375616565666
training,2025-12-27T00:00:00+00:00,2025-12-26T18:00:00+00:00,2025-12-28T21:00:00+00:00,2025-12-29T02:00:00+05:00,48,45.0,3f2895b6354b2f1dee94a9da30c2494d6aa88cf25e01b16c35feeda355cee2b1,0.36000000000000004,6.0,6.15,6.28,71.0,-0.9,948.4,-0.7071067811865477,0.7071067811865474,-0.05587875690537313,0.9984375616565666
training,2025-12-28T00:00:00+00:00,2025-12-27T18:00:00+00:00,2025-12-28T22:00:00+00:00,2025-12-29T03:00:00+05:00,24,22.0,f9676ffa6b85294d666170010dad740c11da3c8dc50ea71b3509ab15d7dd89e8,0.29333333333333333,6.04,6.2,6.33,66.0,-1.0,948.2,-0.5000000000000004,0.8660254037844384,-0.05587875690537313,0.9984375616565666
training,2025-12-27T00:00:00+00:00,2025-12-26T18:00:00+00:00,2025-12-28T22:00:00+00:00,2025-12-29T03:00:00+05:00,48,46.0,3f2895b6354b2f1dee94a9da30c2494d6aa88cf25e01b16c35feeda355cee2b1,0.29333333333333333,5.76,5.91,6.03,77.0,-0.9,948.0,-0.5000000000000004,0.8660254037844384,-0.05587875690537313,0.9984375616565666
training,2025-12-28T00:00:00+00:00,2025-12-27T18:00:00+00:00,2025-12-28T23:00:00+00:00,2025-12-29T04:00:00+05:00,24,23.0,f9676ffa6b85294d666170010dad740c11da3c8dc50ea71b3509ab15d7dd89e8,0.2783333333333333,6.14,6.3,6.43,68.0,-0.8,948.3,-0.25881904510252157,0.9659258262890681,-0.05587875690537313,0.9984375616565666
training,2025-12-27T00:00:00+00:00,2025-12-26T18:00:00+00:00,2025-12-28T23:00:00+00:00,2025-12-29T04:00:00+05:00,48,47.0,3f2895b6354b2f1dee94a9da30c2494d6aa88cf25e01b16c35feeda355cee2b1,0.2783333333333333,6.07,6.22,6.35,66.0,-1.0,947.7,-0.25881904510252157,0.9659258262890681,-0.05587875690537313,0.9984375616565666
training,2025-12-28T00:00:00+00:00,2025-12-27T18:00:00+00:00,2025-12-29T00:00:00+00:00,2025-12-29T05:00:00+05:00,24,24.0,f9676ffa6b85294d666170010dad740c11da3c8dc50ea71b3509ab15d7dd89e8,0.31,4.93,5.06,5.17,67.0,-1.2,948.4,0.0,1.0,-0.03869579017652689,0.9992510374388481
training,2025-12-27T00:00:00+00:00,2025-12-26T18:00:00+00:00,2025-12-29T00:00:00+00:00,2025-12-29T05:00:00+05:00,48,48.0,3f2895b6354b2f1dee94a9da30c2494d6aa88cf25e01b16c35feeda355cee2b1,0.31,6.06,6.22,6.34,70.0,-0.7,948.1,0.0,1.0,-0.03869579017652689,0.9992510374388481
training,2025-12-28T00:00:00+00:00,2025-12-27T18:00:00+00:00,2025-12-29T01:00:00+00:00,2025-12-29T06:00:00+05:00,24,25.0,f9676ffa6b85294d666170010dad740c11da3c8dc50ea71b3509ab15d7dd89e8,0.49833333333333335,4.42,4.54,4.63,76.0,-0.7,949.2,0.25881904510252074,0.9659258262890683,-0.03869579017652689,0.9992510374388481
training,2025-12-27T00:00:00+00:00,2025-12-26T18:00:00+00:00,2025-12-29T01:00:00+00:00,2025-12-29T06:00:00+05:00,48,49.0,3f2895b6354b2f1dee94a9da30c2494d6aa88cf25e01b16c35feeda355cee2b1,0.49833333333333335,6.21,6.37,6.5,68.0,-0.8,948.8,0.25881904510252074,0.9659258262890683,-0.03869579017652689,0.9992510374388481
training,2025-12-28T00:00:00+00:00,2025-12-27T18:00:00+00:00,2025-12-29T02:00:00+00:00,2025-12-29T07:00:00+05:00,24,26.0,f9676ffa6b85294d666170010dad740c11da3c8dc50ea71b3509ab15d7dd89e8,0.6583333333333333,2.88,2.95,3.01,88.0,-0.7,949.2,0.49999999999999994,0.8660254037844387,-0.03869579017652689,0.9992510374388481
training,2025-12-27T00:00:00+00:00,2025-12-26T18:00:00+00:00,2025-12-29T02:00:00+00:00,2025-12-29T07:00:00+05:00,48,50.0,3f2895b6354b2f1dee94a9da30c2494d6aa88cf25e01b16c35feeda355cee2b1,0.6583333333333333,5.29,5.43,5.54,73.0,-0.5,949.4,0.49999999999999994,0.8660254037844387,-0.03869579017652689,0.9992510374388481
training,2025-12-28T06:00:00+00:00,2025-12-28T00:00:00+00:00,2025-12-29T03:00:00+00:00,2025-12-29T08:00:00+05:00,24,21.0,7223c38693677c453fe8d18dcebb60a9e159d82c3e744876118e34f41f211f09,0.8850000000000001,6.48,6.65,6.78,66.0,-0.3,949.4,0.7071067811865476,0.7071067811865476,-0.03869579017652689,0.9992510374388481
training,2025-12-27T06:00:00+00:00,2025-12-27T00:00:00+00:00,2025-12-29T03:00:00+00:00,2025-12-29T08:00:00+05:00,48,45.0,d9df97d3fa3d3ff7f4ef4f6f3b0500d9eff17c88d984f2943840b43ca52299e1,0.8850000000000001,4.83,4.96,5.06,81.0,0.5,950.0,0.7071067811865476,0.7071067811865476,-0.03869579017652689,0.9992510374388481
training,2025-12-28T06:00:00+00:00,2025-12-28T00:00:00+00:00,2025-12-29T04:00:00+00:00,2025-12-29T09:00:00+05:00,24,22.0,7223c38693677c453fe8d18dcebb60a9e159d82c3e744876118e34f41f211f09,0.5499999999999999,7.02,7.2,7.35,65.0,1.4,950.5,0.8660254037844386,0.5000000000000001,-0.03869579017652689,0.9992510374388481
training,2025-12-27T06:00:00+00:00,2025-12-27T00:00:00+00:00,2025-12-29T04:00:00+00:00,2025-12-29T09:00:00+05:00,48,46.0,d9df97d3fa3d3ff7f4ef4f6f3b0500d9eff17c88d984f2943840b43ca52299e1,0.5499999999999999,5.46,5.6,5.72,70.0,1.9,950.8,0.8660254037844386,0.5000000000000001,-0.03869579017652689,0.9992510374388481
training,2025-12-28T06:00:00+00:00,2025-12-28T00:00:00+00:00,2025-12-29T05:00:00+00:00,2025-12-29T10:00:00+05:00,24,23.0,7223c38693677c453fe8d18dcebb60a9e159d82c3e744876118e34f41f211f09,0.295,5.93,6.08,6.21,64.0,3.7,950.7,0.9659258262890683,0.25881904510252074,-0.03869579017652689,0.9992510374388481
training,2025-12-27T06:00:00+00:00,2025-12-27T00:00:00+00:00,2025-12-29T05:00:00+00:00,2025-12-29T10:00:00+05:00,48,47.0,d9df97d3fa3d3ff7f4ef4f6f3b0500d9eff17c88d984f2943840b43ca52299e1,0.295,5.32,5.46,5.57,69.0,3.6,951.1,0.9659258262890683,0.25881904510252074,-0.03869579017652689,0.9992510374388481
training,2025-12-28T06:00:00+00:00,2025-12-28T00:00:00+00:00,2025-12-29T06:00:00+00:00,2025-12-29T11:00:00+05:00,24,24.0,7223c38693677c453fe8d18dcebb60a9e159d82c3e744876118e34f41f211f09,0.225,5.05,5.18,5.29,59.0,4.9,950.8,1.0,6.123233995736766e-17,-0.03869579017652689,0.9992510374388481
training,2025-12-27T06:00:00+00:00,2025-12-27T00:00:00+00:00,2025-12-29T06:00:00+00:00,2025-12-29T11:00:00+05:00,48,48.0,d9df97d3fa3d3ff7f4ef4f6f3b0500d9eff17c88d984f2943840b43ca52299e1,0.225,4.32,4.43,4.52,70.0,4.7,951.3,1.0,6.123233995736766e-17,-0.03869579017652689,0.9992510374388481
training,2025-12-28T06:00:00+00:00,2025-12-28T00:00:00+00:00,2025-12-29T07:00:00+00:00,2025-12-29T12:00:00+05:00,24,25.0,7223c38693677c453fe8d18dcebb60a9e159d82c3e744876118e34f41f211f09,0.6133333333333333,5.75,5.9,6.02,59.0,5.5,950.2,0.9659258262890683,-0.25881904510252063,-0.03869579017652689,0.9992510374388481
training,2025-12-27T06:00:00+00:00,2025-12-27T00:00:00+00:00,2025-12-29T07:00:00+00:00,2025-12-29T12:00:00+05:00,48,49.0,d9df97d3fa3d3ff7f4ef4f6f3b0500d9eff17c88d984f2943840b43ca52299e1,0.6133333333333333,5.43,5.58,5.69,57.0,5.0,950.5,0.9659258262890683,-0.25881904510252063,-0.03869579017652689,0.9992510374388481
training,2025-12-28T06:00:00+00:00,2025-12-28T00:00:00+00:00,2025-12-29T08:00:00+00:00,2025-12-29T13:00:00+05:00,24,26.0,7223c38693677c453fe8d18dcebb60a9e159d82c3e744876118e34f41f211f09,0.4666666666666666,5.64,5.79,5.91,59.0,6.0,949.7,0.8660254037844387,-0.4999999999999998,-0.03869579017652689,0.9992510374388481
training,2025-12-27T06:00:00+00:00,2025-12-27T00:00:00+00:00,2025-12-29T08:00:00+00:00,2025-12-29T13:00:00+05:00,48,50.0,d9df97d3fa3d3ff7f4ef4f6f3b0500d9eff17c88d984f2943840b43ca52299e1,0.4666666666666666,6.46,6.62,6.76,61.0,5.0,950.1,0.8660254037844387,-0.4999999999999998,-0.03869579017652689,0.9992510374388481
training,2025-12-28T12:00:00+00:00,2025-12-28T06:00:00+00:00,2025-12-29T09:00:00+00:00,2025-12-29T14:00:00+05:00,24,21.0,50b7846185249e508c32193153a99f89000c2cf6ab9364799cc550fea52fea4f,0.7599999999999999,5.49,5.64,5.75,69.0,5.7,949.6,0.7071067811865476,-0.7071067811865475,-0.03869579017652689,0.9992510374388481
training,2025-12-27T12:00:00+00:00,2025-12-27T06:00:00+00:00,2025-12-29T09:00:00+00:00,2025-12-29T14:00:00+05:00,48,45.0,90638a3262e0e05fb0ccc9d64d5abf7c4f7911e80222604bbd43379f862a57e5,0.7599999999999999,6.36,6.53,6.66,59.0,5.5,949.6,0.7071067811865476,-0.7071067811865475,-0.03869579017652689,0.9992510374388481
training,2025-12-28T12:00:00+00:00,2025-12-28T06:00:00+00:00,2025-12-29T10:00:00+00:00,2025-12-29T15:00:00+05:00,24,22.0,50b7846185249e508c32193153a99f89000c2cf6ab9364799cc550fea52fea4f,0.9333333333333332,5.82,5.97,6.1,65.0,4.7,949.4,0.49999999999999994,-0.8660254037844387,-0.03869579017652689,0.9992510374388481
training,2025-12-27T12:00:00+00:00,2025-12-27T06:00:00+00:00,2025-12-29T10:00:00+00:00,2025-12-29T15:00:00+05:00,48,46.0,90638a3262e0e05fb0ccc9d64d5abf7c4f7911e80222604bbd43379f862a57e5,0.9333333333333332,6.63,6.8,6.94,62.0,4.5,949.1,0.49999999999999994,-0.8660254037844387,-0.03869579017652689,0.9992510374388481
training,2025-12-28T12:00:00+00:00,2025-12-28T06:00:00+00:00,2025-12-29T11:00:00+00:00,2025-12-29T16:00:00+05:00,24,23.0,50b7846185249e508c32193153a99f89000c2cf6ab9364799cc550fea52fea4f,0.9566666666666667,6.63,6.81,6.95,69.0,2.6,948.5,0.258819045102521,-0.9659258262890682,-0.03869579017652689,0.9992510374388481
training,2025-12-27T12:00:00+00:00,2025-12-27T06:00:00+00:00,2025-12-29T11:00:00+00:00,2025-12-29T16:00:00+05:00,48,47.0,90638a3262e0e05fb0ccc9d64d5abf7c4f7911e80222604bbd43379f862a57e5,0.9566666666666667,7.11,7.3,7.45,60.0,2.6,948.5,0.258819045102521,-0.9659258262890682,-0.03869579017652689,0.9992510374388481
training,2025-12-28T12:00:00+00:00,2025-12-28T06:00:00+00:00,2025-12-29T12:00:00+00:00,2025-12-29T17:00:00+05:00,24,24.0,50b7846185249e508c32193153a99f89000c2cf6ab9364799cc550fea52fea4f,0.9883333333333333,6.94,7.12,7.27,67.0,1.0,947.7,1.2246467991473532e-16,-1.0,-0.03869579017652689,0.9992510374388481
training,2025-12-27T12:00:00+00:00,2025-12-27T06:00:00+00:00,2025-12-29T12:00:00+00:00,2025-12-29T17:00:00+05:00,48,48.0,90638a3262e0e05fb0ccc9d64d5abf7c4f7911e80222604bbd43379f862a57e5,0.9883333333333333,7.74,7.94,8.1,63.0,1.3,948.1,1.2246467991473532e-16,-1.0,-0.03869579017652689,0.9992510374388481
training,2025-12-28T12:00:00+00:00,2025-12-28T06:00:00+00:00,2025-12-29T13:00:00+00:00,2025-12-29T18:00:00+05:00,24,25.0,50b7846185249e508c32193153a99f89000c2cf6ab9364799cc550fea52fea4f,0.9899999999999999,8.13,8.34,8.51,64.0,0.6,947.3,-0.2588190451025208,-0.9659258262890683,-0.03869579017652689,0.9992510374388481
training,2025-12-27T12:00:00+00:00,2025-12-27T06:00:00+00:00,2025-12-29T13:00:00+00:00,2025-12-29T18:00:00+05:00,48,49.0,90638a3262e0e05fb0ccc9d64d5abf7c4f7911e80222604bbd43379f862a57e5,0.9899999999999999,8.31,8.53,8.71,66.0,0.7,947.7,-0.2588190451025208,-0.9659258262890683,-0.03869579017652689,0.9992510374388481
training,2025-12-28T12:00:00+00:00,2025-12-28T06:00:00+00:00,2025-12-29T14:00:00+00:00,2025-12-29T19:00:00+05:00,24,26.0,50b7846185249e508c32193153a99f89000c2cf6ab9364799cc550fea52fea4f,0.9899999999999999,9.28,9.52,9.72,67.0,0.5,946.7,-0.4999999999999997,-0.8660254037844388,-0.03869579017652689,0.9992510374388481
training,2025-12-27T12:00:00+00:00,2025-12-27T06:00:00+00:00,2025-12-29T14:00:00+00:00,2025-12-29T19:00:00+05:00,48,50.0,90638a3262e0e05fb0ccc9d64d5abf7c4f7911e80222604bbd43379f862a57e5,0.9899999999999999,8.93,9.17,9.36,67.0,0.2,947.0,-0.4999999999999997,-0.8660254037844388,-0.03869579017652689,0.9992510374388481
training,2025-12-28T18:00:00+00:00,2025-12-28T12:00:00+00:00,2025-12-29T15:00:00+00:00,2025-12-29T20:00:00+05:00,24,21.0,1b6f5c62055e825284bcdf7ecdddfca08564b76d5e85583e3a4d81fe162c3c5b,0.9899999999999999,9.91,10.17,10.38,67.0,0.1,946.6,-0.7071067811865471,-0.7071067811865479,-0.03869579017652689,0.9992510374388481
training,2025-12-27T18:00:00+00:00,2025-12-27T12:00:00+00:00,2025-12-29T15:00:00+00:00,2025-12-29T20:00:00+05:00,48,45.0,fa0758c47af2afb246626b717eb9d2dc9719333f723a5e86757509d7eeee697a,0.9899999999999999,10.01,10.27,10.48,69.0,-0.1,946.0,-0.7071067811865471,-0.7071067811865479,-0.03869579017652689,0.9992510374388481
training,2025-12-28T18:00:00+00:00,2025-12-28T12:00:00+00:00,2025-12-29T16:00:00+00:00,2025-12-29T21:00:00+05:00,24,22.0,1b6f5c62055e825284bcdf7ecdddfca08564b76d5e85583e3a4d81fe162c3c5b,0.9899999999999999,10.24,10.51,10.73,69.0,0.0,945.9,-0.8660254037844385,-0.5000000000000004,-0.03869579017652689,0.9992510374388481
training,2025-12-27T18:00:00+00:00,2025-12-27T12:00:00+00:00,2025-12-29T16:00:00+00:00,2025-12-29T21:00:00+05:00,48,46.0,fa0758c47af2afb246626b717eb9d2dc9719333f723a5e86757509d7eeee697a,0.9899999999999999,10.39,10.66,10.88,71.0,-0.1,945.6,-0.8660254037844385,-0.5000000000000004,-0.03869579017652689,0.9992510374388481
training,2025-12-28T18:00:00+00:00,2025-12-28T12:00:00+00:00,2025-12-29T17:00:00+00:00,2025-12-29T22:00:00+05:00,24,23.0,1b6f5c62055e825284bcdf7ecdddfca08564b76d5e85583e3a4d81fe162c3c5b,0.9899999999999999,10.22,10.48,10.7,71.0,-0.1,945.2,-0.9659258262890683,-0.25881904510252063,-0.03869579017652689,0.9992510374388481
training,2025-12-27T18:00:00+00:00,2025-12-27T12:00:00+00:00,2025-12-29T17:00:00+00:00,2025-12-29T22:00:00+05:00,48,47.0,fa0758c47af2afb246626b717eb9d2dc9719333f723a5e86757509d7eeee697a,0.9899999999999999,10.71,10.99,11.22,73.0,0.0,945.0,-0.9659258262890683,-0.25881904510252063,-0.03869579017652689,0.9992510374388481
training,2025-12-28T18:00:00+00:00,2025-12-28T12:00:00+00:00,2025-12-29T18:00:00+00:00,2025-12-29T23:00:00+05:00,24,24.0,1b6f5c62055e825284bcdf7ecdddfca08564b76d5e85583e3a4d81fe162c3c5b,0.9899999999999999,10.88,11.16,11.4,73.0,0.2,944.6,-1.0,-1.8369701987210297e-16,-0.03869579017652689,0.9992510374388481
training,2025-12-27T18:00:00+00:00,2025-12-27T12:00:00+00:00,2025-12-29T18:00:00+00:00,2025-12-29T23:00:00+05:00,48,48.0,fa0758c47af2afb246626b717eb9d2dc9719333f723a5e86757509d7eeee697a,0.9899999999999999,11.05,11.34,11.58,73.0,0.2,944.6,-1.0,-1.8369701987210297e-16,-0.03869579017652689,0.9992510374388481
training,2025-12-28T18:00:00+00:00,2025-12-28T12:00:00+00:00,2025-12-29T19:00:00+00:00,2025-12-30T00:00:00+05:00,24,25.0,1b6f5c62055e825284bcdf7ecdddfca08564b76d5e85583e3a4d81fe162c3c5b,0.9899999999999999,11.33,11.62,11.86,75.0,0.5,944.0,-0.9659258262890684,0.2588190451025203,-0.03869579017652689,0.9992510374388481
training,2025-12-27T18:00:00+00:00,2025-12-27T12:00:00+00:00,2025-12-29T19:00:00+00:00,2025-12-30T00:00:00+05:00,48,49.0,fa0758c47af2afb246626b717eb9d2dc9719333f723a5e86757509d7eeee697a,0.9899999999999999,11.21,11.5,11.73,76.0,0.4,944.2,-0.9659258262890684,0.2588190451025203,-0.03869579017652689,0.9992510374388481
training,2025-12-28T18:00:00+00:00,2025-12-28T12:00:00+00:00,2025-12-29T20:00:00+00:00,2025-12-30T01:00:00+05:00,24,26.0,1b6f5c62055e825284bcdf7ecdddfca08564b76d5e85583e3a4d81fe162c3c5b,0.9899999999999999,11.11,11.39,11.63,74.0,0.6,943.8,-0.8660254037844386,0.5000000000000001,-0.03869579017652689,0.9992510374388481
training,2025-12-27T18:00:00+00:00,2025-12-27T12:00:00+00:00,2025-12-29T20:00:00+00:00,2025-12-30T01:00:00+05:00,48,50.0,fa0758c47af2afb246626b717eb9d2dc9719333f723a5e86757509d7eeee697a,0.9899999999999999,11.4,11.69,11.93,75.0,0.5,943.6,-0.8660254037844386,0.5000000000000001,-0.03869579017652689,0.9992510374388481
training,2025-12-29T00:00:00+00:00,2025-12-28T18:00:00+00:00,2025-12-29T21:00:00+00:00,2025-12-30T02:00:00+05:00,24,21.0,5de74d7ee152f4ded109ef5790c1841ae5ed57ed8c6705bb055744e2dfa8ecb4,0.9899999999999999,11.24,11.53,11.77,73.0,0.8,943.4,-0.7071067811865477,0.7071067811865474,-0.03869579017652689,0.9992510374388481
training,2025-12-28T00:00:00+00:00,2025-12-27T18:00:00+00:00,2025-12-29T21:00:00+00:00,2025-12-30T02:00:00+05:00,48,45.0,f9676ffa6b85294d666170010dad740c11da3c8dc50ea71b3509ab15d7dd89e8,0.9899999999999999,10.41,10.68,10.91,77.0,0.0,943.4,-0.7071067811865477,0.7071067811865474,-0.03869579017652689,0.9992510374388481
training,2025-12-29T00:00:00+00:00,2025-12-28T18:00:00+00:00,2025-12-29T22:00:00+00:00,2025-12-30T03:00:00+05:00,24,22.0,5de74d7ee152f4ded109ef5790c1841ae5ed57ed8c6705bb055744e2dfa8ecb4,0.9899999999999999,10.89,11.17,11.4,75.0,0.9,943.1,-0.5000000000000004,0.8660254037844384,-0.03869579017652689,0.9992510374388481
training,2025-12-28T00:00:00+00:00,2025-12-27T18:00:00+00:00,2025-12-29T22:00:00+00:00,2025-12-30T03:00:00+05:00,48,46.0,f9676ffa6b85294d666170010dad740c11da3c8dc50ea71b3509ab15d7dd89e8,0.9899999999999999,9.98,10.24,10.45,75.0,0.0,942.9,-0.5000000000000004,0.8660254037844384,-0.03869579017652689,0.9992510374388481
training,2025-12-29T00:00:00+00:00,2025-12-28T18:00:00+00:00,2025-12-29T23:00:00+00:00,2025-12-30T04:00:00+05:00,24,23.0,5de74d7ee152f4ded109ef5790c1841ae5ed57ed8c6705bb055744e2dfa8ecb4,0.9899999999999999,10.21,10.47,10.69,74.0,0.8,942.9,-0.25881904510252157,0.9659258262890681,-0.03869579017652689,0.9992510374388481
training,2025-12-28T00:00:00+00:00,2025-12-27T18:00:00+00:00,2025-12-29T23:00:00+00:00,2025-12-30T04:00:00+05:00,48,47.0,f9676ffa6b85294d666170010dad740c11da3c8dc50ea71b3509ab15d7dd89e8,0.9899999999999999,9.6,9.85,10.06,73.0,-0.2,942.8,-0.25881904510252157,0.9659258262890681,-0.03869579017652689,0.9992510374388481
training,2025-12-29T00:00:00+00:00,2025-12-28T18:00:00+00:00,2025-12-30T00:00:00+00:00,2025-12-30T05:00:00+05:00,24,24.0,5de74d7ee152f4ded109ef5790c1841ae5ed57ed8c6705bb055744e2dfa8ecb4,0.9899999999999999,9.55,9.8,10.0,75.0,0.4,943.1,0.0,1.0,-0.021501372740813793,0.999768818762748
training,2025-12-28T00:00:00+00:00,2025-12-27T18:00:00+00:00,2025-12-30T00:00:00+00:00,2025-12-30T05:00:00+05:00,48,48.0,f9676ffa6b85294d666170010dad740c11da3c8dc50ea71b3509ab15d7dd89e8,0.9899999999999999,8.99,9.22,9.41,73.0,-0.2,942.9,0.0,1.0,-0.021501372740813793,0.999768818762748
training,2025-12-29T00:00:00+00:00,2025-12-28T18:00:00+00:00,2025-12-30T01:00:00+00:00,2025-12-30T06:00:00+05:00,24,25.0,5de74d7ee152f4ded109ef5790c1841ae5ed57ed8c6705bb055744e2dfa8ecb4,0.9899999999999999,9.28,9.52,9.72,73.0,0.2,942.9,0.25881904510252074,0.9659258262890683,-0.021501372740813793,0.999768818762748
training,2025-12-28T00:00:00+00:00,2025-12-27T18:00:00+00:00,2025-12-30T01:00:00+00:00,2025-12-30T06:00:00+05:00,48,49.0,f9676ffa6b85294d666170010dad740c11da3c8dc50ea71b3509ab15d7dd89e8,0.9899999999999999,9.59,9.84,10.04,70.0,-0.2,943.3,0.25881904510252074,0.9659258262890683,-0.021501372740813793,0.999768818762748
training,2025-12-29T00:00:00+00:00,2025-12-28T18:00:00+00:00,2025-12-30T02:00:00+00:00,2025-12-30T07:00:00+05:00,24,26.0,5de74d7ee152f4ded109ef5790c1841ae5ed57ed8c6705bb055744e2dfa8ecb4,0.9866666666666667,9.42,9.67,9.87,69.0,0.6,943.2,0.49999999999999994,0.8660254037844387,-0.021501372740813793,0.999768818762748
training,2025-12-28T00:00:00+00:00,2025-12-27T18:00:00+00:00,2025-12-30T02:00:00+00:00,2025-12-30T07:00:00+05:00,48,50.0,f9676ffa6b85294d666170010dad740c11da3c8dc50ea71b3509ab15d7dd89e8,0.9866666666666667,9.13,9.36,9.56,70.0,-0.3,943.4,0.49999999999999994,0.8660254037844387,-0.021501372740813793,0.999768818762748
training,2025-12-29T06:00:00+00:00,2025-12-29T00:00:00+00:00,2025-12-30T03:00:00+00:00,2025-12-30T08:00:00+05:00,24,21.0,b9f025010d594c919411f584ef9148866d3bf15b660f2e942a5c99d3c087fcb9,0.8649999999999999,8.24,8.45,8.63,77.0,0.8,943.7,0.7071067811865476,0.7071067811865476,-0.021501372740813793,0.999768818762748
training,2025-12-28T06:00:00+00:00,2025-12-28T00:00:00+00:00,2025-12-30T03:00:00+00:00,2025-12-30T08:00:00+05:00,48,45.0,7223c38693677c453fe8d18dcebb60a9e159d82c3e744876118e34f41f211f09,0.8649999999999999,9.26,9.5,9.7,70.0,0.6,943.2,0.7071067811865476,0.7071067811865476,-0.021501372740813793,0.999768818762748
training,2025-12-29T06:00:00+00:00,2025-12-29T00:00:00+00:00,2025-12-30T04:00:00+00:00,2025-12-30T09:00:00+05:00,24,22.0,b9f025010d594c919411f584ef9148866d3bf15b660f2e942a5c99d3c087fcb9,0.945,7.84,8.04,8.21,69.0,2.4,944.1,0.8660254037844386,0.5000000000000001,-0.021501372740813793,0.999768818762748
training,2025-12-28T06:00:00+00:00,2025-12-28T00:00:00+00:00,2025-12-30T04:00:00+00:00,2025-12-30T09:00:00+05:00,48,46.0,7223c38693677c453fe8d18dcebb60a9e159d82c3e744876118e34f41f211f09,0.945,8.93,9.16,9.35,70.0,2.9,943.9,0.8660254037844386,0.5000000000000001,-0.021501372740813793,0.999768818762748
training,2025-12-29T06:00:00+00:00,2025-12-29T00:00:00+00:00,2025-12-30T05:00:00+00:00,2025-12-30T10:00:00+05:00,24,23.0,b9f025010d594c919411f584ef9148866d3bf15b660f2e942a5c99d3c087fcb9,0.9716666666666667,8.62,8.84,9.02,71.0,4.9,944.5,0.9659258262890683,0.25881904510252074,-0.021501372740813793,0.999768818762748
training,2025-12-28T06:00:00+00:00,2025-12-28T00:00:00+00:00,2025-12-30T05:00:00+00:00,2025-12-30T10:00:00+05:00,48,47.0,7223c38693677c453fe8d18dcebb60a9e159d82c3e744876118e34f41f211f09,0.9716666666666667,8.81,9.03,9.22,68.0,5.6,944.4,0.9659258262890683,0.25881904510252074,-0.021501372740813793,0.999768818762748
training,2025-12-29T06:00:00+00:00,2025-12-29T00:00:00+00:00,2025-12-30T06:00:00+00:00,2025-12-30T11:00:00+05:00,24,24.0,b9f025010d594c919411f584ef9148866d3bf15b660f2e942a5c99d3c087fcb9,0.9283333333333333,6.87,7.04,7.19,63.0,7.3,944.5,1.0,6.123233995736766e-17,-0.021501372740813793,0.999768818762748
training,2025-12-28T06:00:00+00:00,2025-12-28T00:00:00+00:00,2025-12-30T06:00:00+00:00,2025-12-30T11:00:00+05:00,48,48.0,7223c38693677c453fe8d18dcebb60a9e159d82c3e744876118e34f41f211f09,0.9283333333333333,7.15,7.34,7.49,57.0,7.5,944.4,1.0,6.123233995736766e-17,-0.021501372740813793,0.999768818762748
training,2025-12-29T06:00:00+00:00,2025-12-29T00:00:00+00:00,2025-12-30T07:00:00+00:00,2025-12-30T12:00:00+05:00,24,25.0,b9f025010d594c919411f584ef9148866d3bf15b660f2e942a5c99d3c087fcb9,0.9899999999999999,5.69,5.84,5.96,58.0,8.4,944.1,0.9659258262890683,-0.25881904510252063,-0.021501372740813793,0.999768818762748
training,2025-12-28T06:00:00+00:00,2025-12-28T00:00:00+00:00,2025-12-30T07:00:00+00:00,2025-12-30T12:00:00+05:00,48,49.0,7223c38693677c453fe8d18dcebb60a9e159d82c3e744876118e34f41f211f09,0.9899999999999999,7.02,7.2,7.35,57.0,7.9,944.1,0.9659258262890683,-0.25881904510252063,-0.021501372740813793,0.999768818762748
training,2025-12-29T06:00:00+00:00,2025-12-29T00:00:00+00:00,2025-12-30T08:00:00+00:00,2025-12-30T13:00:00+05:00,24,26.0,b9f025010d594c919411f584ef9148866d3bf15b660f2e942a5c99d3c087fcb9,0.9516666666666667,5.23,5.37,5.48,54.0,8.6,943.7,0.8660254037844387,-0.4999999999999998,-0.021501372740813793,0.999768818762748
training,2025-12-28T06:00:00+00:00,2025-12-28T00:00:00+00:00,2025-12-30T08:00:00+00:00,2025-12-30T13:00:00+05:00,48,50.0,7223c38693677c453fe8d18dcebb60a9e159d82c3e744876118e34f41f211f09,0.9516666666666667,5.58,5.73,5.85,58.0,8.1,943.9,0.8660254037844387,-0.4999999999999998,-0.021501372740813793,0.999768818762748
training,2025-12-29T12:00:00+00:00,2025-12-29T06:00:00+00:00,2025-12-30T09:00:00+00:00,2025-12-30T14:00:00+05:00,24,21.0,6e20bb45835e3b8d53b711e1fc8a94a76cdb256f78eaa633cb7d0f053dd31700,0.9899999999999999,5.59,5.73,5.85,61.0,8.3,943.1,0.7071067811865476,-0.7071067811865475,-0.021501372740813793,0.999768818762748
training,2025-12-28T12:00:00+00:00,2025-12-28T06:00:00+00:00,2025-12-30T09:00:00+00:00,2025-12-30T14:00:00+05:00,48,45.0,50b7846185249e508c32193153a99f89000c2cf6ab9364799cc550fea52fea4f,0.9899999999999999,6.39,6.55,6.69,59.0,8.4,942.9,0.7071067811865476,-0.7071067811865475,-0.021501372740813793,0.999768818762748
training,2025-12-29T12:00:00+00:00,2025-12-29T06:00:00+00:00,2025-12-30T10:00:00+00:00,2025-12-30T15:00:00+05:00,24,22.0,6e20bb45835e3b8d53b711e1fc8a94a76cdb256f78eaa633cb7d0f053dd31700,0.9883333333333333,4.08,4.19,4.27,57.0,6.2,943.1,0.49999999999999994,-0.8660254037844387,-0.021501372740813793,0.999768818762748
training,2025-12-28T12:00:00+00:00,2025-12-28T06:00:00+00:00,2025-12-30T10:00:00+00:00,2025-12-30T15:00:00+05:00,48,46.0,50b7846185249e508c32193153a99f89000c2cf6ab9364799cc550fea52fea4f,0.9883333333333333,4.91,5.04,5.14,61.0,6.7,942.5,0.49999999999999994,-0.8660254037844387,-0.021501372740813793,0.999768818762748
training,2025-12-29T12:00:00+00:00,2025-12-29T06:00:00+00:00,2025-12-30T11:00:00+00:00,2025-12-30T16:00:00+05:00,24,23.0,6e20bb45835e3b8d53b711e1fc8a94a76cdb256f78eaa633cb7d0f053dd31700,0.9899999999999999,3.18,3.26,3.33,69.0,3.4,942.5,0.258819045102521,-0.9659258262890682,-0.021501372740813793,0.999768818762748
training,2025-12-28T12:00:00+00:00,2025-12-28T06:00:00+00:00,2025-12-30T11:00:00+00:00,2025-12-30T16:00:00+05:00,48,47.0,50b7846185249e508c32193153a99f89000c2cf6ab9364799cc550fea52fea4f,0.9899999999999999,4.7,4.83,4.93,56.0,3.0,941.7,0.258819045102521,-0.9659258262890682,-0.021501372740813793,0.999768818762748
training,2025-12-29T12:00:00+00:00,2025-12-29T06:00:00+00:00,2025-12-30T12:00:00+00:00,2025-12-30T17:00:00+05:00,24,24.0,6e20bb45835e3b8d53b711e1fc8a94a76cdb256f78eaa633cb7d0f053dd31700,0.9899999999999999,3.68,3.78,3.86,64.0,2.2,941.9,1.2246467991473532e-16,-1.0,-0.021501372740813793,0.999768818762748
training,2025-12-28T12:00:00+00:00,2025-12-28T06:00:00+00:00,2025-12-30T12:00:00+00:00,2025-12-30T17:00:00+05:00,48,48.0,50b7846185249e508c32193153a99f89000c2cf6ab9364799cc550fea52fea4f,0.9899999999999999,4.84,4.97,5.07,61.0,1.7,941.3,1.2246467991473532e-16,-1.0,-0.021501372740813793,0.999768818762748
training,2025-12-29T12:00:00+00:00,2025-12-29T06:00:00+00:00,2025-12-30T13:00:00+00:00,2025-12-30T18:00:00+05:00,24,25.0,6e20bb45835e3b8d53b711e1fc8a94a76cdb256f78eaa633cb7d0f053dd31700,0.96,5.24,5.38,5.49,57.0,2.0,941.5,-0.2588190451025208,-0.9659258262890683,-0.021501372740813793,0.999768818762748
training,2025-12-28T12:00:00+00:00,2025-12-28T06:00:00+00:00,2025-12-30T13:00:00+00:00,2025-12-30T18:00:00+05:00,48,49.0,50b7846185249e508c32193153a99f89000c2cf6ab9364799cc550fea52fea4f,0.96,4.82,4.94,5.04,64.0,0.0,940.6,-0.2588190451025208,-0.9659258262890683,-0.021501372740813793,0.999768818762748
training,2025-12-29T12:00:00+00:00,2025-12-29T06:00:00+00:00,2025-12-30T14:00:00+00:00,2025-12-30T19:00:00+05:00,24,26.0,6e20bb45835e3b8d53b711e1fc8a94a76cdb256f78eaa633cb7d0f053dd31700,0.9566666666666667,5.54,5.68,5.8,64.0,2.0,940.9,-0.4999999999999997,-0.8660254037844388,-0.021501372740813793,0.999768818762748
training,2025-12-28T12:00:00+00:00,2025-12-28T06:00:00+00:00,2025-12-30T14:00:00+00:00,2025-12-30T19:00:00+05:00,48,50.0,50b7846185249e508c32193153a99f89000c2cf6ab9364799cc550fea52fea4f,0.9566666666666667,5.75,5.9,6.02,59.0,0.3,940.5,-0.4999999999999997,-0.8660254037844388,-0.021501372740813793,0.999768818762748
training,2025-12-29T18:00:00+00:00,2025-12-29T12:00:00+00:00,2025-12-30T15:00:00+00:00,2025-12-30T20:00:00+05:00,24,21.0,f95f92f22c03dac6befaaa3d7f9de8d4330094ea4a8ffb23a1b520c30b22c246,0.5883333333333333,5.0,5.13,5.24,57.0,-0.1,940.2,-0.7071067811865471,-0.7071067811865479,-0.021501372740813793,0.999768818762748
training,2025-12-28T18:00:00+00:00,2025-12-28T12:00:00+00:00,2025-12-30T15:00:00+00:00,2025-12-30T20:00:00+05:00,48,45.0,1b6f5c62055e825284bcdf7ecdddfca08564b76d5e85583e3a4d81fe162c3c5b,0.5883333333333333,3.2,3.29,3.36,62.0,-0.2,939.2,-0.7071067811865471,-0.7071067811865479,-0.021501372740813793,0.999768818762748
training,2025-12-29T18:00:00+00:00,2025-12-29T12:00:00+00:00,2025-12-30T16:00:00+00:00,2025-12-30T21:00:00+05:00,24,22.0,f95f92f22c03dac6befaaa3d7f9de8d4330094ea4a8ffb23a1b520c30b22c246,0.745,3.43,3.52,3.59,67.0,0.0,940.1,-0.8660254037844385,-0.5000000000000004,-0.021501372740813793,0.999768818762748
training,2025-12-28T18:00:00+00:00,2025-12-28T12:00:00+00:00,2025-12-30T16:00:00+00:00,2025-12-30T21:00:00+05:00,48,46.0,1b6f5c62055e825284bcdf7ecdddfca08564b76d5e85583e3a4d81fe162c3c5b,0.745,1.71,1.75,1.79,87.0,-0.6,938.9,-0.8660254037844385,-0.5000000000000004,-0.021501372740813793,0.999768818762748
training,2025-12-29T18:00:00+00:00,2025-12-29T12:00:00+00:00,2025-12-30T17:00:00+00:00,2025-12-30T22:00:00+05:00,24,23.0,f95f92f22c03dac6befaaa3d7f9de8d4330094ea4a8ffb23a1b520c30b22c246,0.6533333333333333,2.92,3.0,3.06,62.0,-0.3,939.9,-0.9659258262890683,-0.25881904510252063,-0.021501372740813793,0.999768818762748
training,2025-12-28T18:00:00+00:00,2025-12-28T12:00:00+00:00,2025-12-30T17:00:00+00:00,2025-12-30T22:00:00+05:00,48,47.0,1b6f5c62055e825284bcdf7ecdddfca08564b76d5e85583e3a4d81fe162c3c5b,0.6533333333333333,0.7,0.72,0.74,124.0,-0.2,938.8,-0.9659258262890683,-0.25881904510252063,-0.021501372740813793,0.999768818762748
training,2025-12-29T18:00:00+00:00,2025-12-29T12:00:00+00:00,2025-12-30T18:00:00+00:00,2025-12-30T23:00:00+05:00,24,24.0,f95f92f22c03dac6befaaa3d7f9de8d4330094ea4a8ffb23a1b520c30b22c246,0.8583333333333334,0.77,0.79,0.81,108.0,-0.4,940.3,-1.0,-1.8369701987210297e-16,-0.021501372740813793,0.999768818762748
training,2025-12-28T18:00:00+00:00,2025-12-28T12:00:00+00:00,2025-12-30T18:00:00+00:00,2025-12-30T23:00:00+05:00,48,48.0,1b6f5c62055e825284bcdf7ecdddfca08564b76d5e85583e3a4d81fe162c3c5b,0.8583333333333334,1.21,1.24,1.26,104.0,0.5,939.0,-1.0,-1.8369701987210297e-16,-0.021501372740813793,0.999768818762748
training,2025-12-29T18:00:00+00:00,2025-12-29T12:00:00+00:00,2025-12-30T19:00:00+00:00,2025-12-31T00:00:00+05:00,24,25.0,f95f92f22c03dac6befaaa3d7f9de8d4330094ea4a8ffb23a1b520c30b22c246,0.395,0.58,0.6,0.61,90.0,-0.2,940.2,-0.9659258262890684,0.2588190451025203,-0.021501372740813793,0.999768818762748
training,2025-12-28T18:00:00+00:00,2025-12-28T12:00:00+00:00,2025-12-30T19:00:00+00:00,2025-12-31T00:00:00+05:00,48,49.0,1b6f5c62055e825284bcdf7ecdddfca08564b76d5e85583e3a4d81fe162c3c5b,0.395,2.73,2.8,2.86,74.0,0.1,938.7,-0.9659258262890684,0.2588190451025203,-0.021501372740813793,0.999768818762748
training,2025-12-29T18:00:00+00:00,2025-12-29T12:00:00+00:00,2025-12-30T20:00:00+00:00,2025-12-31T01:00:00+05:00,24,26.0,f95f92f22c03dac6befaaa3d7f9de8d4330094ea4a8ffb23a1b520c30b22c246,0.25666666666666665,1.76,1.8,1.84,236.0,0.3,941.0,-0.8660254037844386,0.5000000000000001,-0.021501372740813793,0.999768818762748
training,2025-12-28T18:00:00+00:00,2025-12-28T12:00:00+00:00,2025-12-30T20:00:00+00:00,2025-12-31T01:00:00+05:00,48,50.0,1b6f5c62055e825284bcdf7ecdddfca08564b76d5e85583e3a4d81fe162c3c5b,0.25666666666666665,2.04,2.09,2.14,57.0,0.5,939.3,-0.8660254037844386,0.5000000000000001,-0.021501372740813793,0.999768818762748
training,2025-12-30T00:00:00+00:00,2025-12-29T18:00:00+00:00,2025-12-30T21:00:00+00:00,2025-12-31T02:00:00+05:00,24,21.0,2ac399ee40045b711530dfac6d6e582fe8092a399ebe723388f68ee5a13173ba,0.13833333333333334,2.11,2.16,2.21,214.0,0.6,940.8,-0.7071067811865477,0.7071067811865474,-0.021501372740813793,0.999768818762748
training,2025-12-29T00:00:00+00:00,2025-12-28T18:00:00+00:00,2025-12-30T21:00:00+00:00,2025-12-31T02:00:00+05:00,48,45.0,5de74d7ee152f4ded109ef5790c1841ae5ed57ed8c6705bb055744e2dfa8ecb4,0.13833333333333334,1.17,1.2,1.23,163.0,0.9,939.8,-0.7071067811865477,0.7071067811865474,-0.021501372740813793,0.999768818762748
training,2025-12-30T00:00:00+00:00,2025-12-29T18:00:00+00:00,2025-12-30T22:00:00+00:00,2025-12-31T03:00:00+05:00,24,22.0,2ac399ee40045b711530dfac6d6e582fe8092a399ebe723388f68ee5a13173ba,0.018333333333333333,2.51,2.57,2.62,193.0,0.4,940.4,-0.5000000000000004,0.8660254037844384,-0.021501372740813793,0.999768818762748
training,2025-12-29T00:00:00+00:00,2025-12-28T18:00:00+00:00,2025-12-30T22:00:00+00:00,2025-12-31T03:00:00+05:00,48,46.0,5de74d7ee152f4ded109ef5790c1841ae5ed57ed8c6705bb055744e2dfa8ecb4,0.018333333333333333,1.34,1.38,1.4,161.0,0.7,939.7,-0.5000000000000004,0.8660254037844384,-0.021501372740813793,0.999768818762748
training,2025-12-30T00:00:00+00:00,2025-12-29T18:00:00+00:00,2025-12-30T23:00:00+00:00,2025-12-31T04:00:00+05:00,24,23.0,2ac399ee40045b711530dfac6d6e582fe8092a399ebe723388f68ee5a13173ba,0.01,2.24,2.3,2.35,222.0,0.7,940.5,-0.25881904510252157,0.9659258262890681,-0.021501372740813793,0.999768818762748
training,2025-12-29T00:00:00+00:00,2025-12-28T18:00:00+00:00,2025-12-30T23:00:00+00:00,2025-12-31T04:00:00+05:00,48,47.0,5de74d7ee152f4ded109ef5790c1841ae5ed57ed8c6705bb055744e2dfa8ecb4,0.01,1.76,1.8,1.84,146.0,0.7,939.6,-0.25881904510252157,0.9659258262890681,-0.021501372740813793,0.999768818762748
training,2025-12-30T00:00:00+00:00,2025-12-29T18:00:00+00:00,2025-12-31T00:00:00+00:00,2025-12-31T05:00:00+05:00,24,24.0,2ac399ee40045b711530dfac6d6e582fe8092a399ebe723388f68ee5a13173ba,0.01,3.25,3.34,3.4,230.0,0.8,941.6,0.0,1.0,-0.004300592702981974,0.9999907524084426
training,2025-12-29T00:00:00+00:00,2025-12-28T18:00:00+00:00,2025-12-31T00:00:00+00:00,2025-12-31T05:00:00+05:00,48,48.0,5de74d7ee152f4ded109ef5790c1841ae5ed57ed8c6705bb055744e2dfa8ecb4,0.01,1.09,1.12,1.14,153.0,1.0,940.1,0.0,1.0,-0.004300592702981974,0.9999907524084426
training,2025-12-30T00:00:00+00:00,2025-12-29T18:00:00+00:00,2025-12-31T01:00:00+00:00,2025-12-31T06:00:00+05:00,24,25.0,2ac399ee40045b711530dfac6d6e582fe8092a399ebe723388f68ee5a13173ba,0.15833333333333333,5.15,5.28,5.39,242.0,1.2,942.7,0.25881904510252074,0.9659258262890683,-0.004300592702981974,0.9999907524084426
training,2025-12-29T00:00:00+00:00,2025-12-28T18:00:00+00:00,2025-12-31T01:00:00+00:00,2025-12-31T06:00:00+05:00,48,49.0,5de74d7ee152f4ded109ef5790c1841ae5ed57ed8c6705bb055744e2dfa8ecb4,0.15833333333333333,0.77,0.79,0.81,162.0,1.8,941.3,0.25881904510252074,0.9659258262890683,-0.004300592702981974,0.9999907524084426
training,2025-12-30T00:00:00+00:00,2025-12-29T18:00:00+00:00,2025-12-31T02:00:00+00:00,2025-12-31T07:00:00+05:00,24,26.0,2ac399ee40045b711530dfac6d6e582fe8092a399ebe723388f68ee5a13173ba,0.25833333333333336,5.77,5.92,6.04,240.0,1.4,943.7,0.49999999999999994,0.8660254037844387,-0.004300592702981974,0.9999907524084426
training,2025-12-29T00:00:00+00:00,2025-12-28T18:00:00+00:00,2025-12-31T02:00:00+00:00,2025-12-31T07:00:00+05:00,48,50.0,5de74d7ee152f4ded109ef5790c1841ae5ed57ed8c6705bb055744e2dfa8ecb4,0.25833333333333336,4.72,4.84,4.94,247.0,0.2,942.8,0.49999999999999994,0.8660254037844387,-0.004300592702981974,0.9999907524084426
training,2025-12-30T06:00:00+00:00,2025-12-30T00:00:00+00:00,2025-12-31T03:00:00+00:00,2025-12-31T08:00:00+05:00,24,21.0,c933b913d997cef0847bed5795ed77ec202f1391126d37a9063eafa926e5238a,0.735,6.18,6.35,6.48,239.0,2.2,945.7,0.7071067811865476,0.7071067811865476,-0.004300592702981974,0.9999907524084426
training,2025-12-29T06:00:00+00:00,2025-12-29T00:00:00+00:00,2025-12-31T03:00:00+00:00,2025-12-31T08:00:00+05:00,48,45.0,b9f025010d594c919411f584ef9148866d3bf15b660f2e942a5c99d3c087fcb9,0.735,4.52,4.64,4.74,248.0,-0.2,943.6,0.7071067811865476,0.7071067811865476,-0.004300592702981974,0.9999907524084426
training,2025-12-30T06:00:00+00:00,2025-12-30T00:00:00+00:00,2025-12-31T04:00:00+00:00,2025-12-31T09:00:00+05:00,24,22.0,c933b913d997cef0847bed5795ed77ec202f1391126d37a9063eafa926e5238a,0.20333333333333334,4.91,5.03,5.14,229.0,3.8,946.9,0.8660254037844386,0.5000000000000001,-0.004300592702981974,0.9999907524084426
training,2025-12-29T06:00:00+00:00,2025-12-29T00:00:00+00:00,2025-12-31T04:00:00+00:00,2025-12-31T09:00:00+05:00,48,46.0,b9f025010d594c919411f584ef9148866d3bf15b660f2e942a5c99d3c087fcb9,0.20333333333333334,4.95,5.08,5.18,244.0,1.9,945.5,0.8660254037844386,0.5000000000000001,-0.004300592702981974,0.9999907524084426
training,2025-12-30T06:00:00+00:00,2025-12-30T00:00:00+00:00,2025-12-31T05:00:00+00:00,2025-12-31T10:00:00+05:00,24,23.0,c933b913d997cef0847bed5795ed77ec202f1391126d37a9063eafa926e5238a,0.11,3.96,4.06,4.15,236.0,4.8,947.7,0.9659258262890683,0.25881904510252074,-0.004300592702981974,0.9999907524084426
training,2025-12-29T06:00:00+00:00,2025-12-29T00:00:00+00:00,2025-12-31T05:00:00+00:00,2025-12-31T10:00:00+05:00,48,47.0,b9f025010d594c919411f584ef9148866d3bf15b660f2e942a5c99d3c087fcb9,0.11,4.68,4.8,4.9,236.0,4.2,946.7,0.9659258262890683,0.25881904510252074,-0.004300592702981974,0.9999907524084426
training,2025-12-30T06:00:00+00:00,2025-12-30T00:00:00+00:00,2025-12-31T06:00:00+00:00,2025-12-31T11:00:00+05:00,24,24.0,c933b913d997cef0847bed5795ed77ec202f1391126d37a9063eafa926e5238a,0.08,2.9,2.97,3.03,222.0,5.2,948.1,1.0,6.123233995736766e-17,-0.004300592702981974,0.9999907524084426
training,2025-12-29T06:00:00+00:00,2025-12-29T00:00:00+00:00,2025-12-31T06:00:00+00:00,2025-12-31T11:00:00+05:00,48,48.0,b9f025010d594c919411f584ef9148866d3bf15b660f2e942a5c99d3c087fcb9,0.08,3.89,4.0,4.08,224.0,5.8,947.1,1.0,6.123233995736766e-17,-0.004300592702981974,0.9999907524084426
training,2025-12-30T06:00:00+00:00,2025-12-30T00:00:00+00:00,2025-12-31T07:00:00+00:00,2025-12-31T12:00:00+05:00,24,25.0,c933b913d997cef0847bed5795ed77ec202f1391126d37a9063eafa926e5238a,0.165,2.84,2.91,2.97,231.0,6.2,948.0,0.9659258262890683,-0.25881904510252063,-0.004300592702981974,0.9999907524084426
training,2025-12-29T06:00:00+00:00,2025-12-29T00:00:00+00:00,2025-12-31T07:00:00+00:00,2025-12-31T12:00:00+05:00,48,49.0,b9f025010d594c919411f584ef9148866d3bf15b660f2e942a5c99d3c087fcb9,0.165,3.9,4.0,4.08,228.0,6.3,947.0,0.9659258262890683,-0.25881904510252063,-0.004300592702981974,0.9999907524084426
training,2025-12-30T06:00:00+00:00,2025-12-30T00:00:00+00:00,2025-12-31T08:00:00+00:00,2025-12-31T13:00:00+05:00,24,26.0,c933b913d997cef0847bed5795ed77ec202f1391126d37a9063eafa926e5238a,0.3233333333333333,3.09,3.17,3.24,232.0,6.5,947.8,0.8660254037844387,-0.4999999999999998,-0.004300592702981974,0.9999907524084426
training,2025-12-29T06:00:00+00:00,2025-12-29T00:00:00+00:00,2025-12-31T08:00:00+00:00,2025-12-31T13:00:00+05:00,48,50.0,b9f025010d594c919411f584ef9148866d3bf15b660f2e942a5c99d3c087fcb9,0.3233333333333333,3.66,3.76,3.84,221.0,6.1,946.9,0.8660254037844387,-0.4999999999999998,-0.004300592702981974,0.9999907524084426
training,2025-12-30T12:00:00+00:00,2025-12-30T06:00:00+00:00,2025-12-31T09:00:00+00:00,2025-12-31T14:00:00+05:00,24,21.0,ade7d30ee438c2f34a9cdcb1901905509f55c7ab7e605205d92ca1a3445156e0,0.10000000000000002,4.5,4.62,4.71,230.0,6.2,947.7,0.7071067811865476,-0.7071067811865475,-0.004300592702981974,0.9999907524084426
training,2025-12-29T12:00:00+00:00,2025-12-29T06:00:00+00:00,2025-12-31T09:00:00+00:00,2025-12-31T14:00:00+05:00,48,45.0,6e20bb45835e3b8d53b711e1fc8a94a76cdb256f78eaa633cb7d0f053dd31700,0.10000000000000002,2.0,2.06,2.1,252.0,7.0,946.6,0.7071067811865476,-0.7071067811865475,-0.004300592702981974,0.9999907524084426
training,2025-12-30T12:00:00+00:00,2025-12-30T06:00:00+00:00,2025-12-31T10:00:00+00:00,2025-12-31T15:00:00+05:00,24,22.0,ade7d30ee438c2f34a9cdcb1901905509f55c7ab7e605205d92ca1a3445156e0,0.01,4.95,5.08,5.18,236.0,5.2,948.1,0.49999999999999994,-0.8660254037844387,-0.004300592702981974,0.9999907524084426
training,2025-12-29T12:00:00+00:00,2025-12-29T06:00:00+00:00,2025-12-31T10:00:00+00:00,2025-12-31T15:00:00+05:00,48,46.0,6e20bb45835e3b8d53b711e1fc8a94a76cdb256f78eaa633cb7d0f053dd31700,0.01,2.02,2.07,2.11,262.0,4.6,946.7,0.49999999999999994,-0.8660254037844387,-0.004300592702981974,0.9999907524084426
training,2025-12-30T12:00:00+00:00,2025-12-30T06:00:00+00:00,2025-12-31T11:00:00+00:00,2025-12-31T16:00:00+05:00,24,23.0,ade7d30ee438c2f34a9cdcb1901905509f55c7ab7e605205d92ca1a3445156e0,0.01,4.97,5.1,5.2,244.0,4.3,948.6,0.258819045102521,-0.9659258262890682,-0.004300592702981974,0.9999907524084426
training,2025-12-29T12:00:00+00:00,2025-12-29T06:00:00+00:00,2025-12-31T11:00:00+00:00,2025-12-31T16:00:00+05:00,48,47.0,6e20bb45835e3b8d53b711e1fc8a94a76cdb256f78eaa633cb7d0f053dd31700,0.01,2.04,2.09,2.13,259.0,2.4,947.1,0.258819045102521,-0.9659258262890682,-0.004300592702981974,0.9999907524084426
training,2025-12-30T12:00:00+00:00,2025-12-30T06:00:00+00:00,2025-12-31T12:00:00+00:00,2025-12-31T17:00:00+05:00,24,24.0,ade7d30ee438c2f34a9cdcb1901905509f55c7ab7e605205d92ca1a3445156e0,0.04,4.87,5.0,5.1,254.0,3.6,949.4,1.2246467991473532e-16,-1.0,-0.004300592702981974,0.9999907524084426
training,2025-12-29T12:00:00+00:00,2025-12-29T06:00:00+00:00,2025-12-31T12:00:00+00:00,2025-12-31T17:00:00+05:00,48,48.0,6e20bb45835e3b8d53b711e1fc8a94a76cdb256f78eaa633cb7d0f053dd31700,0.04,2.7,2.77,2.83,242.0,1.8,947.8,1.2246467991473532e-16,-1.0,-0.004300592702981974,0.9999907524084426
training,2025-12-30T12:00:00+00:00,2025-12-30T06:00:00+00:00,2025-12-31T13:00:00+00:00,2025-12-31T18:00:00+05:00,24,25.0,ade7d30ee438c2f34a9cdcb1901905509f55c7ab7e605205d92ca1a3445156e0,0.051666666666666666,4.87,5.0,5.1,247.0,3.9,950.2,-0.2588190451025208,-0.9659258262890683,-0.004300592702981974,0.9999907524084426
training,2025-12-29T12:00:00+00:00,2025-12-29T06:00:00+00:00,2025-12-31T13:00:00+00:00,2025-12-31T18:00:00+05:00,48,49.0,6e20bb45835e3b8d53b711e1fc8a94a76cdb256f78eaa633cb7d0f053dd31700,0.051666666666666666,4.29,4.4,4.49,238.0,1.9,948.9,-0.2588190451025208,-0.9659258262890683,-0.004300592702981974,0.9999907524084426
training,2025-12-30T12:00:00+00:00,2025-12-30T06:00:00+00:00,2025-12-31T14:00:00+00:00,2025-12-31T19:00:00+05:00,24,26.0,ade7d30ee438c2f34a9cdcb1901905509f55c7ab7e605205d92ca1a3445156e0,0.02333333333333333,5.64,5.79,5.91,244.0,4.4,950.8,-0.4999999999999997,-0.8660254037844388,-0.004300592702981974,0.9999907524084426
training,2025-12-29T12:00:00+00:00,2025-12-29T06:00:00+00:00,2025-12-31T14:00:00+00:00,2025-12-31T19:00:00+05:00,48,50.0,6e20bb45835e3b8d53b711e1fc8a94a76cdb256f78eaa633cb7d0f053dd31700,0.02333333333333333,7.03,7.22,7.36,249.0,2.0,950.3,-0.4999999999999997,-0.8660254037844388,-0.004300592702981974,0.9999907524084426
training,2025-12-30T18:00:00+00:00,2025-12-30T12:00:00+00:00,2025-12-31T15:00:00+00:00,2025-12-31T20:00:00+05:00,24,21.0,6fc98d863b6aabfb588111b86bd7fa47998c93805c4d5063113b88868cc9d2fd,0.028333333333333335,7.95,8.16,8.33,248.0,3.8,951.1,-0.7071067811865471,-0.7071067811865479,-0.004300592702981974,0.9999907524084426
training,2025-12-29T18:00:00+00:00,2025-12-29T12:00:00+00:00,2025-12-31T15:00:00+00:00,2025-12-31T20:00:00+05:00,48,45.0,f95f92f22c03dac6befaaa3d7f9de8d4330094ea4a8ffb23a1b520c30b22c246,0.028333333333333335,6.71,6.89,7.03,255.0,2.6,951.6,-0.7071067811865471,-0.7071067811865479,-0.004300592702981974,0.9999907524084426
training,2025-12-30T18:00:00+00:00,2025-12-30T12:00:00+00:00,2025-12-31T16:00:00+00:00,2025-12-31T21:00:00+05:00,24,22.0,6fc98d863b6aabfb588111b86bd7fa47998c93805c4d5063113b88868cc9d2fd,0.03166666666666667,8.5,8.72,8.9,249.0,4.0,952.0,-0.8660254037844385,-0.5000000000000004,-0.004300592702981974,0.9999907524084426
training,2025-12-29T18:00:00+00:00,2025-12-29T12:00:00+00:00,2025-12-31T16:00:00+00:00,2025-12-31T21:00:00+05:00,48,46.0,f95f92f22c03dac6befaaa3d7f9de8d4330094ea4a8ffb23a1b520c30b22c246,0.03166666666666667,9.28,9.52,9.72,266.0,4.5,952.6,-0.8660254037844385,-0.5000000000000004,-0.004300592702981974,0.9999907524084426
training,2025-12-30T18:00:00+00:00,2025-12-30T12:00:00+00:00,2025-12-31T17:00:00+00:00,2025-12-31T22:00:00+05:00,24,23.0,6fc98d863b6aabfb588111b86bd7fa47998c93805c4d5063113b88868cc9d2fd,0.01,9.67,9.92,10.13,247.0,4.6,953.0,-0.9659258262890683,-0.25881904510252063,-0.004300592702981974,0.9999907524084426
training,2025-12-29T18:00:00+00:00,2025-12-29T12:00:00+00:00,2025-12-31T17:00:00+00:00,2025-12-31T22:00:00+05:00,48,47.0,f95f92f22c03dac6befaaa3d7f9de8d4330094ea4a8ffb23a1b520c30b22c246,0.01,11.16,11.45,11.69,264.0,4.4,953.8,-0.9659258262890683,-0.25881904510252063,-0.004300592702981974,0.9999907524084426
training,2025-12-30T18:00:00+00:00,2025-12-30T12:00:00+00:00,2025-12-31T18:00:00+00:00,2025-12-31T23:00:00+05:00,24,24.0,6fc98d863b6aabfb588111b86bd7fa47998c93805c4d5063113b88868cc9d2fd,0.01,9.84,10.09,10.3,260.0,4.4,954.0,-1.0,-1.8369701987210297e-16,-0.004300592702981974,0.9999907524084426
training,2025-12-29T18:00:00+00:00,2025-12-29T12:00:00+00:00,2025-12-31T18:00:00+00:00,2025-12-31T23:00:00+05:00,48,48.0,f95f92f22c03dac6befaaa3d7f9de8d4330094ea4a8ffb23a1b520c30b22c246,0.01,11.08,11.36,11.6,262.0,3.9,954.8,-1.0,-1.8369701987210297e-16,-0.004300592702981974,0.9999907524084426
validation_selection,2025-12-30T18:00:00+00:00,2025-12-30T12:00:00+00:00,2025-12-31T19:00:00+00:00,2026-01-01T00:00:00+05:00,24,25.0,6fc98d863b6aabfb588111b86bd7fa47998c93805c4d5063113b88868cc9d2fd,0.015,10.1,10.36,10.57,260.0,3.9,954.8,-0.9659258262890684,0.2588190451025203,-0.004300592702981974,0.9999907524084426
validation_selection,2025-12-29T18:00:00+00:00,2025-12-29T12:00:00+00:00,2025-12-31T19:00:00+00:00,2026-01-01T00:00:00+05:00,48,49.0,f95f92f22c03dac6befaaa3d7f9de8d4330094ea4a8ffb23a1b520c30b22c246,0.015,10.42,10.69,10.91,261.0,3.6,955.8,-0.9659258262890684,0.2588190451025203,-0.004300592702981974,0.9999907524084426
validation_selection,2025-12-30T18:00:00+00:00,2025-12-30T12:00:00+00:00,2025-12-31T20:00:00+00:00,2026-01-01T01:00:00+05:00,24,26.0,6fc98d863b6aabfb588111b86bd7fa47998c93805c4d5063113b88868cc9d2fd,0.16,10.37,10.64,10.86,253.0,3.4,955.7,-0.8660254037844386,0.5000000000000001,-0.004300592702981974,0.9999907524084426
validation_selection,2025-12-29T18:00:00+00:00,2025-12-29T12:00:00+00:00,2025-12-31T20:00:00+00:00,2026-01-01T01:00:00+05:00,48,50.0,f95f92f22c03dac6befaaa3d7f9de8d4330094ea4a8ffb23a1b520c30b22c246,0.16,10.3,10.57,10.79,267.0,3.2,956.4,-0.8660254037844386,0.5000000000000001,-0.004300592702981974,0.9999907524084426
validation_selection,2025-12-31T00:00:00+00:00,2025-12-30T18:00:00+00:00,2025-12-31T21:00:00+00:00,2026-01-01T02:00:00+05:00,24,21.0,2c4c3bc50e84726353036bbe62db08659f569fe278266fb4de6335b3d5762af4,0.6366666666666667,11.39,11.69,11.93,258.0,2.2,957.0,-0.7071067811865477,0.7071067811865474,-0.004300592702981974,0.9999907524084426
validation_selection,2025-12-30T00:00:00+00:00,2025-12-29T18:00:00+00:00,2025-12-31T21:00:00+00:00,2026-01-01T02:00:00+05:00,48,45.0,2ac399ee40045b711530dfac6d6e582fe8092a399ebe723388f68ee5a13173ba,0.6366666666666667,10.11,10.38,10.59,263.0,2.8,957.1,-0.7071067811865477,0.7071067811865474,-0.004300592702981974,0.9999907524084426
validation_selection,2025-12-31T00:00:00+00:00,2025-12-30T18:00:00+00:00,2025-12-31T22:00:00+00:00,2026-01-01T03:00:00+05:00,24,22.0,2c4c3bc50e84726353036bbe62db08659f569fe278266fb4de6335b3d5762af4,0.9883333333333333,11.5,11.8,12.04,252.0,1.9,957.4,-0.5000000000000004,0.8660254037844384,-0.004300592702981974,0.9999907524084426
validation_selection,2025-12-30T00:00:00+00:00,2025-12-29T18:00:00+00:00,2025-12-31T22:00:00+00:00,2026-01-01T03:00:00+05:00,48,46.0,2ac399ee40045b711530dfac6d6e582fe8092a399ebe723388f68ee5a13173ba,0.9883333333333333,10.71,10.99,11.22,259.0,2.2,957.5,-0.5000000000000004,0.8660254037844384,-0.004300592702981974,0.9999907524084426
validation_selection,2025-12-31T00:00:00+00:00,2025-12-30T18:00:00+00:00,2025-12-31T23:00:00+00:00,2026-01-01T04:00:00+05:00,24,23.0,2c4c3bc50e84726353036bbe62db08659f569fe278266fb4de6335b3d5762af4,0.9899999999999999,10.71,10.99,11.21,256.0,1.7,957.7,-0.25881904510252157,0.9659258262890681,-0.004300592702981974,0.9999907524084426
validation_selection,2025-12-30T00:00:00+00:00,2025-12-29T18:00:00+00:00,2025-12-31T23:00:00+00:00,2026-01-01T04:00:00+05:00,48,47.0,2ac399ee40045b711530dfac6d6e582fe8092a399ebe723388f68ee5a13173ba,0.9899999999999999,10.6,10.88,11.1,257.0,1.6,957.9,-0.25881904510252157,0.9659258262890681,-0.004300592702981974,0.9999907524084426
validation_selection,2025-12-31T00:00:00+00:00,2025-12-30T18:00:00+00:00,2026-01-01T00:00:00+00:00,2026-01-01T05:00:00+05:00,24,24.0,2c4c3bc50e84726353036bbe62db08659f569fe278266fb4de6335b3d5762af4,0.9883333333333333,9.14,9.38,9.58,254.0,1.4,958.4,0.0,1.0,0.017201575418260506,0.9998520419557735
validation_selection,2025-12-30T00:00:00+00:00,2025-12-29T18:00:00+00:00,2026-01-01T00:00:00+00:00,2026-01-01T05:00:00+05:00,48,48.0,2ac399ee40045b711530dfac6d6e582fe8092a399ebe723388f68ee5a13173ba,0.9883333333333333,9.27,9.51,9.7,253.0,1.1,958.6,0.0,1.0,0.017201575418260506,0.9998520419557735
validation_selection,2025-12-31T00:00:00+00:00,2025-12-30T18:00:00+00:00,2026-01-01T01:00:00+00:00,2026-01-01T06:00:00+05:00,24,25.0,2c4c3bc50e84726353036bbe62db08659f569fe278266fb4de6335b3d5762af4,0.9566666666666667,7.28,7.47,7.62,250.0,0.9,959.0,0.25881904510252074,0.9659258262890683,0.017201575418260506,0.9998520419557735
validation_selection,2025-12-30T00:00:00+00:00,2025-12-29T18:00:00+00:00,2026-01-01T01:00:00+00:00,2026-01-01T06:00:00+05:00,48,49.0,2ac399ee40045b711530dfac6d6e582fe8092a399ebe723388f68ee5a13173ba,0.9566666666666667,7.76,7.97,8.13,248.0,0.8,959.2,0.25881904510252074,0.9659258262890683,0.017201575418260506,0.9998520419557735
validation_selection,2025-12-31T00:00:00+00:00,2025-12-30T18:00:00+00:00,2026-01-01T02:00:00+00:00,2026-01-01T07:00:00+05:00,24,26.0,2c4c3bc50e84726353036bbe62db08659f569fe278266fb4de6335b3d5762af4,0.8266666666666667,6.76,6.94,7.08,248.0,0.7,959.4,0.49999999999999994,0.8660254037844387,0.017201575418260506,0.9998520419557735
validation_selection,2025-12-30T00:00:00+00:00,2025-12-29T18:00:00+00:00,2026-01-01T02:00:00+00:00,2026-01-01T07:00:00+05:00,48,50.0,2ac399ee40045b711530dfac6d6e582fe8092a399ebe723388f68ee5a13173ba,0.8266666666666667,7.21,7.4,7.55,248.0,0.6,959.6,0.49999999999999994,0.8660254037844387,0.017201575418260506,0.9998520419557735
validation_selection,2025-12-31T06:00:00+00:00,2025-12-31T00:00:00+00:00,2026-01-01T03:00:00+00:00,2026-01-01T08:00:00+05:00,24,21.0,3e1fe589e7da7244ff28f23270c586687ea5511aba278aa64ab22d6fba964513,0.5716666666666667,6.69,6.86,7.0,248.0,0.4,959.4,0.7071067811865476,0.7071067811865476,0.017201575418260506,0.9998520419557735
validation_selection,2025-12-30T06:00:00+00:00,2025-12-30T00:00:00+00:00,2026-01-01T03:00:00+00:00,2026-01-01T08:00:00+05:00,48,45.0,c933b913d997cef0847bed5795ed77ec202f1391126d37a9063eafa926e5238a,0.5716666666666667,4.75,4.88,4.98,255.0,0.4,959.4,0.7071067811865476,0.7071067811865476,0.017201575418260506,0.9998520419557735
validation_selection,2025-12-31T06:00:00+00:00,2025-12-31T00:00:00+00:00,2026-01-01T04:00:00+00:00,2026-01-01T09:00:00+05:00,24,22.0,3e1fe589e7da7244ff28f23270c586687ea5511aba278aa64ab22d6fba964513,0.4083333333333334,5.35,5.49,5.6,247.0,0.5,960.0,0.8660254037844386,0.5000000000000001,0.017201575418260506,0.9998520419557735
validation_selection,2025-12-30T06:00:00+00:00,2025-12-30T00:00:00+00:00,2026-01-01T04:00:00+00:00,2026-01-01T09:00:00+05:00,48,46.0,c933b913d997cef0847bed5795ed77ec202f1391126d37a9063eafa926e5238a,0.4083333333333334,3.41,3.5,3.57,253.0,0.4,959.7,0.8660254037844386,0.5000000000000001,0.017201575418260506,0.9998520419557735
validation_selection,2025-12-31T06:00:00+00:00,2025-12-31T00:00:00+00:00,2026-01-01T05:00:00+00:00,2026-01-01T10:00:00+05:00,24,23.0,3e1fe589e7da7244ff28f23270c586687ea5511aba278aa64ab22d6fba964513,0.33666666666666667,4.1,4.2,4.29,245.0,0.7,959.9,0.9659258262890683,0.25881904510252074,0.017201575418260506,0.9998520419557735
validation_selection,2025-12-30T06:00:00+00:00,2025-12-30T00:00:00+00:00,2026-01-01T05:00:00+00:00,2026-01-01T10:00:00+05:00,48,47.0,c933b913d997cef0847bed5795ed77ec202f1391126d37a9063eafa926e5238a,0.33666666666666667,2.73,2.8,2.86,254.0,0.6,959.8,0.9659258262890683,0.25881904510252074,0.017201575418260506,0.9998520419557735
validation_selection,2025-12-31T06:00:00+00:00,2025-12-31T00:00:00+00:00,2026-01-01T06:00:00+00:00,2026-01-01T11:00:00+05:00,24,24.0,3e1fe589e7da7244ff28f23270c586687ea5511aba278aa64ab22d6fba964513,0.115,2.97,3.05,3.11,240.0,1.1,959.6,1.0,6.123233995736766e-17,0.017201575418260506,0.9998520419557735
validation_selection,2025-12-30T06:00:00+00:00,2025-12-30T00:00:00+00:00,2026-01-01T06:00:00+00:00,2026-01-01T11:00:00+05:00,48,48.0,c933b913d997cef0847bed5795ed77ec202f1391126d37a9063eafa926e5238a,0.115,2.11,2.16,2.21,263.0,0.8,959.4,1.0,6.123233995736766e-17,0.017201575418260506,0.9998520419557735
validation_selection,2025-12-31T06:00:00+00:00,2025-12-31T00:00:00+00:00,2026-01-01T07:00:00+00:00,2026-01-01T12:00:00+05:00,24,25.0,3e1fe589e7da7244ff28f23270c586687ea5511aba278aa64ab22d6fba964513,0.045000000000000005,2.24,2.29,2.34,259.0,1.8,958.6,0.9659258262890683,-0.25881904510252063,0.017201575418260506,0.9998520419557735
validation_selection,2025-12-30T06:00:00+00:00,2025-12-30T00:00:00+00:00,2026-01-01T07:00:00+00:00,2026-01-01T12:00:00+05:00,48,49.0,c933b913d997cef0847bed5795ed77ec202f1391126d37a9063eafa926e5238a,0.045000000000000005,1.51,1.55,1.58,270.0,1.1,958.6,0.9659258262890683,-0.25881904510252063,0.017201575418260506,0.9998520419557735
validation_selection,2025-12-31T06:00:00+00:00,2025-12-31T00:00:00+00:00,2026-01-01T08:00:00+00:00,2026-01-01T13:00:00+05:00,24,26.0,3e1fe589e7da7244ff28f23270c586687ea5511aba278aa64ab22d6fba964513,0.065,1.53,1.57,1.6,287.0,2.2,958.2,0.8660254037844387,-0.4999999999999998,0.017201575418260506,0.9998520419557735
validation_selection,2025-12-30T06:00:00+00:00,2025-12-30T00:00:00+00:00,2026-01-01T08:00:00+00:00,2026-01-01T13:00:00+05:00,48,50.0,c933b913d997cef0847bed5795ed77ec202f1391126d37a9063eafa926e5238a,0.065,0.96,0.99,1.01,300.0,1.5,958.1,0.8660254037844387,-0.4999999999999998,0.017201575418260506,0.9998520419557735
validation_selection,2025-12-31T12:00:00+00:00,2025-12-31T06:00:00+00:00,2026-01-01T09:00:00+00:00,2026-01-01T14:00:00+05:00,24,21.0,7cba57d35245ede65911abc2153a06695c1a7b506ff5e182d8afc3783a169f1d,0.018333333333333333,1.25,1.29,1.31,283.0,1.9,958.0,0.7071067811865476,-0.7071067811865475,0.017201575418260506,0.9998520419557735
validation_selection,2025-12-30T12:00:00+00:00,2025-12-30T06:00:00+00:00,2026-01-01T09:00:00+00:00,2026-01-01T14:00:00+05:00,48,45.0,ade7d30ee438c2f34a9cdcb1901905509f55c7ab7e605205d92ca1a3445156e0,0.018333333333333333,2.19,2.25,2.29,32.0,2.0,957.7,0.7071067811865476,-0.7071067811865475,0.017201575418260506,0.9998520419557735
validation_selection,2025-12-31T12:00:00+00:00,2025-12-31T06:00:00+00:00,2026-01-01T10:00:00+00:00,2026-01-01T15:00:00+05:00,24,22.0,7cba57d35245ede65911abc2153a06695c1a7b506ff5e182d8afc3783a169f1d,0.01,1.81,1.86,1.89,333.0,1.3,957.8,0.49999999999999994,-0.8660254037844387,0.017201575418260506,0.9998520419557735
validation_selection,2025-12-30T12:00:00+00:00,2025-12-30T06:00:00+00:00,2026-01-01T10:00:00+00:00,2026-01-01T15:00:00+05:00,48,46.0,ade7d30ee438c2f34a9cdcb1901905509f55c7ab7e605205d92ca1a3445156e0,0.01,3.08,3.16,3.22,29.0,1.4,957.5,0.49999999999999994,-0.8660254037844387,0.017201575418260506,0.9998520419557735
validation_selection,2025-12-31T12:00:00+00:00,2025-12-31T06:00:00+00:00,2026-01-01T11:00:00+00:00,2026-01-01T16:00:00+05:00,24,23.0,7cba57d35245ede65911abc2153a06695c1a7b506ff5e182d8afc3783a169f1d,0.01,1.9,1.95,1.99,3.0,0.6,957.5,0.258819045102521,-0.9659258262890682,0.017201575418260506,0.9998520419557735
validation_selection,2025-12-30T12:00:00+00:00,2025-12-30T06:00:00+00:00,2026-01-01T11:00:00+00:00,2026-01-01T16:00:00+05:00,48,47.0,ade7d30ee438c2f34a9cdcb1901905509f55c7ab7e605205d92ca1a3445156e0,0.01,3.21,3.29,3.36,42.0,0.2,957.2,0.258819045102521,-0.9659258262890682,0.017201575418260506,0.9998520419557735
validation_selection,2025-12-31T12:00:00+00:00,2025-12-31T06:00:00+00:00,2026-01-01T12:00:00+00:00,2026-01-01T17:00:00+05:00,24,24.0,7cba57d35245ede65911abc2153a06695c1a7b506ff5e182d8afc3783a169f1d,0.011666666666666667,2.25,2.3,2.35,41.0,0.0,957.3,1.2246467991473532e-16,-1.0,0.017201575418260506,0.9998520419557735
validation_selection,2025-12-30T12:00:00+00:00,2025-12-30T06:00:00+00:00,2026-01-01T12:00:00+00:00,2026-01-01T17:00:00+05:00,48,48.0,ade7d30ee438c2f34a9cdcb1901905509f55c7ab7e605205d92ca1a3445156e0,0.011666666666666667,3.08,3.16,3.23,59.0,-0.6,956.6,1.2246467991473532e-16,-1.0,0.017201575418260506,0.9998520419557735
validation_selection,2025-12-31T12:00:00+00:00,2025-12-31T06:00:00+00:00,2026-01-01T13:00:00+00:00,2026-01-01T18:00:00+05:00,24,25.0,7cba57d35245ede65911abc2153a06695c1a7b506ff5e182d8afc3783a169f1d,0.023333333333333334,2.27,2.33,2.38,45.0,-0.7,956.8,-0.2588190451025208,-0.9659258262890683,0.017201575418260506,0.9998520419557735
validation_selection,2025-12-30T12:00:00+00:00,2025-12-30T06:00:00+00:00,2026-01-01T13:00:00+00:00,2026-01-01T18:00:00+05:00,48,49.0,ade7d30ee438c2f34a9cdcb1901905509f55c7ab7e605205d92ca1a3445156e0,0.023333333333333334,2.88,2.96,3.02,60.0,-0.8,956.1,-0.2588190451025208,-0.9659258262890683,0.017201575418260506,0.9998520419557735
validation_selection,2025-12-31T12:00:00+00:00,2025-12-31T06:00:00+00:00,2026-01-01T14:00:00+00:00,2026-01-01T19:00:00+05:00,24,26.0,7cba57d35245ede65911abc2153a06695c1a7b506ff5e182d8afc3783a169f1d,0.02,1.55,1.6,1.63,58.0,-0.9,956.2,-0.4999999999999997,-0.8660254037844388,0.017201575418260506,0.9998520419557735
validation_selection,2025-12-30T12:00:00+00:00,2025-12-30T06:00:00+00:00,2026-01-01T14:00:00+00:00,2026-01-01T19:00:00+05:00,48,50.0,ade7d30ee438c2f34a9cdcb1901905509f55c7ab7e605205d92ca1a3445156e0,0.02,2.33,2.39,2.44,37.0,-1.1,955.8,-0.4999999999999997,-0.8660254037844388,0.017201575418260506,0.9998520419557735
validation_selection,2025-12-31T18:00:00+00:00,2025-12-31T12:00:00+00:00,2026-01-01T15:00:00+00:00,2026-01-01T20:00:00+05:00,24,21.0,a495b8504669d4dbe6ca371507b327ca0a1bfdf96f06b891615eb11d2afb8df1,0.07333333333333333,1.31,1.34,1.37,63.0,-1.5,956.3,-0.7071067811865471,-0.7071067811865479,0.017201575418260506,0.9998520419557735
validation_selection,2025-12-30T18:00:00+00:00,2025-12-30T12:00:00+00:00,2026-01-01T15:00:00+00:00,2026-01-01T20:00:00+05:00,48,45.0,6fc98d863b6aabfb588111b86bd7fa47998c93805c4d5063113b88868cc9d2fd,0.07333333333333333,1.84,1.89,1.93,323.0,-2.4,955.0,-0.7071067811865471,-0.7071067811865479,0.017201575418260506,0.9998520419557735
validation_selection,2025-12-31T18:00:00+00:00,2025-12-31T12:00:00+00:00,2026-01-01T16:00:00+00:00,2026-01-01T21:00:00+05:00,24,22.0,a495b8504669d4dbe6ca371507b327ca0a1bfdf96f06b891615eb11d2afb8df1,0.07666666666666667,0.59,0.6,0.62,24.0,-1.1,956.2,-0.8660254037844385,-0.5000000000000004,0.017201575418260506,0.9998520419557735
validation_selection,2025-12-30T18:00:00+00:00,2025-12-30T12:00:00+00:00,2026-01-01T16:00:00+00:00,2026-01-01T21:00:00+05:00,48,46.0,6fc98d863b6aabfb588111b86bd7fa47998c93805c4d5063113b88868cc9d2fd,0.07666666666666667,2.07,2.12,2.17,317.0,-2.0,955.0,-0.8660254037844385,-0.5000000000000004,0.017201575418260506,0.9998520419557735
validation_selection,2025-12-31T18:00:00+00:00,2025-12-31T12:00:00+00:00,2026-01-01T17:00:00+00:00,2026-01-01T22:00:00+05:00,24,23.0,a495b8504669d4dbe6ca371507b327ca0a1bfdf96f06b891615eb11d2afb8df1,0.043333333333333335,1.16,1.19,1.22,327.0,-1.2,956.0,-0.9659258262890683,-0.25881904510252063,0.017201575418260506,0.9998520419557735
validation_selection,2025-12-30T18:00:00+00:00,2025-12-30T12:00:00+00:00,2026-01-01T17:00:00+00:00,2026-01-01T22:00:00+05:00,48,47.0,6fc98d863b6aabfb588111b86bd7fa47998c93805c4d5063113b88868cc9d2fd,0.043333333333333335,2.41,2.47,2.53,284.0,-1.7,955.0,-0.9659258262890683,-0.25881904510252063,0.017201575418260506,0.9998520419557735
validation_selection,2025-12-31T18:00:00+00:00,2025-12-31T12:00:00+00:00,2026-01-01T18:00:00+00:00,2026-01-01T23:00:00+05:00,24,24.0,a495b8504669d4dbe6ca371507b327ca0a1bfdf96f06b891615eb11d2afb8df1,0.01,0.96,0.99,1.01,330.0,-1.2,956.0,-1.0,-1.8369701987210297e-16,0.017201575418260506,0.9998520419557735
validation_selection,2025-12-30T18:00:00+00:00,2025-12-30T12:00:00+00:00,2026-01-01T18:00:00+00:00,2026-01-01T23:00:00+05:00,48,48.0,6fc98d863b6aabfb588111b86bd7fa47998c93805c4d5063113b88868cc9d2fd,0.01,2.15,2.21,2.25,257.0,-1.2,955.0,-1.0,-1.8369701987210297e-16,0.017201575418260506,0.9998520419557735
validation_selection,2025-12-31T18:00:00+00:00,2025-12-31T12:00:00+00:00,2026-01-01T19:00:00+00:00,2026-01-02T00:00:00+05:00,24,25.0,a495b8504669d4dbe6ca371507b327ca0a1bfdf96f06b891615eb11d2afb8df1,0.011666666666666667,0.73,0.75,0.77,307.0,-1.0,955.9,-0.9659258262890684,0.2588190451025203,0.017201575418260506,0.9998520419557735
validation_selection,2025-12-30T18:00:00+00:00,2025-12-30T12:00:00+00:00,2026-01-01T19:00:00+00:00,2026-01-02T00:00:00+05:00,48,49.0,6fc98d863b6aabfb588111b86bd7fa47998c93805c4d5063113b88868cc9d2fd,0.011666666666666667,1.79,1.84,1.87,241.0,-1.0,955.0,-0.9659258262890684,0.2588190451025203,0.017201575418260506,0.9998520419557735
validation_selection,2025-12-31T18:00:00+00:00,2025-12-31T12:00:00+00:00,2026-01-01T20:00:00+00:00,2026-01-02T01:00:00+05:00,24,26.0,a495b8504669d4dbe6ca371507b327ca0a1bfdf96f06b891615eb11d2afb8df1,0.01,0.72,0.74,0.76,290.0,-0.8,955.9,-0.8660254037844386,0.5000000000000001,0.017201575418260506,0.9998520419557735
validation_selection,2025-12-30T18:00:00+00:00,2025-12-30T12:00:00+00:00,2026-01-01T20:00:00+00:00,2026-01-02T01:00:00+05:00,48,50.0,6fc98d863b6aabfb588111b86bd7fa47998c93805c4d5063113b88868cc9d2fd,0.01,1.44,1.48,1.51,246.0,-0.7,955.0,-0.8660254037844386,0.5000000000000001,0.017201575418260506,0.9998520419557735
validation_selection,2026-01-01T00:00:00+00:00,2025-12-31T18:00:00+00:00,2026-01-01T21:00:00+00:00,2026-01-02T02:00:00+05:00,24,21.0,cdfb5213b25da607bca1d334786166f6bf388938448737edd4ae9784149c2877,0.01,0.52,0.54,0.55,338.0,-0.7,955.8,-0.7071067811865477,0.7071067811865474,0.017201575418260506,0.9998520419557735
validation_selection,2025-12-31T00:00:00+00:00,2025-12-30T18:00:00+00:00,2026-01-01T21:00:00+00:00,2026-01-02T02:00:00+05:00,48,45.0,2c4c3bc50e84726353036bbe62db08659f569fe278266fb4de6335b3d5762af4,0.01,1.45,1.49,1.52,222.0,-0.6,955.0,-0.7071067811865477,0.7071067811865474,0.017201575418260506,0.9998520419557735
validation_selection,2026-01-01T00:00:00+00:00,2025-12-31T18:00:00+00:00,2026-01-01T22:00:00+00:00,2026-01-02T03:00:00+05:00,24,22.0,cdfb5213b25da607bca1d334786166f6bf388938448737edd4ae9784149c2877,0.011666666666666667,0.49,0.5,0.51,354.0,-0.7,955.9,-0.5000000000000004,0.8660254037844384,0.017201575418260506,0.9998520419557735
validation_selection,2025-12-31T00:00:00+00:00,2025-12-30T18:00:00+00:00,2026-01-01T22:00:00+00:00,2026-01-02T03:00:00+05:00,48,46.0,2c4c3bc50e84726353036bbe62db08659f569fe278266fb4de6335b3d5762af4,0.011666666666666667,1.51,1.55,1.58,201.0,-0.8,954.8,-0.5000000000000004,0.8660254037844384,0.017201575418260506,0.9998520419557735
validation_selection,2026-01-01T00:00:00+00:00,2025-12-31T18:00:00+00:00,2026-01-01T23:00:00+00:00,2026-01-02T04:00:00+05:00,24,23.0,cdfb5213b25da607bca1d334786166f6bf388938448737edd4ae9784149c2877,0.01,0.68,0.69,0.71,30.0,-0.7,955.8,-0.25881904510252157,0.9659258262890681,0.017201575418260506,0.9998520419557735
validation_selection,2025-12-31T00:00:00+00:00,2025-12-30T18:00:00+00:00,2026-01-01T23:00:00+00:00,2026-01-02T04:00:00+05:00,48,47.0,2c4c3bc50e84726353036bbe62db08659f569fe278266fb4de6335b3d5762af4,0.01,0.81,0.83,0.84,155.0,-1.2,954.6,-0.25881904510252157,0.9659258262890681,0.017201575418260506,0.9998520419557735
validation_selection,2026-01-01T00:00:00+00:00,2025-12-31T18:00:00+00:00,2026-01-02T00:00:00+00:00,2026-01-02T05:00:00+05:00,24,24.0,cdfb5213b25da607bca1d334786166f6bf388938448737edd4ae9784149c2877,0.01,0.59,0.6,0.61,48.0,-0.8,956.0,0.0,1.0,0.03439806061360801,0.9994082116062598
validation_selection,2025-12-31T00:00:00+00:00,2025-12-30T18:00:00+00:00,2026-01-02T00:00:00+00:00,2026-01-02T05:00:00+05:00,48,48.0,2c4c3bc50e84726353036bbe62db08659f569fe278266fb4de6335b3d5762af4,0.01,0.7,0.72,0.73,155.0,-1.5,954.8,0.0,1.0,0.03439806061360801,0.9994082116062598
validation_selection,2026-01-01T00:00:00+00:00,2025-12-31T18:00:00+00:00,2026-01-02T01:00:00+00:00,2026-01-02T06:00:00+05:00,24,25.0,cdfb5213b25da607bca1d334786166f6bf388938448737edd4ae9784149c2877,0.01,0.49,0.5,0.51,90.0,-0.7,956.2,0.25881904510252074,0.9659258262890683,0.03439806061360801,0.9994082116062598
validation_selection,2025-12-31T00:00:00+00:00,2025-12-30T18:00:00+00:00,2026-01-02T01:00:00+00:00,2026-01-02T06:00:00+05:00,48,49.0,2c4c3bc50e84726353036bbe62db08659f569fe278266fb4de6335b3d5762af4,0.01,1.21,1.24,1.26,166.0,-1.9,955.0,0.25881904510252074,0.9659258262890683,0.03439806061360801,0.9994082116062598
validation_selection,2026-01-01T00:00:00+00:00,2025-12-31T18:00:00+00:00,2026-01-02T02:00:00+00:00,2026-01-02T07:00:00+05:00,24,26.0,cdfb5213b25da607bca1d334786166f6bf388938448737edd4ae9784149c2877,0.01,0.54,0.55,0.56,95.0,-0.9,956.3,0.49999999999999994,0.8660254037844387,0.03439806061360801,0.9994082116062598
validation_selection,2025-12-31T00:00:00+00:00,2025-12-30T18:00:00+00:00,2026-01-02T02:00:00+00:00,2026-01-02T07:00:00+05:00,48,50.0,2c4c3bc50e84726353036bbe62db08659f569fe278266fb4de6335b3d5762af4,0.01,1.27,1.3,1.32,164.0,-2.1,955.4,0.49999999999999994,0.8660254037844387,0.03439806061360801,0.9994082116062598
validation_selection,2026-01-01T06:00:00+00:00,2026-01-01T00:00:00+00:00,2026-01-02T03:00:00+00:00,2026-01-02T08:00:00+05:00,24,21.0,4dea69288c8fd604c5b75c01d83bf4e20465c9d4249f1106e767aaac754606eb,0.01,0.72,0.74,0.75,118.0,-1.2,956.5,0.7071067811865476,0.7071067811865476,0.03439806061360801,0.9994082116062598
validation_selection,2025-12-31T06:00:00+00:00,2025-12-31T00:00:00+00:00,2026-01-02T03:00:00+00:00,2026-01-02T08:00:00+05:00,48,45.0,3e1fe589e7da7244ff28f23270c586687ea5511aba278aa64ab22d6fba964513,0.01,1.17,1.2,1.23,107.0,-1.4,955.7,0.7071067811865476,0.7071067811865476,0.03439806061360801,0.9994082116062598
validation_selection,2026-01-01T06:00:00+00:00,2026-01-01T00:00:00+00:00,2026-01-02T04:00:00+00:00,2026-01-02T09:00:00+05:00,24,22.0,4dea69288c8fd604c5b75c01d83bf4e20465c9d4249f1106e767aaac754606eb,0.075,1.37,1.41,1.44,73.0,-0.6,956.8,0.8660254037844386,0.5000000000000001,0.03439806061360801,0.9994082116062598
validation_selection,2025-12-31T06:00:00+00:00,2025-12-31T00:00:00+00:00,2026-01-02T04:00:00+00:00,2026-01-02T09:00:00+05:00,48,46.0,3e1fe589e7da7244ff28f23270c586687ea5511aba278aa64ab22d6fba964513,0.075,1.98,2.03,2.07,80.0,-0.1,956.3,0.8660254037844386,0.5000000000000001,0.03439806061360801,0.9994082116062598
validation_selection,2026-01-01T06:00:00+00:00,2026-01-01T00:00:00+00:00,2026-01-02T05:00:00+00:00,2026-01-02T10:00:00+05:00,24,23.0,4dea69288c8fd604c5b75c01d83bf4e20465c9d4249f1106e767aaac754606eb,0.27999999999999997,2.8,2.87,2.93,55.0,0.3,956.9,0.9659258262890683,0.25881904510252074,0.03439806061360801,0.9994082116062598
validation_selection,2025-12-31T06:00:00+00:00,2025-12-31T00:00:00+00:00,2026-01-02T05:00:00+00:00,2026-01-02T10:00:00+05:00,48,47.0,3e1fe589e7da7244ff28f23270c586687ea5511aba278aa64ab22d6fba964513,0.27999999999999997,3.27,3.36,3.43,53.0,0.8,956.4,0.9659258262890683,0.25881904510252074,0.03439806061360801,0.9994082116062598
validation_selection,2026-01-01T06:00:00+00:00,2026-01-01T00:00:00+00:00,2026-01-02T06:00:00+00:00,2026-01-02T11:00:00+05:00,24,24.0,4dea69288c8fd604c5b75c01d83bf4e20465c9d4249f1106e767aaac754606eb,0.405,4.61,4.73,4.83,54.0,1.2,956.3,1.0,6.123233995736766e-17,0.03439806061360801,0.9994082116062598
validation_selection,2025-12-31T06:00:00+00:00,2025-12-31T00:00:00+00:00,2026-01-02T06:00:00+00:00,2026-01-02T11:00:00+05:00,48,48.0,3e1fe589e7da7244ff28f23270c586687ea5511aba278aa64ab22d6fba964513,0.405,4.54,4.66,4.76,52.0,1.3,955.9,1.0,6.123233995736766e-17,0.03439806061360801,0.9994082116062598
validation_selection,2026-01-01T06:00:00+00:00,2026-01-01T00:00:00+00:00,2026-01-02T07:00:00+00:00,2026-01-02T12:00:00+05:00,24,25.0,4dea69288c8fd604c5b75c01d83bf4e20465c9d4249f1106e767aaac754606eb,0.6466666666666666,5.27,5.41,5.52,54.0,2.5,955.5,0.9659258262890683,-0.25881904510252063,0.03439806061360801,0.9994082116062598
validation_selection,2025-12-31T06:00:00+00:00,2025-12-31T00:00:00+00:00,2026-01-02T07:00:00+00:00,2026-01-02T12:00:00+05:00,48,49.0,3e1fe589e7da7244ff28f23270c586687ea5511aba278aa64ab22d6fba964513,0.6466666666666666,5.65,5.8,5.92,56.0,1.9,955.2,0.9659258262890683,-0.25881904510252063,0.03439806061360801,0.9994082116062598
validation_selection,2026-01-01T06:00:00+00:00,2026-01-01T00:00:00+00:00,2026-01-02T08:00:00+00:00,2026-01-02T13:00:00+05:00,24,26.0,4dea69288c8fd604c5b75c01d83bf4e20465c9d4249f1106e767aaac754606eb,0.8433333333333334,4.31,4.42,4.51,52.0,3.5,955.3,0.8660254037844387,-0.4999999999999998,0.03439806061360801,0.9994082116062598
validation_selection,2025-12-31T06:00:00+00:00,2025-12-31T00:00:00+00:00,2026-01-02T08:00:00+00:00,2026-01-02T13:00:00+05:00,48,50.0,3e1fe589e7da7244ff28f23270c586687ea5511aba278aa64ab22d6fba964513,0.8433333333333334,5.53,5.68,5.8,50.0,2.9,954.9,0.8660254037844387,-0.4999999999999998,0.03439806061360801,0.9994082116062598
validation_selection,2026-01-01T12:00:00+00:00,2026-01-01T06:00:00+00:00,2026-01-02T09:00:00+00:00,2026-01-02T14:00:00+05:00,24,21.0,4355730a629a08099b9bad34e92f24bde6c1b2f4a0bb9d38e6dd75aadfa50e56,0.71,4.14,4.24,4.33,47.0,3.3,955.5,0.7071067811865476,-0.7071067811865475,0.03439806061360801,0.9994082116062598
validation_selection,2025-12-31T12:00:00+00:00,2025-12-31T06:00:00+00:00,2026-01-02T09:00:00+00:00,2026-01-02T14:00:00+05:00,48,45.0,7cba57d35245ede65911abc2153a06695c1a7b506ff5e182d8afc3783a169f1d,0.71,4.2,4.31,4.4,46.0,2.9,955.1,0.7071067811865476,-0.7071067811865475,0.03439806061360801,0.9994082116062598
validation_selection,2026-01-01T12:00:00+00:00,2026-01-01T06:00:00+00:00,2026-01-02T10:00:00+00:00,2026-01-02T15:00:00+05:00,24,22.0,4355730a629a08099b9bad34e92f24bde6c1b2f4a0bb9d38e6dd75aadfa50e56,0.5750000000000001,4.07,4.17,4.26,47.0,2.3,955.9,0.49999999999999994,-0.8660254037844387,0.03439806061360801,0.9994082116062598
validation_selection,2025-12-31T12:00:00+00:00,2025-12-31T06:00:00+00:00,2026-01-02T10:00:00+00:00,2026-01-02T15:00:00+05:00,48,46.0,7cba57d35245ede65911abc2153a06695c1a7b506ff5e182d8afc3783a169f1d,0.5750000000000001,4.0,4.1,4.19,43.0,2.1,955.5,0.49999999999999994,-0.8660254037844387,0.03439806061360801,0.9994082116062598
validation_selection,2026-01-01T12:00:00+00:00,2026-01-01T06:00:00+00:00,2026-01-02T11:00:00+00:00,2026-01-02T16:00:00+05:00,24,23.0,4355730a629a08099b9bad34e92f24bde6c1b2f4a0bb9d38e6dd75aadfa50e56,0.42333333333333334,4.66,4.79,4.88,58.0,0.7,956.2,0.258819045102521,-0.9659258262890682,0.03439806061360801,0.9994082116062598
validation_selection,2025-12-31T12:00:00+00:00,2025-12-31T06:00:00+00:00,2026-01-02T11:00:00+00:00,2026-01-02T16:00:00+05:00,48,47.0,7cba57d35245ede65911abc2153a06695c1a7b506ff5e182d8afc3783a169f1d,0.42333333333333334,4.39,4.5,4.59,53.0,0.7,955.6,0.258819045102521,-0.9659258262890682,0.03439806061360801,0.9994082116062598
validation_selection,2026-01-01T12:00:00+00:00,2026-01-01T06:00:00+00:00,2026-01-02T12:00:00+00:00,2026-01-02T17:00:00+05:00,24,24.0,4355730a629a08099b9bad34e92f24bde6c1b2f4a0bb9d38e6dd75aadfa50e56,0.35833333333333334,4.51,4.63,4.73,65.0,0.2,956.1,1.2246467991473532e-16,-1.0,0.03439806061360801,0.9994082116062598
validation_selection,2025-12-31T12:00:00+00:00,2025-12-31T06:00:00+00:00,2026-01-02T12:00:00+00:00,2026-01-02T17:00:00+05:00,48,48.0,7cba57d35245ede65911abc2153a06695c1a7b506ff5e182d8afc3783a169f1d,0.35833333333333334,4.06,4.17,4.26,67.0,-0.4,955.7,1.2246467991473532e-16,-1.0,0.03439806061360801,0.9994082116062598
validation_selection,2026-01-01T12:00:00+00:00,2026-01-01T06:00:00+00:00,2026-01-02T13:00:00+00:00,2026-01-02T18:00:00+05:00,24,25.0,4355730a629a08099b9bad34e92f24bde6c1b2f4a0bb9d38e6dd75aadfa50e56,0.425,4.61,4.73,4.83,59.0,-0.1,956.2,-0.2588190451025208,-0.9659258262890683,0.03439806061360801,0.9994082116062598
validation_selection,2025-12-31T12:00:00+00:00,2025-12-31T06:00:00+00:00,2026-01-02T13:00:00+00:00,2026-01-02T18:00:00+05:00,48,49.0,7cba57d35245ede65911abc2153a06695c1a7b506ff5e182d8afc3783a169f1d,0.425,4.25,4.36,4.45,62.0,-0.7,955.8,-0.2588190451025208,-0.9659258262890683,0.03439806061360801,0.9994082116062598
validation_selection,2026-01-01T12:00:00+00:00,2026-01-01T06:00:00+00:00,2026-01-02T14:00:00+00:00,2026-01-02T19:00:00+05:00,24,26.0,4355730a629a08099b9bad34e92f24bde6c1b2f4a0bb9d38e6dd75aadfa50e56,0.445,4.86,4.99,5.09,62.0,-0.2,956.3,-0.4999999999999997,-0.8660254037844388,0.03439806061360801,0.9994082116062598
validation_selection,2025-12-31T12:00:00+00:00,2025-12-31T06:00:00+00:00,2026-01-02T14:00:00+00:00,2026-01-02T19:00:00+05:00,48,50.0,7cba57d35245ede65911abc2153a06695c1a7b506ff5e182d8afc3783a169f1d,0.445,4.99,5.12,5.23,65.0,-0.8,955.7,-0.4999999999999997,-0.8660254037844388,0.03439806061360801,0.9994082116062598
validation_selection,2026-01-01T18:00:00+00:00,2026-01-01T12:00:00+00:00,2026-01-02T15:00:00+00:00,2026-01-02T20:00:00+05:00,24,21.0,b089b24ea18bfce85ee43e2a660b101e5e1883b7c5e32c493f1bbf519c52d627,0.6083333333333333,5.25,5.39,5.5,68.0,-0.2,955.7,-0.7071067811865471,-0.7071067811865479,0.03439806061360801,0.9994082116062598
validation_selection,2025-12-31T18:00:00+00:00,2025-12-31T12:00:00+00:00,2026-01-02T15:00:00+00:00,2026-01-02T20:00:00+05:00,48,45.0,a495b8504669d4dbe6ca371507b327ca0a1bfdf96f06b891615eb11d2afb8df1,0.6083333333333333,5.45,5.59,5.71,62.0,-0.6,955.4,-0.7071067811865471,-0.7071067811865479,0.03439806061360801,0.9994082116062598
validation_selection,2026-01-01T18:00:00+00:00,2026-01-01T12:00:00+00:00,2026-01-02T16:00:00+00:00,2026-01-02T21:00:00+05:00,24,22.0,b089b24ea18bfce85ee43e2a660b101e5e1883b7c5e32c493f1bbf519c52d627,0.875,6.0,6.15,6.28,61.0,0.0,955.5,-0.8660254037844385,-0.5000000000000004,0.03439806061360801,0.9994082116062598
validation_selection,2025-12-31T18:00:00+00:00,2025-12-31T12:00:00+00:00,2026-01-02T16:00:00+00:00,2026-01-02T21:00:00+05:00,48,46.0,a495b8504669d4dbe6ca371507b327ca0a1bfdf96f06b891615eb11d2afb8df1,0.875,6.09,6.24,6.37,66.0,-0.5,955.0,-0.8660254037844385,-0.5000000000000004,0.03439806061360801,0.9994082116062598
validation_selection,2026-01-01T18:00:00+00:00,2026-01-01T12:00:00+00:00,2026-01-02T17:00:00+00:00,2026-01-02T22:00:00+05:00,24,23.0,b089b24ea18bfce85ee43e2a660b101e5e1883b7c5e32c493f1bbf519c52d627,0.605,6.54,6.71,6.85,62.0,0.0,955.4,-0.9659258262890683,-0.25881904510252063,0.03439806061360801,0.9994082116062598
validation_selection,2025-12-31T18:00:00+00:00,2025-12-31T12:00:00+00:00,2026-01-02T17:00:00+00:00,2026-01-02T22:00:00+05:00,48,47.0,a495b8504669d4dbe6ca371507b327ca0a1bfdf96f06b891615eb11d2afb8df1,0.605,6.3,6.47,6.6,66.0,-0.7,954.7,-0.9659258262890683,-0.25881904510252063,0.03439806061360801,0.9994082116062598
validation_selection,2026-01-01T18:00:00+00:00,2026-01-01T12:00:00+00:00,2026-01-02T18:00:00+00:00,2026-01-02T23:00:00+05:00,24,24.0,b089b24ea18bfce85ee43e2a660b101e5e1883b7c5e32c493f1bbf519c52d627,0.31666666666666665,6.83,7.0,7.15,61.0,-0.5,955.3,-1.0,-1.8369701987210297e-16,0.03439806061360801,0.9994082116062598
validation_selection,2025-12-31T18:00:00+00:00,2025-12-31T12:00:00+00:00,2026-01-02T18:00:00+00:00,2026-01-02T23:00:00+05:00,48,48.0,a495b8504669d4dbe6ca371507b327ca0a1bfdf96f06b891615eb11d2afb8df1,0.31666666666666665,6.54,6.71,6.85,63.0,-1.0,954.6,-1.0,-1.8369701987210297e-16,0.03439806061360801,0.9994082116062598
validation_selection,2026-01-01T18:00:00+00:00,2026-01-01T12:00:00+00:00,2026-01-02T19:00:00+00:00,2026-01-03T00:00:00+05:00,24,25.0,b089b24ea18bfce85ee43e2a660b101e5e1883b7c5e32c493f1bbf519c52d627,0.26166666666666666,6.5,6.67,6.81,60.0,-0.9,955.3,-0.9659258262890684,0.2588190451025203,0.03439806061360801,0.9994082116062598
validation_selection,2025-12-31T18:00:00+00:00,2025-12-31T12:00:00+00:00,2026-01-02T19:00:00+00:00,2026-01-03T00:00:00+05:00,48,49.0,a495b8504669d4dbe6ca371507b327ca0a1bfdf96f06b891615eb11d2afb8df1,0.26166666666666666,6.43,6.6,6.73,62.0,-1.4,954.3,-0.9659258262890684,0.2588190451025203,0.03439806061360801,0.9994082116062598
validation_selection,2026-01-01T18:00:00+00:00,2026-01-01T12:00:00+00:00,2026-01-02T20:00:00+00:00,2026-01-03T01:00:00+05:00,24,26.0,b089b24ea18bfce85ee43e2a660b101e5e1883b7c5e32c493f1bbf519c52d627,0.22166666666666668,5.59,5.73,5.85,61.0,-1.4,955.5,-0.8660254037844386,0.5000000000000001,0.03439806061360801,0.9994082116062598
validation_selection,2025-12-31T18:00:00+00:00,2025-12-31T12:00:00+00:00,2026-01-02T20:00:00+00:00,2026-01-03T01:00:00+05:00,48,50.0,a495b8504669d4dbe6ca371507b327ca0a1bfdf96f06b891615eb11d2afb8df1,0.22166666666666668,6.28,6.44,6.57,62.0,-1.7,954.4,-0.8660254037844386,0.5000000000000001,0.03439806061360801,0.9994082116062598
validation_selection,2026-01-02T00:00:00+00:00,2026-01-01T18:00:00+00:00,2026-01-02T21:00:00+00:00,2026-01-03T02:00:00+05:00,24,21.0,25fafd4055ca3dc1ebd69157a20b31099584a864a2e83cf2b2f52bd23a33cdc6,0.36166666666666664,4.47,4.58,4.68,63.0,-1.3,955.7,-0.7071067811865477,0.7071067811865474,0.03439806061360801,0.9994082116062598
validation_selection,2026-01-01T00:00:00+00:00,2025-12-31T18:00:00+00:00,2026-01-02T21:00:00+00:00,2026-01-03T02:00:00+05:00,48,45.0,cdfb5213b25da607bca1d334786166f6bf388938448737edd4ae9784149c2877,0.36166666666666664,5.21,5.34,5.45,64.0,-1.9,955.1,-0.7071067811865477,0.7071067811865474,0.03439806061360801,0.9994082116062598
validation_selection,2026-01-02T00:00:00+00:00,2026-01-01T18:00:00+00:00,2026-01-02T22:00:00+00:00,2026-01-03T03:00:00+05:00,24,22.0,25fafd4055ca3dc1ebd69157a20b31099584a864a2e83cf2b2f52bd23a33cdc6,0.17833333333333334,4.63,4.75,4.85,60.0,-2.0,955.7,-0.5000000000000004,0.8660254037844384,0.03439806061360801,0.9994082116062598
validation_selection,2026-01-01T00:00:00+00:00,2025-12-31T18:00:00+00:00,2026-01-02T22:00:00+00:00,2026-01-03T03:00:00+05:00,48,46.0,cdfb5213b25da607bca1d334786166f6bf388938448737edd4ae9784149c2877,0.17833333333333334,4.88,5.01,5.11,65.0,-2.2,955.2,-0.5000000000000004,0.8660254037844384,0.03439806061360801,0.9994082116062598
validation_selection,2026-01-02T00:00:00+00:00,2026-01-01T18:00:00+00:00,2026-01-02T23:00:00+00:00,2026-01-03T04:00:00+05:00,24,23.0,25fafd4055ca3dc1ebd69157a20b31099584a864a2e83cf2b2f52bd23a33cdc6,0.21,5.04,5.17,5.28,60.0,-1.9,956.1,-0.25881904510252157,0.9659258262890681,0.03439806061360801,0.9994082116062598
validation_selection,2026-01-01T00:00:00+00:00,2025-12-31T18:00:00+00:00,2026-01-02T23:00:00+00:00,2026-01-03T04:00:00+05:00,48,47.0,cdfb5213b25da607bca1d334786166f6bf388938448737edd4ae9784149c2877,0.21,4.82,4.95,5.05,67.0,-2.5,955.3,-0.25881904510252157,0.9659258262890681,0.03439806061360801,0.9994082116062598
validation_selection,2026-01-02T00:00:00+00:00,2026-01-01T18:00:00+00:00,2026-01-03T00:00:00+00:00,2026-01-03T05:00:00+05:00,24,24.0,25fafd4055ca3dc1ebd69157a20b31099584a864a2e83cf2b2f52bd23a33cdc6,0.255,4.8,4.92,5.03,61.0,-2.3,956.2,0.0,1.0,0.051584366869408364,0.9986686402879997
validation_selection,2026-01-01T00:00:00+00:00,2025-12-31T18:00:00+00:00,2026-01-03T00:00:00+00:00,2026-01-03T05:00:00+05:00,48,48.0,cdfb5213b25da607bca1d334786166f6bf388938448737edd4ae9784149c2877,0.255,4.92,5.05,5.15,70.0,-2.7,955.4,0.0,1.0,0.051584366869408364,0.9986686402879997
validation_selection,2026-01-02T00:00:00+00:00,2026-01-01T18:00:00+00:00,2026-01-03T01:00:00+00:00,2026-01-03T06:00:00+05:00,24,25.0,25fafd4055ca3dc1ebd69157a20b31099584a864a2e83cf2b2f52bd23a33cdc6,0.16,4.65,4.77,4.87,60.0,-2.6,956.6,0.25881904510252074,0.9659258262890683,0.051584366869408364,0.9986686402879997
validation_selection,2026-01-01T00:00:00+00:00,2025-12-31T18:00:00+00:00,2026-01-03T01:00:00+00:00,2026-01-03T06:00:00+05:00,48,49.0,cdfb5213b25da607bca1d334786166f6bf388938448737edd4ae9784149c2877,0.16,5.31,5.45,5.56,68.0,-2.7,955.5,0.25881904510252074,0.9659258262890683,0.051584366869408364,0.9986686402879997
validation_selection,2026-01-02T00:00:00+00:00,2026-01-01T18:00:00+00:00,2026-01-03T02:00:00+00:00,2026-01-03T07:00:00+05:00,24,26.0,25fafd4055ca3dc1ebd69157a20b31099584a864a2e83cf2b2f52bd23a33cdc6,0.26,4.86,4.99,5.09,63.0,-2.7,957.0,0.49999999999999994,0.8660254037844387,0.051584366869408364,0.9986686402879997
validation_selection,2026-01-01T00:00:00+00:00,2025-12-31T18:00:00+00:00,2026-01-03T02:00:00+00:00,2026-01-03T07:00:00+05:00,48,50.0,cdfb5213b25da607bca1d334786166f6bf388938448737edd4ae9784149c2877,0.26,5.71,5.86,5.98,65.0,-2.9,955.6,0.49999999999999994,0.8660254037844387,0.051584366869408364,0.9986686402879997
validation_selection,2026-01-02T06:00:00+00:00,2026-01-02T00:00:00+00:00,2026-01-03T03:00:00+00:00,2026-01-03T08:00:00+05:00,24,21.0,bcfbed85eebb396ef9251bcfa6a9fc8c30987b2276e1840e91a2fa2df651fc3b,0.22833333333333336,5.69,5.84,5.96,61.0,-2.0,956.9,0.7071067811865476,0.7071067811865476,0.051584366869408364,0.9986686402879997
validation_selection,2026-01-01T06:00:00+00:00,2026-01-01T00:00:00+00:00,2026-01-03T03:00:00+00:00,2026-01-03T08:00:00+05:00,48,45.0,4dea69288c8fd604c5b75c01d83bf4e20465c9d4249f1106e767aaac754606eb,0.22833333333333336,5.91,6.06,6.19,63.0,-2.4,956.3,0.7071067811865476,0.7071067811865476,0.051584366869408364,0.9986686402879997
validation_selection,2026-01-02T06:00:00+00:00,2026-01-02T00:00:00+00:00,2026-01-03T04:00:00+00:00,2026-01-03T09:00:00+05:00,24,22.0,bcfbed85eebb396ef9251bcfa6a9fc8c30987b2276e1840e91a2fa2df651fc3b,0.165,5.71,5.86,5.98,63.0,0.0,957.5,0.8660254037844386,0.5000000000000001,0.051584366869408364,0.9986686402879997
validation_selection,2026-01-01T06:00:00+00:00,2026-01-01T00:00:00+00:00,2026-01-03T04:00:00+00:00,2026-01-03T09:00:00+05:00,48,46.0,4dea69288c8fd604c5b75c01d83bf4e20465c9d4249f1106e767aaac754606eb,0.165,5.69,5.84,5.96,63.0,0.1,957.0,0.8660254037844386,0.5000000000000001,0.051584366869408364,0.9986686402879997
validation_selection,2026-01-02T06:00:00+00:00,2026-01-02T00:00:00+00:00,2026-01-03T05:00:00+00:00,2026-01-03T10:00:00+05:00,24,23.0,bcfbed85eebb396ef9251bcfa6a9fc8c30987b2276e1840e91a2fa2df651fc3b,0.15166666666666667,5.3,5.44,5.55,58.0,2.1,958.2,0.9659258262890683,0.25881904510252074,0.051584366869408364,0.9986686402879997
validation_selection,2026-01-01T06:00:00+00:00,2026-01-01T00:00:00+00:00,2026-01-03T05:00:00+00:00,2026-01-03T10:00:00+05:00,48,47.0,4dea69288c8fd604c5b75c01d83bf4e20465c9d4249f1106e767aaac754606eb,0.15166666666666667,4.73,4.85,4.96,58.0,2.4,957.6,0.9659258262890683,0.25881904510252074,0.051584366869408364,0.9986686402879997
validation_selection,2026-01-02T06:00:00+00:00,2026-01-02T00:00:00+00:00,2026-01-03T06:00:00+00:00,2026-01-03T11:00:00+05:00,24,24.0,bcfbed85eebb396ef9251bcfa6a9fc8c30987b2276e1840e91a2fa2df651fc3b,0.07333333333333333,5.53,5.67,5.79,57.0,3.3,958.0,1.0,6.123233995736766e-17,0.051584366869408364,0.9986686402879997
validation_selection,2026-01-01T06:00:00+00:00,2026-01-01T00:00:00+00:00,2026-01-03T06:00:00+00:00,2026-01-03T11:00:00+05:00,48,48.0,4dea69288c8fd604c5b75c01d83bf4e20465c9d4249f1106e767aaac754606eb,0.07333333333333333,5.33,5.46,5.58,57.0,3.8,957.5,1.0,6.123233995736766e-17,0.051584366869408364,0.9986686402879997
validation_selection,2026-01-02T06:00:00+00:00,2026-01-02T00:00:00+00:00,2026-01-03T07:00:00+00:00,2026-01-03T12:00:00+05:00,24,25.0,bcfbed85eebb396ef9251bcfa6a9fc8c30987b2276e1840e91a2fa2df651fc3b,0.13333333333333333,5.35,5.49,5.61,57.0,4.1,957.6,0.9659258262890683,-0.25881904510252063,0.051584366869408364,0.9986686402879997
validation_selection,2026-01-01T06:00:00+00:00,2026-01-01T00:00:00+00:00,2026-01-03T07:00:00+00:00,2026-01-03T12:00:00+05:00,48,49.0,4dea69288c8fd604c5b75c01d83bf4e20465c9d4249f1106e767aaac754606eb,0.13333333333333333,5.38,5.52,5.63,56.0,4.6,957.0,0.9659258262890683,-0.25881904510252063,0.051584366869408364,0.9986686402879997
validation_selection,2026-01-02T06:00:00+00:00,2026-01-02T00:00:00+00:00,2026-01-03T08:00:00+00:00,2026-01-03T13:00:00+05:00,24,26.0,bcfbed85eebb396ef9251bcfa6a9fc8c30987b2276e1840e91a2fa2df651fc3b,0.17666666666666667,5.22,5.35,5.46,60.0,4.7,957.4,0.8660254037844387,-0.4999999999999998,0.051584366869408364,0.9986686402879997
validation_selection,2026-01-01T06:00:00+00:00,2026-01-01T00:00:00+00:00,2026-01-03T08:00:00+00:00,2026-01-03T13:00:00+05:00,48,50.0,4dea69288c8fd604c5b75c01d83bf4e20465c9d4249f1106e767aaac754606eb,0.17666666666666667,5.23,5.37,5.48,58.0,5.0,956.9,0.8660254037844387,-0.4999999999999998,0.051584366869408364,0.9986686402879997
validation_selection,2026-01-02T12:00:00+00:00,2026-01-02T06:00:00+00:00,2026-01-03T09:00:00+00:00,2026-01-03T14:00:00+05:00,24,21.0,a12e03dae8af4798a2728d77676fc36750bc932318f14e838d0a5ef50c2ce3ef,0.17166666666666666,5.25,5.39,5.5,62.0,4.7,957.3,0.7071067811865476,-0.7071067811865475,0.051584366869408364,0.9986686402879997
validation_selection,2026-01-01T12:00:00+00:00,2026-01-01T06:00:00+00:00,2026-01-03T09:00:00+00:00,2026-01-03T14:00:00+05:00,48,45.0,4355730a629a08099b9bad34e92f24bde6c1b2f4a0bb9d38e6dd75aadfa50e56,0.17166666666666666,5.53,5.67,5.79,60.0,4.5,957.1,0.7071067811865476,-0.7071067811865475,0.051584366869408364,0.9986686402879997
validation_selection,2026-01-02T12:00:00+00:00,2026-01-02T06:00:00+00:00,2026-01-03T10:00:00+00:00,2026-01-03T15:00:00+05:00,24,22.0,a12e03dae8af4798a2728d77676fc36750bc932318f14e838d0a5ef50c2ce3ef,0.19666666666666666,5.56,5.71,5.82,66.0,3.9,957.5,0.49999999999999994,-0.8660254037844387,0.051584366869408364,0.9986686402879997
validation_selection,2026-01-01T12:00:00+00:00,2026-01-01T06:00:00+00:00,2026-01-03T10:00:00+00:00,2026-01-03T15:00:00+05:00,48,46.0,4355730a629a08099b9bad34e92f24bde6c1b2f4a0bb9d38e6dd75aadfa50e56,0.19666666666666666,5.73,5.88,6.0,64.0,3.6,957.2,0.49999999999999994,-0.8660254037844387,0.051584366869408364,0.9986686402879997
validation_selection,2026-01-02T12:00:00+00:00,2026-01-02T06:00:00+00:00,2026-01-03T11:00:00+00:00,2026-01-03T16:00:00+05:00,24,23.0,a12e03dae8af4798a2728d77676fc36750bc932318f14e838d0a5ef50c2ce3ef,0.24333333333333332,5.89,6.04,6.17,66.0,1.9,957.3,0.258819045102521,-0.9659258262890682,0.051584366869408364,0.9986686402879997
validation_selection,2026-01-01T12:00:00+00:00,2026-01-01T06:00:00+00:00,2026-01-03T11:00:00+00:00,2026-01-03T16:00:00+05:00,48,47.0,4355730a629a08099b9bad34e92f24bde6c1b2f4a0bb9d38e6dd75aadfa50e56,0.24333333333333332,6.08,6.24,6.37,63.0,1.7,956.9,0.258819045102521,-0.9659258262890682,0.051584366869408364,0.9986686402879997
validation_selection,2026-01-02T12:00:00+00:00,2026-01-02T06:00:00+00:00,2026-01-03T12:00:00+00:00,2026-01-03T17:00:00+05:00,24,24.0,a12e03dae8af4798a2728d77676fc36750bc932318f14e838d0a5ef50c2ce3ef,0.255,5.96,6.11,6.24,66.0,0.9,957.4,1.2246467991473532e-16,-1.0,0.051584366869408364,0.9986686402879997
validation_selection,2026-01-01T12:00:00+00:00,2026-01-01T06:00:00+00:00,2026-01-03T12:00:00+00:00,2026-01-03T17:00:00+05:00,48,48.0,4355730a629a08099b9bad34e92f24bde6c1b2f4a0bb9d38e6dd75aadfa50e56,0.255,5.93,6.08,6.21,64.0,0.5,956.9,1.2246467991473532e-16,-1.0,0.051584366869408364,0.9986686402879997
validation_selection,2026-01-02T12:00:00+00:00,2026-01-02T06:00:00+00:00,2026-01-03T13:00:00+00:00,2026-01-03T18:00:00+05:00,24,25.0,a12e03dae8af4798a2728d77676fc36750bc932318f14e838d0a5ef50c2ce3ef,0.5216666666666666,6.16,6.32,6.45,68.0,0.8,957.5,-0.2588190451025208,-0.9659258262890683,0.051584366869408364,0.9986686402879997
validation_selection,2026-01-01T12:00:00+00:00,2026-01-01T06:00:00+00:00,2026-01-03T13:00:00+00:00,2026-01-03T18:00:00+05:00,48,49.0,4355730a629a08099b9bad34e92f24bde6c1b2f4a0bb9d38e6dd75aadfa50e56,0.5216666666666666,6.02,6.17,6.3,65.0,0.6,957.3,-0.2588190451025208,-0.9659258262890683,0.051584366869408364,0.9986686402879997
validation_selection,2026-01-02T12:00:00+00:00,2026-01-02T06:00:00+00:00,2026-01-03T14:00:00+00:00,2026-01-03T19:00:00+05:00,24,26.0,a12e03dae8af4798a2728d77676fc36750bc932318f14e838d0a5ef50c2ce3ef,0.215,5.92,6.07,6.2,70.0,0.6,957.8,-0.4999999999999997,-0.8660254037844388,0.051584366869408364,0.9986686402879997
validation_selection,2026-01-01T12:00:00+00:00,2026-01-01T06:00:00+00:00,2026-01-03T14:00:00+00:00,2026-01-03T19:00:00+05:00,48,50.0,4355730a629a08099b9bad34e92f24bde6c1b2f4a0bb9d38e6dd75aadfa50e56,0.215,5.98,6.14,6.27,67.0,0.5,957.6,-0.4999999999999997,-0.8660254037844388,0.051584366869408364,0.9986686402879997
validation_selection,2026-01-02T18:00:00+00:00,2026-01-02T12:00:00+00:00,2026-01-03T15:00:00+00:00,2026-01-03T20:00:00+05:00,24,21.0,5e2a6f32b34805631a4c5305d94164936f3d792508b490b7d546a2a9d2b650f1,0.5683333333333334,5.69,5.84,5.96,69.0,0.7,957.8,-0.7071067811865471,-0.7071067811865479,0.051584366869408364,0.9986686402879997
validation_selection,2026-01-01T18:00:00+00:00,2026-01-01T12:00:00+00:00,2026-01-03T15:00:00+00:00,2026-01-03T20:00:00+05:00,48,45.0,b089b24ea18bfce85ee43e2a660b101e5e1883b7c5e32c493f1bbf519c52d627,0.5683333333333334,5.74,5.89,6.01,66.0,0.6,957.7,-0.7071067811865471,-0.7071067811865479,0.051584366869408364,0.9986686402879997
validation_selection,2026-01-02T18:00:00+00:00,2026-01-02T12:00:00+00:00,2026-01-03T16:00:00+00:00,2026-01-03T21:00:00+05:00,24,22.0,5e2a6f32b34805631a4c5305d94164936f3d792508b490b7d546a2a9d2b650f1,0.29833333333333334,5.23,5.36,5.47,74.0,0.6,958.0,-0.8660254037844385,-0.5000000000000004,0.051584366869408364,0.9986686402879997
validation_selection,2026-01-01T18:00:00+00:00,2026-01-01T12:00:00+00:00,2026-01-03T16:00:00+00:00,2026-01-03T21:00:00+05:00,48,46.0,b089b24ea18bfce85ee43e2a660b101e5e1883b7c5e32c493f1bbf519c52d627,0.29833333333333334,5.54,5.68,5.8,69.0,0.2,957.8,-0.8660254037844385,-0.5000000000000004,0.051584366869408364,0.9986686402879997
validation_selection,2026-01-02T18:00:00+00:00,2026-01-02T12:00:00+00:00,2026-01-03T17:00:00+00:00,2026-01-03T22:00:00+05:00,24,23.0,5e2a6f32b34805631a4c5305d94164936f3d792508b490b7d546a2a9d2b650f1,0.19000000000000003,5.24,5.38,5.49,70.0,0.8,958.2,-0.9659258262890683,-0.25881904510252063,0.051584366869408364,0.9986686402879997
validation_selection,2026-01-01T18:00:00+00:00,2026-01-01T12:00:00+00:00,2026-01-03T17:00:00+00:00,2026-01-03T22:00:00+05:00,48,47.0,b089b24ea18bfce85ee43e2a660b101e5e1883b7c5e32c493f1bbf519c52d627,0.19000000000000003,5.77,5.92,6.04,70.0,-0.1,957.6,-0.9659258262890683,-0.25881904510252063,0.051584366869408364,0.9986686402879997
validation_selection,2026-01-02T18:00:00+00:00,2026-01-02T12:00:00+00:00,2026-01-03T18:00:00+00:00,2026-01-03T23:00:00+05:00,24,24.0,5e2a6f32b34805631a4c5305d94164936f3d792508b490b7d546a2a9d2b650f1,0.30833333333333335,5.13,5.27,5.37,72.0,0.8,958.5,-1.0,-1.8369701987210297e-16,0.051584366869408364,0.9986686402879997
validation_selection,2026-01-01T18:00:00+00:00,2026-01-01T12:00:00+00:00,2026-01-03T18:00:00+00:00,2026-01-03T23:00:00+05:00,48,48.0,b089b24ea18bfce85ee43e2a660b101e5e1883b7c5e32c493f1bbf519c52d627,0.30833333333333335,5.81,5.96,6.08,67.0,-0.3,957.6,-1.0,-1.8369701987210297e-16,0.051584366869408364,0.9986686402879997
validation_selection,2026-01-02T18:00:00+00:00,2026-01-02T12:00:00+00:00,2026-01-03T19:00:00+00:00,2026-01-04T00:00:00+05:00,24,25.0,5e2a6f32b34805631a4c5305d94164936f3d792508b490b7d546a2a9d2b650f1,0.23166666666666666,5.06,5.19,5.3,74.0,0.9,958.6,-0.9659258262890684,0.2588190451025203,0.051584366869408364,0.9986686402879997
validation_selection,2026-01-01T18:00:00+00:00,2026-01-01T12:00:00+00:00,2026-01-03T19:00:00+00:00,2026-01-04T00:00:00+05:00,48,49.0,b089b24ea18bfce85ee43e2a660b101e5e1883b7c5e32c493f1bbf519c52d627,0.23166666666666666,5.82,5.97,6.1,65.0,-0.6,957.8,-0.9659258262890684,0.2588190451025203,0.051584366869408364,0.9986686402879997
validation_selection,2026-01-02T18:00:00+00:00,2026-01-02T12:00:00+00:00,2026-01-03T20:00:00+00:00,2026-01-04T01:00:00+05:00,24,26.0,5e2a6f32b34805631a4c5305d94164936f3d792508b490b7d546a2a9d2b650f1,0.2866666666666667,5.22,5.36,5.47,76.0,0.4,958.3,-0.8660254037844386,0.5000000000000001,0.051584366869408364,0.9986686402879997
validation_selection,2026-01-01T18:00:00+00:00,2026-01-01T12:00:00+00:00,2026-01-03T20:00:00+00:00,2026-01-04T01:00:00+05:00,48,50.0,b089b24ea18bfce85ee43e2a660b101e5e1883b7c5e32c493f1bbf519c52d627,0.2866666666666667,5.61,5.76,5.88,70.0,-1.0,957.8,-0.8660254037844386,0.5000000000000001,0.051584366869408364,0.9986686402879997
validation_selection,2026-01-03T00:00:00+00:00,2026-01-02T18:00:00+00:00,2026-01-03T21:00:00+00:00,2026-01-04T02:00:00+05:00,24,21.0,830b55208fb30c27f12a9b7dea27b63931e6143f3dfa008128908be470d370ae,0.28,5.4,5.54,5.66,77.0,0.4,958.4,-0.7071067811865477,0.7071067811865474,0.051584366869408364,0.9986686402879997
validation_selection,2026-01-02T00:00:00+00:00,2026-01-01T18:00:00+00:00,2026-01-03T21:00:00+00:00,2026-01-04T02:00:00+05:00,48,45.0,25fafd4055ca3dc1ebd69157a20b31099584a864a2e83cf2b2f52bd23a33cdc6,0.28,5.5,5.65,5.76,70.0,-0.6,958.3,-0.7071067811865477,0.7071067811865474,0.051584366869408364,0.9986686402879997
validation_selection,2026-01-03T00:00:00+00:00,2026-01-02T18:00:00+00:00,2026-01-03T22:00:00+00:00,2026-01-04T03:00:00+05:00,24,22.0,830b55208fb30c27f12a9b7dea27b63931e6143f3dfa008128908be470d370ae,0.19000000000000003,5.66,5.81,5.93,75.0,-0.1,958.2,-0.5000000000000004,0.8660254037844384,0.051584366869408364,0.9986686402879997
validation_selection,2026-01-02T00:00:00+00:00,2026-01-01T18:00:00+00:00,2026-01-03T22:00:00+00:00,2026-01-04T03:00:00+05:00,48,46.0,25fafd4055ca3dc1ebd69157a20b31099584a864a2e83cf2b2f52bd23a33cdc6,0.19000000000000003,6.05,6.2,6.33,67.0,-0.4,958.8,-0.5000000000000004,0.8660254037844384,0.051584366869408364,0.9986686402879997
validation_selection,2026-01-03T00:00:00+00:00,2026-01-02T18:00:00+00:00,2026-01-03T23:00:00+00:00,2026-01-04T04:00:00+05:00,24,23.0,830b55208fb30c27f12a9b7dea27b63931e6143f3dfa008128908be470d370ae,0.2733333333333334,5.81,5.96,6.08,71.0,-0.3,958.2,-0.25881904510252157,0.9659258262890681,0.051584366869408364,0.9986686402879997
validation_selection,2026-01-02T00:00:00+00:00,2026-01-01T18:00:00+00:00,2026-01-03T23:00:00+00:00,2026-01-04T04:00:00+05:00,48,47.0,25fafd4055ca3dc1ebd69157a20b31099584a864a2e83cf2b2f52bd23a33cdc6,0.2733333333333334,6.41,6.58,6.72,73.0,-0.2,958.9,-0.25881904510252157,0.9659258262890681,0.051584366869408364,0.9986686402879997
validation_selection,2026-01-03T00:00:00+00:00,2026-01-02T18:00:00+00:00,2026-01-04T00:00:00+00:00,2026-01-04T05:00:00+05:00,24,24.0,830b55208fb30c27f12a9b7dea27b63931e6143f3dfa008128908be470d370ae,0.26666666666666666,6.22,6.38,6.51,66.0,-0.4,958.6,0.0,1.0,0.06875540848113941,0.9976335468520451
validation_selection,2026-01-02T00:00:00+00:00,2026-01-01T18:00:00+00:00,2026-01-04T00:00:00+00:00,2026-01-04T05:00:00+05:00,48,48.0,25fafd4055ca3dc1ebd69157a20b31099584a864a2e83cf2b2f52bd23a33cdc6,0.26666666666666666,6.44,6.61,6.75,71.0,-0.1,959.0,0.0,1.0,0.06875540848113941,0.9976335468520451
validation_selection,2026-01-03T00:00:00+00:00,2026-01-02T18:00:00+00:00,2026-01-04T01:00:00+00:00,2026-01-04T06:00:00+05:00,24,25.0,830b55208fb30c27f12a9b7dea27b63931e6143f3dfa008128908be470d370ae,0.39166666666666666,6.65,6.82,6.96,70.0,-0.3,958.8,0.25881904510252074,0.9659258262890683,0.06875540848113941,0.9976335468520451
validation_selection,2026-01-02T00:00:00+00:00,2026-01-01T18:00:00+00:00,2026-01-04T01:00:00+00:00,2026-01-04T06:00:00+05:00,48,49.0,25fafd4055ca3dc1ebd69157a20b31099584a864a2e83cf2b2f52bd23a33cdc6,0.39166666666666666,6.43,6.59,6.73,68.0,-0.3,959.4,0.25881904510252074,0.9659258262890683,0.06875540848113941,0.9976335468520451
validation_selection,2026-01-03T00:00:00+00:00,2026-01-02T18:00:00+00:00,2026-01-04T02:00:00+00:00,2026-01-04T07:00:00+05:00,24,26.0,830b55208fb30c27f12a9b7dea27b63931e6143f3dfa008128908be470d370ae,0.30833333333333335,6.74,6.92,7.06,69.0,-0.6,959.1,0.49999999999999994,0.8660254037844387,0.06875540848113941,0.9976335468520451
validation_selection,2026-01-02T00:00:00+00:00,2026-01-01T18:00:00+00:00,2026-01-04T02:00:00+00:00,2026-01-04T07:00:00+05:00,48,50.0,25fafd4055ca3dc1ebd69157a20b31099584a864a2e83cf2b2f52bd23a33cdc6,0.30833333333333335,6.55,6.72,6.86,72.0,-0.5,959.8,0.49999999999999994,0.8660254037844387,0.06875540848113941,0.9976335468520451
validation_selection,2026-01-03T06:00:00+00:00,2026-01-03T00:00:00+00:00,2026-01-04T03:00:00+00:00,2026-01-04T08:00:00+05:00,24,21.0,d84c2a3c4c84a8f6057c41569be0fbfacd13374d16530b469aa284d7e83196fb,0.5016666666666666,6.41,6.58,6.71,70.0,-0.6,960.0,0.7071067811865476,0.7071067811865476,0.06875540848113941,0.9976335468520451
validation_selection,2026-01-02T06:00:00+00:00,2026-01-02T00:00:00+00:00,2026-01-04T03:00:00+00:00,2026-01-04T08:00:00+05:00,48,45.0,bcfbed85eebb396ef9251bcfa6a9fc8c30987b2276e1840e91a2fa2df651fc3b,0.5016666666666666,6.77,6.94,7.08,72.0,-0.6,960.0,0.7071067811865476,0.7071067811865476,0.06875540848113941,0.9976335468520451
validation_selection,2026-01-03T06:00:00+00:00,2026-01-03T00:00:00+00:00,2026-01-04T04:00:00+00:00,2026-01-04T09:00:00+05:00,24,22.0,d84c2a3c4c84a8f6057c41569be0fbfacd13374d16530b469aa284d7e83196fb,0.07166666666666667,4.22,4.33,4.42,68.0,1.3,961.4,0.8660254037844386,0.5000000000000001,0.06875540848113941,0.9976335468520451
validation_selection,2026-01-02T06:00:00+00:00,2026-01-02T00:00:00+00:00,2026-01-04T04:00:00+00:00,2026-01-04T09:00:00+05:00,48,46.0,bcfbed85eebb396ef9251bcfa6a9fc8c30987b2276e1840e91a2fa2df651fc3b,0.07166666666666667,6.23,6.39,6.52,76.0,1.7,960.9,0.8660254037844386,0.5000000000000001,0.06875540848113941,0.9976335468520451
validation_selection,2026-01-03T06:00:00+00:00,2026-01-03T00:00:00+00:00,2026-01-04T05:00:00+00:00,2026-01-04T10:00:00+05:00,24,23.0,d84c2a3c4c84a8f6057c41569be0fbfacd13374d16530b469aa284d7e83196fb,0.07166666666666667,3.35,3.43,3.51,254.0,2.1,963.1,0.9659258262890683,0.25881904510252074,0.06875540848113941,0.9976335468520451
validation_selection,2026-01-02T06:00:00+00:00,2026-01-02T00:00:00+00:00,2026-01-04T05:00:00+00:00,2026-01-04T10:00:00+05:00,48,47.0,bcfbed85eebb396ef9251bcfa6a9fc8c30987b2276e1840e91a2fa2df651fc3b,0.07166666666666667,3.19,3.27,3.34,71.0,3.6,961.7,0.9659258262890683,0.25881904510252074,0.06875540848113941,0.9976335468520451
validation_selection,2026-01-03T06:00:00+00:00,2026-01-03T00:00:00+00:00,2026-01-04T06:00:00+00:00,2026-01-04T11:00:00+05:00,24,24.0,d84c2a3c4c84a8f6057c41569be0fbfacd13374d16530b469aa284d7e83196fb,0.07333333333333333,2.31,2.37,2.42,226.0,3.7,962.8,1.0,6.123233995736766e-17,0.06875540848113941,0.9976335468520451
validation_selection,2026-01-02T06:00:00+00:00,2026-01-02T00:00:00+00:00,2026-01-04T06:00:00+00:00,2026-01-04T11:00:00+05:00,48,48.0,bcfbed85eebb396ef9251bcfa6a9fc8c30987b2276e1840e91a2fa2df651fc3b,0.07333333333333333,2.2,2.26,2.31,288.0,3.8,962.6,1.0,6.123233995736766e-17,0.06875540848113941,0.9976335468520451
validation_selection,2026-01-03T06:00:00+00:00,2026-01-03T00:00:00+00:00,2026-01-04T07:00:00+00:00,2026-01-04T12:00:00+05:00,24,25.0,d84c2a3c4c84a8f6057c41569be0fbfacd13374d16530b469aa284d7e83196fb,0.01,3.73,3.83,3.91,263.0,4.8,962.4,0.9659258262890683,-0.25881904510252063,0.06875540848113941,0.9976335468520451
validation_selection,2026-01-02T06:00:00+00:00,2026-01-02T00:00:00+00:00,2026-01-04T07:00:00+00:00,2026-01-04T12:00:00+05:00,48,49.0,bcfbed85eebb396ef9251bcfa6a9fc8c30987b2276e1840e91a2fa2df651fc3b,0.01,2.01,2.06,2.1,247.0,4.6,962.5,0.9659258262890683,-0.25881904510252063,0.06875540848113941,0.9976335468520451
validation_selection,2026-01-03T06:00:00+00:00,2026-01-03T00:00:00+00:00,2026-01-04T08:00:00+00:00,2026-01-04T13:00:00+05:00,24,26.0,d84c2a3c4c84a8f6057c41569be0fbfacd13374d16530b469aa284d7e83196fb,0.01,4.31,4.42,4.51,265.0,5.2,962.3,0.8660254037844387,-0.4999999999999998,0.06875540848113941,0.9976335468520451
validation_selection,2026-01-02T06:00:00+00:00,2026-01-02T00:00:00+00:00,2026-01-04T08:00:00+00:00,2026-01-04T13:00:00+05:00,48,50.0,bcfbed85eebb396ef9251bcfa6a9fc8c30987b2276e1840e91a2fa2df651fc3b,0.01,3.78,3.88,3.96,258.0,5.4,962.5,0.8660254037844387,-0.4999999999999998,0.06875540848113941,0.9976335468520451
validation_selection,2026-01-03T12:00:00+00:00,2026-01-03T06:00:00+00:00,2026-01-04T09:00:00+00:00,2026-01-04T14:00:00+05:00,24,21.0,f5fec8c0af70641253ebaf5fd4a22f826a200661864e434c17b832acfc17e38d,0.01,4.45,4.56,4.66,261.0,5.2,962.1,0.7071067811865476,-0.7071067811865475,0.06875540848113941,0.9976335468520451
validation_selection,2026-01-02T12:00:00+00:00,2026-01-02T06:00:00+00:00,2026-01-04T09:00:00+00:00,2026-01-04T14:00:00+05:00,48,45.0,a12e03dae8af4798a2728d77676fc36750bc932318f14e838d0a5ef50c2ce3ef,0.01,4.38,4.49,4.58,262.0,5.2,962.4,0.7071067811865476,-0.7071067811865475,0.06875540848113941,0.9976335468520451
validation_selection,2026-01-03T12:00:00+00:00,2026-01-03T06:00:00+00:00,2026-01-04T10:00:00+00:00,2026-01-04T15:00:00+05:00,24,22.0,f5fec8c0af70641253ebaf5fd4a22f826a200661864e434c17b832acfc17e38d,0.03333333333333333,4.37,4.48,4.57,259.0,4.5,962.5,0.49999999999999994,-0.8660254037844387,0.06875540848113941,0.9976335468520451
validation_selection,2026-01-02T12:00:00+00:00,2026-01-02T06:00:00+00:00,2026-01-04T10:00:00+00:00,2026-01-04T15:00:00+05:00,48,46.0,a12e03dae8af4798a2728d77676fc36750bc932318f14e838d0a5ef50c2ce3ef,0.03333333333333333,5.05,5.18,5.29,257.0,4.4,962.8,0.49999999999999994,-0.8660254037844387,0.06875540848113941,0.9976335468520451
validation_selection,2026-01-03T12:00:00+00:00,2026-01-03T06:00:00+00:00,2026-01-04T11:00:00+00:00,2026-01-04T16:00:00+05:00,24,23.0,f5fec8c0af70641253ebaf5fd4a22f826a200661864e434c17b832acfc17e38d,0.25333333333333335,4.71,4.83,4.93,259.0,1.7,962.5,0.258819045102521,-0.9659258262890682,0.06875540848113941,0.9976335468520451
validation_selection,2026-01-02T12:00:00+00:00,2026-01-02T06:00:00+00:00,2026-01-04T11:00:00+00:00,2026-01-04T16:00:00+05:00,48,47.0,a12e03dae8af4798a2728d77676fc36750bc932318f14e838d0a5ef50c2ce3ef,0.25333333333333335,5.01,5.14,5.25,249.0,2.1,962.8,0.258819045102521,-0.9659258262890682,0.06875540848113941,0.9976335468520451
validation_selection,2026-01-03T12:00:00+00:00,2026-01-03T06:00:00+00:00,2026-01-04T12:00:00+00:00,2026-01-04T17:00:00+05:00,24,24.0,f5fec8c0af70641253ebaf5fd4a22f826a200661864e434c17b832acfc17e38d,0.6166666666666666,5.6,5.75,5.87,249.0,0.3,963.2,1.2246467991473532e-16,-1.0,0.06875540848113941,0.9976335468520451
validation_selection,2026-01-02T12:00:00+00:00,2026-01-02T06:00:00+00:00,2026-01-04T12:00:00+00:00,2026-01-04T17:00:00+05:00,48,48.0,a12e03dae8af4798a2728d77676fc36750bc932318f14e838d0a5ef50c2ce3ef,0.6166666666666666,5.64,5.79,5.91,244.0,0.8,963.1,1.2246467991473532e-16,-1.0,0.06875540848113941,0.9976335468520451
validation_selection,2026-01-03T12:00:00+00:00,2026-01-03T06:00:00+00:00,2026-01-04T13:00:00+00:00,2026-01-04T18:00:00+05:00,24,25.0,f5fec8c0af70641253ebaf5fd4a22f826a200661864e434c17b832acfc17e38d,0.6016666666666667,6.67,6.84,6.98,229.0,0.4,963.7,-0.2588190451025208,-0.9659258262890683,0.06875540848113941,0.9976335468520451
validation_selection,2026-01-02T12:00:00+00:00,2026-01-02T06:00:00+00:00,2026-01-04T13:00:00+00:00,2026-01-04T18:00:00+05:00,48,49.0,a12e03dae8af4798a2728d77676fc36750bc932318f14e838d0a5ef50c2ce3ef,0.6016666666666667,6.51,6.68,6.82,239.0,0.7,963.9,-0.2588190451025208,-0.9659258262890683,0.06875540848113941,0.9976335468520451
validation_selection,2026-01-03T12:00:00+00:00,2026-01-03T06:00:00+00:00,2026-01-04T14:00:00+00:00,2026-01-04T19:00:00+05:00,24,26.0,f5fec8c0af70641253ebaf5fd4a22f826a200661864e434c17b832acfc17e38d,0.6366666666666667,7.5,7.7,7.86,236.0,0.4,964.3,-0.4999999999999997,-0.8660254037844388,0.06875540848113941,0.9976335468520451
validation_selection,2026-01-02T12:00:00+00:00,2026-01-02T06:00:00+00:00,2026-01-04T14:00:00+00:00,2026-01-04T19:00:00+05:00,48,50.0,a12e03dae8af4798a2728d77676fc36750bc932318f14e838d0a5ef50c2ce3ef,0.6366666666666667,7.0,7.18,7.33,242.0,0.6,964.4,-0.4999999999999997,-0.8660254037844388,0.06875540848113941,0.9976335468520451
validation_selection,2026-01-03T18:00:00+00:00,2026-01-03T12:00:00+00:00,2026-01-04T15:00:00+00:00,2026-01-04T20:00:00+05:00,24,21.0,f828b228f9812d59f251502df39be609049549980e0db469bbd62118f52518b8,0.47500000000000003,6.15,6.31,6.44,241.0,0.1,964.6,-0.7071067811865471,-0.7071067811865479,0.06875540848113941,0.9976335468520451
validation_selection,2026-01-02T18:00:00+00:00,2026-01-02T12:00:00+00:00,2026-01-04T15:00:00+00:00,2026-01-04T20:00:00+05:00,48,45.0,5e2a6f32b34805631a4c5305d94164936f3d792508b490b7d546a2a9d2b650f1,0.47500000000000003,8.07,8.28,8.45,235.0,0.1,965.1,-0.7071067811865471,-0.7071067811865479,0.06875540848113941,0.9976335468520451
validation_selection,2026-01-03T18:00:00+00:00,2026-01-03T12:00:00+00:00,2026-01-04T16:00:00+00:00,2026-01-04T21:00:00+05:00,24,22.0,f828b228f9812d59f251502df39be609049549980e0db469bbd62118f52518b8,0.3233333333333333,6.26,6.42,6.55,243.0,0.0,965.1,-0.8660254037844385,-0.5000000000000004,0.06875540848113941,0.9976335468520451
validation_selection,2026-01-02T18:00:00+00:00,2026-01-02T12:00:00+00:00,2026-01-04T16:00:00+00:00,2026-01-04T21:00:00+05:00,48,46.0,5e2a6f32b34805631a4c5305d94164936f3d792508b490b7d546a2a9d2b650f1,0.3233333333333333,7.69,7.89,8.05,231.0,0.3,965.3,-0.8660254037844385,-0.5000000000000004,0.06875540848113941,0.9976335468520451
validation_selection,2026-01-03T18:00:00+00:00,2026-01-03T12:00:00+00:00,2026-01-04T17:00:00+00:00,2026-01-04T22:00:00+05:00,24,23.0,f828b228f9812d59f251502df39be609049549980e0db469bbd62118f52518b8,0.4683333333333333,6.84,7.02,7.16,237.0,-0.1,965.4,-0.9659258262890683,-0.25881904510252063,0.06875540848113941,0.9976335468520451
validation_selection,2026-01-02T18:00:00+00:00,2026-01-02T12:00:00+00:00,2026-01-04T17:00:00+00:00,2026-01-04T22:00:00+05:00,48,47.0,5e2a6f32b34805631a4c5305d94164936f3d792508b490b7d546a2a9d2b650f1,0.4683333333333333,7.64,7.84,8.0,230.0,0.4,965.4,-0.9659258262890683,-0.25881904510252063,0.06875540848113941,0.9976335468520451
validation_selection,2026-01-03T18:00:00+00:00,2026-01-03T12:00:00+00:00,2026-01-04T18:00:00+00:00,2026-01-04T23:00:00+05:00,24,24.0,f828b228f9812d59f251502df39be609049549980e0db469bbd62118f52518b8,0.7666666666666666,6.95,7.13,7.28,232.0,-0.1,965.6,-1.0,-1.8369701987210297e-16,0.06875540848113941,0.9976335468520451
validation_selection,2026-01-02T18:00:00+00:00,2026-01-02T12:00:00+00:00,2026-01-04T18:00:00+00:00,2026-01-04T23:00:00+05:00,48,48.0,5e2a6f32b34805631a4c5305d94164936f3d792508b490b7d546a2a9d2b650f1,0.7666666666666666,7.68,7.88,8.04,232.0,0.6,965.6,-1.0,-1.8369701987210297e-16,0.06875540848113941,0.9976335468520451
validation_selection,2026-01-03T18:00:00+00:00,2026-01-03T12:00:00+00:00,2026-01-04T19:00:00+00:00,2026-01-05T00:00:00+05:00,24,25.0,f828b228f9812d59f251502df39be609049549980e0db469bbd62118f52518b8,0.2866666666666667,6.78,6.96,7.1,233.0,-0.1,965.7,-0.9659258262890684,0.2588190451025203,0.06875540848113941,0.9976335468520451
validation_selection,2026-01-02T18:00:00+00:00,2026-01-02T12:00:00+00:00,2026-01-04T19:00:00+00:00,2026-01-05T00:00:00+05:00,48,49.0,5e2a6f32b34805631a4c5305d94164936f3d792508b490b7d546a2a9d2b650f1,0.2866666666666667,7.55,7.74,7.9,238.0,0.6,965.9,-0.9659258262890684,0.2588190451025203,0.06875540848113941,0.9976335468520451
validation_selection,2026-01-03T18:00:00+00:00,2026-01-03T12:00:00+00:00,2026-01-04T20:00:00+00:00,2026-01-05T01:00:00+05:00,24,26.0,f828b228f9812d59f251502df39be609049549980e0db469bbd62118f52518b8,0.32666666666666666,6.3,6.46,6.6,235.0,-0.1,965.8,-0.8660254037844386,0.5000000000000001,0.06875540848113941,0.9976335468520451
validation_selection,2026-01-02T18:00:00+00:00,2026-01-02T12:00:00+00:00,2026-01-04T20:00:00+00:00,2026-01-05T01:00:00+05:00,48,50.0,5e2a6f32b34805631a4c5305d94164936f3d792508b490b7d546a2a9d2b650f1,0.32666666666666666,7.73,7.93,8.1,240.0,0.7,966.1,-0.8660254037844386,0.5000000000000001,0.06875540848113941,0.9976335468520451
validation_selection,2026-01-04T00:00:00+00:00,2026-01-03T18:00:00+00:00,2026-01-04T21:00:00+00:00,2026-01-05T02:00:00+05:00,24,21.0,2361ac22ea03c4daff8b37fca496a490327f0ccfe0469ec75237d1207f1e2beb,0.3416666666666666,4.06,4.17,4.26,247.0,-1.0,965.7,-0.7071067811865477,0.7071067811865474,0.06875540848113941,0.9976335468520451
validation_selection,2026-01-03T00:00:00+00:00,2026-01-02T18:00:00+00:00,2026-01-04T21:00:00+00:00,2026-01-05T02:00:00+05:00,48,45.0,830b55208fb30c27f12a9b7dea27b63931e6143f3dfa008128908be470d370ae,0.3416666666666666,7.36,7.55,7.71,239.0,0.7,966.4,-0.7071067811865477,0.7071067811865474,0.06875540848113941,0.9976335468520451
validation_selection,2026-01-04T00:00:00+00:00,2026-01-03T18:00:00+00:00,2026-01-04T22:00:00+00:00,2026-01-05T03:00:00+05:00,24,22.0,2361ac22ea03c4daff8b37fca496a490327f0ccfe0469ec75237d1207f1e2beb,0.2783333333333334,4.1,4.21,4.29,250.0,-0.8,966.1,-0.5000000000000004,0.8660254037844384,0.06875540848113941,0.9976335468520451
validation_selection,2026-01-03T00:00:00+00:00,2026-01-02T18:00:00+00:00,2026-01-04T22:00:00+00:00,2026-01-05T03:00:00+05:00,48,46.0,830b55208fb30c27f12a9b7dea27b63931e6143f3dfa008128908be470d370ae,0.2783333333333334,7.46,7.66,7.81,235.0,0.9,966.8,-0.5000000000000004,0.8660254037844384,0.06875540848113941,0.9976335468520451
validation_selection,2026-01-04T00:00:00+00:00,2026-01-03T18:00:00+00:00,2026-01-04T23:00:00+00:00,2026-01-05T04:00:00+05:00,24,23.0,2361ac22ea03c4daff8b37fca496a490327f0ccfe0469ec75237d1207f1e2beb,0.17,4.33,4.44,4.53,247.0,-1.0,966.4,-0.25881904510252157,0.9659258262890681,0.06875540848113941,0.9976335468520451
validation_selection,2026-01-03T00:00:00+00:00,2026-01-02T18:00:00+00:00,2026-01-04T23:00:00+00:00,2026-01-05T04:00:00+05:00,48,47.0,830b55208fb30c27f12a9b7dea27b63931e6143f3dfa008128908be470d370ae,0.17,7.12,7.3,7.45,232.0,0.6,967.0,-0.25881904510252157,0.9659258262890681,0.06875540848113941,0.9976335468520451
validation_selection,2026-01-04T00:00:00+00:00,2026-01-03T18:00:00+00:00,2026-01-05T00:00:00+00:00,2026-01-05T05:00:00+05:00,24,24.0,2361ac22ea03c4daff8b37fca496a490327f0ccfe0469ec75237d1207f1e2beb,0.12333333333333334,4.47,4.59,4.68,242.0,-0.5,967.0,0.0,1.0,0.08590610426133272,0.9963032375991965
validation_selection,2026-01-03T00:00:00+00:00,2026-01-02T18:00:00+00:00,2026-01-05T00:00:00+00:00,2026-01-05T05:00:00+05:00,48,48.0,830b55208fb30c27f12a9b7dea27b63931e6143f3dfa008128908be470d370ae,0.12333333333333334,6.29,6.45,6.59,229.0,0.5,967.6,0.0,1.0,0.08590610426133272,0.9963032375991965
validation_selection,2026-01-04T00:00:00+00:00,2026-01-03T18:00:00+00:00,2026-01-05T01:00:00+00:00,2026-01-05T06:00:00+05:00,24,25.0,2361ac22ea03c4daff8b37fca496a490327f0ccfe0469ec75237d1207f1e2beb,0.045000000000000005,4.78,4.9,5.0,241.0,0.5,967.9,0.25881904510252074,0.9659258262890683,0.08590610426133272,0.9963032375991965
validation_selection,2026-01-03T00:00:00+00:00,2026-01-02T18:00:00+00:00,2026-01-05T01:00:00+00:00,2026-01-05T06:00:00+05:00,48,49.0,830b55208fb30c27f12a9b7dea27b63931e6143f3dfa008128908be470d370ae,0.045000000000000005,5.68,5.83,5.95,234.0,-0.4,968.3,0.25881904510252074,0.9659258262890683,0.08590610426133272,0.9963032375991965
validation_selection,2026-01-04T00:00:00+00:00,2026-01-03T18:00:00+00:00,2026-01-05T02:00:00+00:00,2026-01-05T07:00:00+05:00,24,26.0,2361ac22ea03c4daff8b37fca496a490327f0ccfe0469ec75237d1207f1e2beb,0.01,4.4,4.52,4.61,244.0,0.7,968.8,0.49999999999999994,0.8660254037844387,0.08590610426133272,0.9963032375991965
validation_selection,2026-01-03T00:00:00+00:00,2026-01-02T18:00:00+00:00,2026-01-05T02:00:00+00:00,2026-01-05T07:00:00+05:00,48,50.0,830b55208fb30c27f12a9b7dea27b63931e6143f3dfa008128908be470d370ae,0.01,5.53,5.67,5.79,235.0,-0.3,969.0,0.49999999999999994,0.8660254037844387,0.08590610426133272,0.9963032375991965
validation_selection,2026-01-04T06:00:00+00:00,2026-01-04T00:00:00+00:00,2026-01-05T03:00:00+00:00,2026-01-05T08:00:00+05:00,24,21.0,5403cca3d932c907aa6658671cbf2f181fd9c1eb0b3e640e904ff287b57ae065,0.01,2.0,2.05,2.09,269.0,0.1,969.3,0.7071067811865476,0.7071067811865476,0.08590610426133272,0.9963032375991965
validation_selection,2026-01-03T06:00:00+00:00,2026-01-03T00:00:00+00:00,2026-01-05T03:00:00+00:00,2026-01-05T08:00:00+05:00,48,45.0,d84c2a3c4c84a8f6057c41569be0fbfacd13374d16530b469aa284d7e83196fb,0.01,5.02,5.15,5.26,234.0,-0.1,969.9,0.7071067811865476,0.7071067811865476,0.08590610426133272,0.9963032375991965
validation_selection,2026-01-04T06:00:00+00:00,2026-01-04T00:00:00+00:00,2026-01-05T04:00:00+00:00,2026-01-05T09:00:00+05:00,24,22.0,5403cca3d932c907aa6658671cbf2f181fd9c1eb0b3e640e904ff287b57ae065,0.01,1.25,1.28,1.3,301.0,0.5,970.4,0.8660254037844386,0.5000000000000001,0.08590610426133272,0.9963032375991965
validation_selection,2026-01-03T06:00:00+00:00,2026-01-03T00:00:00+00:00,2026-01-05T04:00:00+00:00,2026-01-05T09:00:00+05:00,48,46.0,d84c2a3c4c84a8f6057c41569be0fbfacd13374d16530b469aa284d7e83196fb,0.01,3.73,3.82,3.9,244.0,2.0,971.0,0.8660254037844386,0.5000000000000001,0.08590610426133272,0.9963032375991965
validation_selection,2026-01-04T06:00:00+00:00,2026-01-04T00:00:00+00:00,2026-01-05T05:00:00+00:00,2026-01-05T10:00:00+05:00,24,23.0,5403cca3d932c907aa6658671cbf2f181fd9c1eb0b3e640e904ff287b57ae065,0.01,0.59,0.6,0.62,294.0,1.3,971.2,0.9659258262890683,0.25881904510252074,0.08590610426133272,0.9963032375991965
validation_selection,2026-01-03T06:00:00+00:00,2026-01-03T00:00:00+00:00,2026-01-05T05:00:00+00:00,2026-01-05T10:00:00+05:00,48,47.0,d84c2a3c4c84a8f6057c41569be0fbfacd13374d16530b469aa284d7e83196fb,0.01,3.07,3.15,3.22,273.0,2.9,971.6,0.9659258262890683,0.25881904510252074,0.08590610426133272,0.9963032375991965
validation_selection,2026-01-04T06:00:00+00:00,2026-01-04T00:00:00+00:00,2026-01-05T06:00:00+00:00,2026-01-05T11:00:00+05:00,24,24.0,5403cca3d932c907aa6658671cbf2f181fd9c1eb0b3e640e904ff287b57ae065,0.01,0.52,0.53,0.54,311.0,2.1,971.3,1.0,6.123233995736766e-17,0.08590610426133272,0.9963032375991965
validation_selection,2026-01-03T06:00:00+00:00,2026-01-03T00:00:00+00:00,2026-01-05T06:00:00+00:00,2026-01-05T11:00:00+05:00,48,48.0,d84c2a3c4c84a8f6057c41569be0fbfacd13374d16530b469aa284d7e83196fb,0.01,2.99,3.07,3.13,289.0,3.1,971.7,1.0,6.123233995736766e-17,0.08590610426133272,0.9963032375991965
validation_selection,2026-01-04T06:00:00+00:00,2026-01-04T00:00:00+00:00,2026-01-05T07:00:00+00:00,2026-01-05T12:00:00+05:00,24,25.0,5403cca3d932c907aa6658671cbf2f181fd9c1eb0b3e640e904ff287b57ae065,0.018333333333333333,1.28,1.32,1.34,279.0,2.8,970.9,0.9659258262890683,-0.25881904510252063,0.08590610426133272,0.9963032375991965
validation_selection,2026-01-03T06:00:00+00:00,2026-01-03T00:00:00+00:00,2026-01-05T07:00:00+00:00,2026-01-05T12:00:00+05:00,48,49.0,d84c2a3c4c84a8f6057c41569be0fbfacd13374d16530b469aa284d7e83196fb,0.018333333333333333,2.61,2.67,2.73,291.0,3.4,971.5,0.9659258262890683,-0.25881904510252063,0.08590610426133272,0.9963032375991965
validation_selection,2026-01-04T06:00:00+00:00,2026-01-04T00:00:00+00:00,2026-01-05T08:00:00+00:00,2026-01-05T13:00:00+05:00,24,26.0,5403cca3d932c907aa6658671cbf2f181fd9c1eb0b3e640e904ff287b57ae065,0.03166666666666667,1.32,1.35,1.38,270.0,3.4,970.9,0.8660254037844387,-0.4999999999999998,0.08590610426133272,0.9963032375991965
validation_selection,2026-01-03T06:00:00+00:00,2026-01-03T00:00:00+00:00,2026-01-05T08:00:00+00:00,2026-01-05T13:00:00+05:00,48,50.0,d84c2a3c4c84a8f6057c41569be0fbfacd13374d16530b469aa284d7e83196fb,0.03166666666666667,2.18,2.23,2.28,286.0,3.6,971.4,0.8660254037844387,-0.4999999999999998,0.08590610426133272,0.9963032375991965
validation_selection,2026-01-04T12:00:00+00:00,2026-01-04T06:00:00+00:00,2026-01-05T09:00:00+00:00,2026-01-05T14:00:00+05:00,24,21.0,40c19c36a2cc3fccbdd62c72320b1fcd2c5c82378b60aed4301e23c2bd5d56b8,0.01,1.37,1.41,1.44,253.0,3.7,970.8,0.7071067811865476,-0.7071067811865475,0.08590610426133272,0.9963032375991965
validation_selection,2026-01-03T12:00:00+00:00,2026-01-03T06:00:00+00:00,2026-01-05T09:00:00+00:00,2026-01-05T14:00:00+05:00,48,45.0,f5fec8c0af70641253ebaf5fd4a22f826a200661864e434c17b832acfc17e38d,0.01,1.62,1.66,1.7,286.0,3.5,971.3,0.7071067811865476,-0.7071067811865475,0.08590610426133272,0.9963032375991965
validation_selection,2026-01-04T12:00:00+00:00,2026-01-04T06:00:00+00:00,2026-01-05T10:00:00+00:00,2026-01-05T15:00:00+05:00,24,22.0,40c19c36a2cc3fccbdd62c72320b1fcd2c5c82378b60aed4301e23c2bd5d56b8,0.01,1.08,1.1,1.13,265.0,3.7,971.3,0.49999999999999994,-0.8660254037844387,0.08590610426133272,0.9963032375991965
validation_selection,2026-01-03T12:00:00+00:00,2026-01-03T06:00:00+00:00,2026-01-05T10:00:00+00:00,2026-01-05T15:00:00+05:00,48,46.0,f5fec8c0af70641253ebaf5fd4a22f826a200661864e434c17b832acfc17e38d,0.01,1.45,1.49,1.52,290.0,3.2,971.7,0.49999999999999994,-0.8660254037844387,0.08590610426133272,0.9963032375991965
validation_selection,2026-01-04T12:00:00+00:00,2026-01-04T06:00:00+00:00,2026-01-05T11:00:00+00:00,2026-01-05T16:00:00+05:00,24,23.0,40c19c36a2cc3fccbdd62c72320b1fcd2c5c82378b60aed4301e23c2bd5d56b8,0.02,1.04,1.07,1.09,323.0,1.6,971.2,0.258819045102521,-0.9659258262890682,0.08590610426133272,0.9963032375991965
validation_selection,2026-01-03T12:00:00+00:00,2026-01-03T06:00:00+00:00,2026-01-05T11:00:00+00:00,2026-01-05T16:00:00+05:00,48,47.0,f5fec8c0af70641253ebaf5fd4a22f826a200661864e434c17b832acfc17e38d,0.02,2.41,2.47,2.52,328.0,1.1,971.6,0.258819045102521,-0.9659258262890682,0.08590610426133272,0.9963032375991965
validation_selection,2026-01-04T12:00:00+00:00,2026-01-04T06:00:00+00:00,2026-01-05T12:00:00+00:00,2026-01-05T17:00:00+05:00,24,24.0,40c19c36a2cc3fccbdd62c72320b1fcd2c5c82378b60aed4301e23c2bd5d56b8,0.03666666666666667,2.29,2.35,2.4,38.0,-0.3,971.2,1.2246467991473532e-16,-1.0,0.08590610426133272,0.9963032375991965
validation_selection,2026-01-03T12:00:00+00:00,2026-01-03T06:00:00+00:00,2026-01-05T12:00:00+00:00,2026-01-05T17:00:00+05:00,48,48.0,f5fec8c0af70641253ebaf5fd4a22f826a200661864e434c17b832acfc17e38d,0.03666666666666667,2.29,2.35,2.4,360.0,-1.0,971.6,1.2246467991473532e-16,-1.0,0.08590610426133272,0.9963032375991965
validation_selection,2026-01-04T12:00:00+00:00,2026-01-04T06:00:00+00:00,2026-01-05T13:00:00+00:00,2026-01-05T18:00:00+05:00,24,25.0,40c19c36a2cc3fccbdd62c72320b1fcd2c5c82378b60aed4301e23c2bd5d56b8,0.06833333333333334,4.27,4.39,4.48,61.0,-0.5,971.1,-0.2588190451025208,-0.9659258262890683,0.08590610426133272,0.9963032375991965
validation_selection,2026-01-03T12:00:00+00:00,2026-01-03T06:00:00+00:00,2026-01-05T13:00:00+00:00,2026-01-05T18:00:00+05:00,48,49.0,f5fec8c0af70641253ebaf5fd4a22f826a200661864e434c17b832acfc17e38d,0.06833333333333334,2.25,2.31,2.35,60.0,-1.3,972.1,-0.2588190451025208,-0.9659258262890683,0.08590610426133272,0.9963032375991965
validation_selection,2026-01-04T12:00:00+00:00,2026-01-04T06:00:00+00:00,2026-01-05T14:00:00+00:00,2026-01-05T19:00:00+05:00,24,26.0,40c19c36a2cc3fccbdd62c72320b1fcd2c5c82378b60aed4301e23c2bd5d56b8,0.08333333333333333,5.93,6.08,6.21,59.0,-0.4,971.2,-0.4999999999999997,-0.8660254037844388,0.08590610426133272,0.9963032375991965
validation_selection,2026-01-03T12:00:00+00:00,2026-01-03T06:00:00+00:00,2026-01-05T14:00:00+00:00,2026-01-05T19:00:00+05:00,48,50.0,f5fec8c0af70641253ebaf5fd4a22f826a200661864e434c17b832acfc17e38d,0.08333333333333333,3.3,3.39,3.46,53.0,-1.4,972.0,-0.4999999999999997,-0.8660254037844388,0.08590610426133272,0.9963032375991965
validation_selection,2026-01-04T18:00:00+00:00,2026-01-04T12:00:00+00:00,2026-01-05T15:00:00+00:00,2026-01-05T20:00:00+05:00,24,21.0,b9eadc6778f97e912e35c2dff8fb2f7e6cec527c4c01a3852ecb39d41bcfde34,0.13166666666666668,5.98,6.13,6.26,61.0,-0.6,971.4,-0.7071067811865471,-0.7071067811865479,0.08590610426133272,0.9963032375991965
validation_selection,2026-01-03T18:00:00+00:00,2026-01-03T12:00:00+00:00,2026-01-05T15:00:00+00:00,2026-01-05T20:00:00+05:00,48,45.0,f828b228f9812d59f251502df39be609049549980e0db469bbd62118f52518b8,0.13166666666666668,5.94,6.1,6.22,59.0,-1.0,971.9,-0.7071067811865471,-0.7071067811865479,0.08590610426133272,0.9963032375991965
validation_selection,2026-01-04T18:00:00+00:00,2026-01-04T12:00:00+00:00,2026-01-05T16:00:00+00:00,2026-01-05T21:00:00+05:00,24,22.0,b9eadc6778f97e912e35c2dff8fb2f7e6cec527c4c01a3852ecb39d41bcfde34,0.18833333333333332,5.36,5.5,5.62,65.0,-1.3,971.2,-0.8660254037844385,-0.5000000000000004,0.08590610426133272,0.9963032375991965
validation_selection,2026-01-03T18:00:00+00:00,2026-01-03T12:00:00+00:00,2026-01-05T16:00:00+00:00,2026-01-05T21:00:00+05:00,48,46.0,f828b228f9812d59f251502df39be609049549980e0db469bbd62118f52518b8,0.18833333333333332,5.34,5.48,5.6,61.0,-1.7,971.7,-0.8660254037844385,-0.5000000000000004,0.08590610426133272,0.9963032375991965
validation_selection,2026-01-04T18:00:00+00:00,2026-01-04T12:00:00+00:00,2026-01-05T17:00:00+00:00,2026-01-05T22:00:00+05:00,24,23.0,b9eadc6778f97e912e35c2dff8fb2f7e6cec527c4c01a3852ecb39d41bcfde34,0.3766666666666667,5.21,5.35,5.46,62.0,-2.0,971.2,-0.9659258262890683,-0.25881904510252063,0.08590610426133272,0.9963032375991965
validation_selection,2026-01-03T18:00:00+00:00,2026-01-03T12:00:00+00:00,2026-01-05T17:00:00+00:00,2026-01-05T22:00:00+05:00,48,47.0,f828b228f9812d59f251502df39be609049549980e0db469bbd62118f52518b8,0.3766666666666667,4.95,5.08,5.18,64.0,-2.7,971.4,-0.9659258262890683,-0.25881904510252063,0.08590610426133272,0.9963032375991965
validation_selection,2026-01-04T18:00:00+00:00,2026-01-04T12:00:00+00:00,2026-01-05T18:00:00+00:00,2026-01-05T23:00:00+05:00,24,24.0,b9eadc6778f97e912e35c2dff8fb2f7e6cec527c4c01a3852ecb39d41bcfde34,0.4216666666666667,4.95,5.08,5.19,66.0,-2.4,971.0,-1.0,-1.8369701987210297e-16,0.08590610426133272,0.9963032375991965
validation_selection,2026-01-03T18:00:00+00:00,2026-01-03T12:00:00+00:00,2026-01-05T18:00:00+00:00,2026-01-05T23:00:00+05:00,48,48.0,f828b228f9812d59f251502df39be609049549980e0db469bbd62118f52518b8,0.4216666666666667,4.76,4.88,4.98,66.0,-3.0,971.3,-1.0,-1.8369701987210297e-16,0.08590610426133272,0.9963032375991965
validation_selection,2026-01-04T18:00:00+00:00,2026-01-04T12:00:00+00:00,2026-01-05T19:00:00+00:00,2026-01-06T00:00:00+05:00,24,25.0,b9eadc6778f97e912e35c2dff8fb2f7e6cec527c4c01a3852ecb39d41bcfde34,0.375,4.7,4.82,4.92,73.0,-2.8,970.8,-0.9659258262890684,0.2588190451025203,0.08590610426133272,0.9963032375991965
validation_selection,2026-01-03T18:00:00+00:00,2026-01-03T12:00:00+00:00,2026-01-05T19:00:00+00:00,2026-01-06T00:00:00+05:00,48,49.0,f828b228f9812d59f251502df39be609049549980e0db469bbd62118f52518b8,0.375,5.08,5.21,5.32,76.0,-3.1,971.0,-0.9659258262890684,0.2588190451025203,0.08590610426133272,0.9963032375991965
validation_selection,2026-01-04T18:00:00+00:00,2026-01-04T12:00:00+00:00,2026-01-05T20:00:00+00:00,2026-01-06T01:00:00+05:00,24,26.0,b9eadc6778f97e912e35c2dff8fb2f7e6cec527c4c01a3852ecb39d41bcfde34,0.31833333333333336,5.35,5.49,5.6,73.0,-3.1,970.6,-0.8660254037844386,0.5000000000000001,0.08590610426133272,0.9963032375991965
validation_selection,2026-01-03T18:00:00+00:00,2026-01-03T12:00:00+00:00,2026-01-05T20:00:00+00:00,2026-01-06T01:00:00+05:00,48,50.0,f828b228f9812d59f251502df39be609049549980e0db469bbd62118f52518b8,0.31833333333333336,5.43,5.57,5.69,78.0,-2.9,970.9,-0.8660254037844386,0.5000000000000001,0.08590610426133272,0.9963032375991965
validation_selection,2026-01-05T00:00:00+00:00,2026-01-04T18:00:00+00:00,2026-01-05T21:00:00+00:00,2026-01-06T02:00:00+05:00,24,21.0,45054f6943270f7076a6b07e6f7d594900fdf7d4cdf5fbc8066a15f3ea95d5b9,0.8166666666666668,5.75,5.9,6.03,79.0,-2.3,970.8,-0.7071067811865477,0.7071067811865474,0.08590610426133272,0.9963032375991965
validation_selection,2026-01-04T00:00:00+00:00,2026-01-03T18:00:00+00:00,2026-01-05T21:00:00+00:00,2026-01-06T02:00:00+05:00,48,45.0,2361ac22ea03c4daff8b37fca496a490327f0ccfe0469ec75237d1207f1e2beb,0.8166666666666668,5.26,5.4,5.51,91.0,-2.5,970.8,-0.7071067811865477,0.7071067811865474,0.08590610426133272,0.9963032375991965
validation_selection,2026-01-05T00:00:00+00:00,2026-01-04T18:00:00+00:00,2026-01-05T22:00:00+00:00,2026-01-06T03:00:00+05:00,24,22.0,45054f6943270f7076a6b07e6f7d594900fdf7d4cdf5fbc8066a15f3ea95d5b9,0.9866666666666667,5.85,6.0,6.12,83.0,-1.6,970.6,-0.5000000000000004,0.8660254037844384,0.08590610426133272,0.9963032375991965
validation_selection,2026-01-04T00:00:00+00:00,2026-01-03T18:00:00+00:00,2026-01-05T22:00:00+00:00,2026-01-06T03:00:00+05:00,48,46.0,2361ac22ea03c4daff8b37fca496a490327f0ccfe0469ec75237d1207f1e2beb,0.9866666666666667,5.88,6.04,6.16,84.0,-2.1,970.5,-0.5000000000000004,0.8660254037844384,0.08590610426133272,0.9963032375991965
validation_selection,2026-01-05T00:00:00+00:00,2026-01-04T18:00:00+00:00,2026-01-05T23:00:00+00:00,2026-01-06T04:00:00+05:00,24,23.0,45054f6943270f7076a6b07e6f7d594900fdf7d4cdf5fbc8066a15f3ea95d5b9,0.8433333333333333,6.87,7.05,7.19,75.0,-1.4,970.0,-0.25881904510252157,0.9659258262890681,0.08590610426133272,0.9963032375991965
validation_selection,2026-01-04T00:00:00+00:00,2026-01-03T18:00:00+00:00,2026-01-05T23:00:00+00:00,2026-01-06T04:00:00+05:00,48,47.0,2361ac22ea03c4daff8b37fca496a490327f0ccfe0469ec75237d1207f1e2beb,0.8433333333333333,6.57,6.74,6.88,81.0,-1.9,969.9,-0.25881904510252157,0.9659258262890681,0.08590610426133272,0.9963032375991965
validation_selection,2026-01-05T00:00:00+00:00,2026-01-04T18:00:00+00:00,2026-01-06T00:00:00+00:00,2026-01-06T05:00:00+05:00,24,24.0,45054f6943270f7076a6b07e6f7d594900fdf7d4cdf5fbc8066a15f3ea95d5b9,0.9700000000000001,7.61,7.81,7.97,77.0,-1.1,969.6,0.0,1.0,0.10303137904317879,0.9946781061893646
validation_selection,2026-01-04T00:00:00+00:00,2026-01-03T18:00:00+00:00,2026-01-06T00:00:00+00:00,2026-01-06T05:00:00+05:00,48,48.0,2361ac22ea03c4daff8b37fca496a490327f0ccfe0469ec75237d1207f1e2beb,0.9700000000000001,7.12,7.31,7.46,83.0,-1.8,969.7,0.0,1.0,0.10303137904317879,0.9946781061893646
validation_selection,2026-01-05T00:00:00+00:00,2026-01-04T18:00:00+00:00,2026-01-06T01:00:00+00:00,2026-01-06T06:00:00+05:00,24,25.0,45054f6943270f7076a6b07e6f7d594900fdf7d4cdf5fbc8066a15f3ea95d5b9,0.8766666666666666,7.89,8.1,8.26,81.0,-1.0,969.2,0.25881904510252074,0.9659258262890683,0.10303137904317879,0.9946781061893646
validation_selection,2026-01-04T00:00:00+00:00,2026-01-03T18:00:00+00:00,2026-01-06T01:00:00+00:00,2026-01-06T06:00:00+05:00,48,49.0,2361ac22ea03c4daff8b37fca496a490327f0ccfe0469ec75237d1207f1e2beb,0.8766666666666666,7.07,7.25,7.4,89.0,-1.8,969.4,0.25881904510252074,0.9659258262890683,0.10303137904317879,0.9946781061893646
validation_selection,2026-01-05T00:00:00+00:00,2026-01-04T18:00:00+00:00,2026-01-06T02:00:00+00:00,2026-01-06T07:00:00+05:00,24,26.0,45054f6943270f7076a6b07e6f7d594900fdf7d4cdf5fbc8066a15f3ea95d5b9,0.9733333333333333,8.51,8.73,8.91,82.0,-1.1,969.1,0.49999999999999994,0.8660254037844387,0.10303137904317879,0.9946781061893646
validation_selection,2026-01-04T00:00:00+00:00,2026-01-03T18:00:00+00:00,2026-01-06T02:00:00+00:00,2026-01-06T07:00:00+05:00,48,50.0,2361ac22ea03c4daff8b37fca496a490327f0ccfe0469ec75237d1207f1e2beb,0.9733333333333333,7.46,7.65,7.81,92.0,-2.3,969.1,0.49999999999999994,0.8660254037844387,0.10303137904317879,0.9946781061893646
validation_selection,2026-01-05T06:00:00+00:00,2026-01-05T00:00:00+00:00,2026-01-06T03:00:00+00:00,2026-01-06T08:00:00+05:00,24,21.0,e99d39c2a4558dac647e48a9415d568515ef3d8ef2d66a539d263e6ec262aced,0.9899999999999999,8.78,9.01,9.19,84.0,-1.9,968.7,0.7071067811865476,0.7071067811865476,0.10303137904317879,0.9946781061893646
validation_selection,2026-01-04T06:00:00+00:00,2026-01-04T00:00:00+00:00,2026-01-06T03:00:00+00:00,2026-01-06T08:00:00+05:00,48,45.0,5403cca3d932c907aa6658671cbf2f181fd9c1eb0b3e640e904ff287b57ae065,0.9899999999999999,8.04,8.25,8.42,91.0,-2.1,968.5,0.7071067811865476,0.7071067811865476,0.10303137904317879,0.9946781061893646
validation_selection,2026-01-05T06:00:00+00:00,2026-01-05T00:00:00+00:00,2026-01-06T04:00:00+00:00,2026-01-06T09:00:00+05:00,24,22.0,e99d39c2a4558dac647e48a9415d568515ef3d8ef2d66a539d263e6ec262aced,0.9783333333333334,9.59,9.84,10.04,79.0,-0.4,968.6,0.8660254037844386,0.5000000000000001,0.10303137904317879,0.9946781061893646
validation_selection,2026-01-04T06:00:00+00:00,2026-01-04T00:00:00+00:00,2026-01-06T04:00:00+00:00,2026-01-06T09:00:00+05:00,48,46.0,5403cca3d932c907aa6658671cbf2f181fd9c1eb0b3e640e904ff287b57ae065,0.9783333333333334,7.92,8.13,8.3,85.0,-0.5,968.6,0.8660254037844386,0.5000000000000001,0.10303137904317879,0.9946781061893646
validation_selection,2026-01-05T06:00:00+00:00,2026-01-05T00:00:00+00:00,2026-01-06T05:00:00+00:00,2026-01-06T10:00:00+05:00,24,23.0,e99d39c2a4558dac647e48a9415d568515ef3d8ef2d66a539d263e6ec262aced,0.9683333333333333,10.22,10.49,10.7,70.0,2.2,968.3,0.9659258262890683,0.25881904510252074,0.10303137904317879,0.9946781061893646
validation_selection,2026-01-04T06:00:00+00:00,2026-01-04T00:00:00+00:00,2026-01-06T05:00:00+00:00,2026-01-06T10:00:00+05:00,48,47.0,5403cca3d932c907aa6658671cbf2f181fd9c1eb0b3e640e904ff287b57ae065,0.9683333333333333,8.23,8.45,8.62,70.0,2.1,968.6,0.9659258262890683,0.25881904510252074,0.10303137904317879,0.9946781061893646
validation_selection,2026-01-05T06:00:00+00:00,2026-01-05T00:00:00+00:00,2026-01-06T06:00:00+00:00,2026-01-06T11:00:00+05:00,24,24.0,e99d39c2a4558dac647e48a9415d568515ef3d8ef2d66a539d263e6ec262aced,0.9866666666666667,11.11,11.4,11.64,68.0,4.0,967.5,1.0,6.123233995736766e-17,0.10303137904317879,0.9946781061893646
validation_selection,2026-01-04T06:00:00+00:00,2026-01-04T00:00:00+00:00,2026-01-06T06:00:00+00:00,2026-01-06T11:00:00+05:00,48,48.0,5403cca3d932c907aa6658671cbf2f181fd9c1eb0b3e640e904ff287b57ae065,0.9866666666666667,10.25,10.52,10.74,66.0,4.0,967.7,1.0,6.123233995736766e-17,0.10303137904317879,0.9946781061893646
validation_selection,2026-01-05T06:00:00+00:00,2026-01-05T00:00:00+00:00,2026-01-06T07:00:00+00:00,2026-01-06T12:00:00+05:00,24,25.0,e99d39c2a4558dac647e48a9415d568515ef3d8ef2d66a539d263e6ec262aced,0.9766666666666666,11.86,12.16,12.41,68.0,5.0,966.2,0.9659258262890683,-0.25881904510252063,0.10303137904317879,0.9946781061893646
validation_selection,2026-01-04T06:00:00+00:00,2026-01-04T00:00:00+00:00,2026-01-06T07:00:00+00:00,2026-01-06T12:00:00+05:00,48,49.0,5403cca3d932c907aa6658671cbf2f181fd9c1eb0b3e640e904ff287b57ae065,0.9766666666666666,11.46,11.76,12.0,67.0,5.2,966.5,0.9659258262890683,-0.25881904510252063,0.10303137904317879,0.9946781061893646
validation_selection,2026-01-05T06:00:00+00:00,2026-01-05T00:00:00+00:00,2026-01-06T08:00:00+00:00,2026-01-06T13:00:00+05:00,24,26.0,e99d39c2a4558dac647e48a9415d568515ef3d8ef2d66a539d263e6ec262aced,0.9683333333333333,11.73,12.04,12.29,70.0,5.4,965.3,0.8660254037844387,-0.4999999999999998,0.10303137904317879,0.9946781061893646
validation_selection,2026-01-04T06:00:00+00:00,2026-01-04T00:00:00+00:00,2026-01-06T08:00:00+00:00,2026-01-06T13:00:00+05:00,48,50.0,5403cca3d932c907aa6658671cbf2f181fd9c1eb0b3e640e904ff287b57ae065,0.9683333333333333,11.38,11.67,11.92,70.0,5.6,965.6,0.8660254037844387,-0.4999999999999998,0.10303137904317879,0.9946781061893646
validation_selection,2026-01-05T12:00:00+00:00,2026-01-05T06:00:00+00:00,2026-01-06T09:00:00+00:00,2026-01-06T14:00:00+05:00,24,21.0,e1f6a31928b57b1129332acfbfe9c6a448f6041fa9d8a26ef23bc462798b8250,0.9866666666666667,10.82,11.1,11.33,70.0,5.3,964.6,0.7071067811865476,-0.7071067811865475,0.10303137904317879,0.9946781061893646
validation_selection,2026-01-04T12:00:00+00:00,2026-01-04T06:00:00+00:00,2026-01-06T09:00:00+00:00,2026-01-06T14:00:00+05:00,48,45.0,40c19c36a2cc3fccbdd62c72320b1fcd2c5c82378b60aed4301e23c2bd5d56b8,0.9866666666666667,10.12,10.38,10.6,68.0,5.3,964.9,0.7071067811865476,-0.7071067811865475,0.10303137904317879,0.9946781061893646
validation_selection,2026-01-05T12:00:00+00:00,2026-01-05T06:00:00+00:00,2026-01-06T10:00:00+00:00,2026-01-06T15:00:00+05:00,24,22.0,e1f6a31928b57b1129332acfbfe9c6a448f6041fa9d8a26ef23bc462798b8250,0.9899999999999999,9.88,10.14,10.34,71.0,4.5,964.2,0.49999999999999994,-0.8660254037844387,0.10303137904317879,0.9946781061893646
validation_selection,2026-01-04T12:00:00+00:00,2026-01-04T06:00:00+00:00,2026-01-06T10:00:00+00:00,2026-01-06T15:00:00+05:00,48,46.0,40c19c36a2cc3fccbdd62c72320b1fcd2c5c82378b60aed4301e23c2bd5d56b8,0.9899999999999999,9.79,10.04,10.25,65.0,4.3,964.5,0.49999999999999994,-0.8660254037844387,0.10303137904317879,0.9946781061893646
validation_selection,2026-01-05T12:00:00+00:00,2026-01-05T06:00:00+00:00,2026-01-06T11:00:00+00:00,2026-01-06T16:00:00+05:00,24,23.0,e1f6a31928b57b1129332acfbfe9c6a448f6041fa9d8a26ef23bc462798b8250,0.9883333333333333,8.89,9.12,9.31,70.0,2.2,963.7,0.258819045102521,-0.9659258262890682,0.10303137904317879,0.9946781061893646
validation_selection,2026-01-04T12:00:00+00:00,2026-01-04T06:00:00+00:00,2026-01-06T11:00:00+00:00,2026-01-06T16:00:00+05:00,48,47.0,40c19c36a2cc3fccbdd62c72320b1fcd2c5c82378b60aed4301e23c2bd5d56b8,0.9883333333333333,9.11,9.35,9.54,68.0,2.2,963.9,0.258819045102521,-0.9659258262890682,0.10303137904317879,0.9946781061893646
validation_selection,2026-01-05T12:00:00+00:00,2026-01-05T06:00:00+00:00,2026-01-06T12:00:00+00:00,2026-01-06T17:00:00+05:00,24,24.0,e1f6a31928b57b1129332acfbfe9c6a448f6041fa9d8a26ef23bc462798b8250,0.9883333333333333,8.09,8.3,8.48,70.0,-0.5,963.1,1.2246467991473532e-16,-1.0,0.10303137904317879,0.9946781061893646
validation_selection,2026-01-04T12:00:00+00:00,2026-01-04T06:00:00+00:00,2026-01-06T12:00:00+00:00,2026-01-06T17:00:00+05:00,48,48.0,40c19c36a2cc3fccbdd62c72320b1fcd2c5c82378b60aed4301e23c2bd5d56b8,0.9883333333333333,8.25,8.46,8.64,70.0,-0.3,963.3,1.2246467991473532e-16,-1.0,0.10303137904317879,0.9946781061893646
validation_selection,2026-01-05T12:00:00+00:00,2026-01-05T06:00:00+00:00,2026-01-06T13:00:00+00:00,2026-01-06T18:00:00+05:00,24,25.0,e1f6a31928b57b1129332acfbfe9c6a448f6041fa9d8a26ef23bc462798b8250,0.9899999999999999,7.54,7.73,7.89,71.0,-1.7,962.5,-0.2588190451025208,-0.9659258262890683,0.10303137904317879,0.9946781061893646
validation_selection,2026-01-04T12:00:00+00:00,2026-01-04T06:00:00+00:00,2026-01-06T13:00:00+00:00,2026-01-06T18:00:00+05:00,48,49.0,40c19c36a2cc3fccbdd62c72320b1fcd2c5c82378b60aed4301e23c2bd5d56b8,0.9899999999999999,7.77,7.97,8.14,70.0,-1.5,962.8,-0.2588190451025208,-0.9659258262890683,0.10303137904317879,0.9946781061893646
validation_selection,2026-01-05T12:00:00+00:00,2026-01-05T06:00:00+00:00,2026-01-06T14:00:00+00:00,2026-01-06T19:00:00+05:00,24,26.0,e1f6a31928b57b1129332acfbfe9c6a448f6041fa9d8a26ef23bc462798b8250,0.855,7.6,7.8,7.96,67.0,-2.0,962.4,-0.4999999999999997,-0.8660254037844388,0.10303137904317879,0.9946781061893646
validation_selection,2026-01-04T12:00:00+00:00,2026-01-04T06:00:00+00:00,2026-01-06T14:00:00+00:00,2026-01-06T19:00:00+05:00,48,50.0,40c19c36a2cc3fccbdd62c72320b1fcd2c5c82378b60aed4301e23c2bd5d56b8,0.855,7.7,7.9,8.06,68.0,-1.8,962.6,-0.4999999999999997,-0.8660254037844388,0.10303137904317879,0.9946781061893646
validation_selection,2026-01-05T18:00:00+00:00,2026-01-05T12:00:00+00:00,2026-01-06T15:00:00+00:00,2026-01-06T20:00:00+05:00,24,21.0,b05cd93e1b59007aaaeb304382716e7b641b5eee2354718a47034fbc0ed19eee,0.6966666666666667,6.58,6.75,6.89,70.0,-2.4,962.6,-0.7071067811865471,-0.7071067811865479,0.10303137904317879,0.9946781061893646
validation_selection,2026-01-04T18:00:00+00:00,2026-01-04T12:00:00+00:00,2026-01-06T15:00:00+00:00,2026-01-06T20:00:00+05:00,48,45.0,b9eadc6778f97e912e35c2dff8fb2f7e6cec527c4c01a3852ecb39d41bcfde34,0.6966666666666667,6.35,6.51,6.65,72.0,-2.3,962.6,-0.7071067811865471,-0.7071067811865479,0.10303137904317879,0.9946781061893646
validation_selection,2026-01-05T18:00:00+00:00,2026-01-05T12:00:00+00:00,2026-01-06T16:00:00+00:00,2026-01-06T21:00:00+05:00,24,22.0,b05cd93e1b59007aaaeb304382716e7b641b5eee2354718a47034fbc0ed19eee,0.4633333333333333,4.61,4.73,4.82,80.0,-3.0,962.7,-0.8660254037844385,-0.5000000000000004,0.10303137904317879,0.9946781061893646
validation_selection,2026-01-04T18:00:00+00:00,2026-01-04T12:00:00+00:00,2026-01-06T16:00:00+00:00,2026-01-06T21:00:00+05:00,48,46.0,b9eadc6778f97e912e35c2dff8fb2f7e6cec527c4c01a3852ecb39d41bcfde34,0.4633333333333333,4.53,4.64,4.74,76.0,-2.9,962.7,-0.8660254037844385,-0.5000000000000004,0.10303137904317879,0.9946781061893646
validation_selection,2026-01-05T18:00:00+00:00,2026-01-05T12:00:00+00:00,2026-01-06T17:00:00+00:00,2026-01-06T22:00:00+05:00,24,23.0,b05cd93e1b59007aaaeb304382716e7b641b5eee2354718a47034fbc0ed19eee,0.23,2.51,2.57,2.63,98.0,-3.7,962.6,-0.9659258262890683,-0.25881904510252063,0.10303137904317879,0.9946781061893646
validation_selection,2026-01-04T18:00:00+00:00,2026-01-04T12:00:00+00:00,2026-01-06T17:00:00+00:00,2026-01-06T22:00:00+05:00,48,47.0,b9eadc6778f97e912e35c2dff8fb2f7e6cec527c4c01a3852ecb39d41bcfde34,0.23,2.56,2.63,2.69,99.0,-3.3,962.8,-0.9659258262890683,-0.25881904510252063,0.10303137904317879,0.9946781061893646
validation_selection,2026-01-05T18:00:00+00:00,2026-01-05T12:00:00+00:00,2026-01-06T18:00:00+00:00,2026-01-06T23:00:00+05:00,24,24.0,b05cd93e1b59007aaaeb304382716e7b641b5eee2354718a47034fbc0ed19eee,0.02,1.53,1.57,1.6,112.0,-4.0,962.6,-1.0,-1.8369701987210297e-16,0.10303137904317879,0.9946781061893646
validation_selection,2026-01-04T18:00:00+00:00,2026-01-04T12:00:00+00:00,2026-01-06T18:00:00+00:00,2026-01-06T23:00:00+05:00,48,48.0,b9eadc6778f97e912e35c2dff8fb2f7e6cec527c4c01a3852ecb39d41bcfde34,0.02,1.9,1.95,1.99,103.0,-4.0,962.5,-1.0,-1.8369701987210297e-16,0.10303137904317879,0.9946781061893646
validation_selection,2026-01-05T18:00:00+00:00,2026-01-05T12:00:00+00:00,2026-01-06T19:00:00+00:00,2026-01-07T00:00:00+05:00,24,25.0,b05cd93e1b59007aaaeb304382716e7b641b5eee2354718a47034fbc0ed19eee,0.01,0.91,0.93,0.95,106.0,-3.8,962.9,-0.9659258262890684,0.2588190451025203,0.10303137904317879,0.9946781061893646
validation_selection,2026-01-04T18:00:00+00:00,2026-01-04T12:00:00+00:00,2026-01-06T19:00:00+00:00,2026-01-07T00:00:00+05:00,48,49.0,b9eadc6778f97e912e35c2dff8fb2f7e6cec527c4c01a3852ecb39d41bcfde34,0.01,2.25,2.31,2.36,84.0,-3.7,962.5,-0.9659258262890684,0.2588190451025203,0.10303137904317879,0.9946781061893646
validation_selection,2026-01-05T18:00:00+00:00,2026-01-05T12:00:00+00:00,2026-01-06T20:00:00+00:00,2026-01-07T01:00:00+05:00,24,26.0,b05cd93e1b59007aaaeb304382716e7b641b5eee2354718a47034fbc0ed19eee,0.028333333333333335,1.09,1.12,1.14,117.0,-3.6,962.7,-0.8660254037844386,0.5000000000000001,0.10303137904317879,0.9946781061893646
validation_selection,2026-01-04T18:00:00+00:00,2026-01-04T12:00:00+00:00,2026-01-06T20:00:00+00:00,2026-01-07T01:00:00+05:00,48,50.0,b9eadc6778f97e912e35c2dff8fb2f7e6cec527c4c01a3852ecb39d41bcfde34,0.028333333333333335,2.12,2.18,2.22,81.0,-3.5,962.8,-0.8660254037844386,0.5000000000000001,0.10303137904317879,0.9946781061893646
validation_selection,2026-01-06T00:00:00+00:00,2026-01-05T18:00:00+00:00,2026-01-06T21:00:00+00:00,2026-01-07T02:00:00+05:00,24,21.0,0fff4059fb2b8641be429e75a9fc7f81261c3cc2a8084fdb06ef6dd160885a44,0.028333333333333335,1.52,1.56,1.6,83.0,-3.1,963.1,-0.7071067811865477,0.7071067811865474,0.10303137904317879,0.9946781061893646
validation_selection,2026-01-05T00:00:00+00:00,2026-01-04T18:00:00+00:00,2026-01-06T21:00:00+00:00,2026-01-07T02:00:00+05:00,48,45.0,45054f6943270f7076a6b07e6f7d594900fdf7d4cdf5fbc8066a15f3ea95d5b9,0.028333333333333335,1.55,1.59,1.62,208.0,-3.0,963.4,-0.7071067811865477,0.7071067811865474,0.10303137904317879,0.9946781061893646
validation_selection,2026-01-06T00:00:00+00:00,2026-01-05T18:00:00+00:00,2026-01-06T22:00:00+00:00,2026-01-07T03:00:00+05:00,24,22.0,0fff4059fb2b8641be429e75a9fc7f81261c3cc2a8084fdb06ef6dd160885a44,0.01,0.99,1.01,1.03,213.0,-2.8,963.5,-0.5000000000000004,0.8660254037844384,0.10303137904317879,0.9946781061893646
validation_selection,2026-01-05T00:00:00+00:00,2026-01-04T18:00:00+00:00,2026-01-06T22:00:00+00:00,2026-01-07T03:00:00+05:00,48,46.0,45054f6943270f7076a6b07e6f7d594900fdf7d4cdf5fbc8066a15f3ea95d5b9,0.01,3.07,3.15,3.22,243.0,-2.6,963.6,-0.5000000000000004,0.8660254037844384,0.10303137904317879,0.9946781061893646
validation_selection,2026-01-06T00:00:00+00:00,2026-01-05T18:00:00+00:00,2026-01-06T23:00:00+00:00,2026-01-07T04:00:00+05:00,24,23.0,0fff4059fb2b8641be429e75a9fc7f81261c3cc2a8084fdb06ef6dd160885a44,0.01,3.56,3.65,3.73,251.0,-2.7,964.0,-0.25881904510252157,0.9659258262890681,0.10303137904317879,0.9946781061893646
validation_selection,2026-01-05T00:00:00+00:00,2026-01-04T18:00:00+00:00,2026-01-06T23:00:00+00:00,2026-01-07T04:00:00+05:00,48,47.0,45054f6943270f7076a6b07e6f7d594900fdf7d4cdf5fbc8066a15f3ea95d5b9,0.01,3.51,3.6,3.67,260.0,-2.4,964.0,-0.25881904510252157,0.9659258262890681,0.10303137904317879,0.9946781061893646
validation_selection,2026-01-06T00:00:00+00:00,2026-01-05T18:00:00+00:00,2026-01-07T00:00:00+00:00,2026-01-07T05:00:00+05:00,24,24.0,0fff4059fb2b8641be429e75a9fc7f81261c3cc2a8084fdb06ef6dd160885a44,0.01,3.61,3.7,3.78,254.0,-2.7,964.5,0.0,1.0,0.1201261651823505,0.9927586335250793
validation_selection,2026-01-05T00:00:00+00:00,2026-01-04T18:00:00+00:00,2026-01-07T00:00:00+00:00,2026-01-07T05:00:00+05:00,48,48.0,45054f6943270f7076a6b07e6f7d594900fdf7d4cdf5fbc8066a15f3ea95d5b9,0.01,3.8,3.89,3.97,254.0,-2.5,964.6,0.0,1.0,0.1201261651823505,0.9927586335250793
validation_selection,2026-01-06T00:00:00+00:00,2026-01-05T18:00:00+00:00,2026-01-07T01:00:00+00:00,2026-01-07T06:00:00+05:00,24,25.0,0fff4059fb2b8641be429e75a9fc7f81261c3cc2a8084fdb06ef6dd160885a44,0.01,3.81,3.91,3.99,267.0,-2.6,965.0,0.25881904510252074,0.9659258262890683,0.1201261651823505,0.9927586335250793
validation_selection,2026-01-05T00:00:00+00:00,2026-01-04T18:00:00+00:00,2026-01-07T01:00:00+00:00,2026-01-07T06:00:00+05:00,48,49.0,45054f6943270f7076a6b07e6f7d594900fdf7d4cdf5fbc8066a15f3ea95d5b9,0.01,4.67,4.79,4.89,254.0,-2.4,965.3,0.25881904510252074,0.9659258262890683,0.1201261651823505,0.9927586335250793
validation_selection,2026-01-06T00:00:00+00:00,2026-01-05T18:00:00+00:00,2026-01-07T02:00:00+00:00,2026-01-07T07:00:00+05:00,24,26.0,0fff4059fb2b8641be429e75a9fc7f81261c3cc2a8084fdb06ef6dd160885a44,0.01,4.22,4.33,4.42,259.0,-2.7,965.7,0.49999999999999994,0.8660254037844387,0.1201261651823505,0.9927586335250793
validation_selection,2026-01-05T00:00:00+00:00,2026-01-04T18:00:00+00:00,2026-01-07T02:00:00+00:00,2026-01-07T07:00:00+05:00,48,50.0,45054f6943270f7076a6b07e6f7d594900fdf7d4cdf5fbc8066a15f3ea95d5b9,0.01,4.02,4.12,4.21,256.0,-2.5,965.5,0.49999999999999994,0.8660254037844387,0.1201261651823505,0.9927586335250793
validation_selection,2026-01-06T06:00:00+00:00,2026-01-06T00:00:00+00:00,2026-01-07T03:00:00+00:00,2026-01-07T08:00:00+05:00,24,21.0,09a075a275b684c26a6ef4811c67d2de49025399c64806c3f8e7a503b0962fce,0.01,2.76,2.84,2.89,261.0,-2.2,966.4,0.7071067811865476,0.7071067811865476,0.1201261651823505,0.9927586335250793
validation_selection,2026-01-05T06:00:00+00:00,2026-01-05T00:00:00+00:00,2026-01-07T03:00:00+00:00,2026-01-07T08:00:00+05:00,48,45.0,e99d39c2a4558dac647e48a9415d568515ef3d8ef2d66a539d263e6ec262aced,0.01,3.3,3.39,3.46,286.0,-2.2,966.1,0.7071067811865476,0.7071067811865476,0.1201261651823505,0.9927586335250793
validation_selection,2026-01-06T06:00:00+00:00,2026-01-06T00:00:00+00:00,2026-01-07T04:00:00+00:00,2026-01-07T09:00:00+05:00,24,22.0,09a075a275b684c26a6ef4811c67d2de49025399c64806c3f8e7a503b0962fce,0.01,2.09,2.15,2.19,298.0,-0.4,967.6,0.8660254037844386,0.5000000000000001,0.1201261651823505,0.9927586335250793
validation_selection,2026-01-05T06:00:00+00:00,2026-01-05T00:00:00+00:00,2026-01-07T04:00:00+00:00,2026-01-07T09:00:00+05:00,48,46.0,e99d39c2a4558dac647e48a9415d568515ef3d8ef2d66a539d263e6ec262aced,0.01,2.6,2.67,2.72,293.0,-0.3,967.5,0.8660254037844386,0.5000000000000001,0.1201261651823505,0.9927586335250793
validation_selection,2026-01-06T06:00:00+00:00,2026-01-06T00:00:00+00:00,2026-01-07T05:00:00+00:00,2026-01-07T10:00:00+05:00,24,23.0,09a075a275b684c26a6ef4811c67d2de49025399c64806c3f8e7a503b0962fce,0.01,0.86,0.88,0.9,317.0,0.8,968.2,0.9659258262890683,0.25881904510252074,0.1201261651823505,0.9927586335250793
validation_selection,2026-01-05T06:00:00+00:00,2026-01-05T00:00:00+00:00,2026-01-07T05:00:00+00:00,2026-01-07T10:00:00+05:00,48,47.0,e99d39c2a4558dac647e48a9415d568515ef3d8ef2d66a539d263e6ec262aced,0.01,1.07,1.1,1.12,294.0,1.3,968.2,0.9659258262890683,0.25881904510252074,0.1201261651823505,0.9927586335250793
validation_selection,2026-01-06T06:00:00+00:00,2026-01-06T00:00:00+00:00,2026-01-07T06:00:00+00:00,2026-01-07T11:00:00+05:00,24,24.0,09a075a275b684c26a6ef4811c67d2de49025399c64806c3f8e7a503b0962fce,0.01,1.51,1.54,1.58,331.0,2.3,967.9,1.0,6.123233995736766e-17,0.1201261651823505,0.9927586335250793
validation_selection,2026-01-05T06:00:00+00:00,2026-01-05T00:00:00+00:00,2026-01-07T06:00:00+00:00,2026-01-07T11:00:00+05:00,48,48.0,e99d39c2a4558dac647e48a9415d568515ef3d8ef2d66a539d263e6ec262aced,0.01,1.64,1.68,1.72,330.0,2.6,968.0,1.0,6.123233995736766e-17,0.1201261651823505,0.9927586335250793
validation_selection,2026-01-06T06:00:00+00:00,2026-01-06T00:00:00+00:00,2026-01-07T07:00:00+00:00,2026-01-07T12:00:00+05:00,24,25.0,09a075a275b684c26a6ef4811c67d2de49025399c64806c3f8e7a503b0962fce,0.01,1.99,2.04,2.08,329.0,3.1,967.2,0.9659258262890683,-0.25881904510252063,0.1201261651823505,0.9927586335250793
validation_selection,2026-01-05T06:00:00+00:00,2026-01-05T00:00:00+00:00,2026-01-07T07:00:00+00:00,2026-01-07T12:00:00+05:00,48,49.0,e99d39c2a4558dac647e48a9415d568515ef3d8ef2d66a539d263e6ec262aced,0.01,1.43,1.47,1.5,325.0,3.2,967.3,0.9659258262890683,-0.25881904510252063,0.1201261651823505,0.9927586335250793
validation_selection,2026-01-06T06:00:00+00:00,2026-01-06T00:00:00+00:00,2026-01-07T08:00:00+00:00,2026-01-07T13:00:00+05:00,24,26.0,09a075a275b684c26a6ef4811c67d2de49025399c64806c3f8e7a503b0962fce,0.01,1.49,1.52,1.56,319.0,3.6,966.8,0.8660254037844387,-0.4999999999999998,0.1201261651823505,0.9927586335250793
validation_selection,2026-01-05T06:00:00+00:00,2026-01-05T00:00:00+00:00,2026-01-07T08:00:00+00:00,2026-01-07T13:00:00+05:00,48,50.0,e99d39c2a4558dac647e48a9415d568515ef3d8ef2d66a539d263e6ec262aced,0.01,0.79,0.81,0.83,313.0,3.9,966.8,0.8660254037844387,-0.4999999999999998,0.1201261651823505,0.9927586335250793
validation_selection,2026-01-06T12:00:00+00:00,2026-01-06T06:00:00+00:00,2026-01-07T09:00:00+00:00,2026-01-07T14:00:00+05:00,24,21.0,e7fd06a9ba5228eb25e24473446b1666009c56af50639169588bd3b2b320b1ad,0.01,0.5,0.51,0.52,281.0,3.6,966.4,0.7071067811865476,-0.7071067811865475,0.1201261651823505,0.9927586335250793
validation_selection,2026-01-05T12:00:00+00:00,2026-01-05T06:00:00+00:00,2026-01-07T09:00:00+00:00,2026-01-07T14:00:00+05:00,48,45.0,e1f6a31928b57b1129332acfbfe9c6a448f6041fa9d8a26ef23bc462798b8250,0.01,1.42,1.46,1.49,232.0,4.3,966.7,0.7071067811865476,-0.7071067811865475,0.1201261651823505,0.9927586335250793
validation_selection,2026-01-06T12:00:00+00:00,2026-01-06T06:00:00+00:00,2026-01-07T10:00:00+00:00,2026-01-07T15:00:00+05:00,24,22.0,e7fd06a9ba5228eb25e24473446b1666009c56af50639169588bd3b2b320b1ad,0.01,0.28,0.28,0.29,225.0,3.2,966.3,0.49999999999999994,-0.8660254037844387,0.1201261651823505,0.9927586335250793
validation_selection,2026-01-05T12:00:00+00:00,2026-01-05T06:00:00+00:00,2026-01-07T10:00:00+00:00,2026-01-07T15:00:00+05:00,48,46.0,e1f6a31928b57b1129332acfbfe9c6a448f6041fa9d8a26ef23bc462798b8250,0.01,1.28,1.32,1.34,261.0,3.5,966.6,0.49999999999999994,-0.8660254037844387,0.1201261651823505,0.9927586335250793
validation_selection,2026-01-06T12:00:00+00:00,2026-01-06T06:00:00+00:00,2026-01-07T11:00:00+00:00,2026-01-07T16:00:00+05:00,24,23.0,e7fd06a9ba5228eb25e24473446b1666009c56af50639169588bd3b2b320b1ad,0.011666666666666667,0.33,0.34,0.34,333.0,0.8,965.9,0.258819045102521,-0.9659258262890682,0.1201261651823505,0.9927586335250793
validation_selection,2026-01-05T12:00:00+00:00,2026-01-05T06:00:00+00:00,2026-01-07T11:00:00+00:00,2026-01-07T16:00:00+05:00,48,47.0,e1f6a31928b57b1129332acfbfe9c6a448f6041fa9d8a26ef23bc462798b8250,0.011666666666666667,1.29,1.32,1.35,307.0,0.5,966.1,0.258819045102521,-0.9659258262890682,0.1201261651823505,0.9927586335250793
validation_selection,2026-01-06T12:00:00+00:00,2026-01-06T06:00:00+00:00,2026-01-07T12:00:00+00:00,2026-01-07T17:00:00+05:00,24,24.0,e7fd06a9ba5228eb25e24473446b1666009c56af50639169588bd3b2b320b1ad,0.028333333333333332,1.37,1.41,1.44,6.0,-1.0,965.9,1.2246467991473532e-16,-1.0,0.1201261651823505,0.9927586335250793
validation_selection,2026-01-05T12:00:00+00:00,2026-01-05T06:00:00+00:00,2026-01-07T12:00:00+00:00,2026-01-07T17:00:00+05:00,48,48.0,e1f6a31928b57b1129332acfbfe9c6a448f6041fa9d8a26ef23bc462798b8250,0.028333333333333332,1.42,1.46,1.49,6.0,-1.4,966.3,1.2246467991473532e-16,-1.0,0.1201261651823505,0.9927586335250793
validation_selection,2026-01-06T12:00:00+00:00,2026-01-06T06:00:00+00:00,2026-01-07T13:00:00+00:00,2026-01-07T18:00:00+05:00,24,25.0,e7fd06a9ba5228eb25e24473446b1666009c56af50639169588bd3b2b320b1ad,0.02,1.79,1.84,1.88,43.0,-1.6,965.9,-0.2588190451025208,-0.9659258262890683,0.1201261651823505,0.9927586335250793
validation_selection,2026-01-05T12:00:00+00:00,2026-01-05T06:00:00+00:00,2026-01-07T13:00:00+00:00,2026-01-07T18:00:00+05:00,48,49.0,e1f6a31928b57b1129332acfbfe9c6a448f6041fa9d8a26ef23bc462798b8250,0.02,2.14,2.19,2.24,55.0,-2.0,966.5,-0.2588190451025208,-0.9659258262890683,0.1201261651823505,0.9927586335250793
validation_selection,2026-01-06T12:00:00+00:00,2026-01-06T06:00:00+00:00,2026-01-07T14:00:00+00:00,2026-01-07T19:00:00+05:00,24,26.0,e7fd06a9ba5228eb25e24473446b1666009c56af50639169588bd3b2b320b1ad,0.011666666666666667,2.76,2.83,2.89,54.0,-1.8,965.9,-0.4999999999999997,-0.8660254037844388,0.1201261651823505,0.9927586335250793
validation_selection,2026-01-05T12:00:00+00:00,2026-01-05T06:00:00+00:00,2026-01-07T14:00:00+00:00,2026-01-07T19:00:00+05:00,48,50.0,e1f6a31928b57b1129332acfbfe9c6a448f6041fa9d8a26ef23bc462798b8250,0.011666666666666667,2.93,3.01,3.07,58.0,-1.8,966.4,-0.4999999999999997,-0.8660254037844388,0.1201261651823505,0.9927586335250793
validation_selection,2026-01-06T18:00:00+00:00,2026-01-06T12:00:00+00:00,2026-01-07T15:00:00+00:00,2026-01-07T20:00:00+05:00,24,21.0,806e57d4ddd26c72480c994fa02647667439d0ecc75221adc98ef4ea9040d665,0.01,2.76,2.84,2.9,49.0,-2.1,965.3,-0.7071067811865471,-0.7071067811865479,0.1201261651823505,0.9927586335250793
validation_selection,2026-01-05T18:00:00+00:00,2026-01-05T12:00:00+00:00,2026-01-07T15:00:00+00:00,2026-01-07T20:00:00+05:00,48,45.0,b05cd93e1b59007aaaeb304382716e7b641b5eee2354718a47034fbc0ed19eee,0.01,4.19,4.3,4.39,67.0,-1.8,965.6,-0.7071067811865471,-0.7071067811865479,0.1201261651823505,0.9927586335250793
validation_selection,2026-01-06T18:00:00+00:00,2026-01-06T12:00:00+00:00,2026-01-07T16:00:00+00:00,2026-01-07T21:00:00+05:00,24,22.0,806e57d4ddd26c72480c994fa02647667439d0ecc75221adc98ef4ea9040d665,0.01,2.7,2.77,2.83,64.0,-2.1,965.3,-0.8660254037844385,-0.5000000000000004,0.1201261651823505,0.9927586335250793
validation_selection,2026-01-05T18:00:00+00:00,2026-01-05T12:00:00+00:00,2026-01-07T16:00:00+00:00,2026-01-07T21:00:00+05:00,48,46.0,b05cd93e1b59007aaaeb304382716e7b641b5eee2354718a47034fbc0ed19eee,0.01,3.87,3.97,4.05,73.0,-2.5,965.2,-0.8660254037844385,-0.5000000000000004,0.1201261651823505,0.9927586335250793
validation_selection,2026-01-06T18:00:00+00:00,2026-01-06T12:00:00+00:00,2026-01-07T17:00:00+00:00,2026-01-07T22:00:00+05:00,24,23.0,806e57d4ddd26c72480c994fa02647667439d0ecc75221adc98ef4ea9040d665,0.01,2.77,2.84,2.9,64.0,-2.1,965.3,-0.9659258262890683,-0.25881904510252063,0.1201261651823505,0.9927586335250793
validation_selection,2026-01-05T18:00:00+00:00,2026-01-05T12:00:00+00:00,2026-01-07T17:00:00+00:00,2026-01-07T22:00:00+05:00,48,47.0,b05cd93e1b59007aaaeb304382716e7b641b5eee2354718a47034fbc0ed19eee,0.01,3.76,3.86,3.94,69.0,-2.9,965.0,-0.9659258262890683,-0.25881904510252063,0.1201261651823505,0.9927586335250793
validation_selection,2026-01-06T18:00:00+00:00,2026-01-06T12:00:00+00:00,2026-01-07T18:00:00+00:00,2026-01-07T23:00:00+05:00,24,24.0,806e57d4ddd26c72480c994fa02647667439d0ecc75221adc98ef4ea9040d665,0.01,2.32,2.38,2.43,75.0,-2.4,965.5,-1.0,-1.8369701987210297e-16,0.1201261651823505,0.9927586335250793
validation_selection,2026-01-05T18:00:00+00:00,2026-01-05T12:00:00+00:00,2026-01-07T18:00:00+00:00,2026-01-07T23:00:00+05:00,48,48.0,b05cd93e1b59007aaaeb304382716e7b641b5eee2354718a47034fbc0ed19eee,0.01,4.13,4.23,4.32,67.0,-2.8,965.2,-1.0,-1.8369701987210297e-16,0.1201261651823505,0.9927586335250793
validation_selection,2026-01-06T18:00:00+00:00,2026-01-06T12:00:00+00:00,2026-01-07T19:00:00+00:00,2026-01-08T00:00:00+05:00,24,25.0,806e57d4ddd26c72480c994fa02647667439d0ecc75221adc98ef4ea9040d665,0.01,1.65,1.7,1.73,104.0,-2.5,965.5,-0.9659258262890684,0.2588190451025203,0.1201261651823505,0.9927586335250793
validation_selection,2026-01-05T18:00:00+00:00,2026-01-05T12:00:00+00:00,2026-01-07T19:00:00+00:00,2026-01-08T00:00:00+05:00,48,49.0,b05cd93e1b59007aaaeb304382716e7b641b5eee2354718a47034fbc0ed19eee,0.01,4.01,4.11,4.2,69.0,-3.2,964.9,-0.9659258262890684,0.2588190451025203,0.1201261651823505,0.9927586335250793
validation_selection,2026-01-06T18:00:00+00:00,2026-01-06T12:00:00+00:00,2026-01-07T20:00:00+00:00,2026-01-08T01:00:00+05:00,24,26.0,806e57d4ddd26c72480c994fa02647667439d0ecc75221adc98ef4ea9040d665,0.01,1.3,1.33,1.36,77.0,-2.5,965.3,-0.8660254037844386,0.5000000000000001,0.1201261651823505,0.9927586335250793
validation_selection,2026-01-05T18:00:00+00:00,2026-01-05T12:00:00+00:00,2026-01-07T20:00:00+00:00,2026-01-08T01:00:00+05:00,48,50.0,b05cd93e1b59007aaaeb304382716e7b641b5eee2354718a47034fbc0ed19eee,0.01,4.48,4.6,4.69,68.0,-3.4,965.0,-0.8660254037844386,0.5000000000000001,0.1201261651823505,0.9927586335250793
validation_selection,2026-01-07T00:00:00+00:00,2026-01-06T18:00:00+00:00,2026-01-07T21:00:00+00:00,2026-01-08T02:00:00+05:00,24,21.0,7bffd8a2e6acbd47b77eb9c042fa04d88644c78fd428a2677993b2a95a5b1e32,0.01,2.59,2.65,2.71,43.0,-2.8,965.6,-0.7071067811865477,0.7071067811865474,0.1201261651823505,0.9927586335250793
validation_selection,2026-01-06T00:00:00+00:00,2026-01-05T18:00:00+00:00,2026-01-07T21:00:00+00:00,2026-01-08T02:00:00+05:00,48,45.0,0fff4059fb2b8641be429e75a9fc7f81261c3cc2a8084fdb06ef6dd160885a44,0.01,3.12,3.2,3.26,80.0,-3.3,965.4,-0.7071067811865477,0.7071067811865474,0.1201261651823505,0.9927586335250793
validation_selection,2026-01-07T00:00:00+00:00,2026-01-06T18:00:00+00:00,2026-01-07T22:00:00+00:00,2026-01-08T03:00:00+05:00,24,22.0,7bffd8a2e6acbd47b77eb9c042fa04d88644c78fd428a2677993b2a95a5b1e32,0.01,2.17,2.23,2.28,70.0,-3.1,965.7,-0.5000000000000004,0.8660254037844384,0.1201261651823505,0.9927586335250793
validation_selection,2026-01-06T00:00:00+00:00,2026-01-05T18:00:00+00:00,2026-01-07T22:00:00+00:00,2026-01-08T03:00:00+05:00,48,46.0,0fff4059fb2b8641be429e75a9fc7f81261c3cc2a8084fdb06ef6dd160885a44,0.01,2.59,2.66,2.72,64.0,-3.7,965.1,-0.5000000000000004,0.8660254037844384,0.1201261651823505,0.9927586335250793
validation_selection,2026-01-07T00:00:00+00:00,2026-01-06T18:00:00+00:00,2026-01-07T23:00:00+00:00,2026-01-08T04:00:00+05:00,24,23.0,7bffd8a2e6acbd47b77eb9c042fa04d88644c78fd428a2677993b2a95a5b1e32,0.01,1.55,1.59,1.62,62.0,-3.7,965.4,-0.25881904510252157,0.9659258262890681,0.1201261651823505,0.9927586335250793
validation_selection,2026-01-06T00:00:00+00:00,2026-01-05T18:00:00+00:00,2026-01-07T23:00:00+00:00,2026-01-08T04:00:00+05:00,48,47.0,0fff4059fb2b8641be429e75a9fc7f81261c3cc2a8084fdb06ef6dd160885a44,0.01,3.07,3.15,3.21,72.0,-4.0,965.3,-0.25881904510252157,0.9659258262890681,0.1201261651823505,0.9927586335250793
validation_selection,2026-01-07T00:00:00+00:00,2026-01-06T18:00:00+00:00,2026-01-08T00:00:00+00:00,2026-01-08T05:00:00+05:00,24,24.0,7bffd8a2e6acbd47b77eb9c042fa04d88644c78fd428a2677993b2a95a5b1e32,0.01,1.96,2.02,2.06,113.0,-4.5,965.6,0.0,1.0,0.13718540405660057,0.9905453876091833
validation_selection,2026-01-06T00:00:00+00:00,2026-01-05T18:00:00+00:00,2026-01-08T00:00:00+00:00,2026-01-08T05:00:00+05:00,48,48.0,0fff4059fb2b8641be429e75a9fc7f81261c3cc2a8084fdb06ef6dd160885a44,0.01,1.61,1.65,1.68,104.0,-4.0,965.7,0.0,1.0,0.13718540405660057,0.9905453876091833
validation_selection,2026-01-07T00:00:00+00:00,2026-01-06T18:00:00+00:00,2026-01-08T01:00:00+00:00,2026-01-08T06:00:00+05:00,24,25.0,7bffd8a2e6acbd47b77eb9c042fa04d88644c78fd428a2677993b2a95a5b1e32,0.01,0.68,0.69,0.71,240.0,-4.9,965.1,0.25881904510252074,0.9659258262890683,0.13718540405660057,0.9905453876091833
validation_selection,2026-01-06T00:00:00+00:00,2026-01-05T18:00:00+00:00,2026-01-08T01:00:00+00:00,2026-01-08T06:00:00+05:00,48,49.0,0fff4059fb2b8641be429e75a9fc7f81261c3cc2a8084fdb06ef6dd160885a44,0.01,0.95,0.97,0.99,102.0,-4.0,965.9,0.25881904510252074,0.9659258262890683,0.13718540405660057,0.9905453876091833
validation_selection,2026-01-07T00:00:00+00:00,2026-01-06T18:00:00+00:00,2026-01-08T02:00:00+00:00,2026-01-08T07:00:00+05:00,24,26.0,7bffd8a2e6acbd47b77eb9c042fa04d88644c78fd428a2677993b2a95a5b1e32,0.01,2.62,2.69,2.74,29.0,-5.5,966.0,0.49999999999999994,0.8660254037844387,0.13718540405660057,0.9905453876091833
validation_selection,2026-01-06T00:00:00+00:00,2026-01-05T18:00:00+00:00,2026-01-08T02:00:00+00:00,2026-01-08T07:00:00+05:00,48,50.0,0fff4059fb2b8641be429e75a9fc7f81261c3cc2a8084fdb06ef6dd160885a44,0.01,1.27,1.3,1.32,74.0,-4.0,965.8,0.49999999999999994,0.8660254037844387,0.13718540405660057,0.9905453876091833
validation_selection,2026-01-07T06:00:00+00:00,2026-01-07T00:00:00+00:00,2026-01-08T03:00:00+00:00,2026-01-08T08:00:00+05:00,24,21.0,ffc94df33602c130ffa11f7930efbb0c744460bb177edcc3d446dae39294128b,0.01,2.88,2.95,3.01,51.0,-4.0,966.4,0.7071067811865476,0.7071067811865476,0.13718540405660057,0.9905453876091833
validation_selection,2026-01-06T06:00:00+00:00,2026-01-06T00:00:00+00:00,2026-01-08T03:00:00+00:00,2026-01-08T08:00:00+05:00,48,45.0,09a075a275b684c26a6ef4811c67d2de49025399c64806c3f8e7a503b0962fce,0.01,3.78,3.87,3.95,70.0,-4.1,966.1,0.7071067811865476,0.7071067811865476,0.13718540405660057,0.9905453876091833
validation_selection,2026-01-07T06:00:00+00:00,2026-01-07T00:00:00+00:00,2026-01-08T04:00:00+00:00,2026-01-08T09:00:00+05:00,24,22.0,ffc94df33602c130ffa11f7930efbb0c744460bb177edcc3d446dae39294128b,0.01,2.91,2.98,3.04,67.0,-1.7,967.4,0.8660254037844386,0.5000000000000001,0.13718540405660057,0.9905453876091833
validation_selection,2026-01-06T06:00:00+00:00,2026-01-06T00:00:00+00:00,2026-01-08T04:00:00+00:00,2026-01-08T09:00:00+05:00,48,46.0,09a075a275b684c26a6ef4811c67d2de49025399c64806c3f8e7a503b0962fce,0.01,4.72,4.85,4.95,68.0,-1.7,967.1,0.8660254037844386,0.5000000000000001,0.13718540405660057,0.9905453876091833
validation_selection,2026-01-07T06:00:00+00:00,2026-01-07T00:00:00+00:00,2026-01-08T05:00:00+00:00,2026-01-08T10:00:00+05:00,24,23.0,ffc94df33602c130ffa11f7930efbb0c744460bb177edcc3d446dae39294128b,0.01,2.19,2.25,2.3,53.0,-0.2,967.9,0.9659258262890683,0.25881904510252074,0.13718540405660057,0.9905453876091833
validation_selection,2026-01-06T06:00:00+00:00,2026-01-06T00:00:00+00:00,2026-01-08T05:00:00+00:00,2026-01-08T10:00:00+05:00,48,47.0,09a075a275b684c26a6ef4811c67d2de49025399c64806c3f8e7a503b0962fce,0.01,4.23,4.34,4.43,57.0,0.0,967.3,0.9659258262890683,0.25881904510252074,0.13718540405660057,0.9905453876091833
validation_selection,2026-01-07T06:00:00+00:00,2026-01-07T00:00:00+00:00,2026-01-08T06:00:00+00:00,2026-01-08T11:00:00+05:00,24,24.0,ffc94df33602c130ffa11f7930efbb0c744460bb177edcc3d446dae39294128b,0.01,2.48,2.55,2.6,47.0,1.1,967.4,1.0,6.123233995736766e-17,0.13718540405660057,0.9905453876091833
validation_selection,2026-01-06T06:00:00+00:00,2026-01-06T00:00:00+00:00,2026-01-08T06:00:00+00:00,2026-01-08T11:00:00+05:00,48,48.0,09a075a275b684c26a6ef4811c67d2de49025399c64806c3f8e7a503b0962fce,0.01,4.52,4.64,4.74,53.0,1.5,966.9,1.0,6.123233995736766e-17,0.13718540405660057,0.9905453876091833
validation_selection,2026-01-07T06:00:00+00:00,2026-01-07T00:00:00+00:00,2026-01-08T07:00:00+00:00,2026-01-08T12:00:00+05:00,24,25.0,ffc94df33602c130ffa11f7930efbb0c744460bb177edcc3d446dae39294128b,0.01,2.73,2.8,2.86,49.0,1.9,966.7,0.9659258262890683,-0.25881904510252063,0.13718540405660057,0.9905453876091833
validation_selection,2026-01-06T06:00:00+00:00,2026-01-06T00:00:00+00:00,2026-01-08T07:00:00+00:00,2026-01-08T12:00:00+05:00,48,49.0,09a075a275b684c26a6ef4811c67d2de49025399c64806c3f8e7a503b0962fce,0.01,5.12,5.25,5.36,50.0,2.7,966.1,0.9659258262890683,-0.25881904510252063,0.13718540405660057,0.9905453876091833
validation_selection,2026-01-07T06:00:00+00:00,2026-01-07T00:00:00+00:00,2026-01-08T08:00:00+00:00,2026-01-08T13:00:00+05:00,24,26.0,ffc94df33602c130ffa11f7930efbb0c744460bb177edcc3d446dae39294128b,0.008333333333333333,3.08,3.16,3.23,59.0,2.3,966.1,0.8660254037844387,-0.4999999999999998,0.13718540405660057,0.9905453876091833
validation_selection,2026-01-06T06:00:00+00:00,2026-01-06T00:00:00+00:00,2026-01-08T08:00:00+00:00,2026-01-08T13:00:00+05:00,48,50.0,09a075a275b684c26a6ef4811c67d2de49025399c64806c3f8e7a503b0962fce,0.008333333333333333,5.37,5.51,5.63,51.0,3.4,965.5,0.8660254037844387,-0.4999999999999998,0.13718540405660057,0.9905453876091833
validation_selection,2026-01-07T12:00:00+00:00,2026-01-07T06:00:00+00:00,2026-01-08T09:00:00+00:00,2026-01-08T14:00:00+05:00,24,21.0,1406f1146b4b7a4d59389e6460178048f477b8b9a16ad35c26e60d4f0a6a2c4e,0.01,2.93,3.0,3.06,60.0,2.5,965.7,0.7071067811865476,-0.7071067811865475,0.13718540405660057,0.9905453876091833
validation_selection,2026-01-06T12:00:00+00:00,2026-01-06T06:00:00+00:00,2026-01-08T09:00:00+00:00,2026-01-08T14:00:00+05:00,48,45.0,e7fd06a9ba5228eb25e24473446b1666009c56af50639169588bd3b2b320b1ad,0.01,4.33,4.44,4.54,51.0,3.0,965.4,0.7071067811865476,-0.7071067811865475,0.13718540405660057,0.9905453876091833
validation_selection,2026-01-07T12:00:00+00:00,2026-01-07T06:00:00+00:00,2026-01-08T10:00:00+00:00,2026-01-08T15:00:00+05:00,24,22.0,1406f1146b4b7a4d59389e6460178048f477b8b9a16ad35c26e60d4f0a6a2c4e,0.18333333333333335,3.3,3.38,3.45,52.0,1.8,965.5,0.49999999999999994,-0.8660254037844387,0.13718540405660057,0.9905453876091833
validation_selection,2026-01-06T12:00:00+00:00,2026-01-06T06:00:00+00:00,2026-01-08T10:00:00+00:00,2026-01-08T15:00:00+05:00,48,46.0,e7fd06a9ba5228eb25e24473446b1666009c56af50639169588bd3b2b320b1ad,0.18333333333333335,4.86,4.99,5.09,48.0,2.3,965.1,0.49999999999999994,-0.8660254037844387,0.13718540405660057,0.9905453876091833
validation_selection,2026-01-07T12:00:00+00:00,2026-01-07T06:00:00+00:00,2026-01-08T11:00:00+00:00,2026-01-08T16:00:00+05:00,24,23.0,1406f1146b4b7a4d59389e6460178048f477b8b9a16ad35c26e60d4f0a6a2c4e,0.13833333333333334,4.02,4.12,4.21,59.0,-1.1,964.7,0.258819045102521,-0.9659258262890682,0.13718540405660057,0.9905453876091833
validation_selection,2026-01-06T12:00:00+00:00,2026-01-06T06:00:00+00:00,2026-01-08T11:00:00+00:00,2026-01-08T16:00:00+05:00,48,47.0,e7fd06a9ba5228eb25e24473446b1666009c56af50639169588bd3b2b320b1ad,0.13833333333333334,5.6,5.74,5.86,57.0,0.1,964.4,0.258819045102521,-0.9659258262890682,0.13718540405660057,0.9905453876091833
validation_selection,2026-01-07T12:00:00+00:00,2026-01-07T06:00:00+00:00,2026-01-08T12:00:00+00:00,2026-01-08T17:00:00+05:00,24,24.0,1406f1146b4b7a4d59389e6460178048f477b8b9a16ad35c26e60d4f0a6a2c4e,0.135,3.86,3.96,4.04,62.0,-2.3,964.2,1.2246467991473532e-16,-1.0,0.13718540405660057,0.9905453876091833
validation_selection,2026-01-06T12:00:00+00:00,2026-01-06T06:00:00+00:00,2026-01-08T12:00:00+00:00,2026-01-08T17:00:00+05:00,48,48.0,e7fd06a9ba5228eb25e24473446b1666009c56af50639169588bd3b2b320b1ad,0.135,5.66,5.81,5.93,59.0,-1.7,963.8,1.2246467991473532e-16,-1.0,0.13718540405660057,0.9905453876091833
validation_selection,2026-01-07T12:00:00+00:00,2026-01-07T06:00:00+00:00,2026-01-08T13:00:00+00:00,2026-01-08T18:00:00+05:00,24,25.0,1406f1146b4b7a4d59389e6460178048f477b8b9a16ad35c26e60d4f0a6a2c4e,0.12,4.61,4.73,4.83,57.0,-2.4,963.9,-0.2588190451025208,-0.9659258262890683,0.13718540405660057,0.9905453876091833
validation_selection,2026-01-06T12:00:00+00:00,2026-01-06T06:00:00+00:00,2026-01-08T13:00:00+00:00,2026-01-08T18:00:00+05:00,48,49.0,e7fd06a9ba5228eb25e24473446b1666009c56af50639169588bd3b2b320b1ad,0.12,5.67,5.82,5.94,61.0,-1.9,963.4,-0.2588190451025208,-0.9659258262890683,0.13718540405660057,0.9905453876091833
validation_selection,2026-01-07T12:00:00+00:00,2026-01-07T06:00:00+00:00,2026-01-08T14:00:00+00:00,2026-01-08T19:00:00+05:00,24,26.0,1406f1146b4b7a4d59389e6460178048f477b8b9a16ad35c26e60d4f0a6a2c4e,0.01,4.93,5.06,5.17,60.0,-2.4,963.7,-0.4999999999999997,-0.8660254037844388,0.13718540405660057,0.9905453876091833
validation_selection,2026-01-06T12:00:00+00:00,2026-01-06T06:00:00+00:00,2026-01-08T14:00:00+00:00,2026-01-08T19:00:00+05:00,48,50.0,e7fd06a9ba5228eb25e24473446b1666009c56af50639169588bd3b2b320b1ad,0.01,5.73,5.88,6.0,63.0,-2.0,963.0,-0.4999999999999997,-0.8660254037844388,0.13718540405660057,0.9905453876091833
validation_selection,2026-01-07T18:00:00+00:00,2026-01-07T12:00:00+00:00,2026-01-08T15:00:00+00:00,2026-01-08T20:00:00+05:00,24,21.0,5a5849590825fa852b9e113f70ec7631c96387c1af204d91f8d8147980ae23ac,0.013333333333333334,4.24,4.35,4.44,60.0,-2.5,963.6,-0.7071067811865471,-0.7071067811865479,0.13718540405660057,0.9905453876091833
validation_selection,2026-01-06T18:00:00+00:00,2026-01-06T12:00:00+00:00,2026-01-08T15:00:00+00:00,2026-01-08T20:00:00+05:00,48,45.0,806e57d4ddd26c72480c994fa02647667439d0ecc75221adc98ef4ea9040d665,0.013333333333333334,6.36,6.53,6.66,59.0,-2.0,962.9,-0.7071067811865471,-0.7071067811865479,0.13718540405660057,0.9905453876091833
validation_selection,2026-01-07T18:00:00+00:00,2026-01-07T12:00:00+00:00,2026-01-08T16:00:00+00:00,2026-01-08T21:00:00+05:00,24,22.0,5a5849590825fa852b9e113f70ec7631c96387c1af204d91f8d8147980ae23ac,0.013333333333333334,3.95,4.05,4.13,61.0,-2.7,963.3,-0.8660254037844385,-0.5000000000000004,0.13718540405660057,0.9905453876091833
validation_selection,2026-01-06T18:00:00+00:00,2026-01-06T12:00:00+00:00,2026-01-08T16:00:00+00:00,2026-01-08T21:00:00+05:00,48,46.0,806e57d4ddd26c72480c994fa02647667439d0ecc75221adc98ef4ea9040d665,0.013333333333333334,6.39,6.55,6.69,63.0,-2.4,962.3,-0.8660254037844385,-0.5000000000000004,0.13718540405660057,0.9905453876091833
validation_selection,2026-01-07T18:00:00+00:00,2026-01-07T12:00:00+00:00,2026-01-08T17:00:00+00:00,2026-01-08T22:00:00+05:00,24,23.0,5a5849590825fa852b9e113f70ec7631c96387c1af204d91f8d8147980ae23ac,0.01,4.27,4.39,4.48,61.0,-2.9,962.8,-0.9659258262890683,-0.25881904510252063,0.13718540405660057,0.9905453876091833
validation_selection,2026-01-06T18:00:00+00:00,2026-01-06T12:00:00+00:00,2026-01-08T17:00:00+00:00,2026-01-08T22:00:00+05:00,48,47.0,806e57d4ddd26c72480c994fa02647667439d0ecc75221adc98ef4ea9040d665,0.01,6.32,6.49,6.62,65.0,-2.7,961.6,-0.9659258262890683,-0.25881904510252063,0.13718540405660057,0.9905453876091833
validation_selection,2026-01-07T18:00:00+00:00,2026-01-07T12:00:00+00:00,2026-01-08T18:00:00+00:00,2026-01-08T23:00:00+05:00,24,24.0,5a5849590825fa852b9e113f70ec7631c96387c1af204d91f8d8147980ae23ac,0.01,4.93,5.06,5.17,60.0,-3.1,962.4,-1.0,-1.8369701987210297e-16,0.13718540405660057,0.9905453876091833
validation_selection,2026-01-06T18:00:00+00:00,2026-01-06T12:00:00+00:00,2026-01-08T18:00:00+00:00,2026-01-08T23:00:00+05:00,48,48.0,806e57d4ddd26c72480c994fa02647667439d0ecc75221adc98ef4ea9040d665,0.01,6.61,6.78,6.92,68.0,-2.9,961.0,-1.0,-1.8369701987210297e-16,0.13718540405660057,0.9905453876091833
validation_selection,2026-01-07T18:00:00+00:00,2026-01-07T12:00:00+00:00,2026-01-08T19:00:00+00:00,2026-01-09T00:00:00+05:00,24,25.0,5a5849590825fa852b9e113f70ec7631c96387c1af204d91f8d8147980ae23ac,0.011666666666666667,5.26,5.4,5.51,61.0,-3.6,961.7,-0.9659258262890684,0.2588190451025203,0.13718540405660057,0.9905453876091833
validation_selection,2026-01-06T18:00:00+00:00,2026-01-06T12:00:00+00:00,2026-01-08T19:00:00+00:00,2026-01-09T00:00:00+05:00,48,49.0,806e57d4ddd26c72480c994fa02647667439d0ecc75221adc98ef4ea9040d665,0.011666666666666667,6.95,7.13,7.28,72.0,-2.9,960.4,-0.9659258262890684,0.2588190451025203,0.13718540405660057,0.9905453876091833
validation_selection,2026-01-07T18:00:00+00:00,2026-01-07T12:00:00+00:00,2026-01-08T20:00:00+00:00,2026-01-09T01:00:00+05:00,24,26.0,5a5849590825fa852b9e113f70ec7631c96387c1af204d91f8d8147980ae23ac,0.01,5.21,5.35,5.46,62.0,-4.0,961.1,-0.8660254037844386,0.5000000000000001,0.13718540405660057,0.9905453876091833
validation_selection,2026-01-06T18:00:00+00:00,2026-01-06T12:00:00+00:00,2026-01-08T20:00:00+00:00,2026-01-09T01:00:00+05:00,48,50.0,806e57d4ddd26c72480c994fa02647667439d0ecc75221adc98ef4ea9040d665,0.01,7.38,7.58,7.73,73.0,-2.8,959.8,-0.8660254037844386,0.5000000000000001,0.13718540405660057,0.9905453876091833
validation_selection,2026-01-08T00:00:00+00:00,2026-01-07T18:00:00+00:00,2026-01-08T21:00:00+00:00,2026-01-09T02:00:00+05:00,24,21.0,a210b16b92c99ef73d4064f1b078798b69d11a71ce0efea7088490600768ded7,0.013333333333333334,5.12,5.25,5.36,63.0,-4.3,960.4,-0.7071067811865477,0.7071067811865474,0.13718540405660057,0.9905453876091833
validation_selection,2026-01-07T00:00:00+00:00,2026-01-06T18:00:00+00:00,2026-01-08T21:00:00+00:00,2026-01-09T02:00:00+05:00,48,45.0,7bffd8a2e6acbd47b77eb9c042fa04d88644c78fd428a2677993b2a95a5b1e32,0.013333333333333334,7.03,7.21,7.36,71.0,-3.3,959.5,-0.7071067811865477,0.7071067811865474,0.13718540405660057,0.9905453876091833
validation_selection,2026-01-08T00:00:00+00:00,2026-01-07T18:00:00+00:00,2026-01-08T22:00:00+00:00,2026-01-09T03:00:00+05:00,24,22.0,a210b16b92c99ef73d4064f1b078798b69d11a71ce0efea7088490600768ded7,0.01,5.21,5.34,5.45,64.0,-4.5,959.8,-0.5000000000000004,0.8660254037844384,0.13718540405660057,0.9905453876091833
validation_selection,2026-01-07T00:00:00+00:00,2026-01-06T18:00:00+00:00,2026-01-08T22:00:00+00:00,2026-01-09T03:00:00+05:00,48,46.0,7bffd8a2e6acbd47b77eb9c042fa04d88644c78fd428a2677993b2a95a5b1e32,0.01,7.0,7.19,7.34,69.0,-3.4,958.9,-0.5000000000000004,0.8660254037844384,0.13718540405660057,0.9905453876091833
validation_selection,2026-01-08T00:00:00+00:00,2026-01-07T18:00:00+00:00,2026-01-08T23:00:00+00:00,2026-01-09T04:00:00+05:00,24,23.0,a210b16b92c99ef73d4064f1b078798b69d11a71ce0efea7088490600768ded7,0.01,5.45,5.59,5.71,63.0,-4.7,959.1,-0.25881904510252157,0.9659258262890681,0.13718540405660057,0.9905453876091833
validation_selection,2026-01-07T00:00:00+00:00,2026-01-06T18:00:00+00:00,2026-01-08T23:00:00+00:00,2026-01-09T04:00:00+05:00,48,47.0,7bffd8a2e6acbd47b77eb9c042fa04d88644c78fd428a2677993b2a95a5b1e32,0.01,6.71,6.88,7.02,67.0,-3.7,958.4,-0.25881904510252157,0.9659258262890681,0.13718540405660057,0.9905453876091833
validation_selection,2026-01-08T00:00:00+00:00,2026-01-07T18:00:00+00:00,2026-01-09T00:00:00+00:00,2026-01-09T05:00:00+05:00,24,24.0,a210b16b92c99ef73d4064f1b078798b69d11a71ce0efea7088490600768ded7,0.01,5.62,5.77,5.89,63.0,-4.7,959.0,0.0,1.0,0.1542040475626894,0.988039023376751
validation_selection,2026-01-07T00:00:00+00:00,2026-01-06T18:00:00+00:00,2026-01-09T00:00:00+00:00,2026-01-09T05:00:00+05:00,48,48.0,7bffd8a2e6acbd47b77eb9c042fa04d88644c78fd428a2677993b2a95a5b1e32,0.01,6.44,6.6,6.74,66.0,-4.0,958.3,0.0,1.0,0.1542040475626894,0.988039023376751
validation_selection,2026-01-08T00:00:00+00:00,2026-01-07T18:00:00+00:00,2026-01-09T01:00:00+00:00,2026-01-09T06:00:00+05:00,24,25.0,a210b16b92c99ef73d4064f1b078798b69d11a71ce0efea7088490600768ded7,0.01,5.8,5.95,6.07,62.0,-4.7,958.8,0.25881904510252074,0.9659258262890683,0.1542040475626894,0.988039023376751
validation_selection,2026-01-07T00:00:00+00:00,2026-01-06T18:00:00+00:00,2026-01-09T01:00:00+00:00,2026-01-09T06:00:00+05:00,48,49.0,7bffd8a2e6acbd47b77eb9c042fa04d88644c78fd428a2677993b2a95a5b1e32,0.01,6.22,6.38,6.51,66.0,-4.2,958.1,0.25881904510252074,0.9659258262890683,0.1542040475626894,0.988039023376751
validation_selection,2026-01-08T00:00:00+00:00,2026-01-07T18:00:00+00:00,2026-01-09T02:00:00+00:00,2026-01-09T07:00:00+05:00,24,26.0,a210b16b92c99ef73d4064f1b078798b69d11a71ce0efea7088490600768ded7,0.01,6.11,6.26,6.39,61.0,-4.6,958.8,0.49999999999999994,0.8660254037844387,0.1542040475626894,0.988039023376751
validation_selection,2026-01-07T00:00:00+00:00,2026-01-06T18:00:00+00:00,2026-01-09T02:00:00+00:00,2026-01-09T07:00:00+05:00,48,50.0,7bffd8a2e6acbd47b77eb9c042fa04d88644c78fd428a2677993b2a95a5b1e32,0.01,6.0,6.15,6.28,66.0,-4.5,957.9,0.49999999999999994,0.8660254037844387,0.1542040475626894,0.988039023376751
validation_selection,2026-01-08T06:00:00+00:00,2026-01-08T00:00:00+00:00,2026-01-09T03:00:00+00:00,2026-01-09T08:00:00+05:00,24,21.0,69a62da23e75b2265ac59d29083ab37cecc4348a1be3a9ee388442bdb7ba5999,0.01,4.69,4.81,4.91,55.0,-4.1,958.8,0.7071067811865476,0.7071067811865476,0.1542040475626894,0.988039023376751
validation_selection,2026-01-07T06:00:00+00:00,2026-01-07T00:00:00+00:00,2026-01-09T03:00:00+00:00,2026-01-09T08:00:00+05:00,48,45.0,ffc94df33602c130ffa11f7930efbb0c744460bb177edcc3d446dae39294128b,0.01,6.52,6.69,6.82,64.0,-3.8,958.0,0.7071067811865476,0.7071067811865476,0.1542040475626894,0.988039023376751
validation_selection,2026-01-08T06:00:00+00:00,2026-01-08T00:00:00+00:00,2026-01-09T04:00:00+00:00,2026-01-09T09:00:00+05:00,24,22.0,69a62da23e75b2265ac59d29083ab37cecc4348a1be3a9ee388442bdb7ba5999,0.01,4.49,4.61,4.71,49.0,-1.3,959.7,0.8660254037844386,0.5000000000000001,0.1542040475626894,0.988039023376751
validation_selection,2026-01-07T06:00:00+00:00,2026-01-07T00:00:00+00:00,2026-01-09T04:00:00+00:00,2026-01-09T09:00:00+05:00,48,46.0,ffc94df33602c130ffa11f7930efbb0c744460bb177edcc3d446dae39294128b,0.01,6.83,7.0,7.15,61.0,-0.8,958.6,0.8660254037844386,0.5000000000000001,0.1542040475626894,0.988039023376751
validation_selection,2026-01-08T06:00:00+00:00,2026-01-08T00:00:00+00:00,2026-01-09T05:00:00+00:00,2026-01-09T10:00:00+05:00,24,23.0,69a62da23e75b2265ac59d29083ab37cecc4348a1be3a9ee388442bdb7ba5999,0.01,3.68,3.77,3.85,39.0,1.1,959.9,0.9659258262890683,0.25881904510252074,0.1542040475626894,0.988039023376751
validation_selection,2026-01-07T06:00:00+00:00,2026-01-07T00:00:00+00:00,2026-01-09T05:00:00+00:00,2026-01-09T10:00:00+05:00,48,47.0,ffc94df33602c130ffa11f7930efbb0c744460bb177edcc3d446dae39294128b,0.01,5.62,5.77,5.89,56.0,2.2,958.9,0.9659258262890683,0.25881904510252074,0.1542040475626894,0.988039023376751
validation_selection,2026-01-08T06:00:00+00:00,2026-01-08T00:00:00+00:00,2026-01-09T06:00:00+00:00,2026-01-09T11:00:00+05:00,24,24.0,69a62da23e75b2265ac59d29083ab37cecc4348a1be3a9ee388442bdb7ba5999,0.01,4.52,4.64,4.74,41.0,3.0,959.2,1.0,6.123233995736766e-17,0.1542040475626894,0.988039023376751
validation_selection,2026-01-07T06:00:00+00:00,2026-01-07T00:00:00+00:00,2026-01-09T06:00:00+00:00,2026-01-09T11:00:00+05:00,48,48.0,ffc94df33602c130ffa11f7930efbb0c744460bb177edcc3d446dae39294128b,0.01,5.97,6.12,6.25,52.0,4.2,958.4,1.0,6.123233995736766e-17,0.1542040475626894,0.988039023376751
validation_selection,2026-01-08T06:00:00+00:00,2026-01-08T00:00:00+00:00,2026-01-09T07:00:00+00:00,2026-01-09T12:00:00+05:00,24,25.0,69a62da23e75b2265ac59d29083ab37cecc4348a1be3a9ee388442bdb7ba5999,0.01,5.27,5.41,5.52,44.0,4.5,958.0,0.9659258262890683,-0.25881904510252063,0.1542040475626894,0.988039023376751
validation_selection,2026-01-07T06:00:00+00:00,2026-01-07T00:00:00+00:00,2026-01-09T07:00:00+00:00,2026-01-09T12:00:00+05:00,48,49.0,ffc94df33602c130ffa11f7930efbb0c744460bb177edcc3d446dae39294128b,0.01,6.16,6.32,6.45,50.0,5.2,957.3,0.9659258262890683,-0.25881904510252063,0.1542040475626894,0.988039023376751
validation_selection,2026-01-08T06:00:00+00:00,2026-01-08T00:00:00+00:00,2026-01-09T08:00:00+00:00,2026-01-09T13:00:00+05:00,24,26.0,69a62da23e75b2265ac59d29083ab37cecc4348a1be3a9ee388442bdb7ba5999,0.011666666666666667,5.59,5.73,5.85,43.0,5.1,957.2,0.8660254037844387,-0.4999999999999998,0.1542040475626894,0.988039023376751
validation_selection,2026-01-07T06:00:00+00:00,2026-01-07T00:00:00+00:00,2026-01-09T08:00:00+00:00,2026-01-09T13:00:00+05:00,48,50.0,ffc94df33602c130ffa11f7930efbb0c744460bb177edcc3d446dae39294128b,0.011666666666666667,6.28,6.44,6.57,47.0,5.6,956.6,0.8660254037844387,-0.4999999999999998,0.1542040475626894,0.988039023376751
validation_selection,2026-01-08T12:00:00+00:00,2026-01-08T06:00:00+00:00,2026-01-09T09:00:00+00:00,2026-01-09T14:00:00+05:00,24,21.0,0eb03f42671d6837c32cc83d912432e4c1611c2978210a9cc66f40b6a552c9f8,0.01,5.69,5.83,5.96,44.0,4.9,956.7,0.7071067811865476,-0.7071067811865475,0.1542040475626894,0.988039023376751
validation_selection,2026-01-07T12:00:00+00:00,2026-01-07T06:00:00+00:00,2026-01-09T09:00:00+00:00,2026-01-09T14:00:00+05:00,48,45.0,1406f1146b4b7a4d59389e6460178048f477b8b9a16ad35c26e60d4f0a6a2c4e,0.01,4.81,4.94,5.04,40.0,5.3,956.8,0.7071067811865476,-0.7071067811865475,0.1542040475626894,0.988039023376751
validation_selection,2026-01-08T12:00:00+00:00,2026-01-08T06:00:00+00:00,2026-01-09T10:00:00+00:00,2026-01-09T15:00:00+05:00,24,22.0,0eb03f42671d6837c32cc83d912432e4c1611c2978210a9cc66f40b6a552c9f8,0.01,4.69,4.81,4.91,48.0,3.9,956.8,0.49999999999999994,-0.8660254037844387,0.1542040475626894,0.988039023376751
validation_selection,2026-01-07T12:00:00+00:00,2026-01-07T06:00:00+00:00,2026-01-09T10:00:00+00:00,2026-01-09T15:00:00+05:00,48,46.0,1406f1146b4b7a4d59389e6460178048f477b8b9a16ad35c26e60d4f0a6a2c4e,0.01,3.56,3.66,3.73,40.0,4.0,956.6,0.49999999999999994,-0.8660254037844387,0.1542040475626894,0.988039023376751
validation_selection,2026-01-08T12:00:00+00:00,2026-01-08T06:00:00+00:00,2026-01-09T11:00:00+00:00,2026-01-09T16:00:00+05:00,24,23.0,0eb03f42671d6837c32cc83d912432e4c1611c2978210a9cc66f40b6a552c9f8,0.02666666666666667,3.31,3.4,3.47,47.0,1.0,956.4,0.258819045102521,-0.9659258262890682,0.1542040475626894,0.988039023376751
validation_selection,2026-01-07T12:00:00+00:00,2026-01-07T06:00:00+00:00,2026-01-09T11:00:00+00:00,2026-01-09T16:00:00+05:00,48,47.0,1406f1146b4b7a4d59389e6460178048f477b8b9a16ad35c26e60d4f0a6a2c4e,0.02666666666666667,2.48,2.55,2.6,43.0,1.3,956.2,0.258819045102521,-0.9659258262890682,0.1542040475626894,0.988039023376751
validation_selection,2026-01-08T12:00:00+00:00,2026-01-08T06:00:00+00:00,2026-01-09T12:00:00+00:00,2026-01-09T17:00:00+05:00,24,24.0,0eb03f42671d6837c32cc83d912432e4c1611c2978210a9cc66f40b6a552c9f8,0.03,2.22,2.27,2.32,50.0,-0.2,956.5,1.2246467991473532e-16,-1.0,0.1542040475626894,0.988039023376751
validation_selection,2026-01-07T12:00:00+00:00,2026-01-07T06:00:00+00:00,2026-01-09T12:00:00+00:00,2026-01-09T17:00:00+05:00,48,48.0,1406f1146b4b7a4d59389e6460178048f477b8b9a16ad35c26e60d4f0a6a2c4e,0.03,1.67,1.71,1.75,52.0,0.2,956.2,1.2246467991473532e-16,-1.0,0.1542040475626894,0.988039023376751
validation_selection,2026-01-08T12:00:00+00:00,2026-01-08T06:00:00+00:00,2026-01-09T13:00:00+00:00,2026-01-09T18:00:00+05:00,24,25.0,0eb03f42671d6837c32cc83d912432e4c1611c2978210a9cc66f40b6a552c9f8,0.011666666666666667,2.54,2.61,2.66,58.0,-0.4,956.4,-0.2588190451025208,-0.9659258262890683,0.1542040475626894,0.988039023376751
validation_selection,2026-01-07T12:00:00+00:00,2026-01-07T06:00:00+00:00,2026-01-09T13:00:00+00:00,2026-01-09T18:00:00+05:00,48,49.0,1406f1146b4b7a4d59389e6460178048f477b8b9a16ad35c26e60d4f0a6a2c4e,0.011666666666666667,1.65,1.69,1.73,56.0,0.1,956.3,-0.2588190451025208,-0.9659258262890683,0.1542040475626894,0.988039023376751
validation_selection,2026-01-08T12:00:00+00:00,2026-01-08T06:00:00+00:00,2026-01-09T14:00:00+00:00,2026-01-09T19:00:00+05:00,24,26.0,0eb03f42671d6837c32cc83d912432e4c1611c2978210a9cc66f40b6a552c9f8,0.008333333333333333,3.27,3.36,3.43,62.0,-0.7,956.2,-0.4999999999999997,-0.8660254037844388,0.1542040475626894,0.988039023376751
validation_selection,2026-01-07T12:00:00+00:00,2026-01-07T06:00:00+00:00,2026-01-09T14:00:00+00:00,2026-01-09T19:00:00+05:00,48,50.0,1406f1146b4b7a4d59389e6460178048f477b8b9a16ad35c26e60d4f0a6a2c4e,0.008333333333333333,2.23,2.29,2.34,58.0,-0.1,956.0,-0.4999999999999997,-0.8660254037844388,0.1542040475626894,0.988039023376751
validation_selection,2026-01-08T18:00:00+00:00,2026-01-08T12:00:00+00:00,2026-01-09T15:00:00+00:00,2026-01-09T20:00:00+05:00,24,21.0,41068966b625d552d8a99c58ceda10a08116167b9185ccd9d00cd29c96665b64,0.01,3.51,3.6,3.68,61.0,-1.2,956.1,-0.7071067811865471,-0.7071067811865479,0.1542040475626894,0.988039023376751
validation_selection,2026-01-07T18:00:00+00:00,2026-01-07T12:00:00+00:00,2026-01-09T15:00:00+00:00,2026-01-09T20:00:00+05:00,48,45.0,5a5849590825fa852b9e113f70ec7631c96387c1af204d91f8d8147980ae23ac,0.01,4.17,4.27,4.36,66.0,-1.4,955.5,-0.7071067811865471,-0.7071067811865479,0.1542040475626894,0.988039023376751
validation_selection,2026-01-08T18:00:00+00:00,2026-01-08T12:00:00+00:00,2026-01-09T16:00:00+00:00,2026-01-09T21:00:00+05:00,24,22.0,41068966b625d552d8a99c58ceda10a08116167b9185ccd9d00cd29c96665b64,0.01,3.9,4.0,4.09,62.0,-1.8,955.8,-0.8660254037844385,-0.5000000000000004,0.1542040475626894,0.988039023376751
validation_selection,2026-01-07T18:00:00+00:00,2026-01-07T12:00:00+00:00,2026-01-09T16:00:00+00:00,2026-01-09T21:00:00+05:00,48,46.0,5a5849590825fa852b9e113f70ec7631c96387c1af204d91f8d8147980ae23ac,0.01,4.28,4.39,4.48,66.0,-1.9,955.2,-0.8660254037844385,-0.5000000000000004,0.1542040475626894,0.988039023376751
validation_selection,2026-01-08T18:00:00+00:00,2026-01-08T12:00:00+00:00,2026-01-09T17:00:00+00:00,2026-01-09T22:00:00+05:00,24,23.0,41068966b625d552d8a99c58ceda10a08116167b9185ccd9d00cd29c96665b64,0.01,4.08,4.18,4.27,62.0,-2.3,955.4,-0.9659258262890683,-0.25881904510252063,0.1542040475626894,0.988039023376751
validation_selection,2026-01-07T18:00:00+00:00,2026-01-07T12:00:00+00:00,2026-01-09T17:00:00+00:00,2026-01-09T22:00:00+05:00,48,47.0,5a5849590825fa852b9e113f70ec7631c96387c1af204d91f8d8147980ae23ac,0.01,4.23,4.34,4.43,66.0,-2.5,955.0,-0.9659258262890683,-0.25881904510252063,0.1542040475626894,0.988039023376751
validation_selection,2026-01-08T18:00:00+00:00,2026-01-08T12:00:00+00:00,2026-01-09T18:00:00+00:00,2026-01-09T23:00:00+05:00,24,24.0,41068966b625d552d8a99c58ceda10a08116167b9185ccd9d00cd29c96665b64,0.01,4.12,4.23,4.31,63.0,-2.6,955.1,-1.0,-1.8369701987210297e-16,0.1542040475626894,0.988039023376751
validation_selection,2026-01-07T18:00:00+00:00,2026-01-07T12:00:00+00:00,2026-01-09T18:00:00+00:00,2026-01-09T23:00:00+05:00,48,48.0,5a5849590825fa852b9e113f70ec7631c96387c1af204d91f8d8147980ae23ac,0.01,4.4,4.52,4.61,64.0,-2.9,954.5,-1.0,-1.8369701987210297e-16,0.1542040475626894,0.988039023376751
validation_selection,2026-01-08T18:00:00+00:00,2026-01-08T12:00:00+00:00,2026-01-09T19:00:00+00:00,2026-01-10T00:00:00+05:00,24,25.0,41068966b625d552d8a99c58ceda10a08116167b9185ccd9d00cd29c96665b64,0.01,4.4,4.52,4.61,64.0,-3.0,954.6,-0.9659258262890684,0.2588190451025203,0.1542040475626894,0.988039023376751
validation_selection,2026-01-07T18:00:00+00:00,2026-01-07T12:00:00+00:00,2026-01-09T19:00:00+00:00,2026-01-10T00:00:00+05:00,48,49.0,5a5849590825fa852b9e113f70ec7631c96387c1af204d91f8d8147980ae23ac,0.01,4.71,4.83,4.93,64.0,-2.9,954.0,-0.9659258262890684,0.2588190451025203,0.1542040475626894,0.988039023376751
validation_selection,2026-01-08T18:00:00+00:00,2026-01-08T12:00:00+00:00,2026-01-09T20:00:00+00:00,2026-01-10T01:00:00+05:00,24,26.0,41068966b625d552d8a99c58ceda10a08116167b9185ccd9d00cd29c96665b64,0.01,4.6,4.72,4.82,64.0,-3.4,954.2,-0.8660254037844386,0.5000000000000001,0.1542040475626894,0.988039023376751
validation_selection,2026-01-07T18:00:00+00:00,2026-01-07T12:00:00+00:00,2026-01-09T20:00:00+00:00,2026-01-10T01:00:00+05:00,48,50.0,5a5849590825fa852b9e113f70ec7631c96387c1af204d91f8d8147980ae23ac,0.01,5.12,5.25,5.36,63.0,-3.0,953.8,-0.8660254037844386,0.5000000000000001,0.1542040475626894,0.988039023376751
validation_selection,2026-01-09T00:00:00+00:00,2026-01-08T18:00:00+00:00,2026-01-09T21:00:00+00:00,2026-01-10T02:00:00+05:00,24,21.0,af7cb5c5b52e5db702c671f195e16ea483542f439ef0a439312b0e31651bdcdb,0.01,5.14,5.28,5.39,63.0,-3.7,953.8,-0.7071067811865477,0.7071067811865474,0.1542040475626894,0.988039023376751
validation_selection,2026-01-08T00:00:00+00:00,2026-01-07T18:00:00+00:00,2026-01-09T21:00:00+00:00,2026-01-10T02:00:00+05:00,48,45.0,a210b16b92c99ef73d4064f1b078798b69d11a71ce0efea7088490600768ded7,0.01,5.08,5.21,5.32,66.0,-3.2,954.2,-0.7071067811865477,0.7071067811865474,0.1542040475626894,0.988039023376751
validation_selection,2026-01-09T00:00:00+00:00,2026-01-08T18:00:00+00:00,2026-01-09T22:00:00+00:00,2026-01-10T03:00:00+05:00,24,22.0,af7cb5c5b52e5db702c671f195e16ea483542f439ef0a439312b0e31651bdcdb,0.01,5.14,5.28,5.39,63.0,-3.9,953.7,-0.5000000000000004,0.8660254037844384,0.1542040475626894,0.988039023376751
validation_selection,2026-01-08T00:00:00+00:00,2026-01-07T18:00:00+00:00,2026-01-09T22:00:00+00:00,2026-01-10T03:00:00+05:00,48,46.0,a210b16b92c99ef73d4064f1b078798b69d11a71ce0efea7088490600768ded7,0.01,4.97,5.1,5.21,66.0,-3.6,953.8,-0.5000000000000004,0.8660254037844384,0.1542040475626894,0.988039023376751
validation_selection,2026-01-09T00:00:00+00:00,2026-01-08T18:00:00+00:00,2026-01-09T23:00:00+00:00,2026-01-10T04:00:00+05:00,24,23.0,af7cb5c5b52e5db702c671f195e16ea483542f439ef0a439312b0e31651bdcdb,0.01,5.19,5.32,5.43,64.0,-4.1,953.5,-0.25881904510252157,0.9659258262890681,0.1542040475626894,0.988039023376751
validation_selection,2026-01-08T00:00:00+00:00,2026-01-07T18:00:00+00:00,2026-01-09T23:00:00+00:00,2026-01-10T04:00:00+05:00,48,47.0,a210b16b92c99ef73d4064f1b078798b69d11a71ce0efea7088490600768ded7,0.01,5.26,5.39,5.5,65.0,-3.9,953.4,-0.25881904510252157,0.9659258262890681,0.1542040475626894,0.988039023376751
validation_selection,2026-01-09T00:00:00+00:00,2026-01-08T18:00:00+00:00,2026-01-10T00:00:00+00:00,2026-01-10T05:00:00+05:00,24,24.0,af7cb5c5b52e5db702c671f195e16ea483542f439ef0a439312b0e31651bdcdb,0.028333333333333335,5.26,5.39,5.5,65.0,-4.3,953.4,0.0,1.0,0.17117705961019986,0.985240282501282
validation_selection,2026-01-08T00:00:00+00:00,2026-01-07T18:00:00+00:00,2026-01-10T00:00:00+00:00,2026-01-10T05:00:00+05:00,48,48.0,a210b16b92c99ef73d4064f1b078798b69d11a71ce0efea7088490600768ded7,0.028333333333333335,5.49,5.64,5.75,65.0,-4.1,953.5,0.0,1.0,0.17117705961019986,0.985240282501282
validation_selection,2026-01-09T00:00:00+00:00,2026-01-08T18:00:00+00:00,2026-01-10T01:00:00+00:00,2026-01-10T06:00:00+05:00,24,25.0,af7cb5c5b52e5db702c671f195e16ea483542f439ef0a439312b0e31651bdcdb,0.06166666666666667,5.19,5.33,5.44,66.0,-4.4,953.6,0.25881904510252074,0.9659258262890683,0.17117705961019986,0.985240282501282
validation_selection,2026-01-08T00:00:00+00:00,2026-01-07T18:00:00+00:00,2026-01-10T01:00:00+00:00,2026-01-10T06:00:00+05:00,48,49.0,a210b16b92c99ef73d4064f1b078798b69d11a71ce0efea7088490600768ded7,0.06166666666666667,5.62,5.77,5.89,64.0,-4.2,953.5,0.25881904510252074,0.9659258262890683,0.17117705961019986,0.985240282501282
validation_selection,2026-01-09T00:00:00+00:00,2026-01-08T18:00:00+00:00,2026-01-10T02:00:00+00:00,2026-01-10T07:00:00+05:00,24,26.0,af7cb5c5b52e5db702c671f195e16ea483542f439ef0a439312b0e31651bdcdb,0.05833333333333334,4.96,5.09,5.19,67.0,-4.4,953.8,0.49999999999999994,0.8660254037844387,0.17117705961019986,0.985240282501282
validation_selection,2026-01-08T00:00:00+00:00,2026-01-07T18:00:00+00:00,2026-01-10T02:00:00+00:00,2026-01-10T07:00:00+05:00,48,50.0,a210b16b92c99ef73d4064f1b078798b69d11a71ce0efea7088490600768ded7,0.05833333333333334,5.47,5.61,5.73,64.0,-4.4,953.7,0.49999999999999994,0.8660254037844387,0.17117705961019986,0.985240282501282
validation_selection,2026-01-09T06:00:00+00:00,2026-01-09T00:00:00+00:00,2026-01-10T03:00:00+00:00,2026-01-10T08:00:00+05:00,24,21.0,360de5034a9a078eeaa7445232b03798bc1659b0cb8ebfb86bef1ffe0949e2dd,0.051666666666666666,4.93,5.06,5.17,67.0,-3.7,954.4,0.7071067811865476,0.7071067811865476,0.17117705961019986,0.985240282501282
validation_selection,2026-01-08T06:00:00+00:00,2026-01-08T00:00:00+00:00,2026-01-10T03:00:00+00:00,2026-01-10T08:00:00+05:00,48,45.0,69a62da23e75b2265ac59d29083ab37cecc4348a1be3a9ee388442bdb7ba5999,0.051666666666666666,5.43,5.57,5.68,63.0,-3.4,954.0,0.7071067811865476,0.7071067811865476,0.17117705961019986,0.985240282501282
validation_selection,2026-01-09T06:00:00+00:00,2026-01-09T00:00:00+00:00,2026-01-10T04:00:00+00:00,2026-01-10T09:00:00+05:00,24,22.0,360de5034a9a078eeaa7445232b03798bc1659b0cb8ebfb86bef1ffe0949e2dd,0.11499999999999999,5.22,5.35,5.46,66.0,-0.7,955.4,0.8660254037844386,0.5000000000000001,0.17117705961019986,0.985240282501282
validation_selection,2026-01-08T06:00:00+00:00,2026-01-08T00:00:00+00:00,2026-01-10T04:00:00+00:00,2026-01-10T09:00:00+05:00,48,46.0,69a62da23e75b2265ac59d29083ab37cecc4348a1be3a9ee388442bdb7ba5999,0.11499999999999999,6.02,6.18,6.31,61.0,-0.4,955.0,0.8660254037844386,0.5000000000000001,0.17117705961019986,0.985240282501282
validation_selection,2026-01-09T06:00:00+00:00,2026-01-09T00:00:00+00:00,2026-01-10T05:00:00+00:00,2026-01-10T10:00:00+05:00,24,23.0,360de5034a9a078eeaa7445232b03798bc1659b0cb8ebfb86bef1ffe0949e2dd,0.06999999999999999,4.75,4.88,4.98,64.0,2.5,956.0,0.9659258262890683,0.25881904510252074,0.17117705961019986,0.985240282501282
validation_selection,2026-01-08T06:00:00+00:00,2026-01-08T00:00:00+00:00,2026-01-10T05:00:00+00:00,2026-01-10T10:00:00+05:00,48,47.0,69a62da23e75b2265ac59d29083ab37cecc4348a1be3a9ee388442bdb7ba5999,0.06999999999999999,5.9,6.05,6.18,59.0,2.8,955.6,0.9659258262890683,0.25881904510252074,0.17117705961019986,0.985240282501282
validation_selection,2026-01-09T06:00:00+00:00,2026-01-09T00:00:00+00:00,2026-01-10T06:00:00+00:00,2026-01-10T11:00:00+05:00,24,24.0,360de5034a9a078eeaa7445232b03798bc1659b0cb8ebfb86bef1ffe0949e2dd,0.09000000000000001,4.47,4.59,4.69,57.0,4.3,955.7,1.0,6.123233995736766e-17,0.17117705961019986,0.985240282501282
validation_selection,2026-01-08T06:00:00+00:00,2026-01-08T00:00:00+00:00,2026-01-10T06:00:00+00:00,2026-01-10T11:00:00+05:00,48,48.0,69a62da23e75b2265ac59d29083ab37cecc4348a1be3a9ee388442bdb7ba5999,0.09000000000000001,5.14,5.27,5.38,52.0,4.5,955.6,1.0,6.123233995736766e-17,0.17117705961019986,0.985240282501282
validation_selection,2026-01-09T06:00:00+00:00,2026-01-09T00:00:00+00:00,2026-01-10T07:00:00+00:00,2026-01-10T12:00:00+05:00,24,25.0,360de5034a9a078eeaa7445232b03798bc1659b0cb8ebfb86bef1ffe0949e2dd,0.05333333333333334,4.73,4.85,4.95,55.0,5.3,954.9,0.9659258262890683,-0.25881904510252063,0.17117705961019986,0.985240282501282
validation_selection,2026-01-08T06:00:00+00:00,2026-01-08T00:00:00+00:00,2026-01-10T07:00:00+00:00,2026-01-10T12:00:00+05:00,48,49.0,69a62da23e75b2265ac59d29083ab37cecc4348a1be3a9ee388442bdb7ba5999,0.05333333333333334,5.39,5.53,5.64,53.0,5.4,954.8,0.9659258262890683,-0.25881904510252063,0.17117705961019986,0.985240282501282
validation_selection,2026-01-09T06:00:00+00:00,2026-01-09T00:00:00+00:00,2026-01-10T08:00:00+00:00,2026-01-10T13:00:00+05:00,24,26.0,360de5034a9a078eeaa7445232b03798bc1659b0cb8ebfb86bef1ffe0949e2dd,0.21333333333333335,4.84,4.97,5.07,58.0,5.8,954.3,0.8660254037844387,-0.4999999999999998,0.17117705961019986,0.985240282501282
validation_selection,2026-01-08T06:00:00+00:00,2026-01-08T00:00:00+00:00,2026-01-10T08:00:00+00:00,2026-01-10T13:00:00+05:00,48,50.0,69a62da23e75b2265ac59d29083ab37cecc4348a1be3a9ee388442bdb7ba5999,0.21333333333333335,5.37,5.51,5.62,54.0,6.0,954.2,0.8660254037844387,-0.4999999999999998,0.17117705961019986,0.985240282501282
validation_selection,2026-01-09T12:00:00+00:00,2026-01-09T06:00:00+00:00,2026-01-10T09:00:00+00:00,2026-01-10T14:00:00+05:00,24,21.0,e46ba3177bddfeab3218118b2764c189dcea6b1f3defc040081a32ef02e8fe5f,0.19166666666666665,4.94,5.07,5.17,59.0,5.6,954.0,0.7071067811865476,-0.7071067811865475,0.17117705961019986,0.985240282501282
validation_selection,2026-01-08T12:00:00+00:00,2026-01-08T06:00:00+00:00,2026-01-10T09:00:00+00:00,2026-01-10T14:00:00+05:00,48,45.0,0eb03f42671d6837c32cc83d912432e4c1611c2978210a9cc66f40b6a552c9f8,0.19166666666666665,4.68,4.8,4.9,56.0,5.8,953.9,0.7071067811865476,-0.7071067811865475,0.17117705961019986,0.985240282501282
validation_selection,2026-01-09T12:00:00+00:00,2026-01-09T06:00:00+00:00,2026-01-10T10:00:00+00:00,2026-01-10T15:00:00+05:00,24,22.0,e46ba3177bddfeab3218118b2764c189dcea6b1f3defc040081a32ef02e8fe5f,0.18833333333333332,4.82,4.94,5.05,66.0,4.5,953.6,0.49999999999999994,-0.8660254037844387,0.17117705961019986,0.985240282501282
validation_selection,2026-01-08T12:00:00+00:00,2026-01-08T06:00:00+00:00,2026-01-10T10:00:00+00:00,2026-01-10T15:00:00+05:00,48,46.0,0eb03f42671d6837c32cc83d912432e4c1611c2978210a9cc66f40b6a552c9f8,0.18833333333333332,4.63,4.75,4.85,66.0,4.7,953.7,0.49999999999999994,-0.8660254037844387,0.17117705961019986,0.985240282501282
validation_selection,2026-01-09T12:00:00+00:00,2026-01-09T06:00:00+00:00,2026-01-10T11:00:00+00:00,2026-01-10T16:00:00+05:00,24,23.0,e46ba3177bddfeab3218118b2764c189dcea6b1f3defc040081a32ef02e8fe5f,0.18000000000000002,5.19,5.33,5.44,66.0,1.5,953.1,0.258819045102521,-0.9659258262890682,0.17117705961019986,0.985240282501282
validation_selection,2026-01-08T12:00:00+00:00,2026-01-08T06:00:00+00:00,2026-01-10T11:00:00+00:00,2026-01-10T16:00:00+05:00,48,47.0,0eb03f42671d6837c32cc83d912432e4c1611c2978210a9cc66f40b6a552c9f8,0.18000000000000002,4.98,5.11,5.21,67.0,1.7,953.0,0.258819045102521,-0.9659258262890682,0.17117705961019986,0.985240282501282
validation_selection,2026-01-09T12:00:00+00:00,2026-01-09T06:00:00+00:00,2026-01-10T12:00:00+00:00,2026-01-10T17:00:00+05:00,24,24.0,e46ba3177bddfeab3218118b2764c189dcea6b1f3defc040081a32ef02e8fe5f,0.15166666666666667,5.98,6.14,6.27,67.0,0.3,953.1,1.2246467991473532e-16,-1.0,0.17117705961019986,0.985240282501282
validation_selection,2026-01-08T12:00:00+00:00,2026-01-08T06:00:00+00:00,2026-01-10T12:00:00+00:00,2026-01-10T17:00:00+05:00,48,48.0,0eb03f42671d6837c32cc83d912432e4c1611c2978210a9cc66f40b6a552c9f8,0.15166666666666667,6.01,6.17,6.29,68.0,0.5,952.9,1.2246467991473532e-16,-1.0,0.17117705961019986,0.985240282501282
validation_selection,2026-01-09T12:00:00+00:00,2026-01-09T06:00:00+00:00,2026-01-10T13:00:00+00:00,2026-01-10T18:00:00+05:00,24,25.0,e46ba3177bddfeab3218118b2764c189dcea6b1f3defc040081a32ef02e8fe5f,0.4166666666666667,6.49,6.66,6.8,67.0,0.6,953.3,-0.2588190451025208,-0.9659258262890683,0.17117705961019986,0.985240282501282
validation_selection,2026-01-08T12:00:00+00:00,2026-01-08T06:00:00+00:00,2026-01-10T13:00:00+00:00,2026-01-10T18:00:00+05:00,48,49.0,0eb03f42671d6837c32cc83d912432e4c1611c2978210a9cc66f40b6a552c9f8,0.4166666666666667,6.59,6.76,6.9,69.0,1.0,953.2,-0.2588190451025208,-0.9659258262890683,0.17117705961019986,0.985240282501282
validation_selection,2026-01-09T12:00:00+00:00,2026-01-09T06:00:00+00:00,2026-01-10T14:00:00+00:00,2026-01-10T19:00:00+05:00,24,26.0,e46ba3177bddfeab3218118b2764c189dcea6b1f3defc040081a32ef02e8fe5f,0.38833333333333336,6.77,6.95,7.09,67.0,0.7,953.3,-0.4999999999999997,-0.8660254037844388,0.17117705961019986,0.985240282501282
validation_selection,2026-01-08T12:00:00+00:00,2026-01-08T06:00:00+00:00,2026-01-10T14:00:00+00:00,2026-01-10T19:00:00+05:00,48,50.0,0eb03f42671d6837c32cc83d912432e4c1611c2978210a9cc66f40b6a552c9f8,0.38833333333333336,6.82,7.0,7.15,68.0,1.1,953.2,-0.4999999999999997,-0.8660254037844388,0.17117705961019986,0.985240282501282
validation_selection,2026-01-09T18:00:00+00:00,2026-01-09T12:00:00+00:00,2026-01-10T15:00:00+00:00,2026-01-10T20:00:00+05:00,24,21.0,d9058207de2f2c246f150958afbd294f82de43144c4b93e3444b72d3216c6024,0.54,6.81,6.99,7.13,66.0,0.7,953.3,-0.7071067811865471,-0.7071067811865479,0.17117705961019986,0.985240282501282
validation_selection,2026-01-08T18:00:00+00:00,2026-01-08T12:00:00+00:00,2026-01-10T15:00:00+00:00,2026-01-10T20:00:00+05:00,48,45.0,41068966b625d552d8a99c58ceda10a08116167b9185ccd9d00cd29c96665b64,0.54,6.64,6.81,6.95,67.0,0.7,953.2,-0.7071067811865471,-0.7071067811865479,0.17117705961019986,0.985240282501282
validation_selection,2026-01-09T18:00:00+00:00,2026-01-09T12:00:00+00:00,2026-01-10T16:00:00+00:00,2026-01-10T21:00:00+05:00,24,22.0,d9058207de2f2c246f150958afbd294f82de43144c4b93e3444b72d3216c6024,0.5750000000000001,6.63,6.8,6.94,65.0,0.5,953.3,-0.8660254037844385,-0.5000000000000004,0.17117705961019986,0.985240282501282
validation_selection,2026-01-08T18:00:00+00:00,2026-01-08T12:00:00+00:00,2026-01-10T16:00:00+00:00,2026-01-10T21:00:00+05:00,48,46.0,41068966b625d552d8a99c58ceda10a08116167b9185ccd9d00cd29c96665b64,0.5750000000000001,6.41,6.58,6.71,65.0,0.4,953.2,-0.8660254037844385,-0.5000000000000004,0.17117705961019986,0.985240282501282
validation_selection,2026-01-09T18:00:00+00:00,2026-01-09T12:00:00+00:00,2026-01-10T17:00:00+00:00,2026-01-10T22:00:00+05:00,24,23.0,d9058207de2f2c246f150958afbd294f82de43144c4b93e3444b72d3216c6024,0.345,6.54,6.71,6.85,62.0,0.0,953.1,-0.9659258262890683,-0.25881904510252063,0.17117705961019986,0.985240282501282
validation_selection,2026-01-08T18:00:00+00:00,2026-01-08T12:00:00+00:00,2026-01-10T17:00:00+00:00,2026-01-10T22:00:00+05:00,48,47.0,41068966b625d552d8a99c58ceda10a08116167b9185ccd9d00cd29c96665b64,0.345,6.04,6.2,6.33,66.0,0.0,953.3,-0.9659258262890683,-0.25881904510252063,0.17117705961019986,0.985240282501282
validation_selection,2026-01-09T18:00:00+00:00,2026-01-09T12:00:00+00:00,2026-01-10T18:00:00+00:00,2026-01-10T23:00:00+05:00,24,24.0,d9058207de2f2c246f150958afbd294f82de43144c4b93e3444b72d3216c6024,0.4083333333333334,6.98,7.16,7.31,62.0,-0.6,952.6,-1.0,-1.8369701987210297e-16,0.17117705961019986,0.985240282501282
validation_selection,2026-01-08T18:00:00+00:00,2026-01-08T12:00:00+00:00,2026-01-10T18:00:00+00:00,2026-01-10T23:00:00+05:00,48,48.0,41068966b625d552d8a99c58ceda10a08116167b9185ccd9d00cd29c96665b64,0.4083333333333334,5.71,5.86,5.98,64.0,-0.6,953.3,-1.0,-1.8369701987210297e-16,0.17117705961019986,0.985240282501282
validation_selection,2026-01-09T18:00:00+00:00,2026-01-09T12:00:00+00:00,2026-01-10T19:00:00+00:00,2026-01-11T00:00:00+05:00,24,25.0,d9058207de2f2c246f150958afbd294f82de43144c4b93e3444b72d3216c6024,0.84,7.45,7.65,7.81,63.0,-0.9,952.5,-0.9659258262890684,0.2588190451025203,0.17117705961019986,0.985240282501282
validation_selection,2026-01-08T18:00:00+00:00,2026-01-08T12:00:00+00:00,2026-01-10T19:00:00+00:00,2026-01-11T00:00:00+05:00,48,49.0,41068966b625d552d8a99c58ceda10a08116167b9185ccd9d00cd29c96665b64,0.84,5.59,5.74,5.86,67.0,-1.1,953.2,-0.9659258262890684,0.2588190451025203,0.17117705961019986,0.985240282501282
validation_selection,2026-01-09T18:00:00+00:00,2026-01-09T12:00:00+00:00,2026-01-10T20:00:00+00:00,2026-01-11T01:00:00+05:00,24,26.0,d9058207de2f2c246f150958afbd294f82de43144c4b93e3444b72d3216c6024,0.8983333333333333,7.3,7.49,7.65,63.0,-1.3,952.2,-0.8660254037844386,0.5000000000000001,0.17117705961019986,0.985240282501282
validation_selection,2026-01-08T18:00:00+00:00,2026-01-08T12:00:00+00:00,2026-01-10T20:00:00+00:00,2026-01-11T01:00:00+05:00,48,50.0,41068966b625d552d8a99c58ceda10a08116167b9185ccd9d00cd29c96665b64,0.8983333333333333,6.12,6.28,6.41,63.0,-1.5,952.6,-0.8660254037844386,0.5000000000000001,0.17117705961019986,0.985240282501282
validation_selection,2026-01-10T00:00:00+00:00,2026-01-09T18:00:00+00:00,2026-01-10T21:00:00+00:00,2026-01-11T02:00:00+05:00,24,21.0,3534354aadb94f8b2b4aa6d86ba6c4238b0643eeb93cd8ee64cfb9213a586380,0.7116666666666666,7.11,7.3,7.45,60.0,-1.7,952.1,-0.7071067811865477,0.7071067811865474,0.17117705961019986,0.985240282501282
validation_selection,2026-01-09T00:00:00+00:00,2026-01-08T18:00:00+00:00,2026-01-10T21:00:00+00:00,2026-01-11T02:00:00+05:00,48,45.0,af7cb5c5b52e5db702c671f195e16ea483542f439ef0a439312b0e31651bdcdb,0.7116666666666666,7.22,7.4,7.56,62.0,-1.6,952.4,-0.7071067811865477,0.7071067811865474,0.17117705961019986,0.985240282501282
validation_selection,2026-01-10T00:00:00+00:00,2026-01-09T18:00:00+00:00,2026-01-10T22:00:00+00:00,2026-01-11T03:00:00+05:00,24,22.0,3534354aadb94f8b2b4aa6d86ba6c4238b0643eeb93cd8ee64cfb9213a586380,0.7716666666666666,6.74,6.91,7.05,65.0,-1.8,952.3,-0.5000000000000004,0.8660254037844384,0.17117705961019986,0.985240282501282
validation_selection,2026-01-09T00:00:00+00:00,2026-01-08T18:00:00+00:00,2026-01-10T22:00:00+00:00,2026-01-11T03:00:00+05:00,48,46.0,af7cb5c5b52e5db702c671f195e16ea483542f439ef0a439312b0e31651bdcdb,0.7716666666666666,7.48,7.67,7.83,64.0,-1.7,952.3,-0.5000000000000004,0.8660254037844384,0.17117705961019986,0.985240282501282
validation_selection,2026-01-10T00:00:00+00:00,2026-01-09T18:00:00+00:00,2026-01-10T23:00:00+00:00,2026-01-11T04:00:00+05:00,24,23.0,3534354aadb94f8b2b4aa6d86ba6c4238b0643eeb93cd8ee64cfb9213a586380,0.85,6.41,6.58,6.71,65.0,-2.2,951.9,-0.25881904510252157,0.9659258262890681,0.17117705961019986,0.985240282501282
validation_selection,2026-01-09T00:00:00+00:00,2026-01-08T18:00:00+00:00,2026-01-10T23:00:00+00:00,2026-01-11T04:00:00+05:00,48,47.0,af7cb5c5b52e5db702c671f195e16ea483542f439ef0a439312b0e31651bdcdb,0.85,7.48,7.67,7.83,62.0,-1.8,952.3,-0.25881904510252157,0.9659258262890681,0.17117705961019986,0.985240282501282
validation_selection,2026-01-10T00:00:00+00:00,2026-01-09T18:00:00+00:00,2026-01-11T00:00:00+00:00,2026-01-11T05:00:00+05:00,24,24.0,3534354aadb94f8b2b4aa6d86ba6c4238b0643eeb93cd8ee64cfb9213a586380,0.4683333333333333,6.87,7.04,7.19,64.0,-2.0,952.0,0.0,1.0,0.18809941761179758,0.9821499931752291
validation_selection,2026-01-09T00:00:00+00:00,2026-01-08T18:00:00+00:00,2026-01-11T00:00:00+00:00,2026-01-11T05:00:00+05:00,48,48.0,af7cb5c5b52e5db702c671f195e16ea483542f439ef0a439312b0e31651bdcdb,0.4683333333333333,7.32,7.51,7.67,64.0,-1.7,952.7,0.0,1.0,0.18809941761179758,0.9821499931752291
validation_selection,2026-01-10T00:00:00+00:00,2026-01-09T18:00:00+00:00,2026-01-11T01:00:00+00:00,2026-01-11T06:00:00+05:00,24,25.0,3534354aadb94f8b2b4aa6d86ba6c4238b0643eeb93cd8ee64cfb9213a586380,0.5533333333333333,6.93,7.11,7.26,63.0,-1.8,952.4,0.25881904510252074,0.9659258262890683,0.18809941761179758,0.9821499931752291
validation_selection,2026-01-09T00:00:00+00:00,2026-01-08T18:00:00+00:00,2026-01-11T01:00:00+00:00,2026-01-11T06:00:00+05:00,48,49.0,af7cb5c5b52e5db702c671f195e16ea483542f439ef0a439312b0e31651bdcdb,0.5533333333333333,7.19,7.38,7.53,63.0,-1.8,952.8,0.25881904510252074,0.9659258262890683,0.18809941761179758,0.9821499931752291
validation_selection,2026-01-10T00:00:00+00:00,2026-01-09T18:00:00+00:00,2026-01-11T02:00:00+00:00,2026-01-11T07:00:00+05:00,24,26.0,3534354aadb94f8b2b4aa6d86ba6c4238b0643eeb93cd8ee64cfb9213a586380,0.48666666666666664,6.73,6.91,7.05,64.0,-1.6,952.9,0.49999999999999994,0.8660254037844387,0.18809941761179758,0.9821499931752291
validation_selection,2026-01-09T00:00:00+00:00,2026-01-08T18:00:00+00:00,2026-01-11T02:00:00+00:00,2026-01-11T07:00:00+05:00,48,50.0,af7cb5c5b52e5db702c671f195e16ea483542f439ef0a439312b0e31651bdcdb,0.48666666666666664,7.21,7.4,7.55,64.0,-2.0,953.1,0.49999999999999994,0.8660254037844387,0.18809941761179758,0.9821499931752291
validation_selection,2026-01-10T06:00:00+00:00,2026-01-10T00:00:00+00:00,2026-01-11T03:00:00+00:00,2026-01-11T08:00:00+05:00,24,21.0,ef3342f524411356c6cf5bcd755a848d44186daa6a92b2b904095cbf4e21ab37,0.21,6.52,6.69,6.83,66.0,-1.1,953.5,0.7071067811865476,0.7071067811865476,0.18809941761179758,0.9821499931752291
validation_selection,2026-01-09T06:00:00+00:00,2026-01-09T00:00:00+00:00,2026-01-11T03:00:00+00:00,2026-01-11T08:00:00+05:00,48,45.0,360de5034a9a078eeaa7445232b03798bc1659b0cb8ebfb86bef1ffe0949e2dd,0.21,6.3,6.46,6.6,64.0,-1.3,953.7,0.7071067811865476,0.7071067811865476,0.18809941761179758,0.9821499931752291
validation_selection,2026-01-10T06:00:00+00:00,2026-01-10T00:00:00+00:00,2026-01-11T04:00:00+00:00,2026-01-11T09:00:00+05:00,24,22.0,ef3342f524411356c6cf5bcd755a848d44186daa6a92b2b904095cbf4e21ab37,0.325,6.39,6.55,6.69,65.0,1.6,954.4,0.8660254037844386,0.5000000000000001,0.18809941761179758,0.9821499931752291
validation_selection,2026-01-09T06:00:00+00:00,2026-01-09T00:00:00+00:00,2026-01-11T04:00:00+00:00,2026-01-11T09:00:00+05:00,48,46.0,360de5034a9a078eeaa7445232b03798bc1659b0cb8ebfb86bef1ffe0949e2dd,0.325,6.76,6.93,7.08,63.0,1.6,954.4,0.8660254037844386,0.5000000000000001,0.18809941761179758,0.9821499931752291
validation_selection,2026-01-10T06:00:00+00:00,2026-01-10T00:00:00+00:00,2026-01-11T05:00:00+00:00,2026-01-11T10:00:00+05:00,24,23.0,ef3342f524411356c6cf5bcd755a848d44186daa6a92b2b904095cbf4e21ab37,0.27999999999999997,7.65,7.85,8.01,65.0,4.9,954.9,0.9659258262890683,0.25881904510252074,0.18809941761179758,0.9821499931752291
validation_selection,2026-01-09T06:00:00+00:00,2026-01-09T00:00:00+00:00,2026-01-11T05:00:00+00:00,2026-01-11T10:00:00+05:00,48,47.0,360de5034a9a078eeaa7445232b03798bc1659b0cb8ebfb86bef1ffe0949e2dd,0.27999999999999997,8.0,8.21,8.38,62.0,4.7,954.9,0.9659258262890683,0.25881904510252074,0.18809941761179758,0.9821499931752291
validation_selection,2026-01-10T06:00:00+00:00,2026-01-10T00:00:00+00:00,2026-01-11T06:00:00+00:00,2026-01-11T11:00:00+05:00,24,24.0,ef3342f524411356c6cf5bcd755a848d44186daa6a92b2b904095cbf4e21ab37,0.4033333333333333,7.18,7.36,7.52,57.0,6.3,954.9,1.0,6.123233995736766e-17,0.18809941761179758,0.9821499931752291
validation_selection,2026-01-09T06:00:00+00:00,2026-01-09T00:00:00+00:00,2026-01-11T06:00:00+00:00,2026-01-11T11:00:00+05:00,48,48.0,360de5034a9a078eeaa7445232b03798bc1659b0cb8ebfb86bef1ffe0949e2dd,0.4033333333333333,7.27,7.46,7.62,55.0,6.5,954.9,1.0,6.123233995736766e-17,0.18809941761179758,0.9821499931752291
validation_selection,2026-01-10T06:00:00+00:00,2026-01-10T00:00:00+00:00,2026-01-11T07:00:00+00:00,2026-01-11T12:00:00+05:00,24,25.0,ef3342f524411356c6cf5bcd755a848d44186daa6a92b2b904095cbf4e21ab37,0.5966666666666667,7.53,7.72,7.88,57.0,7.3,954.5,0.9659258262890683,-0.25881904510252063,0.18809941761179758,0.9821499931752291
validation_selection,2026-01-09T06:00:00+00:00,2026-01-09T00:00:00+00:00,2026-01-11T07:00:00+00:00,2026-01-11T12:00:00+05:00,48,49.0,360de5034a9a078eeaa7445232b03798bc1659b0cb8ebfb86bef1ffe0949e2dd,0.5966666666666667,7.77,7.98,8.14,58.0,7.4,954.2,0.9659258262890683,-0.25881904510252063,0.18809941761179758,0.9821499931752291
validation_selection,2026-01-10T06:00:00+00:00,2026-01-10T00:00:00+00:00,2026-01-11T08:00:00+00:00,2026-01-11T13:00:00+05:00,24,26.0,ef3342f524411356c6cf5bcd755a848d44186daa6a92b2b904095cbf4e21ab37,0.6,8.07,8.28,8.46,58.0,7.5,953.8,0.8660254037844387,-0.4999999999999998,0.18809941761179758,0.9821499931752291
validation_selection,2026-01-09T06:00:00+00:00,2026-01-09T00:00:00+00:00,2026-01-11T08:00:00+00:00,2026-01-11T13:00:00+05:00,48,50.0,360de5034a9a078eeaa7445232b03798bc1659b0cb8ebfb86bef1ffe0949e2dd,0.6,8.1,8.31,8.48,56.0,7.9,953.8,0.8660254037844387,-0.4999999999999998,0.18809941761179758,0.9821499931752291
validation_selection,2026-01-10T12:00:00+00:00,2026-01-10T06:00:00+00:00,2026-01-11T09:00:00+00:00,2026-01-11T14:00:00+05:00,24,21.0,7e271f1a148960bc9ecff67423c7519667e20eae76a0d9bb45a093ec7b79b98c,0.31333333333333335,8.42,8.63,8.81,59.0,7.0,953.6,0.7071067811865476,-0.7071067811865475,0.18809941761179758,0.9821499931752291
validation_selection,2026-01-09T12:00:00+00:00,2026-01-09T06:00:00+00:00,2026-01-11T09:00:00+00:00,2026-01-11T14:00:00+05:00,48,45.0,e46ba3177bddfeab3218118b2764c189dcea6b1f3defc040081a32ef02e8fe5f,0.31333333333333335,8.76,8.99,9.17,57.0,7.3,953.5,0.7071067811865476,-0.7071067811865475,0.18809941761179758,0.9821499931752291
validation_selection,2026-01-10T12:00:00+00:00,2026-01-10T06:00:00+00:00,2026-01-11T10:00:00+00:00,2026-01-11T15:00:00+05:00,24,22.0,7e271f1a148960bc9ecff67423c7519667e20eae76a0d9bb45a093ec7b79b98c,0.21833333333333335,6.26,6.43,6.56,61.0,5.6,953.8,0.49999999999999994,-0.8660254037844387,0.18809941761179758,0.9821499931752291
validation_selection,2026-01-09T12:00:00+00:00,2026-01-09T06:00:00+00:00,2026-01-11T10:00:00+00:00,2026-01-11T15:00:00+05:00,48,46.0,e46ba3177bddfeab3218118b2764c189dcea6b1f3defc040081a32ef02e8fe5f,0.21833333333333335,7.34,7.53,7.69,60.0,6.1,953.6,0.49999999999999994,-0.8660254037844387,0.18809941761179758,0.9821499931752291
validation_selection,2026-01-10T12:00:00+00:00,2026-01-10T06:00:00+00:00,2026-01-11T11:00:00+00:00,2026-01-11T16:00:00+05:00,24,23.0,7e271f1a148960bc9ecff67423c7519667e20eae76a0d9bb45a093ec7b79b98c,0.27999999999999997,5.98,6.13,6.26,61.0,4.1,954.1,0.258819045102521,-0.9659258262890682,0.18809941761179758,0.9821499931752291
validation_selection,2026-01-09T12:00:00+00:00,2026-01-09T06:00:00+00:00,2026-01-11T11:00:00+00:00,2026-01-11T16:00:00+05:00,48,47.0,e46ba3177bddfeab3218118b2764c189dcea6b1f3defc040081a32ef02e8fe5f,0.27999999999999997,6.41,6.57,6.71,64.0,4.5,953.6,0.258819045102521,-0.9659258262890682,0.18809941761179758,0.9821499931752291
validation_selection,2026-01-10T12:00:00+00:00,2026-01-10T06:00:00+00:00,2026-01-11T12:00:00+00:00,2026-01-11T17:00:00+05:00,24,24.0,7e271f1a148960bc9ecff67423c7519667e20eae76a0d9bb45a093ec7b79b98c,0.2316666666666667,5.65,5.79,5.91,65.0,2.3,954.2,1.2246467991473532e-16,-1.0,0.18809941761179758,0.9821499931752291
validation_selection,2026-01-09T12:00:00+00:00,2026-01-09T06:00:00+00:00,2026-01-11T12:00:00+00:00,2026-01-11T17:00:00+05:00,48,48.0,e46ba3177bddfeab3218118b2764c189dcea6b1f3defc040081a32ef02e8fe5f,0.2316666666666667,6.4,6.57,6.7,59.0,2.9,953.5,1.2246467991473532e-16,-1.0,0.18809941761179758,0.9821499931752291
validation_selection,2026-01-10T12:00:00+00:00,2026-01-10T06:00:00+00:00,2026-01-11T13:00:00+00:00,2026-01-11T18:00:00+05:00,24,25.0,7e271f1a148960bc9ecff67423c7519667e20eae76a0d9bb45a093ec7b79b98c,0.445,5.44,5.58,5.7,67.0,2.2,954.5,-0.2588190451025208,-0.9659258262890683,0.18809941761179758,0.9821499931752291
validation_selection,2026-01-09T12:00:00+00:00,2026-01-09T06:00:00+00:00,2026-01-11T13:00:00+00:00,2026-01-11T18:00:00+05:00,48,49.0,e46ba3177bddfeab3218118b2764c189dcea6b1f3defc040081a32ef02e8fe5f,0.445,6.41,6.58,6.72,61.0,2.6,954.0,-0.2588190451025208,-0.9659258262890683,0.18809941761179758,0.9821499931752291
validation_selection,2026-01-10T12:00:00+00:00,2026-01-10T06:00:00+00:00,2026-01-11T14:00:00+00:00,2026-01-11T19:00:00+05:00,24,26.0,7e271f1a148960bc9ecff67423c7519667e20eae76a0d9bb45a093ec7b79b98c,0.45166666666666666,5.24,5.37,5.49,78.0,2.2,954.5,-0.4999999999999997,-0.8660254037844388,0.18809941761179758,0.9821499931752291
validation_selection,2026-01-09T12:00:00+00:00,2026-01-09T06:00:00+00:00,2026-01-11T14:00:00+00:00,2026-01-11T19:00:00+05:00,48,50.0,e46ba3177bddfeab3218118b2764c189dcea6b1f3defc040081a32ef02e8fe5f,0.45166666666666666,6.04,6.2,6.32,65.0,2.2,954.1,-0.4999999999999997,-0.8660254037844388,0.18809941761179758,0.9821499931752291
validation_selection,2026-01-10T18:00:00+00:00,2026-01-10T12:00:00+00:00,2026-01-11T15:00:00+00:00,2026-01-11T20:00:00+05:00,24,21.0,244a49864193de4bdc8096edaf6a5714bf195a3c3f760fcfda6fd1fd0338247b,0.27499999999999997,5.05,5.18,5.29,77.0,1.6,954.2,-0.7071067811865471,-0.7071067811865479,0.18809941761179758,0.9821499931752291
validation_selection,2026-01-09T18:00:00+00:00,2026-01-09T12:00:00+00:00,2026-01-11T15:00:00+00:00,2026-01-11T20:00:00+05:00,48,45.0,d9058207de2f2c246f150958afbd294f82de43144c4b93e3444b72d3216c6024,0.27499999999999997,5.13,5.27,5.37,72.0,1.2,954.2,-0.7071067811865471,-0.7071067811865479,0.18809941761179758,0.9821499931752291
validation_selection,2026-01-10T18:00:00+00:00,2026-01-10T12:00:00+00:00,2026-01-11T16:00:00+00:00,2026-01-11T21:00:00+05:00,24,22.0,244a49864193de4bdc8096edaf6a5714bf195a3c3f760fcfda6fd1fd0338247b,0.6066666666666667,5.29,5.43,5.54,73.0,1.6,954.0,-0.8660254037844385,-0.5000000000000004,0.18809941761179758,0.9821499931752291
validation_selection,2026-01-09T18:00:00+00:00,2026-01-09T12:00:00+00:00,2026-01-11T16:00:00+00:00,2026-01-11T21:00:00+05:00,48,46.0,d9058207de2f2c246f150958afbd294f82de43144c4b93e3444b72d3216c6024,0.6066666666666667,5.38,5.52,5.63,76.0,1.6,954.1,-0.8660254037844385,-0.5000000000000004,0.18809941761179758,0.9821499931752291
validation_selection,2026-01-10T18:00:00+00:00,2026-01-10T12:00:00+00:00,2026-01-11T17:00:00+00:00,2026-01-11T22:00:00+05:00,24,23.0,244a49864193de4bdc8096edaf6a5714bf195a3c3f760fcfda6fd1fd0338247b,0.55,6.29,6.45,6.59,72.0,2.2,954.2,-0.9659258262890683,-0.25881904510252063,0.18809941761179758,0.9821499931752291
validation_selection,2026-01-09T18:00:00+00:00,2026-01-09T12:00:00+00:00,2026-01-11T17:00:00+00:00,2026-01-11T22:00:00+05:00,48,47.0,d9058207de2f2c246f150958afbd294f82de43144c4b93e3444b72d3216c6024,0.55,6.26,6.42,6.55,72.0,2.1,954.1,-0.9659258262890683,-0.25881904510252063,0.18809941761179758,0.9821499931752291
validation_selection,2026-01-10T18:00:00+00:00,2026-01-10T12:00:00+00:00,2026-01-11T18:00:00+00:00,2026-01-11T23:00:00+05:00,24,24.0,244a49864193de4bdc8096edaf6a5714bf195a3c3f760fcfda6fd1fd0338247b,0.33166666666666667,6.99,7.17,7.32,69.0,2.7,954.3,-1.0,-1.8369701987210297e-16,0.18809941761179758,0.9821499931752291
validation_selection,2026-01-09T18:00:00+00:00,2026-01-09T12:00:00+00:00,2026-01-11T18:00:00+00:00,2026-01-11T23:00:00+05:00,48,48.0,d9058207de2f2c246f150958afbd294f82de43144c4b93e3444b72d3216c6024,0.33166666666666667,6.59,6.76,6.9,69.0,2.1,954.1,-1.0,-1.8369701987210297e-16,0.18809941761179758,0.9821499931752291
validation_selection,2026-01-10T18:00:00+00:00,2026-01-10T12:00:00+00:00,2026-01-11T19:00:00+00:00,2026-01-12T00:00:00+05:00,24,25.0,244a49864193de4bdc8096edaf6a5714bf195a3c3f760fcfda6fd1fd0338247b,0.58,7.26,7.45,7.6,68.0,2.3,954.4,-0.9659258262890684,0.2588190451025203,0.18809941761179758,0.9821499931752291
validation_selection,2026-01-09T18:00:00+00:00,2026-01-09T12:00:00+00:00,2026-01-11T19:00:00+00:00,2026-01-12T00:00:00+05:00,48,49.0,d9058207de2f2c246f150958afbd294f82de43144c4b93e3444b72d3216c6024,0.58,6.82,7.0,7.15,68.0,2.0,954.1,-0.9659258262890684,0.2588190451025203,0.18809941761179758,0.9821499931752291
validation_selection,2026-01-10T18:00:00+00:00,2026-01-10T12:00:00+00:00,2026-01-11T20:00:00+00:00,2026-01-12T01:00:00+05:00,24,26.0,244a49864193de4bdc8096edaf6a5714bf195a3c3f760fcfda6fd1fd0338247b,0.4033333333333333,6.97,7.15,7.3,67.0,1.7,954.1,-0.8660254037844386,0.5000000000000001,0.18809941761179758,0.9821499931752291
validation_selection,2026-01-09T18:00:00+00:00,2026-01-09T12:00:00+00:00,2026-01-11T20:00:00+00:00,2026-01-12T01:00:00+05:00,48,50.0,d9058207de2f2c246f150958afbd294f82de43144c4b93e3444b72d3216c6024,0.4033333333333333,6.69,6.86,7.0,68.0,1.5,954.1,-0.8660254037844386,0.5000000000000001,0.18809941761179758,0.9821499931752291
validation_selection,2026-01-11T00:00:00+00:00,2026-01-10T18:00:00+00:00,2026-01-11T21:00:00+00:00,2026-01-12T02:00:00+05:00,24,21.0,bab38012272259cf2de9bd239b19b8db96ee037bc1a160072a0121cf299259d1,0.06833333333333333,6.43,6.6,6.74,69.0,1.3,954.6,-0.7071067811865477,0.7071067811865474,0.18809941761179758,0.9821499931752291
validation_selection,2026-01-10T00:00:00+00:00,2026-01-09T18:00:00+00:00,2026-01-11T21:00:00+00:00,2026-01-12T02:00:00+05:00,48,45.0,3534354aadb94f8b2b4aa6d86ba6c4238b0643eeb93cd8ee64cfb9213a586380,0.06833333333333333,6.66,6.83,6.97,66.0,1.0,953.8,-0.7071067811865477,0.7071067811865474,0.18809941761179758,0.9821499931752291
validation_selection,2026-01-11T00:00:00+00:00,2026-01-10T18:00:00+00:00,2026-01-11T22:00:00+00:00,2026-01-12T03:00:00+05:00,24,22.0,bab38012272259cf2de9bd239b19b8db96ee037bc1a160072a0121cf299259d1,0.015,5.39,5.53,5.65,84.0,1.0,954.3,-0.5000000000000004,0.8660254037844384,0.18809941761179758,0.9821499931752291
validation_selection,2026-01-10T00:00:00+00:00,2026-01-09T18:00:00+00:00,2026-01-11T22:00:00+00:00,2026-01-12T03:00:00+05:00,48,46.0,3534354aadb94f8b2b4aa6d86ba6c4238b0643eeb93cd8ee64cfb9213a586380,0.015,6.41,6.58,6.71,72.0,0.9,953.8,-0.5000000000000004,0.8660254037844384,0.18809941761179758,0.9821499931752291
validation_selection,2026-01-11T00:00:00+00:00,2026-01-10T18:00:00+00:00,2026-01-11T23:00:00+00:00,2026-01-12T04:00:00+05:00,24,23.0,bab38012272259cf2de9bd239b19b8db96ee037bc1a160072a0121cf299259d1,0.023333333333333334,2.98,3.06,3.12,105.0,1.4,954.2,-0.25881904510252157,0.9659258262890681,0.18809941761179758,0.9821499931752291
validation_selection,2026-01-10T00:00:00+00:00,2026-01-09T18:00:00+00:00,2026-01-11T23:00:00+00:00,2026-01-12T04:00:00+05:00,48,47.0,3534354aadb94f8b2b4aa6d86ba6c4238b0643eeb93cd8ee64cfb9213a586380,0.023333333333333334,5.14,5.28,5.39,77.0,0.2,953.5,-0.25881904510252157,0.9659258262890681,0.18809941761179758,0.9821499931752291
validation_selection,2026-01-11T00:00:00+00:00,2026-01-10T18:00:00+00:00,2026-01-12T00:00:00+00:00,2026-01-12T05:00:00+05:00,24,24.0,bab38012272259cf2de9bd239b19b8db96ee037bc1a160072a0121cf299259d1,0.01,2.12,2.17,2.22,151.0,1.8,954.6,0.0,1.0,0.20496611396949532,0.9787690698649216
validation_selection,2026-01-10T00:00:00+00:00,2026-01-09T18:00:00+00:00,2026-01-12T00:00:00+00:00,2026-01-12T05:00:00+05:00,48,48.0,3534354aadb94f8b2b4aa6d86ba6c4238b0643eeb93cd8ee64cfb9213a586380,0.01,3.57,3.66,3.74,76.0,0.3,954.1,0.0,1.0,0.20496611396949532,0.9787690698649216
validation_selection,2026-01-11T00:00:00+00:00,2026-01-10T18:00:00+00:00,2026-01-12T01:00:00+00:00,2026-01-12T06:00:00+05:00,24,25.0,bab38012272259cf2de9bd239b19b8db96ee037bc1a160072a0121cf299259d1,0.01,2.99,3.07,3.13,217.0,2.4,954.7,0.25881904510252074,0.9659258262890683,0.20496611396949532,0.9787690698649216
validation_selection,2026-01-10T00:00:00+00:00,2026-01-09T18:00:00+00:00,2026-01-12T01:00:00+00:00,2026-01-12T06:00:00+05:00,48,49.0,3534354aadb94f8b2b4aa6d86ba6c4238b0643eeb93cd8ee64cfb9213a586380,0.01,2.59,2.65,2.71,137.0,0.8,954.7,0.25881904510252074,0.9659258262890683,0.20496611396949532,0.9787690698649216
validation_selection,2026-01-11T00:00:00+00:00,2026-01-10T18:00:00+00:00,2026-01-12T02:00:00+00:00,2026-01-12T07:00:00+05:00,24,26.0,bab38012272259cf2de9bd239b19b8db96ee037bc1a160072a0121cf299259d1,0.01,5.07,5.2,5.31,252.0,0.8,955.2,0.49999999999999994,0.8660254037844387,0.20496611396949532,0.9787690698649216
validation_selection,2026-01-10T00:00:00+00:00,2026-01-09T18:00:00+00:00,2026-01-12T02:00:00+00:00,2026-01-12T07:00:00+05:00,48,50.0,3534354aadb94f8b2b4aa6d86ba6c4238b0643eeb93cd8ee64cfb9213a586380,0.01,3.3,3.38,3.45,214.0,1.4,954.7,0.49999999999999994,0.8660254037844387,0.20496611396949532,0.9787690698649216
validation_selection,2026-01-11T06:00:00+00:00,2026-01-11T00:00:00+00:00,2026-01-12T03:00:00+00:00,2026-01-12T08:00:00+05:00,24,21.0,374d2b9be1b6a2863226f3f6adec5be3c716673b02120b64aa1f657439be5808,0.01,4.08,4.18,4.27,245.0,1.3,955.8,0.7071067811865476,0.7071067811865476,0.20496611396949532,0.9787690698649216
validation_selection,2026-01-10T06:00:00+00:00,2026-01-10T00:00:00+00:00,2026-01-12T03:00:00+00:00,2026-01-12T08:00:00+05:00,48,45.0,ef3342f524411356c6cf5bcd755a848d44186daa6a92b2b904095cbf4e21ab37,0.01,3.34,3.43,3.5,223.0,2.1,955.1,0.7071067811865476,0.7071067811865476,0.20496611396949532,0.9787690698649216
validation_selection,2026-01-11T06:00:00+00:00,2026-01-11T00:00:00+00:00,2026-01-12T04:00:00+00:00,2026-01-12T09:00:00+05:00,24,22.0,374d2b9be1b6a2863226f3f6adec5be3c716673b02120b64aa1f657439be5808,0.01,4.52,4.64,4.74,248.0,3.6,957.2,0.8660254037844386,0.5000000000000001,0.20496611396949532,0.9787690698649216
validation_selection,2026-01-10T06:00:00+00:00,2026-01-10T00:00:00+00:00,2026-01-12T04:00:00+00:00,2026-01-12T09:00:00+05:00,48,46.0,ef3342f524411356c6cf5bcd755a848d44186daa6a92b2b904095cbf4e21ab37,0.01,5.03,5.16,5.27,248.0,4.6,956.6,0.8660254037844386,0.5000000000000001,0.20496611396949532,0.9787690698649216
validation_selection,2026-01-11T06:00:00+00:00,2026-01-11T00:00:00+00:00,2026-01-12T05:00:00+00:00,2026-01-12T10:00:00+05:00,24,23.0,374d2b9be1b6a2863226f3f6adec5be3c716673b02120b64aa1f657439be5808,0.01,5.25,5.39,5.5,243.0,6.5,957.8,0.9659258262890683,0.25881904510252074,0.20496611396949532,0.9787690698649216
validation_selection,2026-01-10T06:00:00+00:00,2026-01-10T00:00:00+00:00,2026-01-12T05:00:00+00:00,2026-01-12T10:00:00+05:00,48,47.0,ef3342f524411356c6cf5bcd755a848d44186daa6a92b2b904095cbf4e21ab37,0.01,5.33,5.47,5.58,252.0,6.1,957.5,0.9659258262890683,0.25881904510252074,0.20496611396949532,0.9787690698649216
validation_selection,2026-01-11T06:00:00+00:00,2026-01-11T00:00:00+00:00,2026-01-12T06:00:00+00:00,2026-01-12T11:00:00+05:00,24,24.0,374d2b9be1b6a2863226f3f6adec5be3c716673b02120b64aa1f657439be5808,0.01,4.07,4.18,4.26,253.0,8.6,958.1,1.0,6.123233995736766e-17,0.20496611396949532,0.9787690698649216
validation_selection,2026-01-10T06:00:00+00:00,2026-01-10T00:00:00+00:00,2026-01-12T06:00:00+00:00,2026-01-12T11:00:00+05:00,48,48.0,ef3342f524411356c6cf5bcd755a848d44186daa6a92b2b904095cbf4e21ab37,0.01,4.12,4.22,4.31,253.0,7.3,958.1,1.0,6.123233995736766e-17,0.20496611396949532,0.9787690698649216
validation_selection,2026-01-11T06:00:00+00:00,2026-01-11T00:00:00+00:00,2026-01-12T07:00:00+00:00,2026-01-12T12:00:00+05:00,24,25.0,374d2b9be1b6a2863226f3f6adec5be3c716673b02120b64aa1f657439be5808,0.011666666666666667,5.48,5.62,5.74,261.0,9.7,957.8,0.9659258262890683,-0.25881904510252063,0.20496611396949532,0.9787690698649216
validation_selection,2026-01-10T06:00:00+00:00,2026-01-10T00:00:00+00:00,2026-01-12T07:00:00+00:00,2026-01-12T12:00:00+05:00,48,49.0,ef3342f524411356c6cf5bcd755a848d44186daa6a92b2b904095cbf4e21ab37,0.011666666666666667,5.5,5.65,5.76,253.0,8.1,958.0,0.9659258262890683,-0.25881904510252063,0.20496611396949532,0.9787690698649216
validation_selection,2026-01-11T06:00:00+00:00,2026-01-11T00:00:00+00:00,2026-01-12T08:00:00+00:00,2026-01-12T13:00:00+05:00,24,26.0,374d2b9be1b6a2863226f3f6adec5be3c716673b02120b64aa1f657439be5808,0.09666666666666666,6.49,6.66,6.8,253.0,9.3,957.6,0.8660254037844387,-0.4999999999999998,0.20496611396949532,0.9787690698649216
validation_selection,2026-01-10T06:00:00+00:00,2026-01-10T00:00:00+00:00,2026-01-12T08:00:00+00:00,2026-01-12T13:00:00+05:00,48,50.0,ef3342f524411356c6cf5bcd755a848d44186daa6a92b2b904095cbf4e21ab37,0.09666666666666666,6.82,7.0,7.14,256.0,8.9,958.0,0.8660254037844387,-0.4999999999999998,0.20496611396949532,0.9787690698649216
validation_selection,2026-01-11T12:00:00+00:00,2026-01-11T06:00:00+00:00,2026-01-12T09:00:00+00:00,2026-01-12T14:00:00+05:00,24,21.0,d8de31bd75acce13a7ce392114608c868f6592f20c4c68eab87c57e417c18deb,0.16333333333333333,6.81,6.99,7.13,257.0,9.0,957.9,0.7071067811865476,-0.7071067811865475,0.20496611396949532,0.9787690698649216
validation_selection,2026-01-10T12:00:00+00:00,2026-01-10T06:00:00+00:00,2026-01-12T09:00:00+00:00,2026-01-12T14:00:00+05:00,48,45.0,7e271f1a148960bc9ecff67423c7519667e20eae76a0d9bb45a093ec7b79b98c,0.16333333333333333,7.07,7.25,7.4,270.0,8.8,957.9,0.7071067811865476,-0.7071067811865475,0.20496611396949532,0.9787690698649216
validation_selection,2026-01-11T12:00:00+00:00,2026-01-11T06:00:00+00:00,2026-01-12T10:00:00+00:00,2026-01-12T15:00:00+05:00,24,22.0,d8de31bd75acce13a7ce392114608c868f6592f20c4c68eab87c57e417c18deb,0.05666666666666667,7.77,7.97,8.14,260.0,7.8,958.5,0.49999999999999994,-0.8660254037844387,0.20496611396949532,0.9787690698649216
validation_selection,2026-01-10T12:00:00+00:00,2026-01-10T06:00:00+00:00,2026-01-12T10:00:00+00:00,2026-01-12T15:00:00+05:00,48,46.0,7e271f1a148960bc9ecff67423c7519667e20eae76a0d9bb45a093ec7b79b98c,0.05666666666666667,9.41,9.65,9.85,270.0,8.1,958.6,0.49999999999999994,-0.8660254037844387,0.20496611396949532,0.9787690698649216
validation_selection,2026-01-11T12:00:00+00:00,2026-01-11T06:00:00+00:00,2026-01-12T11:00:00+00:00,2026-01-12T16:00:00+05:00,24,23.0,d8de31bd75acce13a7ce392114608c868f6592f20c4c68eab87c57e417c18deb,0.15333333333333335,7.35,7.54,7.7,259.0,6.4,959.2,0.258819045102521,-0.9659258262890682,0.20496611396949532,0.9787690698649216
validation_selection,2026-01-10T12:00:00+00:00,2026-01-10T06:00:00+00:00,2026-01-12T11:00:00+00:00,2026-01-12T16:00:00+05:00,48,47.0,7e271f1a148960bc9ecff67423c7519667e20eae76a0d9bb45a093ec7b79b98c,0.15333333333333335,9.12,9.35,9.55,272.0,6.5,959.3,0.258819045102521,-0.9659258262890682,0.20496611396949532,0.9787690698649216
validation_selection,2026-01-11T12:00:00+00:00,2026-01-11T06:00:00+00:00,2026-01-12T12:00:00+00:00,2026-01-12T17:00:00+05:00,24,24.0,d8de31bd75acce13a7ce392114608c868f6592f20c4c68eab87c57e417c18deb,0.545,6.0,6.16,6.29,267.0,5.5,959.9,1.2246467991473532e-16,-1.0,0.20496611396949532,0.9787690698649216
validation_selection,2026-01-10T12:00:00+00:00,2026-01-10T06:00:00+00:00,2026-01-12T12:00:00+00:00,2026-01-12T17:00:00+05:00,48,48.0,7e271f1a148960bc9ecff67423c7519667e20eae76a0d9bb45a093ec7b79b98c,0.545,7.42,7.61,7.77,273.0,5.3,960.2,1.2246467991473532e-16,-1.0,0.20496611396949532,0.9787690698649216
validation_selection,2026-01-11T12:00:00+00:00,2026-01-11T06:00:00+00:00,2026-01-12T13:00:00+00:00,2026-01-12T18:00:00+05:00,24,25.0,d8de31bd75acce13a7ce392114608c868f6592f20c4c68eab87c57e417c18deb,0.615,6.33,6.49,6.63,258.0,5.4,960.9,-0.2588190451025208,-0.9659258262890683,0.20496611396949532,0.9787690698649216
validation_selection,2026-01-10T12:00:00+00:00,2026-01-10T06:00:00+00:00,2026-01-12T13:00:00+00:00,2026-01-12T18:00:00+05:00,48,49.0,7e271f1a148960bc9ecff67423c7519667e20eae76a0d9bb45a093ec7b79b98c,0.615,4.99,5.12,5.23,253.0,4.5,960.6,-0.2588190451025208,-0.9659258262890683,0.20496611396949532,0.9787690698649216
validation_selection,2026-01-11T12:00:00+00:00,2026-01-11T06:00:00+00:00,2026-01-12T14:00:00+00:00,2026-01-12T19:00:00+05:00,24,26.0,d8de31bd75acce13a7ce392114608c868f6592f20c4c68eab87c57e417c18deb,0.58,6.37,6.54,6.67,254.0,5.5,961.4,-0.4999999999999997,-0.8660254037844388,0.20496611396949532,0.9787690698649216
validation_selection,2026-01-10T12:00:00+00:00,2026-01-10T06:00:00+00:00,2026-01-12T14:00:00+00:00,2026-01-12T19:00:00+05:00,48,50.0,7e271f1a148960bc9ecff67423c7519667e20eae76a0d9bb45a093ec7b79b98c,0.58,5.25,5.39,5.5,233.0,4.7,960.9,-0.4999999999999997,-0.8660254037844388,0.20496611396949532,0.9787690698649216
validation_selection,2026-01-11T18:00:00+00:00,2026-01-11T12:00:00+00:00,2026-01-12T15:00:00+00:00,2026-01-12T20:00:00+05:00,24,21.0,e48b67d0ef1757bfccc511dd2e7f38c17297802b74872962b745611ec9f213de,0.5633333333333334,5.06,5.19,5.3,263.0,4.5,961.7,-0.7071067811865471,-0.7071067811865479,0.20496611396949532,0.9787690698649216
validation_selection,2026-01-10T18:00:00+00:00,2026-01-10T12:00:00+00:00,2026-01-12T15:00:00+00:00,2026-01-12T20:00:00+05:00,48,45.0,244a49864193de4bdc8096edaf6a5714bf195a3c3f760fcfda6fd1fd0338247b,0.5633333333333334,6.63,6.8,6.94,245.0,5.0,961.9,-0.7071067811865471,-0.7071067811865479,0.20496611396949532,0.9787690698649216
validation_selection,2026-01-11T18:00:00+00:00,2026-01-11T12:00:00+00:00,2026-01-12T16:00:00+00:00,2026-01-12T21:00:00+05:00,24,22.0,e48b67d0ef1757bfccc511dd2e7f38c17297802b74872962b745611ec9f213de,0.285,7.14,7.33,7.48,259.0,4.3,962.9,-0.8660254037844385,-0.5000000000000004,0.20496611396949532,0.9787690698649216
validation_selection,2026-01-10T18:00:00+00:00,2026-01-10T12:00:00+00:00,2026-01-12T16:00:00+00:00,2026-01-12T21:00:00+05:00,48,46.0,244a49864193de4bdc8096edaf6a5714bf195a3c3f760fcfda6fd1fd0338247b,0.285,5.94,6.1,6.22,239.0,5.0,962.3,-0.8660254037844385,-0.5000000000000004,0.20496611396949532,0.9787690698649216
validation_selection,2026-01-11T18:00:00+00:00,2026-01-11T12:00:00+00:00,2026-01-12T17:00:00+00:00,2026-01-12T22:00:00+05:00,24,23.0,e48b67d0ef1757bfccc511dd2e7f38c17297802b74872962b745611ec9f213de,0.26333333333333336,8.09,8.3,8.47,251.0,3.9,964.1,-0.9659258262890683,-0.25881904510252063,0.20496611396949532,0.9787690698649216
validation_selection,2026-01-10T18:00:00+00:00,2026-01-10T12:00:00+00:00,2026-01-12T17:00:00+00:00,2026-01-12T22:00:00+05:00,48,47.0,244a49864193de4bdc8096edaf6a5714bf195a3c3f760fcfda6fd1fd0338247b,0.26333333333333336,5.47,5.61,5.73,242.0,4.4,962.8,-0.9659258262890683,-0.25881904510252063,0.20496611396949532,0.9787690698649216
validation_selection,2026-01-11T18:00:00+00:00,2026-01-11T12:00:00+00:00,2026-01-12T18:00:00+00:00,2026-01-12T23:00:00+05:00,24,24.0,e48b67d0ef1757bfccc511dd2e7f38c17297802b74872962b745611ec9f213de,0.11833333333333333,4.71,4.84,4.94,263.0,2.6,964.1,-1.0,-1.8369701987210297e-16,0.20496611396949532,0.9787690698649216
validation_selection,2026-01-10T18:00:00+00:00,2026-01-10T12:00:00+00:00,2026-01-12T18:00:00+00:00,2026-01-12T23:00:00+05:00,48,48.0,244a49864193de4bdc8096edaf6a5714bf195a3c3f760fcfda6fd1fd0338247b,0.11833333333333333,7.03,7.21,7.36,253.0,4.2,963.8,-1.0,-1.8369701987210297e-16,0.20496611396949532,0.9787690698649216
validation_selection,2026-01-11T18:00:00+00:00,2026-01-11T12:00:00+00:00,2026-01-12T19:00:00+00:00,2026-01-13T00:00:00+05:00,24,25.0,e48b67d0ef1757bfccc511dd2e7f38c17297802b74872962b745611ec9f213de,0.22333333333333336,3.52,3.61,3.68,233.0,2.3,964.5,-0.9659258262890684,0.2588190451025203,0.20496611396949532,0.9787690698649216
validation_selection,2026-01-10T18:00:00+00:00,2026-01-10T12:00:00+00:00,2026-01-12T19:00:00+00:00,2026-01-13T00:00:00+05:00,48,49.0,244a49864193de4bdc8096edaf6a5714bf195a3c3f760fcfda6fd1fd0338247b,0.22333333333333336,7.59,7.78,7.95,245.0,3.3,964.3,-0.9659258262890684,0.2588190451025203,0.20496611396949532,0.9787690698649216
validation_selection,2026-01-11T18:00:00+00:00,2026-01-11T12:00:00+00:00,2026-01-12T20:00:00+00:00,2026-01-13T01:00:00+05:00,24,26.0,e48b67d0ef1757bfccc511dd2e7f38c17297802b74872962b745611ec9f213de,0.13833333333333334,2.9,2.98,3.04,241.0,1.7,964.3,-0.8660254037844386,0.5000000000000001,0.20496611396949532,0.9787690698649216
validation_selection,2026-01-10T18:00:00+00:00,2026-01-10T12:00:00+00:00,2026-01-12T20:00:00+00:00,2026-01-13T01:00:00+05:00,48,50.0,244a49864193de4bdc8096edaf6a5714bf195a3c3f760fcfda6fd1fd0338247b,0.13833333333333334,5.7,5.85,5.97,255.0,2.5,964.5,-0.8660254037844386,0.5000000000000001,0.20496611396949532,0.9787690698649216
validation_selection,2026-01-12T00:00:00+00:00,2026-01-11T18:00:00+00:00,2026-01-12T21:00:00+00:00,2026-01-13T02:00:00+05:00,24,21.0,da5b917f7cb82d732167c01b3280c8ac67b8d6ac55285ddc0e3ac08f580ec328,0.14833333333333334,3.86,3.96,4.04,233.0,0.8,963.9,-0.7071067811865477,0.7071067811865474,0.20496611396949532,0.9787690698649216
validation_selection,2026-01-11T00:00:00+00:00,2026-01-10T18:00:00+00:00,2026-01-12T21:00:00+00:00,2026-01-13T02:00:00+05:00,48,45.0,bab38012272259cf2de9bd239b19b8db96ee037bc1a160072a0121cf299259d1,0.14833333333333334,4.43,4.55,4.64,255.0,0.8,964.4,-0.7071067811865477,0.7071067811865474,0.20496611396949532,0.9787690698649216
validation_selection,2026-01-12T00:00:00+00:00,2026-01-11T18:00:00+00:00,2026-01-12T22:00:00+00:00,2026-01-13T03:00:00+05:00,24,22.0,da5b917f7cb82d732167c01b3280c8ac67b8d6ac55285ddc0e3ac08f580ec328,0.22833333333333336,2.57,2.63,2.69,237.0,-0.3,963.5,-0.5000000000000004,0.8660254037844384,0.20496611396949532,0.9787690698649216
validation_selection,2026-01-11T00:00:00+00:00,2026-01-10T18:00:00+00:00,2026-01-12T22:00:00+00:00,2026-01-13T03:00:00+05:00,48,46.0,bab38012272259cf2de9bd239b19b8db96ee037bc1a160072a0121cf299259d1,0.22833333333333336,4.58,4.7,4.79,251.0,0.9,964.7,-0.5000000000000004,0.8660254037844384,0.20496611396949532,0.9787690698649216
validation_selection,2026-01-12T00:00:00+00:00,2026-01-11T18:00:00+00:00,2026-01-12T23:00:00+00:00,2026-01-13T04:00:00+05:00,24,23.0,da5b917f7cb82d732167c01b3280c8ac67b8d6ac55285ddc0e3ac08f580ec328,0.17666666666666667,2.75,2.82,2.88,240.0,-0.6,963.7,-0.25881904510252157,0.9659258262890681,0.20496611396949532,0.9787690698649216
validation_selection,2026-01-11T00:00:00+00:00,2026-01-10T18:00:00+00:00,2026-01-12T23:00:00+00:00,2026-01-13T04:00:00+05:00,48,47.0,bab38012272259cf2de9bd239b19b8db96ee037bc1a160072a0121cf299259d1,0.17666666666666667,4.48,4.6,4.7,233.0,1.0,964.9,-0.25881904510252157,0.9659258262890681,0.20496611396949532,0.9787690698649216
validation_selection,2026-01-12T00:00:00+00:00,2026-01-11T18:00:00+00:00,2026-01-13T00:00:00+00:00,2026-01-13T05:00:00+05:00,24,24.0,da5b917f7cb82d732167c01b3280c8ac67b8d6ac55285ddc0e3ac08f580ec328,0.045000000000000005,2.57,2.63,2.69,237.0,-1.1,963.3,0.0,1.0,0.22177215755648186,0.975098513039961
validation_selection,2026-01-11T00:00:00+00:00,2026-01-10T18:00:00+00:00,2026-01-13T00:00:00+00:00,2026-01-13T05:00:00+05:00,48,48.0,bab38012272259cf2de9bd239b19b8db96ee037bc1a160072a0121cf299259d1,0.045000000000000005,3.83,3.92,4.01,226.0,0.7,964.8,0.0,1.0,0.22177215755648186,0.975098513039961
validation_selection,2026-01-12T00:00:00+00:00,2026-01-11T18:00:00+00:00,2026-01-13T01:00:00+00:00,2026-01-13T06:00:00+05:00,24,25.0,da5b917f7cb82d732167c01b3280c8ac67b8d6ac55285ddc0e3ac08f580ec328,0.01,1.12,1.15,1.17,270.0,-1.3,963.5,0.25881904510252074,0.9659258262890683,0.22177215755648186,0.975098513039961
validation_selection,2026-01-11T00:00:00+00:00,2026-01-10T18:00:00+00:00,2026-01-13T01:00:00+00:00,2026-01-13T06:00:00+05:00,48,49.0,bab38012272259cf2de9bd239b19b8db96ee037bc1a160072a0121cf299259d1,0.01,2.68,2.75,2.81,251.0,0.2,964.7,0.25881904510252074,0.9659258262890683,0.22177215755648186,0.975098513039961
validation_selection,2026-01-12T00:00:00+00:00,2026-01-11T18:00:00+00:00,2026-01-13T02:00:00+00:00,2026-01-13T07:00:00+05:00,24,26.0,da5b917f7cb82d732167c01b3280c8ac67b8d6ac55285ddc0e3ac08f580ec328,0.021666666666666667,0.5,0.51,0.52,191.0,-1.4,963.7,0.49999999999999994,0.8660254037844387,0.22177215755648186,0.975098513039961
validation_selection,2026-01-11T00:00:00+00:00,2026-01-10T18:00:00+00:00,2026-01-13T02:00:00+00:00,2026-01-13T07:00:00+05:00,48,50.0,bab38012272259cf2de9bd239b19b8db96ee037bc1a160072a0121cf299259d1,0.021666666666666667,1.71,1.75,1.79,270.0,0.1,964.9,0.49999999999999994,0.8660254037844387,0.22177215755648186,0.975098513039961
validation_selection,2026-01-12T06:00:00+00:00,2026-01-12T00:00:00+00:00,2026-01-13T03:00:00+00:00,2026-01-13T08:00:00+05:00,24,21.0,31129e8be1f7c88aa547357296fec57d46f6a5e833ecaa87f25f99905594a329,0.11333333333333334,2.1,2.16,2.2,85.0,-1.7,963.3,0.7071067811865476,0.7071067811865476,0.22177215755648186,0.975098513039961
validation_selection,2026-01-11T06:00:00+00:00,2026-01-11T00:00:00+00:00,2026-01-13T03:00:00+00:00,2026-01-13T08:00:00+05:00,48,45.0,374d2b9be1b6a2863226f3f6adec5be3c716673b02120b64aa1f657439be5808,0.11333333333333334,0.28,0.29,0.3,211.0,-0.2,964.5,0.7071067811865476,0.7071067811865476,0.22177215755648186,0.975098513039961
validation_selection,2026-01-12T06:00:00+00:00,2026-01-12T00:00:00+00:00,2026-01-13T04:00:00+00:00,2026-01-13T09:00:00+05:00,24,22.0,31129e8be1f7c88aa547357296fec57d46f6a5e833ecaa87f25f99905594a329,0.14833333333333334,3.76,3.86,3.93,87.0,1.9,963.8,0.8660254037844386,0.5000000000000001,0.22177215755648186,0.975098513039961
validation_selection,2026-01-11T06:00:00+00:00,2026-01-11T00:00:00+00:00,2026-01-13T04:00:00+00:00,2026-01-13T09:00:00+05:00,48,46.0,374d2b9be1b6a2863226f3f6adec5be3c716673b02120b64aa1f657439be5808,0.14833333333333334,0.9,0.92,0.94,41.0,2.0,964.8,0.8660254037844386,0.5000000000000001,0.22177215755648186,0.975098513039961
validation_selection,2026-01-12T06:00:00+00:00,2026-01-12T00:00:00+00:00,2026-01-13T05:00:00+00:00,2026-01-13T10:00:00+05:00,24,23.0,31129e8be1f7c88aa547357296fec57d46f6a5e833ecaa87f25f99905594a329,0.18000000000000002,5.67,5.82,5.94,66.0,5.2,964.3,0.9659258262890683,0.25881904510252074,0.22177215755648186,0.975098513039961
validation_selection,2026-01-11T06:00:00+00:00,2026-01-11T00:00:00+00:00,2026-01-13T05:00:00+00:00,2026-01-13T10:00:00+05:00,48,47.0,374d2b9be1b6a2863226f3f6adec5be3c716673b02120b64aa1f657439be5808,0.18000000000000002,2.31,2.37,2.42,72.0,3.5,965.3,0.9659258262890683,0.25881904510252074,0.22177215755648186,0.975098513039961
validation_selection,2026-01-12T06:00:00+00:00,2026-01-12T00:00:00+00:00,2026-01-13T06:00:00+00:00,2026-01-13T11:00:00+05:00,24,24.0,31129e8be1f7c88aa547357296fec57d46f6a5e833ecaa87f25f99905594a329,0.23333333333333336,6.0,6.16,6.29,58.0,5.1,963.8,1.0,6.123233995736766e-17,0.22177215755648186,0.975098513039961
validation_selection,2026-01-11T06:00:00+00:00,2026-01-11T00:00:00+00:00,2026-01-13T06:00:00+00:00,2026-01-13T11:00:00+05:00,48,48.0,374d2b9be1b6a2863226f3f6adec5be3c716673b02120b64aa1f657439be5808,0.23333333333333336,3.59,3.68,3.75,59.0,4.7,964.9,1.0,6.123233995736766e-17,0.22177215755648186,0.975098513039961
validation_selection,2026-01-12T06:00:00+00:00,2026-01-12T00:00:00+00:00,2026-01-13T07:00:00+00:00,2026-01-13T12:00:00+05:00,24,25.0,31129e8be1f7c88aa547357296fec57d46f6a5e833ecaa87f25f99905594a329,0.515,5.73,5.88,6.0,56.0,5.7,962.8,0.9659258262890683,-0.25881904510252063,0.22177215755648186,0.975098513039961
validation_selection,2026-01-11T06:00:00+00:00,2026-01-11T00:00:00+00:00,2026-01-13T07:00:00+00:00,2026-01-13T12:00:00+05:00,48,49.0,374d2b9be1b6a2863226f3f6adec5be3c716673b02120b64aa1f657439be5808,0.515,4.97,5.1,5.21,55.0,5.5,964.1,0.9659258262890683,-0.25881904510252063,0.22177215755648186,0.975098513039961
validation_selection,2026-01-12T06:00:00+00:00,2026-01-12T00:00:00+00:00,2026-01-13T08:00:00+00:00,2026-01-13T13:00:00+05:00,24,26.0,31129e8be1f7c88aa547357296fec57d46f6a5e833ecaa87f25f99905594a329,0.64,6.1,6.25,6.38,55.0,6.1,961.8,0.8660254037844387,-0.4999999999999998,0.22177215755648186,0.975098513039961
validation_selection,2026-01-11T06:00:00+00:00,2026-01-11T00:00:00+00:00,2026-01-13T08:00:00+00:00,2026-01-13T13:00:00+05:00,48,50.0,374d2b9be1b6a2863226f3f6adec5be3c716673b02120b64aa1f657439be5808,0.64,5.45,5.59,5.71,54.0,5.8,963.1,0.8660254037844387,-0.4999999999999998,0.22177215755648186,0.975098513039961
validation_selection,2026-01-12T12:00:00+00:00,2026-01-12T06:00:00+00:00,2026-01-13T09:00:00+00:00,2026-01-13T14:00:00+05:00,24,21.0,45e0e5d15798f6b4579b830d59c1838fb59b7be4b2315b25c46b8b4805dfbf4f,0.7833333333333333,6.15,6.31,6.44,56.0,5.8,961.2,0.7071067811865476,-0.7071067811865475,0.22177215755648186,0.975098513039961
validation_selection,2026-01-11T12:00:00+00:00,2026-01-11T06:00:00+00:00,2026-01-13T09:00:00+00:00,2026-01-13T14:00:00+05:00,48,45.0,d8de31bd75acce13a7ce392114608c868f6592f20c4c68eab87c57e417c18deb,0.7833333333333333,5.76,5.91,6.03,56.0,5.7,961.8,0.7071067811865476,-0.7071067811865475,0.22177215755648186,0.975098513039961
validation_selection,2026-01-12T12:00:00+00:00,2026-01-12T06:00:00+00:00,2026-01-13T10:00:00+00:00,2026-01-13T15:00:00+05:00,24,22.0,45e0e5d15798f6b4579b830d59c1838fb59b7be4b2315b25c46b8b4805dfbf4f,0.985,6.86,7.03,7.18,58.0,4.9,960.6,0.49999999999999994,-0.8660254037844387,0.22177215755648186,0.975098513039961
validation_selection,2026-01-11T12:00:00+00:00,2026-01-11T06:00:00+00:00,2026-01-13T10:00:00+00:00,2026-01-13T15:00:00+05:00,48,46.0,d8de31bd75acce13a7ce392114608c868f6592f20c4c68eab87c57e417c18deb,0.985,6.53,6.7,6.84,57.0,5.0,961.1,0.49999999999999994,-0.8660254037844387,0.22177215755648186,0.975098513039961
validation_selection,2026-01-12T12:00:00+00:00,2026-01-12T06:00:00+00:00,2026-01-13T11:00:00+00:00,2026-01-13T16:00:00+05:00,24,23.0,45e0e5d15798f6b4579b830d59c1838fb59b7be4b2315b25c46b8b4805dfbf4f,0.9899999999999999,7.49,7.68,7.84,60.0,3.2,959.9,0.258819045102521,-0.9659258262890682,0.22177215755648186,0.975098513039961
validation_selection,2026-01-11T12:00:00+00:00,2026-01-11T06:00:00+00:00,2026-01-13T11:00:00+00:00,2026-01-13T16:00:00+05:00,48,47.0,d8de31bd75acce13a7ce392114608c868f6592f20c4c68eab87c57e417c18deb,0.9899999999999999,7.31,7.5,7.66,60.0,3.3,960.3,0.258819045102521,-0.9659258262890682,0.22177215755648186,0.975098513039961
validation_selection,2026-01-12T12:00:00+00:00,2026-01-12T06:00:00+00:00,2026-01-13T12:00:00+00:00,2026-01-13T17:00:00+05:00,24,24.0,45e0e5d15798f6b4579b830d59c1838fb59b7be4b2315b25c46b8b4805dfbf4f,0.9899999999999999,7.87,8.07,8.24,63.0,1.7,959.3,1.2246467991473532e-16,-1.0,0.22177215755648186,0.975098513039961
validation_selection,2026-01-11T12:00:00+00:00,2026-01-11T06:00:00+00:00,2026-01-13T12:00:00+00:00,2026-01-13T17:00:00+05:00,48,48.0,d8de31bd75acce13a7ce392114608c868f6592f20c4c68eab87c57e417c18deb,0.9899999999999999,7.56,7.76,7.92,63.0,1.8,959.7,1.2246467991473532e-16,-1.0,0.22177215755648186,0.975098513039961
validation_selection,2026-01-12T12:00:00+00:00,2026-01-12T06:00:00+00:00,2026-01-13T13:00:00+00:00,2026-01-13T18:00:00+05:00,24,25.0,45e0e5d15798f6b4579b830d59c1838fb59b7be4b2315b25c46b8b4805dfbf4f,0.9899999999999999,8.16,8.37,8.54,65.0,0.9,958.6,-0.2588190451025208,-0.9659258262890683,0.22177215755648186,0.975098513039961
validation_selection,2026-01-11T12:00:00+00:00,2026-01-11T06:00:00+00:00,2026-01-13T13:00:00+00:00,2026-01-13T18:00:00+05:00,48,49.0,d8de31bd75acce13a7ce392114608c868f6592f20c4c68eab87c57e417c18deb,0.9899999999999999,7.68,7.87,8.04,65.0,1.1,959.3,-0.2588190451025208,-0.9659258262890683,0.22177215755648186,0.975098513039961
validation_selection,2026-01-12T12:00:00+00:00,2026-01-12T06:00:00+00:00,2026-01-13T14:00:00+00:00,2026-01-13T19:00:00+05:00,24,26.0,45e0e5d15798f6b4579b830d59c1838fb59b7be4b2315b25c46b8b4805dfbf4f,0.9899999999999999,7.93,8.13,8.3,67.0,-0.2,958.0,-0.4999999999999997,-0.8660254037844388,0.22177215755648186,0.975098513039961
validation_selection,2026-01-11T12:00:00+00:00,2026-01-11T06:00:00+00:00,2026-01-13T14:00:00+00:00,2026-01-13T19:00:00+05:00,48,50.0,d8de31bd75acce13a7ce392114608c868f6592f20c4c68eab87c57e417c18deb,0.9899999999999999,7.51,7.71,7.87,67.0,0.1,958.7,-0.4999999999999997,-0.8660254037844388,0.22177215755648186,0.975098513039961
validation_selection,2026-01-12T18:00:00+00:00,2026-01-12T12:00:00+00:00,2026-01-13T15:00:00+00:00,2026-01-13T20:00:00+05:00,24,21.0,41594564e8e29266d97773c48b67f9f37177b94e5331949519ade2f9f7dc7fd7,0.9899999999999999,7.53,7.73,7.89,75.0,-0.4,957.0,-0.7071067811865471,-0.7071067811865479,0.22177215755648186,0.975098513039961
validation_selection,2026-01-11T18:00:00+00:00,2026-01-11T12:00:00+00:00,2026-01-13T15:00:00+00:00,2026-01-13T20:00:00+05:00,48,45.0,e48b67d0ef1757bfccc511dd2e7f38c17297802b74872962b745611ec9f213de,0.9899999999999999,7.0,7.19,7.34,69.0,-0.6,957.7,-0.7071067811865471,-0.7071067811865479,0.22177215755648186,0.975098513039961
validation_selection,2026-01-12T18:00:00+00:00,2026-01-12T12:00:00+00:00,2026-01-13T16:00:00+00:00,2026-01-13T21:00:00+05:00,24,22.0,41594564e8e29266d97773c48b67f9f37177b94e5331949519ade2f9f7dc7fd7,0.9266666666666666,6.86,7.03,7.18,77.0,-0.5,956.3,-0.8660254037844385,-0.5000000000000004,0.22177215755648186,0.975098513039961
validation_selection,2026-01-11T18:00:00+00:00,2026-01-11T12:00:00+00:00,2026-01-13T16:00:00+00:00,2026-01-13T21:00:00+05:00,48,46.0,e48b67d0ef1757bfccc511dd2e7f38c17297802b74872962b745611ec9f213de,0.9266666666666666,6.44,6.61,6.75,72.0,-1.0,957.0,-0.8660254037844385,-0.5000000000000004,0.22177215755648186,0.975098513039961
validation_selection,2026-01-12T18:00:00+00:00,2026-01-12T12:00:00+00:00,2026-01-13T17:00:00+00:00,2026-01-13T22:00:00+05:00,24,23.0,41594564e8e29266d97773c48b67f9f37177b94e5331949519ade2f9f7dc7fd7,0.9516666666666667,6.1,6.26,6.39,79.0,-0.4,956.1,-0.9659258262890683,-0.25881904510252063,0.22177215755648186,0.975098513039961
validation_selection,2026-01-11T18:00:00+00:00,2026-01-11T12:00:00+00:00,2026-01-13T17:00:00+00:00,2026-01-13T22:00:00+05:00,48,47.0,e48b67d0ef1757bfccc511dd2e7f38c17297802b74872962b745611ec9f213de,0.9516666666666667,5.9,6.05,6.18,75.0,-1.0,956.5,-0.9659258262890683,-0.25881904510252063,0.22177215755648186,0.975098513039961
validation_selection,2026-01-12T18:00:00+00:00,2026-01-12T12:00:00+00:00,2026-01-13T18:00:00+00:00,2026-01-13T23:00:00+05:00,24,24.0,41594564e8e29266d97773c48b67f9f37177b94e5331949519ade2f9f7dc7fd7,0.9183333333333333,5.04,5.17,5.28,84.0,-0.3,955.7,-1.0,-1.8369701987210297e-16,0.22177215755648186,0.975098513039961
validation_selection,2026-01-11T18:00:00+00:00,2026-01-11T12:00:00+00:00,2026-01-13T18:00:00+00:00,2026-01-13T23:00:00+05:00,48,48.0,e48b67d0ef1757bfccc511dd2e7f38c17297802b74872962b745611ec9f213de,0.9183333333333333,5.43,5.57,5.69,78.0,-0.6,956.4,-1.0,-1.8369701987210297e-16,0.22177215755648186,0.975098513039961
validation_selection,2026-01-12T18:00:00+00:00,2026-01-12T12:00:00+00:00,2026-01-13T19:00:00+00:00,2026-01-14T00:00:00+05:00,24,25.0,41594564e8e29266d97773c48b67f9f37177b94e5331949519ade2f9f7dc7fd7,0.7583333333333333,4.84,4.96,5.07,81.0,-0.3,955.3,-0.9659258262890684,0.2588190451025203,0.22177215755648186,0.975098513039961
validation_selection,2026-01-11T18:00:00+00:00,2026-01-11T12:00:00+00:00,2026-01-13T19:00:00+00:00,2026-01-14T00:00:00+05:00,48,49.0,e48b67d0ef1757bfccc511dd2e7f38c17297802b74872962b745611ec9f213de,0.7583333333333333,4.86,4.99,5.09,83.0,-0.4,955.7,-0.9659258262890684,0.2588190451025203,0.22177215755648186,0.975098513039961
validation_selection,2026-01-12T18:00:00+00:00,2026-01-12T12:00:00+00:00,2026-01-13T20:00:00+00:00,2026-01-14T01:00:00+05:00,24,26.0,41594564e8e29266d97773c48b67f9f37177b94e5331949519ade2f9f7dc7fd7,0.8383333333333334,4.75,4.87,4.98,80.0,-1.0,954.3,-0.8660254037844386,0.5000000000000001,0.22177215755648186,0.975098513039961
validation_selection,2026-01-11T18:00:00+00:00,2026-01-11T12:00:00+00:00,2026-01-13T20:00:00+00:00,2026-01-14T01:00:00+05:00,48,50.0,e48b67d0ef1757bfccc511dd2e7f38c17297802b74872962b745611ec9f213de,0.8383333333333334,5.3,5.43,5.55,75.0,-0.9,954.9,-0.8660254037844386,0.5000000000000001,0.22177215755648186,0.975098513039961
validation_selection,2026-01-13T00:00:00+00:00,2026-01-12T18:00:00+00:00,2026-01-13T21:00:00+00:00,2026-01-14T02:00:00+05:00,24,21.0,c5a2821e6fe23daba6de119a6e150d5a28ac2fbf0202f6e6289b607d35510be9,0.935,4.37,4.48,4.58,83.0,-0.8,954.2,-0.7071067811865477,0.7071067811865474,0.22177215755648186,0.975098513039961
validation_selection,2026-01-12T00:00:00+00:00,2026-01-11T18:00:00+00:00,2026-01-13T21:00:00+00:00,2026-01-14T02:00:00+05:00,48,45.0,da5b917f7cb82d732167c01b3280c8ac67b8d6ac55285ddc0e3ac08f580ec328,0.935,4.83,4.96,5.06,75.0,-1.9,954.3,-0.7071067811865477,0.7071067811865474,0.22177215755648186,0.975098513039961
validation_selection,2026-01-13T00:00:00+00:00,2026-01-12T18:00:00+00:00,2026-01-13T22:00:00+00:00,2026-01-14T03:00:00+05:00,24,22.0,c5a2821e6fe23daba6de119a6e150d5a28ac2fbf0202f6e6289b607d35510be9,0.8633333333333333,3.61,3.7,3.78,92.0,-1.4,953.5,-0.5000000000000004,0.8660254037844384,0.22177215755648186,0.975098513039961
validation_selection,2026-01-12T00:00:00+00:00,2026-01-11T18:00:00+00:00,2026-01-13T22:00:00+00:00,2026-01-14T03:00:00+05:00,48,46.0,da5b917f7cb82d732167c01b3280c8ac67b8d6ac55285ddc0e3ac08f580ec328,0.8633333333333333,4.59,4.71,4.8,75.0,-2.1,953.6,-0.5000000000000004,0.8660254037844384,0.22177215755648186,0.975098513039961
validation_selection,2026-01-13T00:00:00+00:00,2026-01-12T18:00:00+00:00,2026-01-13T23:00:00+00:00,2026-01-14T04:00:00+05:00,24,23.0,c5a2821e6fe23daba6de119a6e150d5a28ac2fbf0202f6e6289b607d35510be9,0.57,3.17,3.25,3.32,88.0,-1.8,952.7,-0.25881904510252157,0.9659258262890681,0.22177215755648186,0.975098513039961
validation_selection,2026-01-12T00:00:00+00:00,2026-01-11T18:00:00+00:00,2026-01-13T23:00:00+00:00,2026-01-14T04:00:00+05:00,48,47.0,da5b917f7cb82d732167c01b3280c8ac67b8d6ac55285ddc0e3ac08f580ec328,0.57,4.49,4.61,4.7,75.0,-2.3,953.2,-0.25881904510252157,0.9659258262890681,0.22177215755648186,0.975098513039961
validation_selection,2026-01-13T00:00:00+00:00,2026-01-12T18:00:00+00:00,2026-01-14T00:00:00+00:00,2026-01-14T05:00:00+05:00,24,24.0,c5a2821e6fe23daba6de119a6e150d5a28ac2fbf0202f6e6289b607d35510be9,0.36000000000000004,2.85,2.93,2.99,82.0,-2.7,952.4,0.0,1.0,0.23851257519407648,0.9711394088771653
validation_selection,2026-01-12T00:00:00+00:00,2026-01-11T18:00:00+00:00,2026-01-14T00:00:00+00:00,2026-01-14T05:00:00+05:00,48,48.0,da5b917f7cb82d732167c01b3280c8ac67b8d6ac55285ddc0e3ac08f580ec328,0.36000000000000004,3.59,3.68,3.76,82.0,-2.3,953.2,0.0,1.0,0.23851257519407648,0.9711394088771653
validation_selection,2026-01-13T00:00:00+00:00,2026-01-12T18:00:00+00:00,2026-01-14T01:00:00+00:00,2026-01-14T06:00:00+05:00,24,25.0,c5a2821e6fe23daba6de119a6e150d5a28ac2fbf0202f6e6289b607d35510be9,0.09166666666666667,2.29,2.35,2.4,92.0,-2.6,952.6,0.25881904510252074,0.9659258262890683,0.23851257519407648,0.9711394088771653
validation_selection,2026-01-12T00:00:00+00:00,2026-01-11T18:00:00+00:00,2026-01-14T01:00:00+00:00,2026-01-14T06:00:00+05:00,48,49.0,da5b917f7cb82d732167c01b3280c8ac67b8d6ac55285ddc0e3ac08f580ec328,0.09166666666666667,2.76,2.83,2.89,82.0,-2.1,953.1,0.25881904510252074,0.9659258262890683,0.23851257519407648,0.9711394088771653
validation_selection,2026-01-13T00:00:00+00:00,2026-01-12T18:00:00+00:00,2026-01-14T02:00:00+00:00,2026-01-14T07:00:00+05:00,24,26.0,c5a2821e6fe23daba6de119a6e150d5a28ac2fbf0202f6e6289b607d35510be9,0.03666666666666667,1.55,1.59,1.62,114.0,-3.1,952.5,0.49999999999999994,0.8660254037844387,0.23851257519407648,0.9711394088771653
validation_selection,2026-01-12T00:00:00+00:00,2026-01-11T18:00:00+00:00,2026-01-14T02:00:00+00:00,2026-01-14T07:00:00+05:00,48,50.0,da5b917f7cb82d732167c01b3280c8ac67b8d6ac55285ddc0e3ac08f580ec328,0.03666666666666667,2.41,2.47,2.53,82.0,-2.9,953.0,0.49999999999999994,0.8660254037844387,0.23851257519407648,0.9711394088771653
validation_selection,2026-01-13T06:00:00+00:00,2026-01-13T00:00:00+00:00,2026-01-14T03:00:00+00:00,2026-01-14T08:00:00+05:00,24,21.0,fcaa2442268626488307ccbdde8cd2052f907beecfe4362113fcf5fb39de8ece,0.31666666666666665,1.0,1.03,1.05,113.0,-2.4,952.8,0.7071067811865476,0.7071067811865476,0.23851257519407648,0.9711394088771653
validation_selection,2026-01-12T06:00:00+00:00,2026-01-12T00:00:00+00:00,2026-01-14T03:00:00+00:00,2026-01-14T08:00:00+05:00,48,45.0,31129e8be1f7c88aa547357296fec57d46f6a5e833ecaa87f25f99905594a329,0.31666666666666665,2.13,2.19,2.23,259.0,-1.8,953.7,0.7071067811865476,0.7071067811865476,0.23851257519407648,0.9711394088771653
validation_selection,2026-01-13T06:00:00+00:00,2026-01-13T00:00:00+00:00,2026-01-14T04:00:00+00:00,2026-01-14T09:00:00+05:00,24,22.0,fcaa2442268626488307ccbdde8cd2052f907beecfe4362113fcf5fb39de8ece,0.26,0.44,0.45,0.46,180.0,0.2,953.7,0.8660254037844386,0.5000000000000001,0.23851257519407648,0.9711394088771653
validation_selection,2026-01-12T06:00:00+00:00,2026-01-12T00:00:00+00:00,2026-01-14T04:00:00+00:00,2026-01-14T09:00:00+05:00,48,46.0,31129e8be1f7c88aa547357296fec57d46f6a5e833ecaa87f25f99905594a329,0.26,2.66,2.73,2.78,256.0,-0.3,954.7,0.8660254037844386,0.5000000000000001,0.23851257519407648,0.9711394088771653
validation_selection,2026-01-13T06:00:00+00:00,2026-01-13T00:00:00+00:00,2026-01-14T05:00:00+00:00,2026-01-14T10:00:00+05:00,24,23.0,fcaa2442268626488307ccbdde8cd2052f907beecfe4362113fcf5fb39de8ece,0.045000000000000005,0.73,0.75,0.77,270.0,2.0,954.0,0.9659258262890683,0.25881904510252074,0.23851257519407648,0.9711394088771653
validation_selection,2026-01-12T06:00:00+00:00,2026-01-12T00:00:00+00:00,2026-01-14T05:00:00+00:00,2026-01-14T10:00:00+05:00,48,47.0,31129e8be1f7c88aa547357296fec57d46f6a5e833ecaa87f25f99905594a329,0.045000000000000005,2.44,2.5,2.55,258.0,1.3,955.1,0.9659258262890683,0.25881904510252074,0.23851257519407648,0.9711394088771653
validation_selection,2026-01-13T06:00:00+00:00,2026-01-13T00:00:00+00:00,2026-01-14T06:00:00+00:00,2026-01-14T11:00:00+05:00,24,24.0,fcaa2442268626488307ccbdde8cd2052f907beecfe4362113fcf5fb39de8ece,0.015,1.48,1.52,1.55,279.0,3.2,954.0,1.0,6.123233995736766e-17,0.23851257519407648,0.9711394088771653
validation_selection,2026-01-12T06:00:00+00:00,2026-01-12T00:00:00+00:00,2026-01-14T06:00:00+00:00,2026-01-14T11:00:00+05:00,48,48.0,31129e8be1f7c88aa547357296fec57d46f6a5e833ecaa87f25f99905594a329,0.015,2.59,2.65,2.71,273.0,2.5,955.1,1.0,6.123233995736766e-17,0.23851257519407648,0.9711394088771653
validation_selection,2026-01-13T06:00:00+00:00,2026-01-13T00:00:00+00:00,2026-01-14T07:00:00+00:00,2026-01-14T12:00:00+05:00,24,25.0,fcaa2442268626488307ccbdde8cd2052f907beecfe4362113fcf5fb39de8ece,0.06333333333333334,2.0,2.06,2.1,274.0,4.1,953.3,0.9659258262890683,-0.25881904510252063,0.23851257519407648,0.9711394088771653
validation_selection,2026-01-12T06:00:00+00:00,2026-01-12T00:00:00+00:00,2026-01-14T07:00:00+00:00,2026-01-14T12:00:00+05:00,48,49.0,31129e8be1f7c88aa547357296fec57d46f6a5e833ecaa87f25f99905594a329,0.06333333333333334,2.78,2.85,2.91,271.0,3.3,954.5,0.9659258262890683,-0.25881904510252063,0.23851257519407648,0.9711394088771653
validation_selection,2026-01-13T06:00:00+00:00,2026-01-13T00:00:00+00:00,2026-01-14T08:00:00+00:00,2026-01-14T13:00:00+05:00,24,26.0,fcaa2442268626488307ccbdde8cd2052f907beecfe4362113fcf5fb39de8ece,0.11333333333333334,2.98,3.05,3.12,267.0,4.5,952.8,0.8660254037844387,-0.4999999999999998,0.23851257519407648,0.9711394088771653
validation_selection,2026-01-12T06:00:00+00:00,2026-01-12T00:00:00+00:00,2026-01-14T08:00:00+00:00,2026-01-14T13:00:00+05:00,48,50.0,31129e8be1f7c88aa547357296fec57d46f6a5e833ecaa87f25f99905594a329,0.11333333333333334,3.36,3.45,3.52,268.0,3.7,954.0,0.8660254037844387,-0.4999999999999998,0.23851257519407648,0.9711394088771653
validation_selection,2026-01-13T12:00:00+00:00,2026-01-13T06:00:00+00:00,2026-01-14T09:00:00+00:00,2026-01-14T14:00:00+05:00,24,21.0,798da38864214241f99a8b60b41a00cb6bb7cbe6f6894726c6af7ef4afd92dfb,0.1366666666666667,3.89,3.99,4.07,262.0,4.4,952.7,0.7071067811865476,-0.7071067811865475,0.23851257519407648,0.9711394088771653
validation_selection,2026-01-12T12:00:00+00:00,2026-01-12T06:00:00+00:00,2026-01-14T09:00:00+00:00,2026-01-14T14:00:00+05:00,48,45.0,45e0e5d15798f6b4579b830d59c1838fb59b7be4b2315b25c46b8b4805dfbf4f,0.1366666666666667,3.76,3.86,3.94,266.0,3.9,953.7,0.7071067811865476,-0.7071067811865475,0.23851257519407648,0.9711394088771653
validation_selection,2026-01-13T12:00:00+00:00,2026-01-13T06:00:00+00:00,2026-01-14T10:00:00+00:00,2026-01-14T15:00:00+05:00,24,22.0,798da38864214241f99a8b60b41a00cb6bb7cbe6f6894726c6af7ef4afd92dfb,0.17,4.28,4.39,4.48,255.0,3.3,953.1,0.49999999999999994,-0.8660254037844387,0.23851257519407648,0.9711394088771653
validation_selection,2026-01-12T12:00:00+00:00,2026-01-12T06:00:00+00:00,2026-01-14T10:00:00+00:00,2026-01-14T15:00:00+05:00,48,46.0,45e0e5d15798f6b4579b830d59c1838fb59b7be4b2315b25c46b8b4805dfbf4f,0.17,3.83,3.93,4.01,263.0,3.0,953.8,0.49999999999999994,-0.8660254037844387,0.23851257519407648,0.9711394088771653
validation_selection,2026-01-13T12:00:00+00:00,2026-01-13T06:00:00+00:00,2026-01-14T11:00:00+00:00,2026-01-14T16:00:00+05:00,24,23.0,798da38864214241f99a8b60b41a00cb6bb7cbe6f6894726c6af7ef4afd92dfb,0.11499999999999999,4.16,4.27,4.36,252.0,1.1,953.0,0.258819045102521,-0.9659258262890682,0.23851257519407648,0.9711394088771653
validation_selection,2026-01-12T12:00:00+00:00,2026-01-12T06:00:00+00:00,2026-01-14T11:00:00+00:00,2026-01-14T16:00:00+05:00,48,47.0,45e0e5d15798f6b4579b830d59c1838fb59b7be4b2315b25c46b8b4805dfbf4f,0.11499999999999999,4.3,4.41,4.5,250.0,0.9,953.6,0.258819045102521,-0.9659258262890682,0.23851257519407648,0.9711394088771653
validation_selection,2026-01-13T12:00:00+00:00,2026-01-13T06:00:00+00:00,2026-01-14T12:00:00+00:00,2026-01-14T17:00:00+05:00,24,24.0,798da38864214241f99a8b60b41a00cb6bb7cbe6f6894726c6af7ef4afd92dfb,0.155,4.69,4.81,4.91,243.0,-1.0,952.9,1.2246467991473532e-16,-1.0,0.23851257519407648,0.9711394088771653
validation_selection,2026-01-12T12:00:00+00:00,2026-01-12T06:00:00+00:00,2026-01-14T12:00:00+00:00,2026-01-14T17:00:00+05:00,48,48.0,45e0e5d15798f6b4579b830d59c1838fb59b7be4b2315b25c46b8b4805dfbf4f,0.155,5.25,5.39,5.5,243.0,-1.4,953.8,1.2246467991473532e-16,-1.0,0.23851257519407648,0.9711394088771653
validation_selection,2026-01-13T12:00:00+00:00,2026-01-13T06:00:00+00:00,2026-01-14T13:00:00+00:00,2026-01-14T18:00:00+05:00,24,25.0,798da38864214241f99a8b60b41a00cb6bb7cbe6f6894726c6af7ef4afd92dfb,0.14,5.06,5.19,5.3,242.0,-1.8,952.9,-0.2588190451025208,-0.9659258262890683,0.23851257519407648,0.9711394088771653
validation_selection,2026-01-12T12:00:00+00:00,2026-01-12T06:00:00+00:00,2026-01-14T13:00:00+00:00,2026-01-14T18:00:00+05:00,48,49.0,45e0e5d15798f6b4579b830d59c1838fb59b7be4b2315b25c46b8b4805dfbf4f,0.14,5.68,5.83,5.95,237.0,-1.9,954.0,-0.2588190451025208,-0.9659258262890683,0.23851257519407648,0.9711394088771653
validation_selection,2026-01-13T12:00:00+00:00,2026-01-13T06:00:00+00:00,2026-01-14T14:00:00+00:00,2026-01-14T19:00:00+05:00,24,26.0,798da38864214241f99a8b60b41a00cb6bb7cbe6f6894726c6af7ef4afd92dfb,0.13333333333333333,5.74,5.89,6.01,240.0,-2.6,953.0,-0.4999999999999997,-0.8660254037844388,0.23851257519407648,0.9711394088771653
validation_selection,2026-01-12T12:00:00+00:00,2026-01-12T06:00:00+00:00,2026-01-14T14:00:00+00:00,2026-01-14T19:00:00+05:00,48,50.0,45e0e5d15798f6b4579b830d59c1838fb59b7be4b2315b25c46b8b4805dfbf4f,0.13333333333333333,5.59,5.74,5.86,240.0,-2.2,954.1,-0.4999999999999997,-0.8660254037844388,0.23851257519407648,0.9711394088771653
validation_selection,2026-01-13T18:00:00+00:00,2026-01-13T12:00:00+00:00,2026-01-14T15:00:00+00:00,2026-01-14T20:00:00+05:00,24,21.0,2c1a9ec3b7fa9580eef0cfef8a2df735a57d2034af8ba4643d38f5ff96e0d389,0.19999999999999998,5.67,5.82,5.94,241.0,-2.5,953.2,-0.7071067811865471,-0.7071067811865479,0.23851257519407648,0.9711394088771653
validation_selection,2026-01-12T18:00:00+00:00,2026-01-12T12:00:00+00:00,2026-01-14T15:00:00+00:00,2026-01-14T20:00:00+05:00,48,45.0,41594564e8e29266d97773c48b67f9f37177b94e5331949519ade2f9f7dc7fd7,0.19999999999999998,6.06,6.22,6.34,243.0,-2.1,953.5,-0.7071067811865471,-0.7071067811865479,0.23851257519407648,0.9711394088771653
validation_selection,2026-01-13T18:00:00+00:00,2026-01-13T12:00:00+00:00,2026-01-14T16:00:00+00:00,2026-01-14T21:00:00+05:00,24,22.0,2c1a9ec3b7fa9580eef0cfef8a2df735a57d2034af8ba4643d38f5ff96e0d389,0.36166666666666664,5.72,5.87,5.99,240.0,-2.8,953.2,-0.8660254037844385,-0.5000000000000004,0.23851257519407648,0.9711394088771653
validation_selection,2026-01-12T18:00:00+00:00,2026-01-12T12:00:00+00:00,2026-01-14T16:00:00+00:00,2026-01-14T21:00:00+05:00,48,46.0,41594564e8e29266d97773c48b67f9f37177b94e5331949519ade2f9f7dc7fd7,0.36166666666666664,6.23,6.4,6.53,244.0,-2.4,953.7,-0.8660254037844385,-0.5000000000000004,0.23851257519407648,0.9711394088771653
validation_selection,2026-01-13T18:00:00+00:00,2026-01-13T12:00:00+00:00,2026-01-14T17:00:00+00:00,2026-01-14T22:00:00+05:00,24,23.0,2c1a9ec3b7fa9580eef0cfef8a2df735a57d2034af8ba4643d38f5ff96e0d389,0.24000000000000002,5.73,5.87,6.0,239.0,-3.2,953.6,-0.9659258262890683,-0.25881904510252063,0.23851257519407648,0.9711394088771653
validation_selection,2026-01-12T18:00:00+00:00,2026-01-12T12:00:00+00:00,2026-01-14T17:00:00+00:00,2026-01-14T22:00:00+05:00,48,47.0,41594564e8e29266d97773c48b67f9f37177b94e5331949519ade2f9f7dc7fd7,0.24000000000000002,5.93,6.08,6.21,245.0,-2.8,953.9,-0.9659258262890683,-0.25881904510252063,0.23851257519407648,0.9711394088771653
validation_selection,2026-01-13T18:00:00+00:00,2026-01-13T12:00:00+00:00,2026-01-14T18:00:00+00:00,2026-01-14T23:00:00+05:00,24,24.0,2c1a9ec3b7fa9580eef0cfef8a2df735a57d2034af8ba4643d38f5ff96e0d389,0.10833333333333334,4.88,5.01,5.11,238.0,-3.5,953.8,-1.0,-1.8369701987210297e-16,0.23851257519407648,0.9711394088771653
validation_selection,2026-01-12T18:00:00+00:00,2026-01-12T12:00:00+00:00,2026-01-14T18:00:00+00:00,2026-01-14T23:00:00+05:00,48,48.0,41594564e8e29266d97773c48b67f9f37177b94e5331949519ade2f9f7dc7fd7,0.10833333333333334,5.56,5.71,5.83,253.0,-3.6,954.1,-1.0,-1.8369701987210297e-16,0.23851257519407648,0.9711394088771653
validation_selection,2026-01-13T18:00:00+00:00,2026-01-13T12:00:00+00:00,2026-01-14T19:00:00+00:00,2026-01-15T00:00:00+05:00,24,25.0,2c1a9ec3b7fa9580eef0cfef8a2df735a57d2034af8ba4643d38f5ff96e0d389,0.04666666666666667,4.56,4.68,4.78,252.0,-3.9,954.1,-0.9659258262890684,0.2588190451025203,0.23851257519407648,0.9711394088771653
validation_selection,2026-01-12T18:00:00+00:00,2026-01-12T12:00:00+00:00,2026-01-14T19:00:00+00:00,2026-01-15T00:00:00+05:00,48,49.0,41594564e8e29266d97773c48b67f9f37177b94e5331949519ade2f9f7dc7fd7,0.04666666666666667,4.89,5.02,5.12,250.0,-4.7,954.4,-0.9659258262890684,0.2588190451025203,0.23851257519407648,0.9711394088771653
validation_selection,2026-01-13T18:00:00+00:00,2026-01-13T12:00:00+00:00,2026-01-14T20:00:00+00:00,2026-01-15T01:00:00+05:00,24,26.0,2c1a9ec3b7fa9580eef0cfef8a2df735a57d2034af8ba4643d38f5ff96e0d389,0.02,4.47,4.59,4.68,250.0,-4.8,954.2,-0.8660254037844386,0.5000000000000001,0.23851257519407648,0.9711394088771653
validation_selection,2026-01-12T18:00:00+00:00,2026-01-12T12:00:00+00:00,2026-01-14T20:00:00+00:00,2026-01-15T01:00:00+05:00,48,50.0,41594564e8e29266d97773c48b67f9f37177b94e5331949519ade2f9f7dc7fd7,0.02,4.25,4.36,4.45,252.0,-5.4,954.6,-0.8660254037844386,0.5000000000000001,0.23851257519407648,0.9711394088771653
validation_selection,2026-01-14T00:00:00+00:00,2026-01-13T18:00:00+00:00,2026-01-14T21:00:00+00:00,2026-01-15T02:00:00+05:00,24,21.0,0cc53b5d9f335f8e0b64f6ba027b66aa5eb042b6d487afa7e2c7e6477a70576d,0.02,3.08,3.16,3.23,252.0,-5.1,953.9,-0.7071067811865477,0.7071067811865474,0.23851257519407648,0.9711394088771653
validation_selection,2026-01-13T00:00:00+00:00,2026-01-12T18:00:00+00:00,2026-01-14T21:00:00+00:00,2026-01-15T02:00:00+05:00,48,45.0,c5a2821e6fe23daba6de119a6e150d5a28ac2fbf0202f6e6289b607d35510be9,0.02,3.37,3.46,3.53,259.0,-6.1,954.7,-0.7071067811865477,0.7071067811865474,0.23851257519407648,0.9711394088771653
validation_selection,2026-01-14T00:00:00+00:00,2026-01-13T18:00:00+00:00,2026-01-14T22:00:00+00:00,2026-01-15T03:00:00+05:00,24,22.0,0cc53b5d9f335f8e0b64f6ba027b66aa5eb042b6d487afa7e2c7e6477a70576d,0.011666666666666667,3.12,3.2,3.27,272.0,-5.4,954.2,-0.5000000000000004,0.8660254037844384,0.23851257519407648,0.9711394088771653
validation_selection,2026-01-13T00:00:00+00:00,2026-01-12T18:00:00+00:00,2026-01-14T22:00:00+00:00,2026-01-15T03:00:00+05:00,48,46.0,c5a2821e6fe23daba6de119a6e150d5a28ac2fbf0202f6e6289b607d35510be9,0.011666666666666667,2.8,2.87,2.93,263.0,-6.7,954.8,-0.5000000000000004,0.8660254037844384,0.23851257519407648,0.9711394088771653
validation_selection,2026-01-14T00:00:00+00:00,2026-01-13T18:00:00+00:00,2026-01-14T23:00:00+00:00,2026-01-15T04:00:00+05:00,24,23.0,0cc53b5d9f335f8e0b64f6ba027b66aa5eb042b6d487afa7e2c7e6477a70576d,0.01,2.77,2.84,2.9,256.0,-6.1,954.5,-0.25881904510252157,0.9659258262890681,0.23851257519407648,0.9711394088771653
validation_selection,2026-01-13T00:00:00+00:00,2026-01-12T18:00:00+00:00,2026-01-14T23:00:00+00:00,2026-01-15T04:00:00+05:00,48,47.0,c5a2821e6fe23daba6de119a6e150d5a28ac2fbf0202f6e6289b607d35510be9,0.01,2.25,2.3,2.35,266.0,-7.1,955.0,-0.25881904510252157,0.9659258262890681,0.23851257519407648,0.9711394088771653
validation_selection,2026-01-14T00:00:00+00:00,2026-01-13T18:00:00+00:00,2026-01-15T00:00:00+00:00,2026-01-15T05:00:00+05:00,24,24.0,0cc53b5d9f335f8e0b64f6ba027b66aa5eb042b6d487afa7e2c7e6477a70576d,0.01,2.34,2.4,2.45,258.0,-6.0,954.9,0.0,1.0,0.2551824131233728,0.9668929289391521
validation_selection,2026-01-13T00:00:00+00:00,2026-01-12T18:00:00+00:00,2026-01-15T00:00:00+00:00,2026-01-15T05:00:00+05:00,48,48.0,c5a2821e6fe23daba6de119a6e150d5a28ac2fbf0202f6e6289b607d35510be9,0.01,1.72,1.77,1.8,278.0,-7.3,955.6,0.0,1.0,0.2551824131233728,0.9668929289391521
validation_selection,2026-01-14T00:00:00+00:00,2026-01-13T18:00:00+00:00,2026-01-15T01:00:00+00:00,2026-01-15T06:00:00+05:00,24,25.0,0cc53b5d9f335f8e0b64f6ba027b66aa5eb042b6d487afa7e2c7e6477a70576d,0.01,2.15,2.21,2.25,266.0,-5.9,955.4,0.25881904510252074,0.9659258262890683,0.2551824131233728,0.9668929289391521
validation_selection,2026-01-13T00:00:00+00:00,2026-01-12T18:00:00+00:00,2026-01-15T01:00:00+00:00,2026-01-15T06:00:00+05:00,48,49.0,c5a2821e6fe23daba6de119a6e150d5a28ac2fbf0202f6e6289b607d35510be9,0.01,1.9,1.95,1.99,267.0,-7.7,956.2,0.25881904510252074,0.9659258262890683,0.2551824131233728,0.9668929289391521
validation_selection,2026-01-14T00:00:00+00:00,2026-01-13T18:00:00+00:00,2026-01-15T02:00:00+00:00,2026-01-15T07:00:00+05:00,24,26.0,0cc53b5d9f335f8e0b64f6ba027b66aa5eb042b6d487afa7e2c7e6477a70576d,0.01,1.81,1.86,1.9,264.0,-5.8,956.0,0.49999999999999994,0.8660254037844387,0.2551824131233728,0.9668929289391521
validation_selection,2026-01-13T00:00:00+00:00,2026-01-12T18:00:00+00:00,2026-01-15T02:00:00+00:00,2026-01-15T07:00:00+05:00,48,50.0,c5a2821e6fe23daba6de119a6e150d5a28ac2fbf0202f6e6289b607d35510be9,0.01,2.44,2.5,2.55,269.0,-7.8,956.5,0.49999999999999994,0.8660254037844387,0.2551824131233728,0.9668929289391521
validation_selection,2026-01-14T06:00:00+00:00,2026-01-14T00:00:00+00:00,2026-01-15T03:00:00+00:00,2026-01-15T08:00:00+05:00,24,21.0,9193380d26f1df2b897a5fa6e2b49436f6ee73aac9f5b9477b87c405a5525f19,0.01,0.81,0.83,0.85,303.0,-5.2,956.2,0.7071067811865476,0.7071067811865476,0.2551824131233728,0.9668929289391521
validation_selection,2026-01-13T06:00:00+00:00,2026-01-13T00:00:00+00:00,2026-01-15T03:00:00+00:00,2026-01-15T08:00:00+05:00,48,45.0,fcaa2442268626488307ccbdde8cd2052f907beecfe4362113fcf5fb39de8ece,0.01,2.27,2.33,2.38,255.0,-6.8,957.0,0.7071067811865476,0.7071067811865476,0.2551824131233728,0.9668929289391521
validation_selection,2026-01-14T06:00:00+00:00,2026-01-14T00:00:00+00:00,2026-01-15T04:00:00+00:00,2026-01-15T09:00:00+05:00,24,22.0,9193380d26f1df2b897a5fa6e2b49436f6ee73aac9f5b9477b87c405a5525f19,0.01,2.04,2.09,2.14,310.0,-5.0,956.9,0.8660254037844386,0.5000000000000001,0.2551824131233728,0.9668929289391521
validation_selection,2026-01-13T06:00:00+00:00,2026-01-13T00:00:00+00:00,2026-01-15T04:00:00+00:00,2026-01-15T09:00:00+05:00,48,46.0,fcaa2442268626488307ccbdde8cd2052f907beecfe4362113fcf5fb39de8ece,0.01,1.81,1.86,1.89,284.0,-5.7,957.4,0.8660254037844386,0.5000000000000001,0.2551824131233728,0.9668929289391521
validation_selection,2026-01-14T06:00:00+00:00,2026-01-14T00:00:00+00:00,2026-01-15T05:00:00+00:00,2026-01-15T10:00:00+05:00,24,23.0,9193380d26f1df2b897a5fa6e2b49436f6ee73aac9f5b9477b87c405a5525f19,0.01,1.31,1.35,1.37,329.0,-4.3,956.9,0.9659258262890683,0.25881904510252074,0.2551824131233728,0.9668929289391521
validation_selection,2026-01-13T06:00:00+00:00,2026-01-13T00:00:00+00:00,2026-01-15T05:00:00+00:00,2026-01-15T10:00:00+05:00,48,47.0,fcaa2442268626488307ccbdde8cd2052f907beecfe4362113fcf5fb39de8ece,0.01,1.49,1.53,1.56,32.0,-4.4,956.6,0.9659258262890683,0.25881904510252074,0.2551824131233728,0.9668929289391521
validation_selection,2026-01-14T06:00:00+00:00,2026-01-14T00:00:00+00:00,2026-01-15T06:00:00+00:00,2026-01-15T11:00:00+05:00,24,24.0,9193380d26f1df2b897a5fa6e2b49436f6ee73aac9f5b9477b87c405a5525f19,0.01,1.86,1.9,1.94,23.0,-3.3,956.3,1.0,6.123233995736766e-17,0.2551824131233728,0.9668929289391521
validation_selection,2026-01-13T06:00:00+00:00,2026-01-13T00:00:00+00:00,2026-01-15T06:00:00+00:00,2026-01-15T11:00:00+05:00,48,48.0,fcaa2442268626488307ccbdde8cd2052f907beecfe4362113fcf5fb39de8ece,0.01,2.99,3.07,3.13,24.0,-3.3,956.1,1.0,6.123233995736766e-17,0.2551824131233728,0.9668929289391521
validation_selection,2026-01-14T06:00:00+00:00,2026-01-14T00:00:00+00:00,2026-01-15T07:00:00+00:00,2026-01-15T12:00:00+05:00,24,25.0,9193380d26f1df2b897a5fa6e2b49436f6ee73aac9f5b9477b87c405a5525f19,0.01,3.41,3.5,3.57,44.0,-2.5,955.2,0.9659258262890683,-0.25881904510252063,0.2551824131233728,0.9668929289391521
validation_selection,2026-01-13T06:00:00+00:00,2026-01-13T00:00:00+00:00,2026-01-15T07:00:00+00:00,2026-01-15T12:00:00+05:00,48,49.0,fcaa2442268626488307ccbdde8cd2052f907beecfe4362113fcf5fb39de8ece,0.01,1.06,1.09,1.11,16.0,-3.5,955.9,0.9659258262890683,-0.25881904510252063,0.2551824131233728,0.9668929289391521
validation_selection,2026-01-14T06:00:00+00:00,2026-01-14T00:00:00+00:00,2026-01-15T08:00:00+00:00,2026-01-15T13:00:00+05:00,24,26.0,9193380d26f1df2b897a5fa6e2b49436f6ee73aac9f5b9477b87c405a5525f19,0.01,3.53,3.62,3.69,41.0,-1.8,953.9,0.8660254037844387,-0.4999999999999998,0.2551824131233728,0.9668929289391521
validation_selection,2026-01-13T06:00:00+00:00,2026-01-13T00:00:00+00:00,2026-01-15T08:00:00+00:00,2026-01-15T13:00:00+05:00,48,50.0,fcaa2442268626488307ccbdde8cd2052f907beecfe4362113fcf5fb39de8ece,0.01,0.68,0.69,0.71,30.0,-1.7,955.6,0.8660254037844387,-0.4999999999999998,0.2551824131233728,0.9668929289391521
validation_selection,2026-01-14T12:00:00+00:00,2026-01-14T06:00:00+00:00,2026-01-15T09:00:00+00:00,2026-01-15T14:00:00+05:00,24,21.0,c886396ddb1d3917ef12d3dc689229037a961f7eb42268f55920d828e43d5142,0.01,3.48,3.58,3.65,42.0,-2.3,954.5,0.7071067811865476,-0.7071067811865475,0.2551824131233728,0.9668929289391521
validation_selection,2026-01-13T12:00:00+00:00,2026-01-13T06:00:00+00:00,2026-01-15T09:00:00+00:00,2026-01-15T14:00:00+05:00,48,45.0,798da38864214241f99a8b60b41a00cb6bb7cbe6f6894726c6af7ef4afd92dfb,0.01,1.7,1.75,1.78,24.0,-1.6,954.9,0.7071067811865476,-0.7071067811865475,0.2551824131233728,0.9668929289391521
validation_selection,2026-01-14T12:00:00+00:00,2026-01-14T06:00:00+00:00,2026-01-15T10:00:00+00:00,2026-01-15T15:00:00+05:00,24,22.0,c886396ddb1d3917ef12d3dc689229037a961f7eb42268f55920d828e43d5142,0.02,3.92,4.02,4.11,55.0,-1.7,953.5,0.49999999999999994,-0.8660254037844387,0.2551824131233728,0.9668929289391521
validation_selection,2026-01-13T12:00:00+00:00,2026-01-13T06:00:00+00:00,2026-01-15T10:00:00+00:00,2026-01-15T15:00:00+05:00,48,46.0,798da38864214241f99a8b60b41a00cb6bb7cbe6f6894726c6af7ef4afd92dfb,0.02,1.23,1.26,1.29,34.0,-2.2,954.9,0.49999999999999994,-0.8660254037844387,0.2551824131233728,0.9668929289391521
validation_selection,2026-01-14T12:00:00+00:00,2026-01-14T06:00:00+00:00,2026-01-15T11:00:00+00:00,2026-01-15T16:00:00+05:00,24,23.0,c886396ddb1d3917ef12d3dc689229037a961f7eb42268f55920d828e43d5142,0.04,5.04,5.17,5.27,47.0,-2.2,953.4,0.258819045102521,-0.9659258262890682,0.2551824131233728,0.9668929289391521
validation_selection,2026-01-13T12:00:00+00:00,2026-01-13T06:00:00+00:00,2026-01-15T11:00:00+00:00,2026-01-15T16:00:00+05:00,48,47.0,798da38864214241f99a8b60b41a00cb6bb7cbe6f6894726c6af7ef4afd92dfb,0.04,1.68,1.73,1.76,68.0,-2.8,954.6,0.258819045102521,-0.9659258262890682,0.2551824131233728,0.9668929289391521
validation_selection,2026-01-14T12:00:00+00:00,2026-01-14T06:00:00+00:00,2026-01-15T12:00:00+00:00,2026-01-15T17:00:00+05:00,24,24.0,c886396ddb1d3917ef12d3dc689229037a961f7eb42268f55920d828e43d5142,0.08333333333333333,0.35,0.36,0.37,56.0,-2.5,954.1,1.2246467991473532e-16,-1.0,0.2551824131233728,0.9668929289391521
validation_selection,2026-01-13T12:00:00+00:00,2026-01-13T06:00:00+00:00,2026-01-15T12:00:00+00:00,2026-01-15T17:00:00+05:00,48,48.0,798da38864214241f99a8b60b41a00cb6bb7cbe6f6894726c6af7ef4afd92dfb,0.08333333333333333,2.7,2.77,2.83,70.0,-3.2,953.9,1.2246467991473532e-16,-1.0,0.2551824131233728,0.9668929289391521
validation_selection,2026-01-14T12:00:00+00:00,2026-01-14T06:00:00+00:00,2026-01-15T13:00:00+00:00,2026-01-15T18:00:00+05:00,24,25.0,c886396ddb1d3917ef12d3dc689229037a961f7eb42268f55920d828e43d5142,0.09166666666666667,2.16,2.22,2.27,301.0,-2.5,954.6,-0.2588190451025208,-0.9659258262890683,0.2551824131233728,0.9668929289391521
validation_selection,2026-01-13T12:00:00+00:00,2026-01-13T06:00:00+00:00,2026-01-15T13:00:00+00:00,2026-01-15T18:00:00+05:00,48,49.0,798da38864214241f99a8b60b41a00cb6bb7cbe6f6894726c6af7ef4afd92dfb,0.09166666666666667,1.47,1.51,1.54,34.0,-3.7,954.3,-0.2588190451025208,-0.9659258262890683,0.2551824131233728,0.9668929289391521
validation_selection,2026-01-14T12:00:00+00:00,2026-01-14T06:00:00+00:00,2026-01-15T14:00:00+00:00,2026-01-15T19:00:00+05:00,24,26.0,c886396ddb1d3917ef12d3dc689229037a961f7eb42268f55920d828e43d5142,0.06333333333333334,2.01,2.06,2.1,264.0,-2.8,954.8,-0.4999999999999997,-0.8660254037844388,0.2551824131233728,0.9668929289391521
validation_selection,2026-01-13T12:00:00+00:00,2026-01-13T06:00:00+00:00,2026-01-15T14:00:00+00:00,2026-01-15T19:00:00+05:00,48,50.0,798da38864214241f99a8b60b41a00cb6bb7cbe6f6894726c6af7ef4afd92dfb,0.06333333333333334,2.08,2.13,2.17,261.0,-2.7,955.1,-0.4999999999999997,-0.8660254037844388,0.2551824131233728,0.9668929289391521
validation_selection,2026-01-14T18:00:00+00:00,2026-01-14T12:00:00+00:00,2026-01-15T15:00:00+00:00,2026-01-15T20:00:00+05:00,24,21.0,c20b8d6dafd40780b6ac9656c46db328ebc159ef2c5cb64b72ac7888b1a87348,0.11333333333333334,1.47,1.51,1.54,264.0,-2.7,955.2,-0.7071067811865471,-0.7071067811865479,0.2551824131233728,0.9668929289391521
validation_selection,2026-01-13T18:00:00+00:00,2026-01-13T12:00:00+00:00,2026-01-15T15:00:00+00:00,2026-01-15T20:00:00+05:00,48,45.0,2c1a9ec3b7fa9580eef0cfef8a2df735a57d2034af8ba4643d38f5ff96e0d389,0.11333333333333334,2.53,2.59,2.65,19.0,-2.8,954.1,-0.7071067811865471,-0.7071067811865479,0.2551824131233728,0.9668929289391521
validation_selection,2026-01-14T18:00:00+00:00,2026-01-14T12:00:00+00:00,2026-01-15T16:00:00+00:00,2026-01-15T21:00:00+05:00,24,22.0,c20b8d6dafd40780b6ac9656c46db328ebc159ef2c5cb64b72ac7888b1a87348,0.20833333333333334,1.44,1.48,1.51,294.0,-3.1,955.0,-0.8660254037844385,-0.5000000000000004,0.2551824131233728,0.9668929289391521
validation_selection,2026-01-13T18:00:00+00:00,2026-01-13T12:00:00+00:00,2026-01-15T16:00:00+00:00,2026-01-15T21:00:00+05:00,48,46.0,2c1a9ec3b7fa9580eef0cfef8a2df735a57d2034af8ba4643d38f5ff96e0d389,0.20833333333333334,0.84,0.86,0.88,10.0,-3.5,954.3,-0.8660254037844385,-0.5000000000000004,0.2551824131233728,0.9668929289391521
validation_selection,2026-01-14T18:00:00+00:00,2026-01-14T12:00:00+00:00,2026-01-15T17:00:00+00:00,2026-01-15T22:00:00+05:00,24,23.0,c20b8d6dafd40780b6ac9656c46db328ebc159ef2c5cb64b72ac7888b1a87348,0.045000000000000005,2.52,2.58,2.64,255.0,-3.2,955.6,-0.9659258262890683,-0.25881904510252063,0.2551824131233728,0.9668929289391521
validation_selection,2026-01-13T18:00:00+00:00,2026-01-13T12:00:00+00:00,2026-01-15T17:00:00+00:00,2026-01-15T22:00:00+05:00,48,47.0,2c1a9ec3b7fa9580eef0cfef8a2df735a57d2034af8ba4643d38f5ff96e0d389,0.045000000000000005,1.3,1.33,1.36,257.0,-3.9,954.3,-0.9659258262890683,-0.25881904510252063,0.2551824131233728,0.9668929289391521
validation_selection,2026-01-14T18:00:00+00:00,2026-01-14T12:00:00+00:00,2026-01-15T18:00:00+00:00,2026-01-15T23:00:00+05:00,24,24.0,c20b8d6dafd40780b6ac9656c46db328ebc159ef2c5cb64b72ac7888b1a87348,0.01,3.73,3.82,3.9,243.0,-3.4,955.9,-1.0,-1.8369701987210297e-16,0.2551824131233728,0.9668929289391521
validation_selection,2026-01-13T18:00:00+00:00,2026-01-13T12:00:00+00:00,2026-01-15T18:00:00+00:00,2026-01-15T23:00:00+05:00,48,48.0,2c1a9ec3b7fa9580eef0cfef8a2df735a57d2034af8ba4643d38f5ff96e0d389,0.01,0.86,0.89,0.9,286.0,-3.4,954.3,-1.0,-1.8369701987210297e-16,0.2551824131233728,0.9668929289391521
validation_selection,2026-01-14T18:00:00+00:00,2026-01-14T12:00:00+00:00,2026-01-15T19:00:00+00:00,2026-01-16T00:00:00+05:00,24,25.0,c20b8d6dafd40780b6ac9656c46db328ebc159ef2c5cb64b72ac7888b1a87348,0.09500000000000001,2.7,2.77,2.82,264.0,-3.0,955.5,-0.9659258262890684,0.2588190451025203,0.2551824131233728,0.9668929289391521
validation_selection,2026-01-13T18:00:00+00:00,2026-01-13T12:00:00+00:00,2026-01-15T19:00:00+00:00,2026-01-16T00:00:00+05:00,48,49.0,2c1a9ec3b7fa9580eef0cfef8a2df735a57d2034af8ba4643d38f5ff96e0d389,0.09500000000000001,0.76,0.78,0.8,297.0,-3.9,953.9,-0.9659258262890684,0.2588190451025203,0.2551824131233728,0.9668929289391521
validation_selection,2026-01-14T18:00:00+00:00,2026-01-14T12:00:00+00:00,2026-01-15T20:00:00+00:00,2026-01-16T01:00:00+05:00,24,26.0,c20b8d6dafd40780b6ac9656c46db328ebc159ef2c5cb64b72ac7888b1a87348,0.13833333333333334,1.91,1.96,2.0,264.0,-3.6,954.9,-0.8660254037844386,0.5000000000000001,0.2551824131233728,0.9668929289391521
validation_selection,2026-01-13T18:00:00+00:00,2026-01-13T12:00:00+00:00,2026-01-15T20:00:00+00:00,2026-01-16T01:00:00+05:00,48,50.0,2c1a9ec3b7fa9580eef0cfef8a2df735a57d2034af8ba4643d38f5ff96e0d389,0.13833333333333334,2.16,2.22,2.27,306.0,-3.7,954.0,-0.8660254037844386,0.5000000000000001,0.2551824131233728,0.9668929289391521
validation_selection,2026-01-15T00:00:00+00:00,2026-01-14T18:00:00+00:00,2026-01-15T21:00:00+00:00,2026-01-16T02:00:00+05:00,24,21.0,e7f19ce5e6786b8dc5c5b5587aa146bc732551c3bb3d22fadaa774a03512db0f,0.07333333333333333,3.11,3.19,3.26,253.0,-3.5,954.8,-0.7071067811865477,0.7071067811865474,0.2551824131233728,0.9668929289391521
validation_selection,2026-01-14T00:00:00+00:00,2026-01-13T18:00:00+00:00,2026-01-15T21:00:00+00:00,2026-01-16T02:00:00+05:00,48,45.0,0cc53b5d9f335f8e0b64f6ba027b66aa5eb042b6d487afa7e2c7e6477a70576d,0.07333333333333333,2.3,2.36,2.41,249.0,-3.4,954.3,-0.7071067811865477,0.7071067811865474,0.2551824131233728,0.9668929289391521
validation_selection,2026-01-15T00:00:00+00:00,2026-01-14T18:00:00+00:00,2026-01-15T22:00:00+00:00,2026-01-16T03:00:00+05:00,24,22.0,e7f19ce5e6786b8dc5c5b5587aa146bc732551c3bb3d22fadaa774a03512db0f,0.049999999999999996,3.87,3.98,4.06,264.0,-4.0,954.8,-0.5000000000000004,0.8660254037844384,0.2551824131233728,0.9668929289391521
validation_selection,2026-01-14T00:00:00+00:00,2026-01-13T18:00:00+00:00,2026-01-15T22:00:00+00:00,2026-01-16T03:00:00+05:00,48,46.0,0cc53b5d9f335f8e0b64f6ba027b66aa5eb042b6d487afa7e2c7e6477a70576d,0.049999999999999996,2.24,2.3,2.35,272.0,-3.9,953.7,-0.5000000000000004,0.8660254037844384,0.2551824131233728,0.9668929289391521
validation_selection,2026-01-15T00:00:00+00:00,2026-01-14T18:00:00+00:00,2026-01-15T23:00:00+00:00,2026-01-16T04:00:00+05:00,24,23.0,e7f19ce5e6786b8dc5c5b5587aa146bc732551c3bb3d22fadaa774a03512db0f,0.04,2.81,2.88,2.94,244.0,-4.0,954.3,-0.25881904510252157,0.9659258262890681,0.2551824131233728,0.9668929289391521
validation_selection,2026-01-14T00:00:00+00:00,2026-01-13T18:00:00+00:00,2026-01-15T23:00:00+00:00,2026-01-16T04:00:00+05:00,48,47.0,0cc53b5d9f335f8e0b64f6ba027b66aa5eb042b6d487afa7e2c7e6477a70576d,0.04,3.26,3.35,3.42,256.0,-3.6,953.5,-0.25881904510252157,0.9659258262890681,0.2551824131233728,0.9668929289391521
validation_selection,2026-01-15T00:00:00+00:00,2026-01-14T18:00:00+00:00,2026-01-16T00:00:00+00:00,2026-01-16T05:00:00+05:00,24,24.0,e7f19ce5e6786b8dc5c5b5587aa146bc732551c3bb3d22fadaa774a03512db0f,0.013333333333333334,3.21,3.29,3.36,250.0,-4.1,954.4,0.0,1.0,0.2717767384711357,0.9623603298276545
validation_selection,2026-01-14T00:00:00+00:00,2026-01-13T18:00:00+00:00,2026-01-16T00:00:00+00:00,2026-01-16T05:00:00+05:00,48,48.0,0cc53b5d9f335f8e0b64f6ba027b66aa5eb042b6d487afa7e2c7e6477a70576d,0.013333333333333334,3.91,4.01,4.09,247.0,-3.3,953.8,0.0,1.0,0.2717767384711357,0.9623603298276545
validation_selection,2026-01-15T00:00:00+00:00,2026-01-14T18:00:00+00:00,2026-01-16T01:00:00+00:00,2026-01-16T06:00:00+05:00,24,25.0,e7f19ce5e6786b8dc5c5b5587aa146bc732551c3bb3d22fadaa774a03512db0f,0.03166666666666667,2.66,2.72,2.78,223.0,-4.2,953.8,0.25881904510252074,0.9659258262890683,0.2717767384711357,0.9623603298276545
validation_selection,2026-01-14T00:00:00+00:00,2026-01-13T18:00:00+00:00,2026-01-16T01:00:00+00:00,2026-01-16T06:00:00+05:00,48,49.0,0cc53b5d9f335f8e0b64f6ba027b66aa5eb042b6d487afa7e2c7e6477a70576d,0.03166666666666667,4.14,4.24,4.33,236.0,-3.0,954.3,0.25881904510252074,0.9659258262890683,0.2717767384711357,0.9623603298276545
validation_selection,2026-01-15T00:00:00+00:00,2026-01-14T18:00:00+00:00,2026-01-16T02:00:00+00:00,2026-01-16T07:00:00+05:00,24,26.0,e7f19ce5e6786b8dc5c5b5587aa146bc732551c3bb3d22fadaa774a03512db0f,0.02,2.78,2.85,2.91,255.0,-4.4,953.6,0.49999999999999994,0.8660254037844387,0.2717767384711357,0.9623603298276545
validation_selection,2026-01-14T00:00:00+00:00,2026-01-13T18:00:00+00:00,2026-01-16T02:00:00+00:00,2026-01-16T07:00:00+05:00,48,50.0,0cc53b5d9f335f8e0b64f6ba027b66aa5eb042b6d487afa7e2c7e6477a70576d,0.02,4.35,4.46,4.55,222.0,-3.0,954.6,0.49999999999999994,0.8660254037844387,0.2717767384711357,0.9623603298276545
validation_selection,2026-01-15T06:00:00+00:00,2026-01-15T00:00:00+00:00,2026-01-16T03:00:00+00:00,2026-01-16T08:00:00+05:00,24,21.0,2f76bd1294477c4d9215fce6d33efb348b5bf9d11b1263319abc24e0558e1b08,0.03,3.76,3.86,3.94,222.0,-3.5,954.2,0.7071067811865476,0.7071067811865476,0.2717767384711357,0.9623603298276545
validation_selection,2026-01-14T06:00:00+00:00,2026-01-14T00:00:00+00:00,2026-01-16T03:00:00+00:00,2026-01-16T08:00:00+05:00,48,45.0,9193380d26f1df2b897a5fa6e2b49436f6ee73aac9f5b9477b87c405a5525f19,0.03,4.34,4.45,4.54,235.0,-3.2,954.6,0.7071067811865476,0.7071067811865476,0.2717767384711357,0.9623603298276545
validation_selection,2026-01-15T06:00:00+00:00,2026-01-15T00:00:00+00:00,2026-01-16T04:00:00+00:00,2026-01-16T09:00:00+05:00,24,22.0,2f76bd1294477c4d9215fce6d33efb348b5bf9d11b1263319abc24e0558e1b08,0.07166666666666667,2.75,2.82,2.88,233.0,-3.1,953.7,0.8660254037844386,0.5000000000000001,0.2717767384711357,0.9623603298276545
validation_selection,2026-01-14T06:00:00+00:00,2026-01-14T00:00:00+00:00,2026-01-16T04:00:00+00:00,2026-01-16T09:00:00+05:00,48,46.0,9193380d26f1df2b897a5fa6e2b49436f6ee73aac9f5b9477b87c405a5525f19,0.07166666666666667,4.43,4.55,4.64,240.0,-3.3,954.9,0.8660254037844386,0.5000000000000001,0.2717767384711357,0.9623603298276545
validation_selection,2026-01-15T06:00:00+00:00,2026-01-15T00:00:00+00:00,2026-01-16T05:00:00+00:00,2026-01-16T10:00:00+05:00,24,23.0,2f76bd1294477c4d9215fce6d33efb348b5bf9d11b1263319abc24e0558e1b08,0.016666666666666666,3.17,3.25,3.32,271.0,-2.5,953.5,0.9659258262890683,0.25881904510252074,0.2717767384711357,0.9623603298276545
validation_selection,2026-01-14T06:00:00+00:00,2026-01-14T00:00:00+00:00,2026-01-16T05:00:00+00:00,2026-01-16T10:00:00+05:00,48,47.0,9193380d26f1df2b897a5fa6e2b49436f6ee73aac9f5b9477b87c405a5525f19,0.016666666666666666,3.84,3.94,4.02,244.0,-3.3,954.4,0.9659258262890683,0.25881904510252074,0.2717767384711357,0.9623603298276545
validation_selection,2026-01-15T06:00:00+00:00,2026-01-15T00:00:00+00:00,2026-01-16T06:00:00+00:00,2026-01-16T11:00:00+05:00,24,24.0,2f76bd1294477c4d9215fce6d33efb348b5bf9d11b1263319abc24e0558e1b08,0.04833333333333333,3.44,3.53,3.6,258.0,-2.4,953.1,1.0,6.123233995736766e-17,0.2717767384711357,0.9623603298276545
validation_selection,2026-01-14T06:00:00+00:00,2026-01-14T00:00:00+00:00,2026-01-16T06:00:00+00:00,2026-01-16T11:00:00+05:00,48,48.0,9193380d26f1df2b897a5fa6e2b49436f6ee73aac9f5b9477b87c405a5525f19,0.04833333333333333,4.48,4.6,4.69,262.0,-2.9,954.3,1.0,6.123233995736766e-17,0.2717767384711357,0.9623603298276545
validation_selection,2026-01-15T06:00:00+00:00,2026-01-15T00:00:00+00:00,2026-01-16T07:00:00+00:00,2026-01-16T12:00:00+05:00,24,25.0,2f76bd1294477c4d9215fce6d33efb348b5bf9d11b1263319abc24e0558e1b08,0.04,3.3,3.39,3.46,262.0,-2.0,951.9,0.9659258262890683,-0.25881904510252063,0.2717767384711357,0.9623603298276545
validation_selection,2026-01-14T06:00:00+00:00,2026-01-14T00:00:00+00:00,2026-01-16T07:00:00+00:00,2026-01-16T12:00:00+05:00,48,49.0,9193380d26f1df2b897a5fa6e2b49436f6ee73aac9f5b9477b87c405a5525f19,0.04,4.91,5.04,5.15,263.0,-3.2,953.8,0.9659258262890683,-0.25881904510252063,0.2717767384711357,0.9623603298276545
validation_selection,2026-01-15T06:00:00+00:00,2026-01-15T00:00:00+00:00,2026-01-16T08:00:00+00:00,2026-01-16T13:00:00+05:00,24,26.0,2f76bd1294477c4d9215fce6d33efb348b5bf9d11b1263319abc24e0558e1b08,0.09000000000000001,3.76,3.86,3.93,273.0,-2.0,951.1,0.8660254037844387,-0.4999999999999998,0.2717767384711357,0.9623603298276545
validation_selection,2026-01-14T06:00:00+00:00,2026-01-14T00:00:00+00:00,2026-01-16T08:00:00+00:00,2026-01-16T13:00:00+05:00,48,50.0,9193380d26f1df2b897a5fa6e2b49436f6ee73aac9f5b9477b87c405a5525f19,0.09000000000000001,4.65,4.77,4.87,255.0,-3.2,952.8,0.8660254037844387,-0.4999999999999998,0.2717767384711357,0.9623603298276545
validation_selection,2026-01-15T12:00:00+00:00,2026-01-15T06:00:00+00:00,2026-01-16T09:00:00+00:00,2026-01-16T14:00:00+05:00,24,21.0,30973893cd40447b6ba720f8c493ecffd7bdd32c6f6811fea7302ea03aa04a29,0.23,4.64,4.76,4.85,267.0,-3.2,951.5,0.7071067811865476,-0.7071067811865475,0.2717767384711357,0.9623603298276545
validation_selection,2026-01-14T12:00:00+00:00,2026-01-14T06:00:00+00:00,2026-01-16T09:00:00+00:00,2026-01-16T14:00:00+05:00,48,45.0,c886396ddb1d3917ef12d3dc689229037a961f7eb42268f55920d828e43d5142,0.23,4.72,4.84,4.94,254.0,-3.5,952.5,0.7071067811865476,-0.7071067811865475,0.2717767384711357,0.9623603298276545
validation_selection,2026-01-15T12:00:00+00:00,2026-01-15T06:00:00+00:00,2026-01-16T10:00:00+00:00,2026-01-16T15:00:00+05:00,24,22.0,30973893cd40447b6ba720f8c493ecffd7bdd32c6f6811fea7302ea03aa04a29,0.3833333333333333,4.3,4.41,4.5,252.0,-3.5,951.8,0.49999999999999994,-0.8660254037844387,0.2717767384711357,0.9623603298276545
validation_selection,2026-01-14T12:00:00+00:00,2026-01-14T06:00:00+00:00,2026-01-16T10:00:00+00:00,2026-01-16T15:00:00+05:00,48,46.0,c886396ddb1d3917ef12d3dc689229037a961f7eb42268f55920d828e43d5142,0.3833333333333333,5.77,5.92,6.04,254.0,-3.9,953.1,0.49999999999999994,-0.8660254037844387,0.2717767384711357,0.9623603298276545
validation_selection,2026-01-15T12:00:00+00:00,2026-01-15T06:00:00+00:00,2026-01-16T11:00:00+00:00,2026-01-16T16:00:00+05:00,24,23.0,30973893cd40447b6ba720f8c493ecffd7bdd32c6f6811fea7302ea03aa04a29,0.375,4.67,4.79,4.89,254.0,-3.9,951.7,0.258819045102521,-0.9659258262890682,0.2717767384711357,0.9623603298276545
validation_selection,2026-01-14T12:00:00+00:00,2026-01-14T06:00:00+00:00,2026-01-16T11:00:00+00:00,2026-01-16T16:00:00+05:00,48,47.0,c886396ddb1d3917ef12d3dc689229037a961f7eb42268f55920d828e43d5142,0.375,5.79,5.94,6.07,257.0,-4.3,953.1,0.258819045102521,-0.9659258262890682,0.2717767384711357,0.9623603298276545
validation_selection,2026-01-15T12:00:00+00:00,2026-01-15T06:00:00+00:00,2026-01-16T12:00:00+00:00,2026-01-16T17:00:00+05:00,24,24.0,30973893cd40447b6ba720f8c493ecffd7bdd32c6f6811fea7302ea03aa04a29,0.4466666666666667,5.19,5.32,5.43,248.0,-5.0,951.8,1.2246467991473532e-16,-1.0,0.2717767384711357,0.9623603298276545
validation_selection,2026-01-14T12:00:00+00:00,2026-01-14T06:00:00+00:00,2026-01-16T12:00:00+00:00,2026-01-16T17:00:00+05:00,48,48.0,c886396ddb1d3917ef12d3dc689229037a961f7eb42268f55920d828e43d5142,0.4466666666666667,6.25,6.41,6.54,254.0,-5.5,953.6,1.2246467991473532e-16,-1.0,0.2717767384711357,0.9623603298276545
validation_selection,2026-01-15T12:00:00+00:00,2026-01-15T06:00:00+00:00,2026-01-16T13:00:00+00:00,2026-01-16T18:00:00+05:00,24,25.0,30973893cd40447b6ba720f8c493ecffd7bdd32c6f6811fea7302ea03aa04a29,0.605,5.11,5.24,5.35,246.0,-5.9,951.8,-0.2588190451025208,-0.9659258262890683,0.2717767384711357,0.9623603298276545
validation_selection,2026-01-14T12:00:00+00:00,2026-01-14T06:00:00+00:00,2026-01-16T13:00:00+00:00,2026-01-16T18:00:00+05:00,48,49.0,c886396ddb1d3917ef12d3dc689229037a961f7eb42268f55920d828e43d5142,0.605,6.03,6.18,6.31,247.0,-6.4,953.6,-0.2588190451025208,-0.9659258262890683,0.2717767384711357,0.9623603298276545
validation_selection,2026-01-15T12:00:00+00:00,2026-01-15T06:00:00+00:00,2026-01-16T14:00:00+00:00,2026-01-16T19:00:00+05:00,24,26.0,30973893cd40447b6ba720f8c493ecffd7bdd32c6f6811fea7302ea03aa04a29,0.7666666666666666,6.4,6.56,6.7,252.0,-7.1,952.5,-0.4999999999999997,-0.8660254037844388,0.2717767384711357,0.9623603298276545
validation_selection,2026-01-14T12:00:00+00:00,2026-01-14T06:00:00+00:00,2026-01-16T14:00:00+00:00,2026-01-16T19:00:00+05:00,48,50.0,c886396ddb1d3917ef12d3dc689229037a961f7eb42268f55920d828e43d5142,0.7666666666666666,6.51,6.68,6.82,239.0,-7.4,953.7,-0.4999999999999997,-0.8660254037844388,0.2717767384711357,0.9623603298276545
validation_selection,2026-01-15T18:00:00+00:00,2026-01-15T12:00:00+00:00,2026-01-16T15:00:00+00:00,2026-01-16T20:00:00+05:00,24,21.0,2e6c98f751b6abb114392718e6450a69d4143c8dfe26fedf83ca49844b0a14f9,0.9716666666666667,6.54,6.71,6.85,242.0,-8.2,952.5,-0.7071067811865471,-0.7071067811865479,0.2717767384711357,0.9623603298276545
validation_selection,2026-01-14T18:00:00+00:00,2026-01-14T12:00:00+00:00,2026-01-16T15:00:00+00:00,2026-01-16T20:00:00+05:00,48,45.0,c20b8d6dafd40780b6ac9656c46db328ebc159ef2c5cb64b72ac7888b1a87348,0.9716666666666667,5.84,5.99,6.12,243.0,-8.2,953.7,-0.7071067811865471,-0.7071067811865479,0.2717767384711357,0.9623603298276545
validation_selection,2026-01-15T18:00:00+00:00,2026-01-15T12:00:00+00:00,2026-01-16T16:00:00+00:00,2026-01-16T21:00:00+05:00,24,22.0,2e6c98f751b6abb114392718e6450a69d4143c8dfe26fedf83ca49844b0a14f9,0.9283333333333333,7.31,7.5,7.66,249.0,-8.9,953.1,-0.8660254037844385,-0.5000000000000004,0.2717767384711357,0.9623603298276545
validation_selection,2026-01-14T18:00:00+00:00,2026-01-14T12:00:00+00:00,2026-01-16T16:00:00+00:00,2026-01-16T21:00:00+05:00,48,46.0,c20b8d6dafd40780b6ac9656c46db328ebc159ef2c5cb64b72ac7888b1a87348,0.9283333333333333,5.94,6.09,6.22,240.0,-8.5,953.7,-0.8660254037844385,-0.5000000000000004,0.2717767384711357,0.9623603298276545
validation_selection,2026-01-15T18:00:00+00:00,2026-01-15T12:00:00+00:00,2026-01-16T17:00:00+00:00,2026-01-16T22:00:00+05:00,24,23.0,2e6c98f751b6abb114392718e6450a69d4143c8dfe26fedf83ca49844b0a14f9,0.8766666666666666,7.5,7.7,7.86,245.0,-9.7,953.6,-0.9659258262890683,-0.25881904510252063,0.2717767384711357,0.9623603298276545
validation_selection,2026-01-14T18:00:00+00:00,2026-01-14T12:00:00+00:00,2026-01-16T17:00:00+00:00,2026-01-16T22:00:00+05:00,48,47.0,c20b8d6dafd40780b6ac9656c46db328ebc159ef2c5cb64b72ac7888b1a87348,0.8766666666666666,6.89,7.07,7.21,243.0,-9.5,954.5,-0.9659258262890683,-0.25881904510252063,0.2717767384711357,0.9623603298276545
validation_selection,2026-01-15T18:00:00+00:00,2026-01-15T12:00:00+00:00,2026-01-16T18:00:00+00:00,2026-01-16T23:00:00+05:00,24,24.0,2e6c98f751b6abb114392718e6450a69d4143c8dfe26fedf83ca49844b0a14f9,0.85,8.24,8.45,8.63,244.0,-10.4,954.4,-1.0,-1.8369701987210297e-16,0.2717767384711357,0.9623603298276545
validation_selection,2026-01-14T18:00:00+00:00,2026-01-14T12:00:00+00:00,2026-01-16T18:00:00+00:00,2026-01-16T23:00:00+05:00,48,48.0,c20b8d6dafd40780b6ac9656c46db328ebc159ef2c5cb64b72ac7888b1a87348,0.85,7.39,7.58,7.74,244.0,-10.2,955.1,-1.0,-1.8369701987210297e-16,0.2717767384711357,0.9623603298276545
validation_selection,2026-01-15T18:00:00+00:00,2026-01-15T12:00:00+00:00,2026-01-16T19:00:00+00:00,2026-01-17T00:00:00+05:00,24,25.0,2e6c98f751b6abb114392718e6450a69d4143c8dfe26fedf83ca49844b0a14f9,0.9683333333333334,8.4,8.62,8.79,246.0,-11.2,954.9,-0.9659258262890684,0.2588190451025203,0.2717767384711357,0.9623603298276545
validation_selection,2026-01-14T18:00:00+00:00,2026-01-14T12:00:00+00:00,2026-01-16T19:00:00+00:00,2026-01-17T00:00:00+05:00,48,49.0,c20b8d6dafd40780b6ac9656c46db328ebc159ef2c5cb64b72ac7888b1a87348,0.9683333333333334,7.41,7.6,7.76,244.0,-11.2,955.4,-0.9659258262890684,0.2588190451025203,0.2717767384711357,0.9623603298276545
validation_selection,2026-01-15T18:00:00+00:00,2026-01-15T12:00:00+00:00,2026-01-16T20:00:00+00:00,2026-01-17T01:00:00+05:00,24,26.0,2e6c98f751b6abb114392718e6450a69d4143c8dfe26fedf83ca49844b0a14f9,0.96,9.01,9.25,9.44,248.0,-12.1,955.6,-0.8660254037844386,0.5000000000000001,0.2717767384711357,0.9623603298276545
validation_selection,2026-01-14T18:00:00+00:00,2026-01-14T12:00:00+00:00,2026-01-16T20:00:00+00:00,2026-01-17T01:00:00+05:00,48,50.0,c20b8d6dafd40780b6ac9656c46db328ebc159ef2c5cb64b72ac7888b1a87348,0.96,7.57,7.77,7.93,246.0,-12.3,955.9,-0.8660254037844386,0.5000000000000001,0.2717767384711357,0.9623603298276545
validation_selection,2026-01-16T00:00:00+00:00,2026-01-15T18:00:00+00:00,2026-01-16T21:00:00+00:00,2026-01-17T02:00:00+05:00,24,21.0,5853894399677f7260d67cb2aac5e391752935e3801d4c7ed5f16f1fe7155f90,0.895,9.73,9.98,10.19,248.0,-13.1,956.2,-0.7071067811865477,0.7071067811865474,0.2717767384711357,0.9623603298276545
validation_selection,2026-01-15T00:00:00+00:00,2026-01-14T18:00:00+00:00,2026-01-16T21:00:00+00:00,2026-01-17T02:00:00+05:00,48,45.0,e7f19ce5e6786b8dc5c5b5587aa146bc732551c3bb3d22fadaa774a03512db0f,0.895,8.84,9.07,9.26,247.0,-13.2,956.6,-0.7071067811865477,0.7071067811865474,0.2717767384711357,0.9623603298276545
validation_selection,2026-01-16T00:00:00+00:00,2026-01-15T18:00:00+00:00,2026-01-16T22:00:00+00:00,2026-01-17T03:00:00+05:00,24,22.0,5853894399677f7260d67cb2aac5e391752935e3801d4c7ed5f16f1fe7155f90,0.8250000000000001,10.63,10.9,11.13,249.0,-14.1,957.0,-0.5000000000000004,0.8660254037844384,0.2717767384711357,0.9623603298276545
validation_selection,2026-01-15T00:00:00+00:00,2026-01-14T18:00:00+00:00,2026-01-16T22:00:00+00:00,2026-01-17T03:00:00+05:00,48,46.0,e7f19ce5e6786b8dc5c5b5587aa146bc732551c3bb3d22fadaa774a03512db0f,0.8250000000000001,10.33,10.6,10.82,250.0,-14.2,957.8,-0.5000000000000004,0.8660254037844384,0.2717767384711357,0.9623603298276545
validation_selection,2026-01-16T00:00:00+00:00,2026-01-15T18:00:00+00:00,2026-01-16T23:00:00+00:00,2026-01-17T04:00:00+05:00,24,23.0,5853894399677f7260d67cb2aac5e391752935e3801d4c7ed5f16f1fe7155f90,0.8166666666666665,10.7,10.98,11.21,250.0,-14.6,957.5,-0.25881904510252157,0.9659258262890681,0.2717767384711357,0.9623603298276545
validation_selection,2026-01-15T00:00:00+00:00,2026-01-14T18:00:00+00:00,2026-01-16T23:00:00+00:00,2026-01-17T04:00:00+05:00,48,47.0,e7f19ce5e6786b8dc5c5b5587aa146bc732551c3bb3d22fadaa774a03512db0f,0.8166666666666665,10.16,10.43,10.64,248.0,-14.9,958.2,-0.25881904510252157,0.9659258262890681,0.2717767384711357,0.9623603298276545
validation_selection,2026-01-16T00:00:00+00:00,2026-01-15T18:00:00+00:00,2026-01-17T00:00:00+00:00,2026-01-17T05:00:00+05:00,24,24.0,5853894399677f7260d67cb2aac5e391752935e3801d4c7ed5f16f1fe7155f90,0.9033333333333333,10.42,10.69,10.91,247.0,-15.0,958.2,0.0,1.0,0.2882906407095177,0.9575429528116719
validation_selection,2026-01-15T00:00:00+00:00,2026-01-14T18:00:00+00:00,2026-01-17T00:00:00+00:00,2026-01-17T05:00:00+05:00,48,48.0,e7f19ce5e6786b8dc5c5b5587aa146bc732551c3bb3d22fadaa774a03512db0f,0.9033333333333333,9.96,10.22,10.43,245.0,-15.4,958.9,0.0,1.0,0.2882906407095177,0.9575429528116719
validation_selection,2026-01-16T00:00:00+00:00,2026-01-15T18:00:00+00:00,2026-01-17T01:00:00+00:00,2026-01-17T06:00:00+05:00,24,25.0,5853894399677f7260d67cb2aac5e391752935e3801d4c7ed5f16f1fe7155f90,0.7000000000000001,10.75,11.03,11.26,249.0,-15.4,959.3,0.25881904510252074,0.9659258262890683,0.2882906407095177,0.9575429528116719
validation_selection,2026-01-15T00:00:00+00:00,2026-01-14T18:00:00+00:00,2026-01-17T01:00:00+00:00,2026-01-17T06:00:00+05:00,48,49.0,e7f19ce5e6786b8dc5c5b5587aa146bc732551c3bb3d22fadaa774a03512db0f,0.7000000000000001,10.38,10.65,10.87,248.0,-15.8,959.9,0.25881904510252074,0.9659258262890683,0.2882906407095177,0.9575429528116719
validation_selection,2026-01-16T00:00:00+00:00,2026-01-15T18:00:00+00:00,2026-01-17T02:00:00+00:00,2026-01-17T07:00:00+05:00,24,26.0,5853894399677f7260d67cb2aac5e391752935e3801d4c7ed5f16f1fe7155f90,0.62,10.48,10.75,10.98,247.0,-15.7,960.4,0.49999999999999994,0.8660254037844387,0.2882906407095177,0.9575429528116719
validation_selection,2026-01-15T00:00:00+00:00,2026-01-14T18:00:00+00:00,2026-01-17T02:00:00+00:00,2026-01-17T07:00:00+05:00,48,50.0,e7f19ce5e6786b8dc5c5b5587aa146bc732551c3bb3d22fadaa774a03512db0f,0.62,9.72,9.98,10.18,245.0,-16.1,960.9,0.49999999999999994,0.8660254037844387,0.2882906407095177,0.9575429528116719
validation_selection,2026-01-16T06:00:00+00:00,2026-01-16T00:00:00+00:00,2026-01-17T03:00:00+00:00,2026-01-17T08:00:00+05:00,24,21.0,f12a434614813a65903cba593c666c3edb49fa369efdd6b67ebdb3fff61b8cef,0.4083333333333334,9.74,9.99,10.2,247.0,-16.3,961.9,0.7071067811865476,0.7071067811865476,0.2882906407095177,0.9575429528116719
validation_selection,2026-01-15T06:00:00+00:00,2026-01-15T00:00:00+00:00,2026-01-17T03:00:00+00:00,2026-01-17T08:00:00+05:00,48,45.0,2f76bd1294477c4d9215fce6d33efb348b5bf9d11b1263319abc24e0558e1b08,0.4083333333333334,10.16,10.43,10.64,246.0,-16.2,962.0,0.7071067811865476,0.7071067811865476,0.2882906407095177,0.9575429528116719
validation_selection,2026-01-16T06:00:00+00:00,2026-01-16T00:00:00+00:00,2026-01-17T04:00:00+00:00,2026-01-17T09:00:00+05:00,24,22.0,f12a434614813a65903cba593c666c3edb49fa369efdd6b67ebdb3fff61b8cef,0.4183333333333333,8.7,8.92,9.11,244.0,-16.1,962.9,0.8660254037844386,0.5000000000000001,0.2882906407095177,0.9575429528116719
validation_selection,2026-01-15T06:00:00+00:00,2026-01-15T00:00:00+00:00,2026-01-17T04:00:00+00:00,2026-01-17T09:00:00+05:00,48,46.0,2f76bd1294477c4d9215fce6d33efb348b5bf9d11b1263319abc24e0558e1b08,0.4183333333333333,9.15,9.39,9.58,247.0,-15.6,963.1,0.8660254037844386,0.5000000000000001,0.2882906407095177,0.9575429528116719
validation_selection,2026-01-16T06:00:00+00:00,2026-01-16T00:00:00+00:00,2026-01-17T05:00:00+00:00,2026-01-17T10:00:00+05:00,24,23.0,f12a434614813a65903cba593c666c3edb49fa369efdd6b67ebdb3fff61b8cef,0.2833333333333333,7.01,7.19,7.34,247.0,-15.3,963.4,0.9659258262890683,0.25881904510252074,0.2882906407095177,0.9575429528116719
validation_selection,2026-01-15T06:00:00+00:00,2026-01-15T00:00:00+00:00,2026-01-17T05:00:00+00:00,2026-01-17T10:00:00+05:00,48,47.0,2f76bd1294477c4d9215fce6d33efb348b5bf9d11b1263319abc24e0558e1b08,0.2833333333333333,7.99,8.19,8.36,246.0,-15.2,963.7,0.9659258262890683,0.25881904510252074,0.2882906407095177,0.9575429528116719
validation_selection,2026-01-16T06:00:00+00:00,2026-01-16T00:00:00+00:00,2026-01-17T06:00:00+00:00,2026-01-17T11:00:00+05:00,24,24.0,f12a434614813a65903cba593c666c3edb49fa369efdd6b67ebdb3fff61b8cef,0.13166666666666668,5.87,6.02,6.15,246.0,-14.8,963.8,1.0,6.123233995736766e-17,0.2882906407095177,0.9575429528116719
validation_selection,2026-01-15T06:00:00+00:00,2026-01-15T00:00:00+00:00,2026-01-17T06:00:00+00:00,2026-01-17T11:00:00+05:00,48,48.0,2f76bd1294477c4d9215fce6d33efb348b5bf9d11b1263319abc24e0558e1b08,0.13166666666666668,7.18,7.36,7.51,246.0,-14.4,964.2,1.0,6.123233995736766e-17,0.2882906407095177,0.9575429528116719
validation_selection,2026-01-16T06:00:00+00:00,2026-01-16T00:00:00+00:00,2026-01-17T07:00:00+00:00,2026-01-17T12:00:00+05:00,24,25.0,f12a434614813a65903cba593c666c3edb49fa369efdd6b67ebdb3fff61b8cef,0.051666666666666666,4.9,5.03,5.13,251.0,-14.2,963.8,0.9659258262890683,-0.25881904510252063,0.2882906407095177,0.9575429528116719
validation_selection,2026-01-15T06:00:00+00:00,2026-01-15T00:00:00+00:00,2026-01-17T07:00:00+00:00,2026-01-17T12:00:00+05:00,48,49.0,2f76bd1294477c4d9215fce6d33efb348b5bf9d11b1263319abc24e0558e1b08,0.051666666666666666,5.54,5.68,5.8,249.0,-13.4,964.1,0.9659258262890683,-0.25881904510252063,0.2882906407095177,0.9575429528116719
validation_selection,2026-01-16T06:00:00+00:00,2026-01-16T00:00:00+00:00,2026-01-17T08:00:00+00:00,2026-01-17T13:00:00+05:00,24,26.0,f12a434614813a65903cba593c666c3edb49fa369efdd6b67ebdb3fff61b8cef,0.06333333333333334,4.47,4.58,4.68,256.0,-13.5,964.1,0.8660254037844387,-0.4999999999999998,0.2882906407095177,0.9575429528116719
validation_selection,2026-01-15T06:00:00+00:00,2026-01-15T00:00:00+00:00,2026-01-17T08:00:00+00:00,2026-01-17T13:00:00+05:00,48,50.0,2f76bd1294477c4d9215fce6d33efb348b5bf9d11b1263319abc24e0558e1b08,0.06333333333333334,4.61,4.73,4.83,257.0,-13.1,964.5,0.8660254037844387,-0.4999999999999998,0.2882906407095177,0.9575429528116719
validation_selection,2026-01-16T12:00:00+00:00,2026-01-16T06:00:00+00:00,2026-01-17T09:00:00+00:00,2026-01-17T14:00:00+05:00,24,21.0,1ecf7d6d77d8494e221cbcc7b5da14ec360555bd182f6ad4471966d50dd0795e,0.08833333333333333,3.59,3.69,3.76,254.0,-13.5,964.2,0.7071067811865476,-0.7071067811865475,0.2882906407095177,0.9575429528116719
validation_selection,2026-01-15T12:00:00+00:00,2026-01-15T06:00:00+00:00,2026-01-17T09:00:00+00:00,2026-01-17T14:00:00+05:00,48,45.0,30973893cd40447b6ba720f8c493ecffd7bdd32c6f6811fea7302ea03aa04a29,0.08833333333333333,3.88,3.98,4.06,255.0,-12.3,964.6,0.7071067811865476,-0.7071067811865475,0.2882906407095177,0.9575429528116719
validation_selection,2026-01-16T12:00:00+00:00,2026-01-16T06:00:00+00:00,2026-01-17T10:00:00+00:00,2026-01-17T15:00:00+05:00,24,22.0,1ecf7d6d77d8494e221cbcc7b5da14ec360555bd182f6ad4471966d50dd0795e,0.05333333333333334,2.97,3.05,3.11,260.0,-13.4,964.8,0.49999999999999994,-0.8660254037844387,0.2882906407095177,0.9575429528116719
validation_selection,2026-01-15T12:00:00+00:00,2026-01-15T06:00:00+00:00,2026-01-17T10:00:00+00:00,2026-01-17T15:00:00+05:00,48,46.0,30973893cd40447b6ba720f8c493ecffd7bdd32c6f6811fea7302ea03aa04a29,0.05333333333333334,3.3,3.39,3.46,262.0,-12.7,965.1,0.49999999999999994,-0.8660254037844387,0.2882906407095177,0.9575429528116719
validation_selection,2026-01-16T12:00:00+00:00,2026-01-16T06:00:00+00:00,2026-01-17T11:00:00+00:00,2026-01-17T16:00:00+05:00,24,23.0,1ecf7d6d77d8494e221cbcc7b5da14ec360555bd182f6ad4471966d50dd0795e,0.03333333333333333,2.84,2.91,2.97,265.0,-13.9,965.4,0.258819045102521,-0.9659258262890682,0.2882906407095177,0.9575429528116719
validation_selection,2026-01-15T12:00:00+00:00,2026-01-15T06:00:00+00:00,2026-01-17T11:00:00+00:00,2026-01-17T16:00:00+05:00,48,47.0,30973893cd40447b6ba720f8c493ecffd7bdd32c6f6811fea7302ea03aa04a29,0.03333333333333333,2.96,3.04,3.1,261.0,-13.3,965.5,0.258819045102521,-0.9659258262890682,0.2882906407095177,0.9575429528116719
validation_selection,2026-01-16T12:00:00+00:00,2026-01-16T06:00:00+00:00,2026-01-17T12:00:00+00:00,2026-01-17T17:00:00+05:00,24,24.0,1ecf7d6d77d8494e221cbcc7b5da14ec360555bd182f6ad4471966d50dd0795e,0.01,2.58,2.65,2.7,259.0,-14.3,965.8,1.2246467991473532e-16,-1.0,0.2882906407095177,0.9575429528116719
validation_selection,2026-01-15T12:00:00+00:00,2026-01-15T06:00:00+00:00,2026-01-17T12:00:00+00:00,2026-01-17T17:00:00+05:00,48,48.0,30973893cd40447b6ba720f8c493ecffd7bdd32c6f6811fea7302ea03aa04a29,0.01,2.25,2.31,2.36,252.0,-13.8,965.8,1.2246467991473532e-16,-1.0,0.2882906407095177,0.9575429528116719
validation_selection,2026-01-16T12:00:00+00:00,2026-01-16T06:00:00+00:00,2026-01-17T13:00:00+00:00,2026-01-17T18:00:00+05:00,24,25.0,1ecf7d6d77d8494e221cbcc7b5da14ec360555bd182f6ad4471966d50dd0795e,0.01,2.02,2.07,2.11,262.0,-14.4,966.1,-0.2588190451025208,-0.9659258262890683,0.2882906407095177,0.9575429528116719
validation_selection,2026-01-15T12:00:00+00:00,2026-01-15T06:00:00+00:00,2026-01-17T13:00:00+00:00,2026-01-17T18:00:00+05:00,48,49.0,30973893cd40447b6ba720f8c493ecffd7bdd32c6f6811fea7302ea03aa04a29,0.01,2.11,2.16,2.21,263.0,-13.8,966.3,-0.2588190451025208,-0.9659258262890683,0.2882906407095177,0.9575429528116719
validation_selection,2026-01-16T12:00:00+00:00,2026-01-16T06:00:00+00:00,2026-01-17T14:00:00+00:00,2026-01-17T19:00:00+05:00,24,26.0,1ecf7d6d77d8494e221cbcc7b5da14ec360555bd182f6ad4471966d50dd0795e,0.028333333333333332,2.2,2.26,2.31,252.0,-14.7,966.2,-0.4999999999999997,-0.8660254037844388,0.2882906407095177,0.9575429528116719
validation_selection,2026-01-15T12:00:00+00:00,2026-01-15T06:00:00+00:00,2026-01-17T14:00:00+00:00,2026-01-17T19:00:00+05:00,48,50.0,30973893cd40447b6ba720f8c493ecffd7bdd32c6f6811fea7302ea03aa04a29,0.028333333333333332,2.32,2.38,2.43,255.0,-14.1,966.4,-0.4999999999999997,-0.8660254037844388,0.2882906407095177,0.9575429528116719
validation_selection,2026-01-16T18:00:00+00:00,2026-01-16T12:00:00+00:00,2026-01-17T15:00:00+00:00,2026-01-17T20:00:00+05:00,24,21.0,711b2c0c18d740492e17b76b7996a58970470af12456117ff039eefb20279f39,0.013333333333333334,2.83,2.91,2.97,243.0,-15.1,966.4,-0.7071067811865471,-0.7071067811865479,0.2882906407095177,0.9575429528116719
validation_selection,2026-01-15T18:00:00+00:00,2026-01-15T12:00:00+00:00,2026-01-17T15:00:00+00:00,2026-01-17T20:00:00+05:00,48,45.0,2e6c98f751b6abb114392718e6450a69d4143c8dfe26fedf83ca49844b0a14f9,0.013333333333333334,2.0,2.06,2.1,252.0,-14.3,966.2,-0.7071067811865471,-0.7071067811865479,0.2882906407095177,0.9575429528116719
validation_selection,2026-01-16T18:00:00+00:00,2026-01-16T12:00:00+00:00,2026-01-17T16:00:00+00:00,2026-01-17T21:00:00+05:00,24,22.0,711b2c0c18d740492e17b76b7996a58970470af12456117ff039eefb20279f39,0.01,2.4,2.46,2.51,241.0,-15.1,966.6,-0.8660254037844385,-0.5000000000000004,0.2882906407095177,0.9575429528116719
validation_selection,2026-01-15T18:00:00+00:00,2026-01-15T12:00:00+00:00,2026-01-17T16:00:00+00:00,2026-01-17T21:00:00+05:00,48,46.0,2e6c98f751b6abb114392718e6450a69d4143c8dfe26fedf83ca49844b0a14f9,0.01,1.82,1.87,1.91,262.0,-14.4,966.4,-0.8660254037844385,-0.5000000000000004,0.2882906407095177,0.9575429528116719
validation_selection,2026-01-16T18:00:00+00:00,2026-01-16T12:00:00+00:00,2026-01-17T17:00:00+00:00,2026-01-17T22:00:00+05:00,24,23.0,711b2c0c18d740492e17b76b7996a58970470af12456117ff039eefb20279f39,0.01,2.07,2.12,2.17,255.0,-15.3,966.7,-0.9659258262890683,-0.25881904510252063,0.2882906407095177,0.9575429528116719
validation_selection,2026-01-15T18:00:00+00:00,2026-01-15T12:00:00+00:00,2026-01-17T17:00:00+00:00,2026-01-17T22:00:00+05:00,48,47.0,2e6c98f751b6abb114392718e6450a69d4143c8dfe26fedf83ca49844b0a14f9,0.01,1.51,1.55,1.58,268.0,-14.2,966.6,-0.9659258262890683,-0.25881904510252063,0.2882906407095177,0.9575429528116719
validation_selection,2026-01-16T18:00:00+00:00,2026-01-16T12:00:00+00:00,2026-01-17T18:00:00+00:00,2026-01-17T23:00:00+05:00,24,24.0,711b2c0c18d740492e17b76b7996a58970470af12456117ff039eefb20279f39,0.01,1.88,1.93,1.97,249.0,-15.7,966.7,-1.0,-1.8369701987210297e-16,0.2882906407095177,0.9575429528116719
validation_selection,2026-01-15T18:00:00+00:00,2026-01-15T12:00:00+00:00,2026-01-17T18:00:00+00:00,2026-01-17T23:00:00+05:00,48,48.0,2e6c98f751b6abb114392718e6450a69d4143c8dfe26fedf83ca49844b0a14f9,0.01,1.33,1.37,1.39,294.0,-14.5,966.7,-1.0,-1.8369701987210297e-16,0.2882906407095177,0.9575429528116719
validation_selection,2026-01-16T18:00:00+00:00,2026-01-16T12:00:00+00:00,2026-01-17T19:00:00+00:00,2026-01-18T00:00:00+05:00,24,25.0,711b2c0c18d740492e17b76b7996a58970470af12456117ff039eefb20279f39,0.01,1.13,1.16,1.18,277.0,-16.0,966.7,-0.9659258262890684,0.2588190451025203,0.2882906407095177,0.9575429528116719
validation_selection,2026-01-15T18:00:00+00:00,2026-01-15T12:00:00+00:00,2026-01-17T19:00:00+00:00,2026-01-18T00:00:00+05:00,48,49.0,2e6c98f751b6abb114392718e6450a69d4143c8dfe26fedf83ca49844b0a14f9,0.01,1.25,1.28,1.31,309.0,-14.8,966.8,-0.9659258262890684,0.2588190451025203,0.2882906407095177,0.9575429528116719
validation_selection,2026-01-16T18:00:00+00:00,2026-01-16T12:00:00+00:00,2026-01-17T20:00:00+00:00,2026-01-18T01:00:00+05:00,24,26.0,711b2c0c18d740492e17b76b7996a58970470af12456117ff039eefb20279f39,0.01,0.86,0.89,0.9,286.0,-16.1,966.9,-0.8660254037844386,0.5000000000000001,0.2882906407095177,0.9575429528116719
validation_selection,2026-01-15T18:00:00+00:00,2026-01-15T12:00:00+00:00,2026-01-17T20:00:00+00:00,2026-01-18T01:00:00+05:00,48,50.0,2e6c98f751b6abb114392718e6450a69d4143c8dfe26fedf83ca49844b0a14f9,0.01,1.55,1.59,1.62,314.0,-15.1,966.8,-0.8660254037844386,0.5000000000000001,0.2882906407095177,0.9575429528116719
validation_selection,2026-01-17T00:00:00+00:00,2026-01-16T18:00:00+00:00,2026-01-17T21:00:00+00:00,2026-01-18T02:00:00+05:00,24,21.0,1a153f30f968c8adebd50a24aaa7ed5b349f6832492af834850d3c3a8ea46c6d,0.01,0.39,0.4,0.41,300.0,-15.7,966.9,-0.7071067811865477,0.7071067811865474,0.2882906407095177,0.9575429528116719
validation_selection,2026-01-16T00:00:00+00:00,2026-01-15T18:00:00+00:00,2026-01-17T21:00:00+00:00,2026-01-18T02:00:00+05:00,48,45.0,5853894399677f7260d67cb2aac5e391752935e3801d4c7ed5f16f1fe7155f90,0.01,0.63,0.65,0.66,293.0,-15.4,966.6,-0.7071067811865477,0.7071067811865474,0.2882906407095177,0.9575429528116719
validation_selection,2026-01-17T00:00:00+00:00,2026-01-16T18:00:00+00:00,2026-01-17T22:00:00+00:00,2026-01-18T03:00:00+05:00,24,22.0,1a153f30f968c8adebd50a24aaa7ed5b349f6832492af834850d3c3a8ea46c6d,0.01,0.3,0.3,0.31,351.0,-15.6,966.6,-0.5000000000000004,0.8660254037844384,0.2882906407095177,0.9575429528116719
validation_selection,2026-01-16T00:00:00+00:00,2026-01-15T18:00:00+00:00,2026-01-17T22:00:00+00:00,2026-01-18T03:00:00+05:00,48,46.0,5853894399677f7260d67cb2aac5e391752935e3801d4c7ed5f16f1fe7155f90,0.01,0.59,0.61,0.62,325.0,-15.6,966.3,-0.5000000000000004,0.8660254037844384,0.2882906407095177,0.9575429528116719
validation_selection,2026-01-17T00:00:00+00:00,2026-01-16T18:00:00+00:00,2026-01-17T23:00:00+00:00,2026-01-18T04:00:00+05:00,24,23.0,1a153f30f968c8adebd50a24aaa7ed5b349f6832492af834850d3c3a8ea46c6d,0.01,0.29,0.3,0.31,90.0,-15.5,966.0,-0.25881904510252157,0.9659258262890681,0.2882906407095177,0.9575429528116719
validation_selection,2026-01-16T00:00:00+00:00,2026-01-15T18:00:00+00:00,2026-01-17T23:00:00+00:00,2026-01-18T04:00:00+05:00,48,47.0,5853894399677f7260d67cb2aac5e391752935e3801d4c7ed5f16f1fe7155f90,0.01,0.5,0.51,0.53,331.0,-15.8,965.9,-0.25881904510252157,0.9659258262890681,0.2882906407095177,0.9575429528116719
validation_selection,2026-01-17T00:00:00+00:00,2026-01-16T18:00:00+00:00,2026-01-18T00:00:00+00:00,2026-01-18T05:00:00+05:00,24,24.0,1a153f30f968c8adebd50a24aaa7ed5b349f6832492af834850d3c3a8ea46c6d,0.01,0.86,0.88,0.9,47.0,-15.1,966.0,0.0,1.0,0.3047192331091634,0.9524422234305676
validation_selection,2026-01-16T00:00:00+00:00,2026-01-15T18:00:00+00:00,2026-01-18T00:00:00+00:00,2026-01-18T05:00:00+05:00,48,48.0,5853894399677f7260d67cb2aac5e391752935e3801d4c7ed5f16f1fe7155f90,0.01,0.49,0.5,0.51,360.0,-15.8,965.9,0.0,1.0,0.3047192331091634,0.9524422234305676
validation_selection,2026-01-17T00:00:00+00:00,2026-01-16T18:00:00+00:00,2026-01-18T01:00:00+00:00,2026-01-18T06:00:00+05:00,24,25.0,1a153f30f968c8adebd50a24aaa7ed5b349f6832492af834850d3c3a8ea46c6d,0.013333333333333334,1.28,1.31,1.34,50.0,-15.0,966.3,0.25881904510252074,0.9659258262890683,0.3047192331091634,0.9524422234305676
validation_selection,2026-01-16T00:00:00+00:00,2026-01-15T18:00:00+00:00,2026-01-18T01:00:00+00:00,2026-01-18T06:00:00+05:00,48,49.0,5853894399677f7260d67cb2aac5e391752935e3801d4c7ed5f16f1fe7155f90,0.013333333333333334,0.66,0.68,0.69,343.0,-15.3,966.5,0.25881904510252074,0.9659258262890683,0.3047192331091634,0.9524422234305676
validation_selection,2026-01-17T00:00:00+00:00,2026-01-16T18:00:00+00:00,2026-01-18T02:00:00+00:00,2026-01-18T07:00:00+05:00,24,26.0,1a153f30f968c8adebd50a24aaa7ed5b349f6832492af834850d3c3a8ea46c6d,0.01,1.22,1.25,1.28,61.0,-14.7,966.8,0.49999999999999994,0.8660254037844387,0.3047192331091634,0.9524422234305676
validation_selection,2026-01-16T00:00:00+00:00,2026-01-15T18:00:00+00:00,2026-01-18T02:00:00+00:00,2026-01-18T07:00:00+05:00,48,50.0,5853894399677f7260d67cb2aac5e391752935e3801d4c7ed5f16f1fe7155f90,0.01,0.64,0.65,0.67,328.0,-14.8,966.9,0.49999999999999994,0.8660254037844387,0.3047192331091634,0.9524422234305676
validation_selection,2026-01-17T06:00:00+00:00,2026-01-17T00:00:00+00:00,2026-01-18T03:00:00+00:00,2026-01-18T08:00:00+05:00,24,21.0,bc461398b4c07c4c6614915aa2cb5baa60d48ef5c58d9f1cd1ce597a8e7139dd,0.011666666666666667,1.14,1.17,1.2,40.0,-14.9,967.0,0.7071067811865476,0.7071067811865476,0.3047192331091634,0.9524422234305676
validation_selection,2026-01-16T06:00:00+00:00,2026-01-16T00:00:00+00:00,2026-01-18T03:00:00+00:00,2026-01-18T08:00:00+05:00,48,45.0,f12a434614813a65903cba593c666c3edb49fa369efdd6b67ebdb3fff61b8cef,0.011666666666666667,1.33,1.36,1.39,54.0,-14.5,966.9,0.7071067811865476,0.7071067811865476,0.3047192331091634,0.9524422234305676
validation_selection,2026-01-17T06:00:00+00:00,2026-01-17T00:00:00+00:00,2026-01-18T04:00:00+00:00,2026-01-18T09:00:00+05:00,24,22.0,bc461398b4c07c4c6614915aa2cb5baa60d48ef5c58d9f1cd1ce597a8e7139dd,0.09666666666666668,1.74,1.78,1.82,38.0,-13.9,967.3,0.8660254037844386,0.5000000000000001,0.3047192331091634,0.9524422234305676
validation_selection,2026-01-16T06:00:00+00:00,2026-01-16T00:00:00+00:00,2026-01-18T04:00:00+00:00,2026-01-18T09:00:00+05:00,48,46.0,f12a434614813a65903cba593c666c3edb49fa369efdd6b67ebdb3fff61b8cef,0.09666666666666668,1.97,2.02,2.07,57.0,-13.8,967.1,0.8660254037844386,0.5000000000000001,0.3047192331091634,0.9524422234305676
validation_selection,2026-01-17T06:00:00+00:00,2026-01-17T00:00:00+00:00,2026-01-18T05:00:00+00:00,2026-01-18T10:00:00+05:00,24,23.0,bc461398b4c07c4c6614915aa2cb5baa60d48ef5c58d9f1cd1ce597a8e7139dd,0.051666666666666666,1.91,1.96,2.0,38.0,-13.0,967.1,0.9659258262890683,0.25881904510252074,0.3047192331091634,0.9524422234305676
validation_selection,2026-01-16T06:00:00+00:00,2026-01-16T00:00:00+00:00,2026-01-18T05:00:00+00:00,2026-01-18T10:00:00+05:00,48,47.0,f12a434614813a65903cba593c666c3edb49fa369efdd6b67ebdb3fff61b8cef,0.051666666666666666,2.59,2.65,2.71,43.0,-12.9,966.9,0.9659258262890683,0.25881904510252074,0.3047192331091634,0.9524422234305676
validation_selection,2026-01-17T06:00:00+00:00,2026-01-17T00:00:00+00:00,2026-01-18T06:00:00+00:00,2026-01-18T11:00:00+05:00,24,24.0,bc461398b4c07c4c6614915aa2cb5baa60d48ef5c58d9f1cd1ce597a8e7139dd,0.15333333333333335,2.8,2.87,2.93,40.0,-11.8,966.5,1.0,6.123233995736766e-17,0.3047192331091634,0.9524422234305676
validation_selection,2026-01-16T06:00:00+00:00,2026-01-16T00:00:00+00:00,2026-01-18T06:00:00+00:00,2026-01-18T11:00:00+05:00,48,48.0,f12a434614813a65903cba593c666c3edb49fa369efdd6b67ebdb3fff61b8cef,0.15333333333333335,3.24,3.32,3.39,46.0,-11.6,966.3,1.0,6.123233995736766e-17,0.3047192331091634,0.9524422234305676
validation_selection,2026-01-17T06:00:00+00:00,2026-01-17T00:00:00+00:00,2026-01-18T07:00:00+00:00,2026-01-18T12:00:00+05:00,24,25.0,bc461398b4c07c4c6614915aa2cb5baa60d48ef5c58d9f1cd1ce597a8e7139dd,0.2333333333333333,3.72,3.82,3.9,45.0,-9.6,965.8,0.9659258262890683,-0.25881904510252063,0.3047192331091634,0.9524422234305676
validation_selection,2026-01-16T06:00:00+00:00,2026-01-16T00:00:00+00:00,2026-01-18T07:00:00+00:00,2026-01-18T12:00:00+05:00,48,49.0,f12a434614813a65903cba593c666c3edb49fa369efdd6b67ebdb3fff61b8cef,0.2333333333333333,3.97,4.07,4.15,47.0,-9.8,965.5,0.9659258262890683,-0.25881904510252063,0.3047192331091634,0.9524422234305676
validation_selection,2026-01-17T06:00:00+00:00,2026-01-17T00:00:00+00:00,2026-01-18T08:00:00+00:00,2026-01-18T13:00:00+05:00,24,26.0,bc461398b4c07c4c6614915aa2cb5baa60d48ef5c58d9f1cd1ce597a8e7139dd,0.3516666666666666,4.31,4.42,4.51,46.0,-8.5,964.9,0.8660254037844387,-0.4999999999999998,0.3047192331091634,0.9524422234305676
validation_selection,2026-01-16T06:00:00+00:00,2026-01-16T00:00:00+00:00,2026-01-18T08:00:00+00:00,2026-01-18T13:00:00+05:00,48,50.0,f12a434614813a65903cba593c666c3edb49fa369efdd6b67ebdb3fff61b8cef,0.3516666666666666,4.16,4.26,4.35,51.0,-8.7,964.8,0.8660254037844387,-0.4999999999999998,0.3047192331091634,0.9524422234305676
validation_selection,2026-01-17T12:00:00+00:00,2026-01-17T06:00:00+00:00,2026-01-18T09:00:00+00:00,2026-01-18T14:00:00+05:00,24,21.0,aac4e0db8ff0982f28290a7aa0b3bae88dac9c9f81c4e48957e4f304bdcf11cf,0.375,4.55,4.67,4.77,47.0,-7.2,964.7,0.7071067811865476,-0.7071067811865475,0.3047192331091634,0.9524422234305676
validation_selection,2026-01-16T12:00:00+00:00,2026-01-16T06:00:00+00:00,2026-01-18T09:00:00+00:00,2026-01-18T14:00:00+05:00,48,45.0,1ecf7d6d77d8494e221cbcc7b5da14ec360555bd182f6ad4471966d50dd0795e,0.375,5.77,5.92,6.04,49.0,-7.9,964.8,0.7071067811865476,-0.7071067811865475,0.3047192331091634,0.9524422234305676
validation_selection,2026-01-17T12:00:00+00:00,2026-01-17T06:00:00+00:00,2026-01-18T10:00:00+00:00,2026-01-18T15:00:00+05:00,24,22.0,aac4e0db8ff0982f28290a7aa0b3bae88dac9c9f81c4e48957e4f304bdcf11cf,0.23166666666666666,4.38,4.49,4.59,47.0,-7.2,964.7,0.49999999999999994,-0.8660254037844387,0.3047192331091634,0.9524422234305676
validation_selection,2026-01-16T12:00:00+00:00,2026-01-16T06:00:00+00:00,2026-01-18T10:00:00+00:00,2026-01-18T15:00:00+05:00,48,46.0,1ecf7d6d77d8494e221cbcc7b5da14ec360555bd182f6ad4471966d50dd0795e,0.23166666666666666,5.41,5.55,5.67,45.0,-8.4,964.7,0.49999999999999994,-0.8660254037844387,0.3047192331091634,0.9524422234305676
validation_selection,2026-01-17T12:00:00+00:00,2026-01-17T06:00:00+00:00,2026-01-18T11:00:00+00:00,2026-01-18T16:00:00+05:00,24,23.0,aac4e0db8ff0982f28290a7aa0b3bae88dac9c9f81c4e48957e4f304bdcf11cf,0.16833333333333333,4.21,4.32,4.4,47.0,-7.9,964.7,0.258819045102521,-0.9659258262890682,0.3047192331091634,0.9524422234305676
validation_selection,2026-01-16T12:00:00+00:00,2026-01-16T06:00:00+00:00,2026-01-18T11:00:00+00:00,2026-01-18T16:00:00+05:00,48,47.0,1ecf7d6d77d8494e221cbcc7b5da14ec360555bd182f6ad4471966d50dd0795e,0.16833333333333333,5.21,5.34,5.45,48.0,-8.9,964.7,0.258819045102521,-0.9659258262890682,0.3047192331091634,0.9524422234305676
validation_selection,2026-01-17T12:00:00+00:00,2026-01-17T06:00:00+00:00,2026-01-18T12:00:00+00:00,2026-01-18T17:00:00+05:00,24,24.0,aac4e0db8ff0982f28290a7aa0b3bae88dac9c9f81c4e48957e4f304bdcf11cf,0.12,4.06,4.16,4.25,51.0,-9.7,964.5,1.2246467991473532e-16,-1.0,0.3047192331091634,0.9524422234305676
validation_selection,2026-01-16T12:00:00+00:00,2026-01-16T06:00:00+00:00,2026-01-18T12:00:00+00:00,2026-01-18T17:00:00+05:00,48,48.0,1ecf7d6d77d8494e221cbcc7b5da14ec360555bd182f6ad4471966d50dd0795e,0.12,5.37,5.51,5.62,54.0,-10.3,964.7,1.2246467991473532e-16,-1.0,0.3047192331091634,0.9524422234305676
validation_selection,2026-01-17T12:00:00+00:00,2026-01-17T06:00:00+00:00,2026-01-18T13:00:00+00:00,2026-01-18T18:00:00+05:00,24,25.0,aac4e0db8ff0982f28290a7aa0b3bae88dac9c9f81c4e48957e4f304bdcf11cf,0.19166666666666665,3.86,3.96,4.04,61.0,-10.3,964.7,-0.2588190451025208,-0.9659258262890683,0.3047192331091634,0.9524422234305676
validation_selection,2026-01-16T12:00:00+00:00,2026-01-16T06:00:00+00:00,2026-01-18T13:00:00+00:00,2026-01-18T18:00:00+05:00,48,49.0,1ecf7d6d77d8494e221cbcc7b5da14ec360555bd182f6ad4471966d50dd0795e,0.19166666666666665,5.16,5.29,5.4,59.0,-11.2,964.6,-0.2588190451025208,-0.9659258262890683,0.3047192331091634,0.9524422234305676
validation_selection,2026-01-17T12:00:00+00:00,2026-01-17T06:00:00+00:00,2026-01-18T14:00:00+00:00,2026-01-18T19:00:00+05:00,24,26.0,aac4e0db8ff0982f28290a7aa0b3bae88dac9c9f81c4e48957e4f304bdcf11cf,0.20333333333333334,4.3,4.41,4.5,61.0,-10.3,964.6,-0.4999999999999997,-0.8660254037844388,0.3047192331091634,0.9524422234305676
validation_selection,2026-01-16T12:00:00+00:00,2026-01-16T06:00:00+00:00,2026-01-18T14:00:00+00:00,2026-01-18T19:00:00+05:00,48,50.0,1ecf7d6d77d8494e221cbcc7b5da14ec360555bd182f6ad4471966d50dd0795e,0.20333333333333334,5.34,5.48,5.59,58.0,-11.5,964.6,-0.4999999999999997,-0.8660254037844388,0.3047192331091634,0.9524422234305676
validation_selection,2026-01-17T18:00:00+00:00,2026-01-17T12:00:00+00:00,2026-01-18T15:00:00+00:00,2026-01-18T20:00:00+05:00,24,21.0,b02e91cf78c0692ed9edfc142a22947d32d7b4678222aa9f5a9390da73dae704,0.2916666666666667,3.99,4.1,4.18,66.0,-11.3,964.0,-0.7071067811865471,-0.7071067811865479,0.3047192331091634,0.9524422234305676
validation_selection,2026-01-16T18:00:00+00:00,2026-01-16T12:00:00+00:00,2026-01-18T15:00:00+00:00,2026-01-18T20:00:00+05:00,48,45.0,711b2c0c18d740492e17b76b7996a58970470af12456117ff039eefb20279f39,0.2916666666666667,4.81,4.93,5.03,60.0,-11.4,964.4,-0.7071067811865471,-0.7071067811865479,0.3047192331091634,0.9524422234305676
validation_selection,2026-01-17T18:00:00+00:00,2026-01-17T12:00:00+00:00,2026-01-18T16:00:00+00:00,2026-01-18T21:00:00+05:00,24,22.0,b02e91cf78c0692ed9edfc142a22947d32d7b4678222aa9f5a9390da73dae704,0.3066666666666667,4.73,4.85,4.95,65.0,-11.3,963.8,-0.8660254037844385,-0.5000000000000004,0.3047192331091634,0.9524422234305676
validation_selection,2026-01-16T18:00:00+00:00,2026-01-16T12:00:00+00:00,2026-01-18T16:00:00+00:00,2026-01-18T21:00:00+05:00,48,46.0,711b2c0c18d740492e17b76b7996a58970470af12456117ff039eefb20279f39,0.3066666666666667,5.08,5.22,5.32,58.0,-11.4,964.3,-0.8660254037844385,-0.5000000000000004,0.3047192331091634,0.9524422234305676
validation_selection,2026-01-17T18:00:00+00:00,2026-01-17T12:00:00+00:00,2026-01-18T17:00:00+00:00,2026-01-18T22:00:00+05:00,24,23.0,b02e91cf78c0692ed9edfc142a22947d32d7b4678222aa9f5a9390da73dae704,0.31666666666666665,5.47,5.61,5.73,62.0,-11.1,963.6,-0.9659258262890683,-0.25881904510252063,0.3047192331091634,0.9524422234305676
validation_selection,2026-01-16T18:00:00+00:00,2026-01-16T12:00:00+00:00,2026-01-18T17:00:00+00:00,2026-01-18T22:00:00+05:00,48,47.0,711b2c0c18d740492e17b76b7996a58970470af12456117ff039eefb20279f39,0.31666666666666665,5.77,5.92,6.04,57.0,-11.5,964.1,-0.9659258262890683,-0.25881904510252063,0.3047192331091634,0.9524422234305676
validation_selection,2026-01-17T18:00:00+00:00,2026-01-17T12:00:00+00:00,2026-01-18T18:00:00+00:00,2026-01-18T23:00:00+05:00,24,24.0,b02e91cf78c0692ed9edfc142a22947d32d7b4678222aa9f5a9390da73dae704,0.225,5.98,6.13,6.26,58.0,-10.9,963.4,-1.0,-1.8369701987210297e-16,0.3047192331091634,0.9524422234305676
validation_selection,2026-01-16T18:00:00+00:00,2026-01-16T12:00:00+00:00,2026-01-18T18:00:00+00:00,2026-01-18T23:00:00+05:00,48,48.0,711b2c0c18d740492e17b76b7996a58970470af12456117ff039eefb20279f39,0.225,5.91,6.06,6.19,56.0,-11.2,963.9,-1.0,-1.8369701987210297e-16,0.3047192331091634,0.9524422234305676
validation_selection,2026-01-17T18:00:00+00:00,2026-01-17T12:00:00+00:00,2026-01-18T19:00:00+00:00,2026-01-19T00:00:00+05:00,24,25.0,b02e91cf78c0692ed9edfc142a22947d32d7b4678222aa9f5a9390da73dae704,0.3566666666666667,6.1,6.25,6.38,57.0,-10.7,963.2,-0.9659258262890684,0.2588190451025203,0.3047192331091634,0.9524422234305676
validation_selection,2026-01-16T18:00:00+00:00,2026-01-16T12:00:00+00:00,2026-01-18T19:00:00+00:00,2026-01-19T00:00:00+05:00,48,49.0,711b2c0c18d740492e17b76b7996a58970470af12456117ff039eefb20279f39,0.3566666666666667,6.01,6.17,6.3,57.0,-11.6,963.5,-0.9659258262890684,0.2588190451025203,0.3047192331091634,0.9524422234305676
validation_selection,2026-01-17T18:00:00+00:00,2026-01-17T12:00:00+00:00,2026-01-18T20:00:00+00:00,2026-01-19T01:00:00+05:00,24,26.0,b02e91cf78c0692ed9edfc142a22947d32d7b4678222aa9f5a9390da73dae704,0.6150000000000001,6.24,6.41,6.54,56.0,-10.7,962.7,-0.8660254037844386,0.5000000000000001,0.3047192331091634,0.9524422234305676
validation_selection,2026-01-16T18:00:00+00:00,2026-01-16T12:00:00+00:00,2026-01-18T20:00:00+00:00,2026-01-19T01:00:00+05:00,48,50.0,711b2c0c18d740492e17b76b7996a58970470af12456117ff039eefb20279f39,0.6150000000000001,5.87,6.02,6.15,58.0,-11.7,963.1,-0.8660254037844386,0.5000000000000001,0.3047192331091634,0.9524422234305676
validation_selection,2026-01-18T00:00:00+00:00,2026-01-17T18:00:00+00:00,2026-01-18T21:00:00+00:00,2026-01-19T02:00:00+05:00,24,21.0,2824e54287f5cbe88ad16d7f3f82feaa4cb6ef6f476eb887b18082c941627e95,0.535,6.62,6.8,6.94,57.0,-10.6,962.1,-0.7071067811865477,0.7071067811865474,0.3047192331091634,0.9524422234305676
validation_selection,2026-01-17T00:00:00+00:00,2026-01-16T18:00:00+00:00,2026-01-18T21:00:00+00:00,2026-01-19T02:00:00+05:00,48,45.0,1a153f30f968c8adebd50a24aaa7ed5b349f6832492af834850d3c3a8ea46c6d,0.535,6.26,6.42,6.56,58.0,-11.7,963.0,-0.7071067811865477,0.7071067811865474,0.3047192331091634,0.9524422234305676
validation_selection,2026-01-18T00:00:00+00:00,2026-01-17T18:00:00+00:00,2026-01-18T22:00:00+00:00,2026-01-19T03:00:00+05:00,24,22.0,2824e54287f5cbe88ad16d7f3f82feaa4cb6ef6f476eb887b18082c941627e95,0.39166666666666666,6.76,6.94,7.08,58.0,-10.7,961.7,-0.5000000000000004,0.8660254037844384,0.3047192331091634,0.9524422234305676
validation_selection,2026-01-17T00:00:00+00:00,2026-01-16T18:00:00+00:00,2026-01-18T22:00:00+00:00,2026-01-19T03:00:00+05:00,48,46.0,1a153f30f968c8adebd50a24aaa7ed5b349f6832492af834850d3c3a8ea46c6d,0.39166666666666666,6.3,6.47,6.6,61.0,-11.5,962.7,-0.5000000000000004,0.8660254037844384,0.3047192331091634,0.9524422234305676
validation_selection,2026-01-18T00:00:00+00:00,2026-01-17T18:00:00+00:00,2026-01-18T23:00:00+00:00,2026-01-19T04:00:00+05:00,24,23.0,2824e54287f5cbe88ad16d7f3f82feaa4cb6ef6f476eb887b18082c941627e95,0.3383333333333333,6.74,6.91,7.05,62.0,-10.6,961.1,-0.25881904510252157,0.9659258262890681,0.3047192331091634,0.9524422234305676
validation_selection,2026-01-17T00:00:00+00:00,2026-01-16T18:00:00+00:00,2026-01-18T23:00:00+00:00,2026-01-19T04:00:00+05:00,48,47.0,1a153f30f968c8adebd50a24aaa7ed5b349f6832492af834850d3c3a8ea46c6d,0.3383333333333333,6.34,6.51,6.64,63.0,-11.0,962.4,-0.25881904510252157,0.9659258262890681,0.3047192331091634,0.9524422234305676
validation_selection,2026-01-18T00:00:00+00:00,2026-01-17T18:00:00+00:00,2026-01-19T00:00:00+00:00,2026-01-19T05:00:00+05:00,24,24.0,2824e54287f5cbe88ad16d7f3f82feaa4cb6ef6f476eb887b18082c941627e95,0.47,6.8,6.98,7.12,64.0,-10.2,961.3,0.0,1.0,0.321057654185271,0.9470596510722283
validation_selection,2026-01-17T00:00:00+00:00,2026-01-16T18:00:00+00:00,2026-01-19T00:00:00+00:00,2026-01-19T05:00:00+05:00,48,48.0,1a153f30f968c8adebd50a24aaa7ed5b349f6832492af834850d3c3a8ea46c6d,0.47,6.67,6.84,6.99,62.0,-10.9,962.4,0.0,1.0,0.321057654185271,0.9470596510722283
validation_selection,2026-01-18T00:00:00+00:00,2026-01-17T18:00:00+00:00,2026-01-19T01:00:00+00:00,2026-01-19T06:00:00+05:00,24,25.0,2824e54287f5cbe88ad16d7f3f82feaa4cb6ef6f476eb887b18082c941627e95,0.34833333333333333,6.8,6.98,7.12,65.0,-10.1,961.4,0.25881904510252074,0.9659258262890683,0.321057654185271,0.9470596510722283
validation_selection,2026-01-17T00:00:00+00:00,2026-01-16T18:00:00+00:00,2026-01-19T01:00:00+00:00,2026-01-19T06:00:00+05:00,48,49.0,1a153f30f968c8adebd50a24aaa7ed5b349f6832492af834850d3c3a8ea46c6d,0.34833333333333333,6.92,7.1,7.24,61.0,-10.8,962.3,0.25881904510252074,0.9659258262890683,0.321057654185271,0.9470596510722283
validation_selection,2026-01-18T00:00:00+00:00,2026-01-17T18:00:00+00:00,2026-01-19T02:00:00+00:00,2026-01-19T07:00:00+05:00,24,26.0,2824e54287f5cbe88ad16d7f3f82feaa4cb6ef6f476eb887b18082c941627e95,0.135,6.82,7.0,7.14,64.0,-9.9,961.4,0.49999999999999994,0.8660254037844387,0.321057654185271,0.9470596510722283
validation_selection,2026-01-17T00:00:00+00:00,2026-01-16T18:00:00+00:00,2026-01-19T02:00:00+00:00,2026-01-19T07:00:00+05:00,48,50.0,1a153f30f968c8adebd50a24aaa7ed5b349f6832492af834850d3c3a8ea46c6d,0.135,6.94,7.12,7.27,61.0,-10.7,962.3,0.49999999999999994,0.8660254037844387,0.321057654185271,0.9470596510722283
validation_selection,2026-01-18T06:00:00+00:00,2026-01-18T00:00:00+00:00,2026-01-19T03:00:00+00:00,2026-01-19T08:00:00+05:00,24,21.0,fa33f60ad8de2b85d6147f51056a9a8b68b33dfa027226c428da6a8f148197ad,0.26666666666666666,6.78,6.95,7.1,63.0,-10.3,961.4,0.7071067811865476,0.7071067811865476,0.321057654185271,0.9470596510722283
validation_selection,2026-01-17T06:00:00+00:00,2026-01-17T00:00:00+00:00,2026-01-19T03:00:00+00:00,2026-01-19T08:00:00+05:00,48,45.0,bc461398b4c07c4c6614915aa2cb5baa60d48ef5c58d9f1cd1ce597a8e7139dd,0.26666666666666666,6.87,7.04,7.19,63.0,-9.9,961.8,0.7071067811865476,0.7071067811865476,0.321057654185271,0.9470596510722283
validation_selection,2026-01-18T06:00:00+00:00,2026-01-18T00:00:00+00:00,2026-01-19T04:00:00+00:00,2026-01-19T09:00:00+05:00,24,22.0,fa33f60ad8de2b85d6147f51056a9a8b68b33dfa027226c428da6a8f148197ad,0.315,7.63,7.83,7.99,63.0,-8.8,961.6,0.8660254037844386,0.5000000000000001,0.321057654185271,0.9470596510722283
validation_selection,2026-01-17T06:00:00+00:00,2026-01-17T00:00:00+00:00,2026-01-19T04:00:00+00:00,2026-01-19T09:00:00+05:00,48,46.0,bc461398b4c07c4c6614915aa2cb5baa60d48ef5c58d9f1cd1ce597a8e7139dd,0.315,7.2,7.39,7.54,61.0,-7.9,962.2,0.8660254037844386,0.5000000000000001,0.321057654185271,0.9470596510722283
validation_selection,2026-01-18T06:00:00+00:00,2026-01-18T00:00:00+00:00,2026-01-19T05:00:00+00:00,2026-01-19T10:00:00+05:00,24,23.0,fa33f60ad8de2b85d6147f51056a9a8b68b33dfa027226c428da6a8f148197ad,0.33166666666666667,7.69,7.89,8.05,56.0,-7.0,961.3,0.9659258262890683,0.25881904510252074,0.321057654185271,0.9470596510722283
validation_selection,2026-01-17T06:00:00+00:00,2026-01-17T00:00:00+00:00,2026-01-19T05:00:00+00:00,2026-01-19T10:00:00+05:00,48,47.0,bc461398b4c07c4c6614915aa2cb5baa60d48ef5c58d9f1cd1ce597a8e7139dd,0.33166666666666667,7.08,7.26,7.41,54.0,-5.9,962.0,0.9659258262890683,0.25881904510252074,0.321057654185271,0.9470596510722283
validation_selection,2026-01-18T06:00:00+00:00,2026-01-18T00:00:00+00:00,2026-01-19T06:00:00+00:00,2026-01-19T11:00:00+05:00,24,24.0,fa33f60ad8de2b85d6147f51056a9a8b68b33dfa027226c428da6a8f148197ad,0.2866666666666667,7.61,7.8,7.97,50.0,-6.0,960.6,1.0,6.123233995736766e-17,0.321057654185271,0.9470596510722283
validation_selection,2026-01-17T06:00:00+00:00,2026-01-17T00:00:00+00:00,2026-01-19T06:00:00+00:00,2026-01-19T11:00:00+05:00,48,48.0,bc461398b4c07c4c6614915aa2cb5baa60d48ef5c58d9f1cd1ce597a8e7139dd,0.2866666666666667,7.84,8.04,8.21,52.0,-3.5,961.5,1.0,6.123233995736766e-17,0.321057654185271,0.9470596510722283
validation_selection,2026-01-18T06:00:00+00:00,2026-01-18T00:00:00+00:00,2026-01-19T07:00:00+00:00,2026-01-19T12:00:00+05:00,24,25.0,fa33f60ad8de2b85d6147f51056a9a8b68b33dfa027226c428da6a8f148197ad,0.37000000000000005,7.93,8.14,8.3,47.0,-4.8,959.6,0.9659258262890683,-0.25881904510252063,0.321057654185271,0.9470596510722283
validation_selection,2026-01-17T06:00:00+00:00,2026-01-17T00:00:00+00:00,2026-01-19T07:00:00+00:00,2026-01-19T12:00:00+05:00,48,49.0,bc461398b4c07c4c6614915aa2cb5baa60d48ef5c58d9f1cd1ce597a8e7139dd,0.37000000000000005,8.36,8.58,8.76,52.0,-1.8,960.6,0.9659258262890683,-0.25881904510252063,0.321057654185271,0.9470596510722283
validation_selection,2026-01-18T06:00:00+00:00,2026-01-18T00:00:00+00:00,2026-01-19T08:00:00+00:00,2026-01-19T13:00:00+05:00,24,26.0,fa33f60ad8de2b85d6147f51056a9a8b68b33dfa027226c428da6a8f148197ad,0.3566666666666667,8.03,8.24,8.41,47.0,-3.3,959.1,0.8660254037844387,-0.4999999999999998,0.321057654185271,0.9470596510722283
validation_selection,2026-01-17T06:00:00+00:00,2026-01-17T00:00:00+00:00,2026-01-19T08:00:00+00:00,2026-01-19T13:00:00+05:00,48,50.0,bc461398b4c07c4c6614915aa2cb5baa60d48ef5c58d9f1cd1ce597a8e7139dd,0.3566666666666667,8.45,8.67,8.85,53.0,-1.2,959.9,0.8660254037844387,-0.4999999999999998,0.321057654185271,0.9470596510722283
validation_selection,2026-01-18T12:00:00+00:00,2026-01-18T06:00:00+00:00,2026-01-19T09:00:00+00:00,2026-01-19T14:00:00+05:00,24,21.0,d579b5b429fff90cff75bcef39406443dbc59a25b0729711b9dc8897b8913860,0.3133333333333333,7.76,7.96,8.12,46.0,-2.6,959.1,0.7071067811865476,-0.7071067811865475,0.321057654185271,0.9470596510722283
validation_selection,2026-01-17T12:00:00+00:00,2026-01-17T06:00:00+00:00,2026-01-19T09:00:00+00:00,2026-01-19T14:00:00+05:00,48,45.0,aac4e0db8ff0982f28290a7aa0b3bae88dac9c9f81c4e48957e4f304bdcf11cf,0.3133333333333333,8.16,8.37,8.55,50.0,-1.3,959.2,0.7071067811865476,-0.7071067811865475,0.321057654185271,0.9470596510722283
validation_selection,2026-01-18T12:00:00+00:00,2026-01-18T06:00:00+00:00,2026-01-19T10:00:00+00:00,2026-01-19T15:00:00+05:00,24,22.0,d579b5b429fff90cff75bcef39406443dbc59a25b0729711b9dc8897b8913860,0.28833333333333333,7.55,7.74,7.91,46.0,-3.4,959.0,0.49999999999999994,-0.8660254037844387,0.321057654185271,0.9470596510722283
validation_selection,2026-01-17T12:00:00+00:00,2026-01-17T06:00:00+00:00,2026-01-19T10:00:00+00:00,2026-01-19T15:00:00+05:00,48,46.0,aac4e0db8ff0982f28290a7aa0b3bae88dac9c9f81c4e48957e4f304bdcf11cf,0.28833333333333333,7.45,7.64,7.8,48.0,-1.6,959.2,0.49999999999999994,-0.8660254037844387,0.321057654185271,0.9470596510722283
validation_selection,2026-01-18T12:00:00+00:00,2026-01-18T06:00:00+00:00,2026-01-19T11:00:00+00:00,2026-01-19T16:00:00+05:00,24,23.0,d579b5b429fff90cff75bcef39406443dbc59a25b0729711b9dc8897b8913860,0.2633333333333333,7.02,7.2,7.35,52.0,-4.8,958.8,0.258819045102521,-0.9659258262890682,0.321057654185271,0.9470596510722283
validation_selection,2026-01-17T12:00:00+00:00,2026-01-17T06:00:00+00:00,2026-01-19T11:00:00+00:00,2026-01-19T16:00:00+05:00,48,47.0,aac4e0db8ff0982f28290a7aa0b3bae88dac9c9f81c4e48957e4f304bdcf11cf,0.2633333333333333,7.78,7.98,8.15,50.0,-3.2,959.1,0.258819045102521,-0.9659258262890682,0.321057654185271,0.9470596510722283
validation_selection,2026-01-18T12:00:00+00:00,2026-01-18T06:00:00+00:00,2026-01-19T12:00:00+00:00,2026-01-19T17:00:00+05:00,24,24.0,d579b5b429fff90cff75bcef39406443dbc59a25b0729711b9dc8897b8913860,0.22833333333333336,6.3,6.47,6.6,58.0,-6.2,958.7,1.2246467991473532e-16,-1.0,0.321057654185271,0.9470596510722283
validation_selection,2026-01-17T12:00:00+00:00,2026-01-17T06:00:00+00:00,2026-01-19T12:00:00+00:00,2026-01-19T17:00:00+05:00,48,48.0,aac4e0db8ff0982f28290a7aa0b3bae88dac9c9f81c4e48957e4f304bdcf11cf,0.22833333333333336,6.95,7.13,7.28,56.0,-5.2,959.0,1.2246467991473532e-16,-1.0,0.321057654185271,0.9470596510722283
validation_selection,2026-01-18T12:00:00+00:00,2026-01-18T06:00:00+00:00,2026-01-19T13:00:00+00:00,2026-01-19T18:00:00+05:00,24,25.0,d579b5b429fff90cff75bcef39406443dbc59a25b0729711b9dc8897b8913860,0.4216666666666667,5.21,5.35,5.46,62.0,-8.2,958.5,-0.2588190451025208,-0.9659258262890683,0.321057654185271,0.9470596510722283
validation_selection,2026-01-17T12:00:00+00:00,2026-01-17T06:00:00+00:00,2026-01-19T13:00:00+00:00,2026-01-19T18:00:00+05:00,48,49.0,aac4e0db8ff0982f28290a7aa0b3bae88dac9c9f81c4e48957e4f304bdcf11cf,0.4216666666666667,5.65,5.79,5.91,62.0,-6.3,959.1,-0.2588190451025208,-0.9659258262890683,0.321057654185271,0.9470596510722283
validation_selection,2026-01-18T12:00:00+00:00,2026-01-18T06:00:00+00:00,2026-01-19T14:00:00+00:00,2026-01-19T19:00:00+05:00,24,26.0,d579b5b429fff90cff75bcef39406443dbc59a25b0729711b9dc8897b8913860,0.36166666666666664,4.8,4.92,5.02,65.0,-8.9,958.3,-0.4999999999999997,-0.8660254037844388,0.321057654185271,0.9470596510722283
validation_selection,2026-01-17T12:00:00+00:00,2026-01-17T06:00:00+00:00,2026-01-19T14:00:00+00:00,2026-01-19T19:00:00+05:00,48,50.0,aac4e0db8ff0982f28290a7aa0b3bae88dac9c9f81c4e48957e4f304bdcf11cf,0.36166666666666664,5.12,5.26,5.36,65.0,-7.2,959.0,-0.4999999999999997,-0.8660254037844388,0.321057654185271,0.9470596510722283
validation_selection,2026-01-18T18:00:00+00:00,2026-01-18T12:00:00+00:00,2026-01-19T15:00:00+00:00,2026-01-19T20:00:00+05:00,24,21.0,4342d079c83f9416b81d3bfede815d3faeccbb9ee61a641c51a8d6b14b28f6a4,0.32666666666666666,3.87,3.97,4.06,69.0,-8.3,958.7,-0.7071067811865471,-0.7071067811865479,0.321057654185271,0.9470596510722283
validation_selection,2026-01-17T18:00:00+00:00,2026-01-17T12:00:00+00:00,2026-01-19T15:00:00+00:00,2026-01-19T20:00:00+05:00,48,45.0,b02e91cf78c0692ed9edfc142a22947d32d7b4678222aa9f5a9390da73dae704,0.32666666666666666,4.92,5.05,5.16,69.0,-7.6,958.6,-0.7071067811865471,-0.7071067811865479,0.321057654185271,0.9470596510722283
validation_selection,2026-01-18T18:00:00+00:00,2026-01-18T12:00:00+00:00,2026-01-19T16:00:00+00:00,2026-01-19T21:00:00+05:00,24,22.0,4342d079c83f9416b81d3bfede815d3faeccbb9ee61a641c51a8d6b14b28f6a4,0.03333333333333333,3.3,3.38,3.45,71.0,-9.4,958.3,-0.8660254037844385,-0.5000000000000004,0.321057654185271,0.9470596510722283
validation_selection,2026-01-17T18:00:00+00:00,2026-01-17T12:00:00+00:00,2026-01-19T16:00:00+00:00,2026-01-19T21:00:00+05:00,48,46.0,b02e91cf78c0692ed9edfc142a22947d32d7b4678222aa9f5a9390da73dae704,0.03333333333333333,4.27,4.38,4.47,71.0,-7.8,958.4,-0.8660254037844385,-0.5000000000000004,0.321057654185271,0.9470596510722283
validation_selection,2026-01-18T18:00:00+00:00,2026-01-18T12:00:00+00:00,2026-01-19T17:00:00+00:00,2026-01-19T22:00:00+05:00,24,23.0,4342d079c83f9416b81d3bfede815d3faeccbb9ee61a641c51a8d6b14b28f6a4,0.07,2.68,2.75,2.81,74.0,-9.1,958.4,-0.9659258262890683,-0.25881904510252063,0.321057654185271,0.9470596510722283
validation_selection,2026-01-17T18:00:00+00:00,2026-01-17T12:00:00+00:00,2026-01-19T17:00:00+00:00,2026-01-19T22:00:00+05:00,48,47.0,b02e91cf78c0692ed9edfc142a22947d32d7b4678222aa9f5a9390da73dae704,0.07,3.67,3.76,3.84,73.0,-7.9,958.5,-0.9659258262890683,-0.25881904510252063,0.321057654185271,0.9470596510722283
validation_selection,2026-01-18T18:00:00+00:00,2026-01-18T12:00:00+00:00,2026-01-19T18:00:00+00:00,2026-01-19T23:00:00+05:00,24,24.0,4342d079c83f9416b81d3bfede815d3faeccbb9ee61a641c51a8d6b14b28f6a4,0.015,2.41,2.47,2.52,69.0,-9.4,958.3,-1.0,-1.8369701987210297e-16,0.321057654185271,0.9470596510722283
validation_selection,2026-01-17T18:00:00+00:00,2026-01-17T12:00:00+00:00,2026-01-19T18:00:00+00:00,2026-01-19T23:00:00+05:00,48,48.0,b02e91cf78c0692ed9edfc142a22947d32d7b4678222aa9f5a9390da73dae704,0.015,3.48,3.57,3.64,68.0,-8.4,958.3,-1.0,-1.8369701987210297e-16,0.321057654185271,0.9470596510722283
validation_selection,2026-01-18T18:00:00+00:00,2026-01-18T12:00:00+00:00,2026-01-19T19:00:00+00:00,2026-01-20T00:00:00+05:00,24,25.0,4342d079c83f9416b81d3bfede815d3faeccbb9ee61a641c51a8d6b14b28f6a4,0.01,2.22,2.28,2.33,64.0,-9.6,958.4,-0.9659258262890684,0.2588190451025203,0.321057654185271,0.9470596510722283
validation_selection,2026-01-17T18:00:00+00:00,2026-01-17T12:00:00+00:00,2026-01-19T19:00:00+00:00,2026-01-20T00:00:00+05:00,48,49.0,b02e91cf78c0692ed9edfc142a22947d32d7b4678222aa9f5a9390da73dae704,0.01,4.1,4.2,4.29,63.0,-9.0,957.9,-0.9659258262890684,0.2588190451025203,0.321057654185271,0.9470596510722283
validation_selection,2026-01-18T18:00:00+00:00,2026-01-18T12:00:00+00:00,2026-01-19T20:00:00+00:00,2026-01-20T01:00:00+05:00,24,26.0,4342d079c83f9416b81d3bfede815d3faeccbb9ee61a641c51a8d6b14b28f6a4,0.01,2.11,2.17,2.21,64.0,-9.4,958.6,-0.8660254037844386,0.5000000000000001,0.321057654185271,0.9470596510722283
validation_selection,2026-01-17T18:00:00+00:00,2026-01-17T12:00:00+00:00,2026-01-19T20:00:00+00:00,2026-01-20T01:00:00+05:00,48,50.0,b02e91cf78c0692ed9edfc142a22947d32d7b4678222aa9f5a9390da73dae704,0.01,4.25,4.36,4.45,63.0,-9.0,957.8,-0.8660254037844386,0.5000000000000001,0.321057654185271,0.9470596510722283
validation_selection,2026-01-19T00:00:00+00:00,2026-01-18T18:00:00+00:00,2026-01-19T21:00:00+00:00,2026-01-20T02:00:00+05:00,24,21.0,df1bbe62db0ddbe3fb90c767f5ce6b5474dce0787666102a04542271cca426af,0.01,2.73,2.8,2.86,66.0,-9.2,958.6,-0.7071067811865477,0.7071067811865474,0.321057654185271,0.9470596510722283
validation_selection,2026-01-18T00:00:00+00:00,2026-01-17T18:00:00+00:00,2026-01-19T21:00:00+00:00,2026-01-20T02:00:00+05:00,48,45.0,2824e54287f5cbe88ad16d7f3f82feaa4cb6ef6f476eb887b18082c941627e95,0.01,3.95,4.05,4.14,66.0,-8.9,957.9,-0.7071067811865477,0.7071067811865474,0.321057654185271,0.9470596510722283
validation_selection,2026-01-19T00:00:00+00:00,2026-01-18T18:00:00+00:00,2026-01-19T22:00:00+00:00,2026-01-20T03:00:00+05:00,24,22.0,df1bbe62db0ddbe3fb90c767f5ce6b5474dce0787666102a04542271cca426af,0.01,2.02,2.07,2.11,70.0,-8.9,958.9,-0.5000000000000004,0.8660254037844384,0.321057654185271,0.9470596510722283
validation_selection,2026-01-18T00:00:00+00:00,2026-01-17T18:00:00+00:00,2026-01-19T22:00:00+00:00,2026-01-20T03:00:00+05:00,48,46.0,2824e54287f5cbe88ad16d7f3f82feaa4cb6ef6f476eb887b18082c941627e95,0.01,3.93,4.03,4.11,67.0,-8.8,957.9,-0.5000000000000004,0.8660254037844384,0.321057654185271,0.9470596510722283
validation_selection,2026-01-19T00:00:00+00:00,2026-01-18T18:00:00+00:00,2026-01-19T23:00:00+00:00,2026-01-20T04:00:00+05:00,24,23.0,df1bbe62db0ddbe3fb90c767f5ce6b5474dce0787666102a04542271cca426af,0.013333333333333334,1.37,1.4,1.43,86.0,-8.4,958.9,-0.25881904510252157,0.9659258262890681,0.321057654185271,0.9470596510722283
validation_selection,2026-01-18T00:00:00+00:00,2026-01-17T18:00:00+00:00,2026-01-19T23:00:00+00:00,2026-01-20T04:00:00+05:00,48,47.0,2824e54287f5cbe88ad16d7f3f82feaa4cb6ef6f476eb887b18082c941627e95,0.013333333333333334,3.44,3.53,3.6,69.0,-9.0,958.0,-0.25881904510252157,0.9659258262890681,0.321057654185271,0.9470596510722283
validation_selection,2026-01-19T00:00:00+00:00,2026-01-18T18:00:00+00:00,2026-01-20T00:00:00+00:00,2026-01-20T05:00:00+05:00,24,24.0,df1bbe62db0ddbe3fb90c767f5ce6b5474dce0787666102a04542271cca426af,0.10833333333333334,1.51,1.55,1.58,75.0,-9.2,958.8,0.0,1.0,0.3373010691361842,0.9413968285264122
validation_selection,2026-01-18T00:00:00+00:00,2026-01-17T18:00:00+00:00,2026-01-20T00:00:00+00:00,2026-01-20T05:00:00+05:00,48,48.0,2824e54287f5cbe88ad16d7f3f82feaa4cb6ef6f476eb887b18082c941627e95,0.10833333333333334,2.48,2.55,2.6,79.0,-8.5,958.6,0.0,1.0,0.3373010691361842,0.9413968285264122
validation_selection,2026-01-19T00:00:00+00:00,2026-01-18T18:00:00+00:00,2026-01-20T01:00:00+00:00,2026-01-20T06:00:00+05:00,24,25.0,df1bbe62db0ddbe3fb90c767f5ce6b5474dce0787666102a04542271cca426af,0.034999999999999996,1.79,1.83,1.87,79.0,-8.9,959.1,0.25881904510252074,0.9659258262890683,0.3373010691361842,0.9413968285264122
validation_selection,2026-01-18T00:00:00+00:00,2026-01-17T18:00:00+00:00,2026-01-20T01:00:00+00:00,2026-01-20T06:00:00+05:00,48,49.0,2824e54287f5cbe88ad16d7f3f82feaa4cb6ef6f476eb887b18082c941627e95,0.034999999999999996,1.34,1.37,1.4,100.0,-8.3,959.2,0.25881904510252074,0.9659258262890683,0.3373010691361842,0.9413968285264122
validation_selection,2026-01-19T00:00:00+00:00,2026-01-18T18:00:00+00:00,2026-01-20T02:00:00+00:00,2026-01-20T07:00:00+05:00,24,26.0,df1bbe62db0ddbe3fb90c767f5ce6b5474dce0787666102a04542271cca426af,0.01,1.22,1.25,1.28,74.0,-9.2,959.4,0.49999999999999994,0.8660254037844387,0.3373010691361842,0.9413968285264122
validation_selection,2026-01-18T00:00:00+00:00,2026-01-17T18:00:00+00:00,2026-01-20T02:00:00+00:00,2026-01-20T07:00:00+05:00,48,50.0,2824e54287f5cbe88ad16d7f3f82feaa4cb6ef6f476eb887b18082c941627e95,0.01,0.52,0.53,0.54,139.0,-8.3,959.6,0.49999999999999994,0.8660254037844387,0.3373010691361842,0.9413968285264122
validation_selection,2026-01-19T06:00:00+00:00,2026-01-19T00:00:00+00:00,2026-01-20T03:00:00+00:00,2026-01-20T08:00:00+05:00,24,21.0,3f1b3fb5db272527c39b498a6c7c81a049ba984a1ffd2678a4cbb329e45ae3bb,0.01,0.68,0.7,0.72,356.0,-8.8,960.1,0.7071067811865476,0.7071067811865476,0.3373010691361842,0.9413968285264122
validation_selection,2026-01-18T06:00:00+00:00,2026-01-18T00:00:00+00:00,2026-01-20T03:00:00+00:00,2026-01-20T08:00:00+05:00,48,45.0,fa33f60ad8de2b85d6147f51056a9a8b68b33dfa027226c428da6a8f148197ad,0.01,1.28,1.31,1.34,108.0,-7.5,959.2,0.7071067811865476,0.7071067811865476,0.3373010691361842,0.9413968285264122
validation_selection,2026-01-19T06:00:00+00:00,2026-01-19T00:00:00+00:00,2026-01-20T04:00:00+00:00,2026-01-20T09:00:00+05:00,24,22.0,3f1b3fb5db272527c39b498a6c7c81a049ba984a1ffd2678a4cbb329e45ae3bb,0.01,0.25,0.25,0.26,259.0,-8.6,960.6,0.8660254037844386,0.5000000000000001,0.3373010691361842,0.9413968285264122
validation_selection,2026-01-18T06:00:00+00:00,2026-01-18T00:00:00+00:00,2026-01-20T04:00:00+00:00,2026-01-20T09:00:00+05:00,48,46.0,fa33f60ad8de2b85d6147f51056a9a8b68b33dfa027226c428da6a8f148197ad,0.01,0.35,0.36,0.37,196.0,-7.1,960.0,0.8660254037844386,0.5000000000000001,0.3373010691361842,0.9413968285264122
validation_selection,2026-01-19T06:00:00+00:00,2026-01-19T00:00:00+00:00,2026-01-20T05:00:00+00:00,2026-01-20T10:00:00+05:00,24,23.0,3f1b3fb5db272527c39b498a6c7c81a049ba984a1ffd2678a4cbb329e45ae3bb,0.018333333333333333,1.51,1.55,1.59,266.0,-6.3,961.2,0.9659258262890683,0.25881904510252074,0.3373010691361842,0.9413968285264122
validation_selection,2026-01-18T06:00:00+00:00,2026-01-18T00:00:00+00:00,2026-01-20T05:00:00+00:00,2026-01-20T10:00:00+05:00,48,47.0,fa33f60ad8de2b85d6147f51056a9a8b68b33dfa027226c428da6a8f148197ad,0.018333333333333333,1.0,1.03,1.05,247.0,-6.2,960.4,0.9659258262890683,0.25881904510252074,0.3373010691361842,0.9413968285264122
validation_selection,2026-01-19T06:00:00+00:00,2026-01-19T00:00:00+00:00,2026-01-20T06:00:00+00:00,2026-01-20T11:00:00+05:00,24,24.0,3f1b3fb5db272527c39b498a6c7c81a049ba984a1ffd2678a4cbb329e45ae3bb,0.051666666666666666,2.47,2.53,2.59,285.0,-4.8,961.5,1.0,6.123233995736766e-17,0.3373010691361842,0.9413968285264122
validation_selection,2026-01-18T06:00:00+00:00,2026-01-18T00:00:00+00:00,2026-01-20T06:00:00+00:00,2026-01-20T11:00:00+05:00,48,48.0,fa33f60ad8de2b85d6147f51056a9a8b68b33dfa027226c428da6a8f148197ad,0.051666666666666666,1.66,1.7,1.74,242.0,-4.8,960.5,1.0,6.123233995736766e-17,0.3373010691361842,0.9413968285264122
validation_selection,2026-01-19T06:00:00+00:00,2026-01-19T00:00:00+00:00,2026-01-20T07:00:00+00:00,2026-01-20T12:00:00+05:00,24,25.0,3f1b3fb5db272527c39b498a6c7c81a049ba984a1ffd2678a4cbb329e45ae3bb,0.018333333333333333,2.3,2.35,2.4,274.0,-3.8,960.8,0.9659258262890683,-0.25881904510252063,0.3373010691361842,0.9413968285264122
validation_selection,2026-01-18T06:00:00+00:00,2026-01-18T00:00:00+00:00,2026-01-20T07:00:00+00:00,2026-01-20T12:00:00+05:00,48,49.0,fa33f60ad8de2b85d6147f51056a9a8b68b33dfa027226c428da6a8f148197ad,0.018333333333333333,2.07,2.13,2.17,240.0,-4.2,959.8,0.9659258262890683,-0.25881904510252063,0.3373010691361842,0.9413968285264122
validation_selection,2026-01-19T06:00:00+00:00,2026-01-19T00:00:00+00:00,2026-01-20T08:00:00+00:00,2026-01-20T13:00:00+05:00,24,26.0,3f1b3fb5db272527c39b498a6c7c81a049ba984a1ffd2678a4cbb329e45ae3bb,0.03,2.25,2.3,2.35,283.0,-3.1,960.2,0.8660254037844387,-0.4999999999999998,0.3373010691361842,0.9413968285264122
validation_selection,2026-01-18T06:00:00+00:00,2026-01-18T00:00:00+00:00,2026-01-20T08:00:00+00:00,2026-01-20T13:00:00+05:00,48,50.0,fa33f60ad8de2b85d6147f51056a9a8b68b33dfa027226c428da6a8f148197ad,0.03,2.18,2.24,2.28,243.0,-3.0,959.5,0.8660254037844387,-0.4999999999999998,0.3373010691361842,0.9413968285264122
validation_selection,2026-01-19T12:00:00+00:00,2026-01-19T06:00:00+00:00,2026-01-20T09:00:00+00:00,2026-01-20T14:00:00+05:00,24,21.0,1ba4e4debf1a43c7ac49d73065602adca5f0b01140fe16cfa78b6302e2616e36,0.09333333333333334,2.5,2.57,2.62,263.0,-3.1,960.1,0.7071067811865476,-0.7071067811865475,0.3373010691361842,0.9413968285264122
validation_selection,2026-01-18T12:00:00+00:00,2026-01-18T06:00:00+00:00,2026-01-20T09:00:00+00:00,2026-01-20T14:00:00+05:00,48,45.0,d579b5b429fff90cff75bcef39406443dbc59a25b0729711b9dc8897b8913860,0.09333333333333334,2.61,2.68,2.74,256.0,-2.2,959.2,0.7071067811865476,-0.7071067811865475,0.3373010691361842,0.9413968285264122
validation_selection,2026-01-19T12:00:00+00:00,2026-01-19T06:00:00+00:00,2026-01-20T10:00:00+00:00,2026-01-20T15:00:00+05:00,24,22.0,1ba4e4debf1a43c7ac49d73065602adca5f0b01140fe16cfa78b6302e2616e36,0.034999999999999996,2.24,2.3,2.35,270.0,-3.5,960.0,0.49999999999999994,-0.8660254037844387,0.3373010691361842,0.9413968285264122
validation_selection,2026-01-18T12:00:00+00:00,2026-01-18T06:00:00+00:00,2026-01-20T10:00:00+00:00,2026-01-20T15:00:00+05:00,48,46.0,d579b5b429fff90cff75bcef39406443dbc59a25b0729711b9dc8897b8913860,0.034999999999999996,2.6,2.67,2.72,283.0,-2.6,958.9,0.49999999999999994,-0.8660254037844387,0.3373010691361842,0.9413968285264122
validation_selection,2026-01-19T12:00:00+00:00,2026-01-19T06:00:00+00:00,2026-01-20T11:00:00+00:00,2026-01-20T16:00:00+05:00,24,23.0,1ba4e4debf1a43c7ac49d73065602adca5f0b01140fe16cfa78b6302e2616e36,0.013333333333333334,2.33,2.39,2.44,299.0,-5.3,959.8,0.258819045102521,-0.9659258262890682,0.3373010691361842,0.9413968285264122
validation_selection,2026-01-18T12:00:00+00:00,2026-01-18T06:00:00+00:00,2026-01-20T11:00:00+00:00,2026-01-20T16:00:00+05:00,48,47.0,d579b5b429fff90cff75bcef39406443dbc59a25b0729711b9dc8897b8913860,0.013333333333333334,3.39,3.48,3.55,286.0,-4.4,958.7,0.258819045102521,-0.9659258262890682,0.3373010691361842,0.9413968285264122
validation_selection,2026-01-19T12:00:00+00:00,2026-01-19T06:00:00+00:00,2026-01-20T12:00:00+00:00,2026-01-20T17:00:00+05:00,24,24.0,1ba4e4debf1a43c7ac49d73065602adca5f0b01140fe16cfa78b6302e2616e36,0.01,1.53,1.57,1.6,307.0,-7.8,959.3,1.2246467991473532e-16,-1.0,0.3373010691361842,0.9413968285264122
validation_selection,2026-01-18T12:00:00+00:00,2026-01-18T06:00:00+00:00,2026-01-20T12:00:00+00:00,2026-01-20T17:00:00+05:00,48,48.0,d579b5b429fff90cff75bcef39406443dbc59a25b0729711b9dc8897b8913860,0.01,3.35,3.43,3.5,283.0,-6.8,958.5,1.2246467991473532e-16,-1.0,0.3373010691361842,0.9413968285264122
validation_selection,2026-01-19T12:00:00+00:00,2026-01-19T06:00:00+00:00,2026-01-20T13:00:00+00:00,2026-01-20T18:00:00+05:00,24,25.0,1ba4e4debf1a43c7ac49d73065602adca5f0b01140fe16cfa78b6302e2616e36,0.01,1.21,1.24,1.26,346.0,-8.1,959.4,-0.2588190451025208,-0.9659258262890683,0.3373010691361842,0.9413968285264122
validation_selection,2026-01-18T12:00:00+00:00,2026-01-18T06:00:00+00:00,2026-01-20T13:00:00+00:00,2026-01-20T18:00:00+05:00,48,49.0,d579b5b429fff90cff75bcef39406443dbc59a25b0729711b9dc8897b8913860,0.01,2.32,2.38,2.43,278.0,-7.7,958.4,-0.2588190451025208,-0.9659258262890683,0.3373010691361842,0.9413968285264122
validation_selection,2026-01-19T12:00:00+00:00,2026-01-19T06:00:00+00:00,2026-01-20T14:00:00+00:00,2026-01-20T19:00:00+05:00,24,26.0,1ba4e4debf1a43c7ac49d73065602adca5f0b01140fe16cfa78b6302e2616e36,0.01,1.56,1.6,1.63,20.0,-8.7,959.2,-0.4999999999999997,-0.8660254037844388,0.3373010691361842,0.9413968285264122
validation_selection,2026-01-18T12:00:00+00:00,2026-01-18T06:00:00+00:00,2026-01-20T14:00:00+00:00,2026-01-20T19:00:00+05:00,48,50.0,d579b5b429fff90cff75bcef39406443dbc59a25b0729711b9dc8897b8913860,0.01,1.62,1.66,1.7,303.0,-7.7,958.3,-0.4999999999999997,-0.8660254037844388,0.3373010691361842,0.9413968285264122
validation_selection,2026-01-19T18:00:00+00:00,2026-01-19T12:00:00+00:00,2026-01-20T15:00:00+00:00,2026-01-20T20:00:00+05:00,24,21.0,f9f9c55eb57e9a38abe1e677915ec6f789cb7b8b6a1ab48b27bfad534ad37a83,0.01,1.57,1.61,1.65,30.0,-8.9,959.2,-0.7071067811865471,-0.7071067811865479,0.3373010691361842,0.9413968285264122
validation_selection,2026-01-18T18:00:00+00:00,2026-01-18T12:00:00+00:00,2026-01-20T15:00:00+00:00,2026-01-20T20:00:00+05:00,48,45.0,4342d079c83f9416b81d3bfede815d3faeccbb9ee61a641c51a8d6b14b28f6a4,0.01,2.35,2.41,2.46,42.0,-8.2,957.9,-0.7071067811865471,-0.7071067811865479,0.3373010691361842,0.9413968285264122
validation_selection,2026-01-19T18:00:00+00:00,2026-01-19T12:00:00+00:00,2026-01-20T16:00:00+00:00,2026-01-20T21:00:00+05:00,24,22.0,f9f9c55eb57e9a38abe1e677915ec6f789cb7b8b6a1ab48b27bfad534ad37a83,0.01,2.8,2.87,2.93,55.0,-9.0,958.9,-0.8660254037844385,-0.5000000000000004,0.3373010691361842,0.9413968285264122
validation_selection,2026-01-18T18:00:00+00:00,2026-01-18T12:00:00+00:00,2026-01-20T16:00:00+00:00,2026-01-20T21:00:00+05:00,48,46.0,4342d079c83f9416b81d3bfede815d3faeccbb9ee61a641c51a8d6b14b28f6a4,0.01,3.03,3.11,3.17,53.0,-7.9,957.9,-0.8660254037844385,-0.5000000000000004,0.3373010691361842,0.9413968285264122
validation_selection,2026-01-19T18:00:00+00:00,2026-01-19T12:00:00+00:00,2026-01-20T17:00:00+00:00,2026-01-20T22:00:00+05:00,24,23.0,f9f9c55eb57e9a38abe1e677915ec6f789cb7b8b6a1ab48b27bfad534ad37a83,0.041666666666666664,4.48,4.6,4.69,59.0,-9.4,958.7,-0.9659258262890683,-0.25881904510252063,0.3373010691361842,0.9413968285264122
validation_selection,2026-01-18T18:00:00+00:00,2026-01-18T12:00:00+00:00,2026-01-20T17:00:00+00:00,2026-01-20T22:00:00+05:00,48,47.0,4342d079c83f9416b81d3bfede815d3faeccbb9ee61a641c51a8d6b14b28f6a4,0.041666666666666664,4.2,4.31,4.4,58.0,-9.2,957.6,-0.9659258262890683,-0.25881904510252063,0.3373010691361842,0.9413968285264122
validation_selection,2026-01-19T18:00:00+00:00,2026-01-19T12:00:00+00:00,2026-01-20T18:00:00+00:00,2026-01-20T23:00:00+05:00,24,24.0,f9f9c55eb57e9a38abe1e677915ec6f789cb7b8b6a1ab48b27bfad534ad37a83,0.18333333333333335,5.63,5.78,5.9,60.0,-9.4,958.7,-1.0,-1.8369701987210297e-16,0.3373010691361842,0.9413968285264122
validation_selection,2026-01-18T18:00:00+00:00,2026-01-18T12:00:00+00:00,2026-01-20T18:00:00+00:00,2026-01-20T23:00:00+05:00,48,48.0,4342d079c83f9416b81d3bfede815d3faeccbb9ee61a641c51a8d6b14b28f6a4,0.18333333333333335,5.22,5.35,5.46,60.0,-8.8,957.6,-1.0,-1.8369701987210297e-16,0.3373010691361842,0.9413968285264122
validation_selection,2026-01-19T18:00:00+00:00,2026-01-19T12:00:00+00:00,2026-01-20T19:00:00+00:00,2026-01-21T00:00:00+05:00,24,25.0,f9f9c55eb57e9a38abe1e677915ec6f789cb7b8b6a1ab48b27bfad534ad37a83,0.2733333333333333,5.98,6.14,6.27,60.0,-10.1,958.2,-0.9659258262890684,0.2588190451025203,0.3373010691361842,0.9413968285264122
validation_selection,2026-01-18T18:00:00+00:00,2026-01-18T12:00:00+00:00,2026-01-20T19:00:00+00:00,2026-01-21T00:00:00+05:00,48,49.0,4342d079c83f9416b81d3bfede815d3faeccbb9ee61a641c51a8d6b14b28f6a4,0.2733333333333333,5.62,5.76,5.88,59.0,-9.5,957.1,-0.9659258262890684,0.2588190451025203,0.3373010691361842,0.9413968285264122
validation_selection,2026-01-19T18:00:00+00:00,2026-01-19T12:00:00+00:00,2026-01-20T20:00:00+00:00,2026-01-21T01:00:00+05:00,24,26.0,f9f9c55eb57e9a38abe1e677915ec6f789cb7b8b6a1ab48b27bfad534ad37a83,0.26,6.7,6.87,7.01,58.0,-9.8,957.8,-0.8660254037844386,0.5000000000000001,0.3373010691361842,0.9413968285264122
validation_selection,2026-01-18T18:00:00+00:00,2026-01-18T12:00:00+00:00,2026-01-20T20:00:00+00:00,2026-01-21T01:00:00+05:00,48,50.0,4342d079c83f9416b81d3bfede815d3faeccbb9ee61a641c51a8d6b14b28f6a4,0.26,6.29,6.46,6.59,59.0,-9.2,956.9,-0.8660254037844386,0.5000000000000001,0.3373010691361842,0.9413968285264122
validation_selection,2026-01-20T00:00:00+00:00,2026-01-19T18:00:00+00:00,2026-01-20T21:00:00+00:00,2026-01-21T02:00:00+05:00,24,21.0,75f52c20571c027b16784b86de26a04e8e6e1079df0905c8825a47660afa56fb,0.39166666666666666,7.08,7.26,7.41,59.0,-10.1,957.2,-0.7071067811865477,0.7071067811865474,0.3373010691361842,0.9413968285264122
validation_selection,2026-01-19T00:00:00+00:00,2026-01-18T18:00:00+00:00,2026-01-20T21:00:00+00:00,2026-01-21T02:00:00+05:00,48,45.0,df1bbe62db0ddbe3fb90c767f5ce6b5474dce0787666102a04542271cca426af,0.39166666666666666,6.68,6.85,6.99,60.0,-9.4,956.6,-0.7071067811865477,0.7071067811865474,0.3373010691361842,0.9413968285264122
validation_selection,2026-01-20T00:00:00+00:00,2026-01-19T18:00:00+00:00,2026-01-20T22:00:00+00:00,2026-01-21T03:00:00+05:00,24,22.0,75f52c20571c027b16784b86de26a04e8e6e1079df0905c8825a47660afa56fb,0.6733333333333333,7.79,7.99,8.16,60.0,-10.0,956.4,-0.5000000000000004,0.8660254037844384,0.3373010691361842,0.9413968285264122
validation_selection,2026-01-19T00:00:00+00:00,2026-01-18T18:00:00+00:00,2026-01-20T22:00:00+00:00,2026-01-21T03:00:00+05:00,48,46.0,df1bbe62db0ddbe3fb90c767f5ce6b5474dce0787666102a04542271cca426af,0.6733333333333333,7.28,7.47,7.63,61.0,-9.5,955.9,-0.5000000000000004,0.8660254037844384,0.3373010691361842,0.9413968285264122
validation_selection,2026-01-20T00:00:00+00:00,2026-01-19T18:00:00+00:00,2026-01-20T23:00:00+00:00,2026-01-21T04:00:00+05:00,24,23.0,75f52c20571c027b16784b86de26a04e8e6e1079df0905c8825a47660afa56fb,0.8016666666666667,8.39,8.61,8.79,63.0,-10.1,955.7,-0.25881904510252157,0.9659258262890681,0.3373010691361842,0.9413968285264122
validation_selection,2026-01-19T00:00:00+00:00,2026-01-18T18:00:00+00:00,2026-01-20T23:00:00+00:00,2026-01-21T04:00:00+05:00,48,47.0,df1bbe62db0ddbe3fb90c767f5ce6b5474dce0787666102a04542271cca426af,0.8016666666666667,7.78,7.98,8.15,64.0,-9.6,955.3,-0.25881904510252157,0.9659258262890681,0.3373010691361842,0.9413968285264122
validation_selection,2026-01-20T00:00:00+00:00,2026-01-19T18:00:00+00:00,2026-01-21T00:00:00+00:00,2026-01-21T05:00:00+05:00,24,24.0,75f52c20571c027b16784b86de26a04e8e6e1079df0905c8825a47660afa56fb,0.9466666666666667,8.66,8.88,9.06,65.0,-9.9,955.6,0.0,1.0,0.3534446712740877,0.9354554315134164
validation_selection,2026-01-19T00:00:00+00:00,2026-01-18T18:00:00+00:00,2026-01-21T00:00:00+00:00,2026-01-21T05:00:00+05:00,48,48.0,df1bbe62db0ddbe3fb90c767f5ce6b5474dce0787666102a04542271cca426af,0.9466666666666667,8.19,8.41,8.58,64.0,-9.6,955.1,0.0,1.0,0.3534446712740877,0.9354554315134164
validation_selection,2026-01-20T00:00:00+00:00,2026-01-19T18:00:00+00:00,2026-01-21T01:00:00+00:00,2026-01-21T06:00:00+05:00,24,25.0,75f52c20571c027b16784b86de26a04e8e6e1079df0905c8825a47660afa56fb,0.8866666666666667,8.51,8.73,8.91,66.0,-9.8,955.6,0.25881904510252074,0.9659258262890683,0.3534446712740877,0.9354554315134164
validation_selection,2026-01-19T00:00:00+00:00,2026-01-18T18:00:00+00:00,2026-01-21T01:00:00+00:00,2026-01-21T06:00:00+05:00,48,49.0,df1bbe62db0ddbe3fb90c767f5ce6b5474dce0787666102a04542271cca426af,0.8866666666666667,8.35,8.57,8.75,66.0,-9.4,955.1,0.25881904510252074,0.9659258262890683,0.3534446712740877,0.9354554315134164
validation_selection,2026-01-20T00:00:00+00:00,2026-01-19T18:00:00+00:00,2026-01-21T02:00:00+00:00,2026-01-21T07:00:00+05:00,24,26.0,75f52c20571c027b16784b86de26a04e8e6e1079df0905c8825a47660afa56fb,0.9933333333333333,8.46,8.68,8.86,66.0,-9.7,955.7,0.49999999999999994,0.8660254037844387,0.3534446712740877,0.9354554315134164
validation_selection,2026-01-19T00:00:00+00:00,2026-01-18T18:00:00+00:00,2026-01-21T02:00:00+00:00,2026-01-21T07:00:00+05:00,48,50.0,df1bbe62db0ddbe3fb90c767f5ce6b5474dce0787666102a04542271cca426af,0.9933333333333333,8.15,8.36,8.53,67.0,-9.4,955.1,0.49999999999999994,0.8660254037844387,0.3534446712740877,0.9354554315134164
validation_selection,2026-01-20T06:00:00+00:00,2026-01-20T00:00:00+00:00,2026-01-21T03:00:00+00:00,2026-01-21T08:00:00+05:00,24,21.0,65b57d97d528f3470f368d55a012b05021cf1526c1150acd83ba32e202325101,0.9899999999999999,8.64,8.86,9.04,65.0,-8.9,956.1,0.7071067811865476,0.7071067811865476,0.3534446712740877,0.9354554315134164
validation_selection,2026-01-19T06:00:00+00:00,2026-01-19T00:00:00+00:00,2026-01-21T03:00:00+00:00,2026-01-21T08:00:00+05:00,48,45.0,3f1b3fb5db272527c39b498a6c7c81a049ba984a1ffd2678a4cbb329e45ae3bb,0.9899999999999999,8.58,8.8,8.99,67.0,-8.3,955.3,0.7071067811865476,0.7071067811865476,0.3534446712740877,0.9354554315134164
validation_selection,2026-01-20T06:00:00+00:00,2026-01-20T00:00:00+00:00,2026-01-21T04:00:00+00:00,2026-01-21T09:00:00+05:00,24,22.0,65b57d97d528f3470f368d55a012b05021cf1526c1150acd83ba32e202325101,0.9899999999999999,8.49,8.71,8.89,66.0,-6.8,956.1,0.8660254037844386,0.5000000000000001,0.3534446712740877,0.9354554315134164
validation_selection,2026-01-19T06:00:00+00:00,2026-01-19T00:00:00+00:00,2026-01-21T04:00:00+00:00,2026-01-21T09:00:00+05:00,48,46.0,3f1b3fb5db272527c39b498a6c7c81a049ba984a1ffd2678a4cbb329e45ae3bb,0.9899999999999999,8.85,9.08,9.27,65.0,-6.3,955.5,0.8660254037844386,0.5000000000000001,0.3534446712740877,0.9354554315134164
validation_selection,2026-01-20T06:00:00+00:00,2026-01-20T00:00:00+00:00,2026-01-21T05:00:00+00:00,2026-01-21T10:00:00+05:00,24,23.0,65b57d97d528f3470f368d55a012b05021cf1526c1150acd83ba32e202325101,0.9466666666666667,9.77,10.02,10.23,61.0,-5.2,955.8,0.9659258262890683,0.25881904510252074,0.3534446712740877,0.9354554315134164
validation_selection,2026-01-19T06:00:00+00:00,2026-01-19T00:00:00+00:00,2026-01-21T05:00:00+00:00,2026-01-21T10:00:00+05:00,48,47.0,3f1b3fb5db272527c39b498a6c7c81a049ba984a1ffd2678a4cbb329e45ae3bb,0.9466666666666667,9.16,9.4,9.6,61.0,-4.1,955.5,0.9659258262890683,0.25881904510252074,0.3534446712740877,0.9354554315134164
validation_selection,2026-01-20T06:00:00+00:00,2026-01-20T00:00:00+00:00,2026-01-21T06:00:00+00:00,2026-01-21T11:00:00+05:00,24,24.0,65b57d97d528f3470f368d55a012b05021cf1526c1150acd83ba32e202325101,0.9899999999999999,10.45,10.72,10.94,57.0,-3.5,954.8,1.0,6.123233995736766e-17,0.3534446712740877,0.9354554315134164
validation_selection,2026-01-19T06:00:00+00:00,2026-01-19T00:00:00+00:00,2026-01-21T06:00:00+00:00,2026-01-21T11:00:00+05:00,48,48.0,3f1b3fb5db272527c39b498a6c7c81a049ba984a1ffd2678a4cbb329e45ae3bb,0.9899999999999999,8.93,9.16,9.35,54.0,-2.2,954.7,1.0,6.123233995736766e-17,0.3534446712740877,0.9354554315134164
validation_selection,2026-01-20T06:00:00+00:00,2026-01-20T00:00:00+00:00,2026-01-21T07:00:00+00:00,2026-01-21T12:00:00+05:00,24,25.0,65b57d97d528f3470f368d55a012b05021cf1526c1150acd83ba32e202325101,0.9899999999999999,9.7,9.96,10.16,51.0,-1.9,953.8,0.9659258262890683,-0.25881904510252063,0.3534446712740877,0.9354554315134164
validation_selection,2026-01-19T06:00:00+00:00,2026-01-19T00:00:00+00:00,2026-01-21T07:00:00+00:00,2026-01-21T12:00:00+05:00,48,49.0,3f1b3fb5db272527c39b498a6c7c81a049ba984a1ffd2678a4cbb329e45ae3bb,0.9899999999999999,8.9,9.13,9.32,51.0,-0.9,953.6,0.9659258262890683,-0.25881904510252063,0.3534446712740877,0.9354554315134164
validation_selection,2026-01-20T06:00:00+00:00,2026-01-20T00:00:00+00:00,2026-01-21T08:00:00+00:00,2026-01-21T13:00:00+05:00,24,26.0,65b57d97d528f3470f368d55a012b05021cf1526c1150acd83ba32e202325101,0.9883333333333333,9.72,9.97,10.18,52.0,-1.2,952.4,0.8660254037844387,-0.4999999999999998,0.3534446712740877,0.9354554315134164
validation_selection,2026-01-19T06:00:00+00:00,2026-01-19T00:00:00+00:00,2026-01-21T08:00:00+00:00,2026-01-21T13:00:00+05:00,48,50.0,3f1b3fb5db272527c39b498a6c7c81a049ba984a1ffd2678a4cbb329e45ae3bb,0.9883333333333333,8.63,8.86,9.04,49.0,0.2,952.9,0.8660254037844387,-0.4999999999999998,0.3534446712740877,0.9354554315134164
validation_selection,2026-01-20T12:00:00+00:00,2026-01-20T06:00:00+00:00,2026-01-21T09:00:00+00:00,2026-01-21T14:00:00+05:00,24,21.0,84f82fea512431b66aa862f8130df691b818ff388e032448ce641590b5578287,0.9883333333333333,9.69,9.95,10.15,55.0,0.3,951.4,0.7071067811865476,-0.7071067811865475,0.3534446712740877,0.9354554315134164
validation_selection,2026-01-19T12:00:00+00:00,2026-01-19T06:00:00+00:00,2026-01-21T09:00:00+00:00,2026-01-21T14:00:00+05:00,48,45.0,1ba4e4debf1a43c7ac49d73065602adca5f0b01140fe16cfa78b6302e2616e36,0.9883333333333333,9.59,9.83,10.04,55.0,0.6,951.9,0.7071067811865476,-0.7071067811865475,0.3534446712740877,0.9354554315134164
validation_selection,2026-01-20T12:00:00+00:00,2026-01-20T06:00:00+00:00,2026-01-21T10:00:00+00:00,2026-01-21T15:00:00+05:00,24,22.0,84f82fea512431b66aa862f8130df691b818ff388e032448ce641590b5578287,0.9583333333333334,9.12,9.36,9.55,59.0,-0.1,951.1,0.49999999999999994,-0.8660254037844387,0.3534446712740877,0.9354554315134164
validation_selection,2026-01-19T12:00:00+00:00,2026-01-19T06:00:00+00:00,2026-01-21T10:00:00+00:00,2026-01-21T15:00:00+05:00,48,46.0,1ba4e4debf1a43c7ac49d73065602adca5f0b01140fe16cfa78b6302e2616e36,0.9583333333333334,9.27,9.51,9.71,57.0,0.2,951.3,0.49999999999999994,-0.8660254037844387,0.3534446712740877,0.9354554315134164
validation_selection,2026-01-20T12:00:00+00:00,2026-01-20T06:00:00+00:00,2026-01-21T11:00:00+00:00,2026-01-21T16:00:00+05:00,24,23.0,84f82fea512431b66aa862f8130df691b818ff388e032448ce641590b5578287,0.9883333333333333,8.12,8.33,8.5,61.0,-1.6,950.8,0.258819045102521,-0.9659258262890682,0.3534446712740877,0.9354554315134164
validation_selection,2026-01-19T12:00:00+00:00,2026-01-19T06:00:00+00:00,2026-01-21T11:00:00+00:00,2026-01-21T16:00:00+05:00,48,47.0,1ba4e4debf1a43c7ac49d73065602adca5f0b01140fe16cfa78b6302e2616e36,0.9883333333333333,8.42,8.64,8.82,61.0,-1.4,951.0,0.258819045102521,-0.9659258262890682,0.3534446712740877,0.9354554315134164
validation_selection,2026-01-20T12:00:00+00:00,2026-01-20T06:00:00+00:00,2026-01-21T12:00:00+00:00,2026-01-21T17:00:00+05:00,24,24.0,84f82fea512431b66aa862f8130df691b818ff388e032448ce641590b5578287,0.98,6.58,6.75,6.89,65.0,-4.5,949.9,1.2246467991473532e-16,-1.0,0.3534446712740877,0.9354554315134164
validation_selection,2026-01-19T12:00:00+00:00,2026-01-19T06:00:00+00:00,2026-01-21T12:00:00+00:00,2026-01-21T17:00:00+05:00,48,48.0,1ba4e4debf1a43c7ac49d73065602adca5f0b01140fe16cfa78b6302e2616e36,0.98,7.11,7.29,7.44,64.0,-3.8,950.1,1.2246467991473532e-16,-1.0,0.3534446712740877,0.9354554315134164
validation_selection,2026-01-20T12:00:00+00:00,2026-01-20T06:00:00+00:00,2026-01-21T13:00:00+00:00,2026-01-21T18:00:00+05:00,24,25.0,84f82fea512431b66aa862f8130df691b818ff388e032448ce641590b5578287,0.36166666666666664,5.81,5.96,6.08,71.0,-6.3,949.2,-0.2588190451025208,-0.9659258262890683,0.3534446712740877,0.9354554315134164
validation_selection,2026-01-19T12:00:00+00:00,2026-01-19T06:00:00+00:00,2026-01-21T13:00:00+00:00,2026-01-21T18:00:00+05:00,48,49.0,1ba4e4debf1a43c7ac49d73065602adca5f0b01140fe16cfa78b6302e2616e36,0.36166666666666664,6.73,6.9,7.04,67.0,-5.5,949.5,-0.2588190451025208,-0.9659258262890683,0.3534446712740877,0.9354554315134164
validation_selection,2026-01-20T12:00:00+00:00,2026-01-20T06:00:00+00:00,2026-01-21T14:00:00+00:00,2026-01-21T19:00:00+05:00,24,26.0,84f82fea512431b66aa862f8130df691b818ff388e032448ce641590b5578287,0.06,6.59,6.76,6.9,69.0,-6.4,948.1,-0.4999999999999997,-0.8660254037844388,0.3534446712740877,0.9354554315134164
validation_selection,2026-01-19T12:00:00+00:00,2026-01-19T06:00:00+00:00,2026-01-21T14:00:00+00:00,2026-01-21T19:00:00+05:00,48,50.0,1ba4e4debf1a43c7ac49d73065602adca5f0b01140fe16cfa78b6302e2616e36,0.06,6.83,7.01,7.15,66.0,-6.5,948.5,-0.4999999999999997,-0.8660254037844388,0.3534446712740877,0.9354554315134164
validation_selection,2026-01-20T18:00:00+00:00,2026-01-20T12:00:00+00:00,2026-01-21T15:00:00+00:00,2026-01-21T20:00:00+05:00,24,21.0,148ca718e5e0387d922e2c24e921e0f3a8816030006bf2f90ba1d93285cdc9b4,0.21666666666666667,7.68,7.87,8.04,65.0,-6.1,947.5,-0.7071067811865471,-0.7071067811865479,0.3534446712740877,0.9354554315134164
validation_selection,2026-01-19T18:00:00+00:00,2026-01-19T12:00:00+00:00,2026-01-21T15:00:00+00:00,2026-01-21T20:00:00+05:00,48,45.0,f9f9c55eb57e9a38abe1e677915ec6f789cb7b8b6a1ab48b27bfad534ad37a83,0.21666666666666667,8.7,8.93,9.11,65.0,-5.5,947.3,-0.7071067811865471,-0.7071067811865479,0.3534446712740877,0.9354554315134164
validation_selection,2026-01-20T18:00:00+00:00,2026-01-20T12:00:00+00:00,2026-01-21T16:00:00+00:00,2026-01-21T21:00:00+05:00,24,22.0,148ca718e5e0387d922e2c24e921e0f3a8816030006bf2f90ba1d93285cdc9b4,0.18666666666666668,8.22,8.43,8.6,64.0,-5.7,946.7,-0.8660254037844385,-0.5000000000000004,0.3534446712740877,0.9354554315134164
validation_selection,2026-01-19T18:00:00+00:00,2026-01-19T12:00:00+00:00,2026-01-21T16:00:00+00:00,2026-01-21T21:00:00+05:00,48,46.0,f9f9c55eb57e9a38abe1e677915ec6f789cb7b8b6a1ab48b27bfad534ad37a83,0.18666666666666668,9.0,9.24,9.43,68.0,-5.2,947.0,-0.8660254037844385,-0.5000000000000004,0.3534446712740877,0.9354554315134164
validation_selection,2026-01-20T18:00:00+00:00,2026-01-20T12:00:00+00:00,2026-01-21T17:00:00+00:00,2026-01-21T22:00:00+05:00,24,23.0,148ca718e5e0387d922e2c24e921e0f3a8816030006bf2f90ba1d93285cdc9b4,0.17833333333333334,8.2,8.41,8.59,68.0,-5.7,945.8,-0.9659258262890683,-0.25881904510252063,0.3534446712740877,0.9354554315134164
validation_selection,2026-01-19T18:00:00+00:00,2026-01-19T12:00:00+00:00,2026-01-21T17:00:00+00:00,2026-01-21T22:00:00+05:00,48,47.0,f9f9c55eb57e9a38abe1e677915ec6f789cb7b8b6a1ab48b27bfad534ad37a83,0.17833333333333334,7.71,7.91,8.07,73.0,-5.5,945.9,-0.9659258262890683,-0.25881904510252063,0.3534446712740877,0.9354554315134164
validation_selection,2026-01-20T18:00:00+00:00,2026-01-20T12:00:00+00:00,2026-01-21T18:00:00+00:00,2026-01-21T23:00:00+05:00,24,24.0,148ca718e5e0387d922e2c24e921e0f3a8816030006bf2f90ba1d93285cdc9b4,0.3283333333333333,8.08,8.29,8.46,67.0,-5.9,944.8,-1.0,-1.8369701987210297e-16,0.3534446712740877,0.9354554315134164
validation_selection,2026-01-19T18:00:00+00:00,2026-01-19T12:00:00+00:00,2026-01-21T18:00:00+00:00,2026-01-21T23:00:00+05:00,48,48.0,f9f9c55eb57e9a38abe1e677915ec6f789cb7b8b6a1ab48b27bfad534ad37a83,0.3283333333333333,8.04,8.25,8.42,67.0,-5.2,945.3,-1.0,-1.8369701987210297e-16,0.3534446712740877,0.9354554315134164
validation_selection,2026-01-20T18:00:00+00:00,2026-01-20T12:00:00+00:00,2026-01-21T19:00:00+00:00,2026-01-22T00:00:00+05:00,24,25.0,148ca718e5e0387d922e2c24e921e0f3a8816030006bf2f90ba1d93285cdc9b4,0.44,8.17,8.38,8.56,68.0,-5.5,945.0,-0.9659258262890684,0.2588190451025203,0.3534446712740877,0.9354554315134164
validation_selection,2026-01-19T18:00:00+00:00,2026-01-19T12:00:00+00:00,2026-01-21T19:00:00+00:00,2026-01-22T00:00:00+05:00,48,49.0,f9f9c55eb57e9a38abe1e677915ec6f789cb7b8b6a1ab48b27bfad534ad37a83,0.44,8.17,8.39,8.56,69.0,-5.4,944.9,-0.9659258262890684,0.2588190451025203,0.3534446712740877,0.9354554315134164
validation_selection,2026-01-20T18:00:00+00:00,2026-01-20T12:00:00+00:00,2026-01-21T20:00:00+00:00,2026-01-22T01:00:00+05:00,24,26.0,148ca718e5e0387d922e2c24e921e0f3a8816030006bf2f90ba1d93285cdc9b4,0.5483333333333333,7.02,7.21,7.35,75.0,-5.9,944.3,-0.8660254037844386,0.5000000000000001,0.3534446712740877,0.9354554315134164
validation_selection,2026-01-19T18:00:00+00:00,2026-01-19T12:00:00+00:00,2026-01-21T20:00:00+00:00,2026-01-22T01:00:00+05:00,48,50.0,f9f9c55eb57e9a38abe1e677915ec6f789cb7b8b6a1ab48b27bfad534ad37a83,0.5483333333333333,8.02,8.22,8.39,70.0,-5.5,944.4,-0.8660254037844386,0.5000000000000001,0.3534446712740877,0.9354554315134164
validation_selection,2026-01-21T00:00:00+00:00,2026-01-20T18:00:00+00:00,2026-01-21T21:00:00+00:00,2026-01-22T02:00:00+05:00,24,21.0,79748bf70d11487485b479c0bdbe3ceac35895600c7972e0e231e7f2a636424e,0.3983333333333334,6.82,6.99,7.14,67.0,-5.6,944.6,-0.7071067811865477,0.7071067811865474,0.3534446712740877,0.9354554315134164
validation_selection,2026-01-20T00:00:00+00:00,2026-01-19T18:00:00+00:00,2026-01-21T21:00:00+00:00,2026-01-22T02:00:00+05:00,48,45.0,75f52c20571c027b16784b86de26a04e8e6e1079df0905c8825a47660afa56fb,0.3983333333333334,6.85,7.02,7.17,70.0,-5.6,944.4,-0.7071067811865477,0.7071067811865474,0.3534446712740877,0.9354554315134164
validation_selection,2026-01-21T00:00:00+00:00,2026-01-20T18:00:00+00:00,2026-01-21T22:00:00+00:00,2026-01-22T03:00:00+05:00,24,22.0,79748bf70d11487485b479c0bdbe3ceac35895600c7972e0e231e7f2a636424e,0.4566666666666667,5.13,5.27,5.37,72.0,-6.4,944.9,-0.5000000000000004,0.8660254037844384,0.3534446712740877,0.9354554315134164
validation_selection,2026-01-20T00:00:00+00:00,2026-01-19T18:00:00+00:00,2026-01-21T22:00:00+00:00,2026-01-22T03:00:00+05:00,48,46.0,75f52c20571c027b16784b86de26a04e8e6e1079df0905c8825a47660afa56fb,0.4566666666666667,4.78,4.9,5.0,72.0,-6.0,944.8,-0.5000000000000004,0.8660254037844384,0.3534446712740877,0.9354554315134164
validation_selection,2026-01-21T00:00:00+00:00,2026-01-20T18:00:00+00:00,2026-01-21T23:00:00+00:00,2026-01-22T04:00:00+05:00,24,23.0,79748bf70d11487485b479c0bdbe3ceac35895600c7972e0e231e7f2a636424e,0.27499999999999997,2.4,2.46,2.51,63.0,-7.7,944.8,-0.25881904510252157,0.9659258262890681,0.3534446712740877,0.9354554315134164
validation_selection,2026-01-20T00:00:00+00:00,2026-01-19T18:00:00+00:00,2026-01-21T23:00:00+00:00,2026-01-22T04:00:00+05:00,48,47.0,75f52c20571c027b16784b86de26a04e8e6e1079df0905c8825a47660afa56fb,0.27499999999999997,1.27,1.3,1.33,92.0,-7.3,944.8,-0.25881904510252157,0.9659258262890681,0.3534446712740877,0.9354554315134164
validation_selection,2026-01-21T00:00:00+00:00,2026-01-20T18:00:00+00:00,2026-01-22T00:00:00+00:00,2026-01-22T05:00:00+05:00,24,24.0,79748bf70d11487485b479c0bdbe3ceac35895600c7972e0e231e7f2a636424e,0.43166666666666664,1.57,1.61,1.65,74.0,-8.3,944.4,0.0,1.0,0.3694836834473831,0.9292372181882051
validation_selection,2026-01-20T00:00:00+00:00,2026-01-19T18:00:00+00:00,2026-01-22T00:00:00+00:00,2026-01-22T05:00:00+05:00,48,48.0,75f52c20571c027b16784b86de26a04e8e6e1079df0905c8825a47660afa56fb,0.43166666666666664,1.29,1.32,1.35,79.0,-8.2,943.8,0.0,1.0,0.3694836834473831,0.9292372181882051
validation_selection,2026-01-21T00:00:00+00:00,2026-01-20T18:00:00+00:00,2026-01-22T01:00:00+00:00,2026-01-22T06:00:00+05:00,24,25.0,79748bf70d11487485b479c0bdbe3ceac35895600c7972e0e231e7f2a636424e,0.09499999999999999,1.51,1.55,1.58,358.0,-7.9,945.2,0.25881904510252074,0.9659258262890683,0.3694836834473831,0.9292372181882051
validation_selection,2026-01-20T00:00:00+00:00,2026-01-19T18:00:00+00:00,2026-01-22T01:00:00+00:00,2026-01-22T06:00:00+05:00,48,49.0,75f52c20571c027b16784b86de26a04e8e6e1079df0905c8825a47660afa56fb,0.09499999999999999,2.03,2.08,2.13,60.0,-7.5,944.2,0.25881904510252074,0.9659258262890683,0.3694836834473831,0.9292372181882051
validation_selection,2026-01-21T00:00:00+00:00,2026-01-20T18:00:00+00:00,2026-01-22T02:00:00+00:00,2026-01-22T07:00:00+05:00,24,26.0,79748bf70d11487485b479c0bdbe3ceac35895600c7972e0e231e7f2a636424e,0.03333333333333333,2.16,2.22,2.27,194.0,-8.0,945.2,0.49999999999999994,0.8660254037844387,0.3694836834473831,0.9292372181882051
validation_selection,2026-01-20T00:00:00+00:00,2026-01-19T18:00:00+00:00,2026-01-22T02:00:00+00:00,2026-01-22T07:00:00+05:00,48,50.0,75f52c20571c027b16784b86de26a04e8e6e1079df0905c8825a47660afa56fb,0.03333333333333333,3.68,3.77,3.85,58.0,-8.2,942.5,0.49999999999999994,0.8660254037844387,0.3694836834473831,0.9292372181882051
validation_selection,2026-01-21T06:00:00+00:00,2026-01-21T00:00:00+00:00,2026-01-22T03:00:00+00:00,2026-01-22T08:00:00+05:00,24,21.0,3a93e666d721cf54ee79ed778f79da72e1e9096235380dd6a89ab72387848e00,0.01,2.72,2.79,2.84,81.0,-7.2,943.9,0.7071067811865476,0.7071067811865476,0.3694836834473831,0.9292372181882051
validation_selection,2026-01-20T06:00:00+00:00,2026-01-20T00:00:00+00:00,2026-01-22T03:00:00+00:00,2026-01-22T08:00:00+05:00,48,45.0,65b57d97d528f3470f368d55a012b05021cf1526c1150acd83ba32e202325101,0.01,1.47,1.51,1.54,84.0,-7.5,943.8,0.7071067811865476,0.7071067811865476,0.3694836834473831,0.9292372181882051
validation_selection,2026-01-21T06:00:00+00:00,2026-01-21T00:00:00+00:00,2026-01-22T04:00:00+00:00,2026-01-22T09:00:00+05:00,24,22.0,3a93e666d721cf54ee79ed778f79da72e1e9096235380dd6a89ab72387848e00,0.03333333333333333,5.49,5.63,5.75,48.0,-5.1,943.8,0.8660254037844386,0.5000000000000001,0.3694836834473831,0.9292372181882051
validation_selection,2026-01-20T06:00:00+00:00,2026-01-20T00:00:00+00:00,2026-01-22T04:00:00+00:00,2026-01-22T09:00:00+05:00,48,46.0,65b57d97d528f3470f368d55a012b05021cf1526c1150acd83ba32e202325101,0.03333333333333333,6.0,6.16,6.29,48.0,-4.8,943.4,0.8660254037844386,0.5000000000000001,0.3694836834473831,0.9292372181882051
validation_selection,2026-01-21T06:00:00+00:00,2026-01-21T00:00:00+00:00,2026-01-22T05:00:00+00:00,2026-01-22T10:00:00+05:00,24,23.0,3a93e666d721cf54ee79ed778f79da72e1e9096235380dd6a89ab72387848e00,0.016666666666666666,4.8,4.92,5.03,55.0,-1.5,944.2,0.9659258262890683,0.25881904510252074,0.3694836834473831,0.9292372181882051
validation_selection,2026-01-20T06:00:00+00:00,2026-01-20T00:00:00+00:00,2026-01-22T05:00:00+00:00,2026-01-22T10:00:00+05:00,48,47.0,65b57d97d528f3470f368d55a012b05021cf1526c1150acd83ba32e202325101,0.016666666666666666,6.21,6.37,6.51,62.0,-1.7,943.4,0.9659258262890683,0.25881904510252074,0.3694836834473831,0.9292372181882051
validation_selection,2026-01-21T06:00:00+00:00,2026-01-21T00:00:00+00:00,2026-01-22T06:00:00+00:00,2026-01-22T11:00:00+05:00,24,24.0,3a93e666d721cf54ee79ed778f79da72e1e9096235380dd6a89ab72387848e00,0.011666666666666667,5.44,5.58,5.7,54.0,-0.5,943.2,1.0,6.123233995736766e-17,0.3694836834473831,0.9292372181882051
validation_selection,2026-01-20T06:00:00+00:00,2026-01-20T00:00:00+00:00,2026-01-22T06:00:00+00:00,2026-01-22T11:00:00+05:00,48,48.0,65b57d97d528f3470f368d55a012b05021cf1526c1150acd83ba32e202325101,0.011666666666666667,6.73,6.9,7.04,54.0,0.2,942.6,1.0,6.123233995736766e-17,0.3694836834473831,0.9292372181882051
validation_selection,2026-01-21T06:00:00+00:00,2026-01-21T00:00:00+00:00,2026-01-22T07:00:00+00:00,2026-01-22T12:00:00+05:00,24,25.0,3a93e666d721cf54ee79ed778f79da72e1e9096235380dd6a89ab72387848e00,0.01,5.75,5.9,6.02,36.0,0.7,942.9,0.9659258262890683,-0.25881904510252063,0.3694836834473831,0.9292372181882051
validation_selection,2026-01-20T06:00:00+00:00,2026-01-20T00:00:00+00:00,2026-01-22T07:00:00+00:00,2026-01-22T12:00:00+05:00,48,49.0,65b57d97d528f3470f368d55a012b05021cf1526c1150acd83ba32e202325101,0.01,4.47,4.59,4.68,16.0,0.8,943.3,0.9659258262890683,-0.25881904510252063,0.3694836834473831,0.9292372181882051
validation_selection,2026-01-21T06:00:00+00:00,2026-01-21T00:00:00+00:00,2026-01-22T08:00:00+00:00,2026-01-22T13:00:00+05:00,24,26.0,3a93e666d721cf54ee79ed778f79da72e1e9096235380dd6a89ab72387848e00,0.15666666666666665,1.92,1.97,2.01,336.0,0.3,943.0,0.8660254037844387,-0.4999999999999998,0.3694836834473831,0.9292372181882051
validation_selection,2026-01-20T06:00:00+00:00,2026-01-20T00:00:00+00:00,2026-01-22T08:00:00+00:00,2026-01-22T13:00:00+05:00,48,50.0,65b57d97d528f3470f368d55a012b05021cf1526c1150acd83ba32e202325101,0.15666666666666665,3.59,3.69,3.76,257.0,-0.4,943.8,0.8660254037844387,-0.4999999999999998,0.3694836834473831,0.9292372181882051
validation_selection,2026-01-21T12:00:00+00:00,2026-01-21T06:00:00+00:00,2026-01-22T09:00:00+00:00,2026-01-22T14:00:00+05:00,24,21.0,7721f95432e3b513042a1c94aafdb899be8a43ebe57e5653efff54f108996659,0.32,2.7,2.77,2.83,290.0,-0.5,943.3,0.7071067811865476,-0.7071067811865475,0.3694836834473831,0.9292372181882051
validation_selection,2026-01-20T12:00:00+00:00,2026-01-20T06:00:00+00:00,2026-01-22T09:00:00+00:00,2026-01-22T14:00:00+05:00,48,45.0,84f82fea512431b66aa862f8130df691b818ff388e032448ce641590b5578287,0.32,4.52,4.63,4.73,277.0,-0.6,944.2,0.7071067811865476,-0.7071067811865475,0.3694836834473831,0.9292372181882051
validation_selection,2026-01-21T12:00:00+00:00,2026-01-21T06:00:00+00:00,2026-01-22T10:00:00+00:00,2026-01-22T15:00:00+05:00,24,22.0,7721f95432e3b513042a1c94aafdb899be8a43ebe57e5653efff54f108996659,0.3016666666666667,5.58,5.72,5.84,265.0,-1.6,945.0,0.49999999999999994,-0.8660254037844387,0.3694836834473831,0.9292372181882051
validation_selection,2026-01-20T12:00:00+00:00,2026-01-20T06:00:00+00:00,2026-01-22T10:00:00+00:00,2026-01-22T15:00:00+05:00,48,46.0,84f82fea512431b66aa862f8130df691b818ff388e032448ce641590b5578287,0.3016666666666667,5.61,5.75,5.87,269.0,-1.3,945.6,0.49999999999999994,-0.8660254037844387,0.3694836834473831,0.9292372181882051
validation_selection,2026-01-21T12:00:00+00:00,2026-01-21T06:00:00+00:00,2026-01-22T11:00:00+00:00,2026-01-22T16:00:00+05:00,24,23.0,7721f95432e3b513042a1c94aafdb899be8a43ebe57e5653efff54f108996659,0.5083333333333333,4.56,4.68,4.77,241.0,-2.6,944.8,0.258819045102521,-0.9659258262890682,0.3694836834473831,0.9292372181882051
validation_selection,2026-01-20T12:00:00+00:00,2026-01-20T06:00:00+00:00,2026-01-22T11:00:00+00:00,2026-01-22T16:00:00+05:00,48,47.0,84f82fea512431b66aa862f8130df691b818ff388e032448ce641590b5578287,0.5083333333333333,5.37,5.51,5.62,234.0,-2.5,945.8,0.258819045102521,-0.9659258262890682,0.3694836834473831,0.9292372181882051
validation_selection,2026-01-21T12:00:00+00:00,2026-01-21T06:00:00+00:00,2026-01-22T12:00:00+00:00,2026-01-22T17:00:00+05:00,24,24.0,7721f95432e3b513042a1c94aafdb899be8a43ebe57e5653efff54f108996659,0.4716666666666667,6.97,7.16,7.3,237.0,-4.2,945.8,1.2246467991473532e-16,-1.0,0.3694836834473831,0.9292372181882051
validation_selection,2026-01-20T12:00:00+00:00,2026-01-20T06:00:00+00:00,2026-01-22T12:00:00+00:00,2026-01-22T17:00:00+05:00,48,48.0,84f82fea512431b66aa862f8130df691b818ff388e032448ce641590b5578287,0.4716666666666667,7.11,7.3,7.45,238.0,-4.5,946.5,1.2246467991473532e-16,-1.0,0.3694836834473831,0.9292372181882051
validation_selection,2026-01-21T12:00:00+00:00,2026-01-21T06:00:00+00:00,2026-01-22T13:00:00+00:00,2026-01-22T18:00:00+05:00,24,25.0,7721f95432e3b513042a1c94aafdb899be8a43ebe57e5653efff54f108996659,0.45166666666666666,7.97,8.18,8.35,236.0,-4.7,947.0,-0.2588190451025208,-0.9659258262890683,0.3694836834473831,0.9292372181882051
validation_selection,2026-01-20T12:00:00+00:00,2026-01-20T06:00:00+00:00,2026-01-22T13:00:00+00:00,2026-01-22T18:00:00+05:00,48,49.0,84f82fea512431b66aa862f8130df691b818ff388e032448ce641590b5578287,0.45166666666666666,7.14,7.33,7.48,234.0,-4.5,947.1,-0.2588190451025208,-0.9659258262890683,0.3694836834473831,0.9292372181882051
validation_selection,2026-01-21T12:00:00+00:00,2026-01-21T06:00:00+00:00,2026-01-22T14:00:00+00:00,2026-01-22T19:00:00+05:00,24,26.0,7721f95432e3b513042a1c94aafdb899be8a43ebe57e5653efff54f108996659,0.7066666666666667,7.3,7.49,7.65,235.0,-4.8,947.3,-0.4999999999999997,-0.8660254037844388,0.3694836834473831,0.9292372181882051
validation_selection,2026-01-20T12:00:00+00:00,2026-01-20T06:00:00+00:00,2026-01-22T14:00:00+00:00,2026-01-22T19:00:00+05:00,48,50.0,84f82fea512431b66aa862f8130df691b818ff388e032448ce641590b5578287,0.7066666666666667,7.49,7.68,7.84,240.0,-5.2,947.9,-0.4999999999999997,-0.8660254037844388,0.3694836834473831,0.9292372181882051
validation_selection,2026-01-21T18:00:00+00:00,2026-01-21T12:00:00+00:00,2026-01-22T15:00:00+00:00,2026-01-22T20:00:00+05:00,24,21.0,ae5f59412e9838b19873f580da3c5d3f59359db0a701ee2ec6e5bd57c7dfecaa,0.7583333333333333,9.05,9.28,9.47,244.0,-5.7,948.5,-0.7071067811865471,-0.7071067811865479,0.3694836834473831,0.9292372181882051
validation_selection,2026-01-20T18:00:00+00:00,2026-01-20T12:00:00+00:00,2026-01-22T15:00:00+00:00,2026-01-22T20:00:00+05:00,48,45.0,148ca718e5e0387d922e2c24e921e0f3a8816030006bf2f90ba1d93285cdc9b4,0.7583333333333333,7.05,7.23,7.38,246.0,-5.8,948.4,-0.7071067811865471,-0.7071067811865479,0.3694836834473831,0.9292372181882051
validation_selection,2026-01-21T18:00:00+00:00,2026-01-21T12:00:00+00:00,2026-01-22T16:00:00+00:00,2026-01-22T21:00:00+05:00,24,22.0,ae5f59412e9838b19873f580da3c5d3f59359db0a701ee2ec6e5bd57c7dfecaa,0.6983333333333333,9.52,9.77,9.97,238.0,-6.5,949.7,-0.8660254037844385,-0.5000000000000004,0.3694836834473831,0.9292372181882051
validation_selection,2026-01-20T18:00:00+00:00,2026-01-20T12:00:00+00:00,2026-01-22T16:00:00+00:00,2026-01-22T21:00:00+05:00,48,46.0,148ca718e5e0387d922e2c24e921e0f3a8816030006bf2f90ba1d93285cdc9b4,0.6983333333333333,9.75,10.01,10.21,239.0,-6.8,949.9,-0.8660254037844385,-0.5000000000000004,0.3694836834473831,0.9292372181882051
validation_selection,2026-01-21T18:00:00+00:00,2026-01-21T12:00:00+00:00,2026-01-22T17:00:00+00:00,2026-01-22T22:00:00+05:00,24,23.0,ae5f59412e9838b19873f580da3c5d3f59359db0a701ee2ec6e5bd57c7dfecaa,0.9700000000000001,8.86,9.09,9.28,247.0,-6.9,950.3,-0.9659258262890683,-0.25881904510252063,0.3694836834473831,0.9292372181882051
validation_selection,2026-01-20T18:00:00+00:00,2026-01-20T12:00:00+00:00,2026-01-22T17:00:00+00:00,2026-01-22T22:00:00+05:00,48,47.0,148ca718e5e0387d922e2c24e921e0f3a8816030006bf2f90ba1d93285cdc9b4,0.9700000000000001,8.22,8.43,8.61,244.0,-6.5,950.0,-0.9659258262890683,-0.25881904510252063,0.3694836834473831,0.9292372181882051
validation_selection,2026-01-21T18:00:00+00:00,2026-01-21T12:00:00+00:00,2026-01-22T18:00:00+00:00,2026-01-22T23:00:00+05:00,24,24.0,ae5f59412e9838b19873f580da3c5d3f59359db0a701ee2ec6e5bd57c7dfecaa,0.9883333333333333,9.27,9.51,9.71,246.0,-8.1,951.5,-1.0,-1.8369701987210297e-16,0.3694836834473831,0.9292372181882051
validation_selection,2026-01-20T18:00:00+00:00,2026-01-20T12:00:00+00:00,2026-01-22T18:00:00+00:00,2026-01-22T23:00:00+05:00,48,48.0,148ca718e5e0387d922e2c24e921e0f3a8816030006bf2f90ba1d93285cdc9b4,0.9883333333333333,9.55,9.79,10.0,240.0,-6.5,951.0,-1.0,-1.8369701987210297e-16,0.3694836834473831,0.9292372181882051
validation_selection,2026-01-21T18:00:00+00:00,2026-01-21T12:00:00+00:00,2026-01-22T19:00:00+00:00,2026-01-23T00:00:00+05:00,24,25.0,ae5f59412e9838b19873f580da3c5d3f59359db0a701ee2ec6e5bd57c7dfecaa,0.9899999999999999,8.78,9.01,9.2,244.0,-8.4,952.3,-0.9659258262890684,0.2588190451025203,0.3694836834473831,0.9292372181882051
validation_selection,2026-01-20T18:00:00+00:00,2026-01-20T12:00:00+00:00,2026-01-22T19:00:00+00:00,2026-01-23T00:00:00+05:00,48,49.0,148ca718e5e0387d922e2c24e921e0f3a8816030006bf2f90ba1d93285cdc9b4,0.9899999999999999,8.14,8.35,8.52,246.0,-6.1,951.5,-0.9659258262890684,0.2588190451025203,0.3694836834473831,0.9292372181882051
validation_selection,2026-01-21T18:00:00+00:00,2026-01-21T12:00:00+00:00,2026-01-22T20:00:00+00:00,2026-01-23T01:00:00+05:00,24,26.0,ae5f59412e9838b19873f580da3c5d3f59359db0a701ee2ec6e5bd57c7dfecaa,0.9899999999999999,7.53,7.73,7.89,240.0,-7.3,952.7,-0.8660254037844386,0.5000000000000001,0.3694836834473831,0.9292372181882051
validation_selection,2026-01-20T18:00:00+00:00,2026-01-20T12:00:00+00:00,2026-01-22T20:00:00+00:00,2026-01-23T01:00:00+05:00,48,50.0,148ca718e5e0387d922e2c24e921e0f3a8816030006bf2f90ba1d93285cdc9b4,0.9899999999999999,8.8,9.03,9.21,247.0,-5.6,952.5,-0.8660254037844386,0.5000000000000001,0.3694836834473831,0.9292372181882051
validation_selection,2026-01-22T00:00:00+00:00,2026-01-21T18:00:00+00:00,2026-01-22T21:00:00+00:00,2026-01-23T02:00:00+05:00,24,21.0,61e2b17b2723b859a069c35ed6d4b400b757f32f3814d494479b1f032a884ea1,0.985,8.92,9.15,9.34,239.0,-7.8,952.6,-0.7071067811865477,0.7071067811865474,0.3694836834473831,0.9292372181882051
validation_selection,2026-01-21T00:00:00+00:00,2026-01-20T18:00:00+00:00,2026-01-22T21:00:00+00:00,2026-01-23T02:00:00+05:00,48,45.0,79748bf70d11487485b479c0bdbe3ceac35895600c7972e0e231e7f2a636424e,0.985,8.05,8.26,8.43,246.0,-5.9,952.4,-0.7071067811865477,0.7071067811865474,0.3694836834473831,0.9292372181882051
validation_selection,2026-01-22T00:00:00+00:00,2026-01-21T18:00:00+00:00,2026-01-22T22:00:00+00:00,2026-01-23T03:00:00+05:00,24,22.0,61e2b17b2723b859a069c35ed6d4b400b757f32f3814d494479b1f032a884ea1,0.8333333333333334,7.83,8.04,8.2,250.0,-6.6,952.8,-0.5000000000000004,0.8660254037844384,0.3694836834473831,0.9292372181882051
validation_selection,2026-01-21T00:00:00+00:00,2026-01-20T18:00:00+00:00,2026-01-22T22:00:00+00:00,2026-01-23T03:00:00+05:00,48,46.0,79748bf70d11487485b479c0bdbe3ceac35895600c7972e0e231e7f2a636424e,0.8333333333333334,7.71,7.91,8.08,249.0,-5.5,952.9,-0.5000000000000004,0.8660254037844384,0.3694836834473831,0.9292372181882051
validation_selection,2026-01-22T00:00:00+00:00,2026-01-21T18:00:00+00:00,2026-01-22T23:00:00+00:00,2026-01-23T04:00:00+05:00,24,23.0,61e2b17b2723b859a069c35ed6d4b400b757f32f3814d494479b1f032a884ea1,0.4566666666666667,8.46,8.68,8.86,243.0,-6.3,953.8,-0.25881904510252157,0.9659258262890681,0.3694836834473831,0.9292372181882051
validation_selection,2026-01-21T00:00:00+00:00,2026-01-20T18:00:00+00:00,2026-01-22T23:00:00+00:00,2026-01-23T04:00:00+05:00,48,47.0,79748bf70d11487485b479c0bdbe3ceac35895600c7972e0e231e7f2a636424e,0.4566666666666667,6.86,7.03,7.18,257.0,-5.3,953.3,-0.25881904510252157,0.9659258262890681,0.3694836834473831,0.9292372181882051
validation_selection,2026-01-22T00:00:00+00:00,2026-01-21T18:00:00+00:00,2026-01-23T00:00:00+00:00,2026-01-23T05:00:00+05:00,24,24.0,61e2b17b2723b859a069c35ed6d4b400b757f32f3814d494479b1f032a884ea1,0.42333333333333334,7.48,7.67,7.83,250.0,-6.0,954.3,0.0,1.0,0.38541335945432564,0.9227440286201427
validation_selection,2026-01-21T00:00:00+00:00,2026-01-20T18:00:00+00:00,2026-01-23T00:00:00+00:00,2026-01-23T05:00:00+05:00,48,48.0,79748bf70d11487485b479c0bdbe3ceac35895600c7972e0e231e7f2a636424e,0.42333333333333334,6.19,6.35,6.48,254.0,-5.2,954.3,0.0,1.0,0.38541335945432564,0.9227440286201427
validation_selection,2026-01-22T00:00:00+00:00,2026-01-21T18:00:00+00:00,2026-01-23T01:00:00+00:00,2026-01-23T06:00:00+05:00,24,25.0,61e2b17b2723b859a069c35ed6d4b400b757f32f3814d494479b1f032a884ea1,0.4566666666666667,7.1,7.29,7.44,251.0,-5.8,954.6,0.25881904510252074,0.9659258262890683,0.38541335945432564,0.9227440286201427
validation_selection,2026-01-21T00:00:00+00:00,2026-01-20T18:00:00+00:00,2026-01-23T01:00:00+00:00,2026-01-23T06:00:00+05:00,48,49.0,79748bf70d11487485b479c0bdbe3ceac35895600c7972e0e231e7f2a636424e,0.4566666666666667,5.86,6.01,6.13,252.0,-4.8,955.0,0.25881904510252074,0.9659258262890683,0.38541335945432564,0.9227440286201427
validation_selection,2026-01-22T00:00:00+00:00,2026-01-21T18:00:00+00:00,2026-01-23T02:00:00+00:00,2026-01-23T07:00:00+05:00,24,26.0,61e2b17b2723b859a069c35ed6d4b400b757f32f3814d494479b1f032a884ea1,0.3,6.55,6.72,6.86,252.0,-5.7,955.6,0.49999999999999994,0.8660254037844387,0.38541335945432564,0.9227440286201427
validation_selection,2026-01-21T00:00:00+00:00,2026-01-20T18:00:00+00:00,2026-01-23T02:00:00+00:00,2026-01-23T07:00:00+05:00,48,50.0,79748bf70d11487485b479c0bdbe3ceac35895600c7972e0e231e7f2a636424e,0.3,5.09,5.23,5.34,248.0,-4.8,954.9,0.49999999999999994,0.8660254037844387,0.38541335945432564,0.9227440286201427
validation_selection,2026-01-22T06:00:00+00:00,2026-01-22T00:00:00+00:00,2026-01-23T03:00:00+00:00,2026-01-23T08:00:00+05:00,24,21.0,a10bc2e267073a8aba9142143a01e8e4d761835500e032e0d9fa0a82eed18417,0.7200000000000001,6.22,6.38,6.51,255.0,-5.4,955.9,0.7071067811865476,0.7071067811865476,0.38541335945432564,0.9227440286201427
validation_selection,2026-01-21T06:00:00+00:00,2026-01-21T00:00:00+00:00,2026-01-23T03:00:00+00:00,2026-01-23T08:00:00+05:00,48,45.0,3a93e666d721cf54ee79ed778f79da72e1e9096235380dd6a89ab72387848e00,0.7200000000000001,6.02,6.17,6.3,249.0,-5.4,956.3,0.7071067811865476,0.7071067811865476,0.38541335945432564,0.9227440286201427
validation_selection,2026-01-22T06:00:00+00:00,2026-01-22T00:00:00+00:00,2026-01-23T04:00:00+00:00,2026-01-23T09:00:00+05:00,24,22.0,a10bc2e267073a8aba9142143a01e8e4d761835500e032e0d9fa0a82eed18417,0.8333333333333334,5.54,5.69,5.8,246.0,-4.9,957.1,0.8660254037844386,0.5000000000000001,0.38541335945432564,0.9227440286201427
validation_selection,2026-01-21T06:00:00+00:00,2026-01-21T00:00:00+00:00,2026-01-23T04:00:00+00:00,2026-01-23T09:00:00+05:00,48,46.0,3a93e666d721cf54ee79ed778f79da72e1e9096235380dd6a89ab72387848e00,0.8333333333333334,4.57,4.69,4.79,256.0,-4.4,956.9,0.8660254037844386,0.5000000000000001,0.38541335945432564,0.9227440286201427
validation_selection,2026-01-22T06:00:00+00:00,2026-01-22T00:00:00+00:00,2026-01-23T05:00:00+00:00,2026-01-23T10:00:00+05:00,24,23.0,a10bc2e267073a8aba9142143a01e8e4d761835500e032e0d9fa0a82eed18417,0.9049999999999999,4.92,5.04,5.15,252.0,-3.9,957.4,0.9659258262890683,0.25881904510252074,0.38541335945432564,0.9227440286201427
validation_selection,2026-01-21T06:00:00+00:00,2026-01-21T00:00:00+00:00,2026-01-23T05:00:00+00:00,2026-01-23T10:00:00+05:00,48,47.0,3a93e666d721cf54ee79ed778f79da72e1e9096235380dd6a89ab72387848e00,0.9049999999999999,2.99,3.06,3.13,244.0,-3.9,957.3,0.9659258262890683,0.25881904510252074,0.38541335945432564,0.9227440286201427
validation_selection,2026-01-22T06:00:00+00:00,2026-01-22T00:00:00+00:00,2026-01-23T06:00:00+00:00,2026-01-23T11:00:00+05:00,24,24.0,a10bc2e267073a8aba9142143a01e8e4d761835500e032e0d9fa0a82eed18417,0.5033333333333333,4.24,4.35,4.44,261.0,-3.2,957.5,1.0,6.123233995736766e-17,0.38541335945432564,0.9227440286201427
validation_selection,2026-01-21T06:00:00+00:00,2026-01-21T00:00:00+00:00,2026-01-23T06:00:00+00:00,2026-01-23T11:00:00+05:00,48,48.0,3a93e666d721cf54ee79ed778f79da72e1e9096235380dd6a89ab72387848e00,0.5033333333333333,2.4,2.46,2.51,204.0,-3.2,957.1,1.0,6.123233995736766e-17,0.38541335945432564,0.9227440286201427
validation_selection,2026-01-22T06:00:00+00:00,2026-01-22T00:00:00+00:00,2026-01-23T07:00:00+00:00,2026-01-23T12:00:00+05:00,24,25.0,a10bc2e267073a8aba9142143a01e8e4d761835500e032e0d9fa0a82eed18417,0.23333333333333336,3.78,3.87,3.95,250.0,-2.4,956.6,0.9659258262890683,-0.25881904510252063,0.38541335945432564,0.9227440286201427
validation_selection,2026-01-21T06:00:00+00:00,2026-01-21T00:00:00+00:00,2026-01-23T07:00:00+00:00,2026-01-23T12:00:00+05:00,48,49.0,3a93e666d721cf54ee79ed778f79da72e1e9096235380dd6a89ab72387848e00,0.23333333333333336,2.32,2.38,2.43,202.0,-2.7,956.5,0.9659258262890683,-0.25881904510252063,0.38541335945432564,0.9227440286201427
validation_selection,2026-01-22T06:00:00+00:00,2026-01-22T00:00:00+00:00,2026-01-23T08:00:00+00:00,2026-01-23T13:00:00+05:00,24,26.0,a10bc2e267073a8aba9142143a01e8e4d761835500e032e0d9fa0a82eed18417,0.125,3.81,3.91,3.99,238.0,-1.8,956.6,0.8660254037844387,-0.4999999999999998,0.38541335945432564,0.9227440286201427
validation_selection,2026-01-21T06:00:00+00:00,2026-01-21T00:00:00+00:00,2026-01-23T08:00:00+00:00,2026-01-23T13:00:00+05:00,48,50.0,3a93e666d721cf54ee79ed778f79da72e1e9096235380dd6a89ab72387848e00,0.125,3.0,3.08,3.14,226.0,-2.5,956.2,0.8660254037844387,-0.4999999999999998,0.38541335945432564,0.9227440286201427
validation_selection,2026-01-22T12:00:00+00:00,2026-01-22T06:00:00+00:00,2026-01-23T09:00:00+00:00,2026-01-23T14:00:00+05:00,24,21.0,4c2806db7ae79ed702d54e55a750cddb561acb0f321dad610ac423054b4da5ab,0.17166666666666666,3.8,3.89,3.98,241.0,-1.7,956.8,0.7071067811865476,-0.7071067811865475,0.38541335945432564,0.9227440286201427
validation_selection,2026-01-21T12:00:00+00:00,2026-01-21T06:00:00+00:00,2026-01-23T09:00:00+00:00,2026-01-23T14:00:00+05:00,48,45.0,7721f95432e3b513042a1c94aafdb899be8a43ebe57e5653efff54f108996659,0.17166666666666666,3.15,3.23,3.3,238.0,-2.4,956.3,0.7071067811865476,-0.7071067811865475,0.38541335945432564,0.9227440286201427
validation_selection,2026-01-22T12:00:00+00:00,2026-01-22T06:00:00+00:00,2026-01-23T10:00:00+00:00,2026-01-23T15:00:00+05:00,24,22.0,4c2806db7ae79ed702d54e55a750cddb561acb0f321dad610ac423054b4da5ab,0.3016666666666667,3.35,3.43,3.51,228.0,-1.8,957.2,0.49999999999999994,-0.8660254037844387,0.38541335945432564,0.9227440286201427
validation_selection,2026-01-21T12:00:00+00:00,2026-01-21T06:00:00+00:00,2026-01-23T10:00:00+00:00,2026-01-23T15:00:00+05:00,48,46.0,7721f95432e3b513042a1c94aafdb899be8a43ebe57e5653efff54f108996659,0.3016666666666667,2.48,2.55,2.6,222.0,-2.5,956.4,0.49999999999999994,-0.8660254037844387,0.38541335945432564,0.9227440286201427
validation_selection,2026-01-22T12:00:00+00:00,2026-01-22T06:00:00+00:00,2026-01-23T11:00:00+00:00,2026-01-23T16:00:00+05:00,24,23.0,4c2806db7ae79ed702d54e55a750cddb561acb0f321dad610ac423054b4da5ab,0.65,2.34,2.41,2.45,223.0,-2.8,957.4,0.258819045102521,-0.9659258262890682,0.38541335945432564,0.9227440286201427
validation_selection,2026-01-21T12:00:00+00:00,2026-01-21T06:00:00+00:00,2026-01-23T11:00:00+00:00,2026-01-23T16:00:00+05:00,48,47.0,7721f95432e3b513042a1c94aafdb899be8a43ebe57e5653efff54f108996659,0.65,3.42,3.51,3.58,237.0,-2.7,956.9,0.258819045102521,-0.9659258262890682,0.38541335945432564,0.9227440286201427
validation_selection,2026-01-22T12:00:00+00:00,2026-01-22T06:00:00+00:00,2026-01-23T12:00:00+00:00,2026-01-23T17:00:00+05:00,24,24.0,4c2806db7ae79ed702d54e55a750cddb561acb0f321dad610ac423054b4da5ab,0.5233333333333333,4.66,4.78,4.88,217.0,-3.9,958.0,1.2246467991473532e-16,-1.0,0.38541335945432564,0.9227440286201427
validation_selection,2026-01-21T12:00:00+00:00,2026-01-21T06:00:00+00:00,2026-01-23T12:00:00+00:00,2026-01-23T17:00:00+05:00,48,48.0,7721f95432e3b513042a1c94aafdb899be8a43ebe57e5653efff54f108996659,0.5233333333333333,4.04,4.14,4.23,250.0,-3.6,957.4,1.2246467991473532e-16,-1.0,0.38541335945432564,0.9227440286201427
validation_selection,2026-01-22T12:00:00+00:00,2026-01-22T06:00:00+00:00,2026-01-23T13:00:00+00:00,2026-01-23T18:00:00+05:00,24,25.0,4c2806db7ae79ed702d54e55a750cddb561acb0f321dad610ac423054b4da5ab,0.36333333333333334,5.34,5.48,5.6,232.0,-4.2,959.0,-0.2588190451025208,-0.9659258262890683,0.38541335945432564,0.9227440286201427
validation_selection,2026-01-21T12:00:00+00:00,2026-01-21T06:00:00+00:00,2026-01-23T13:00:00+00:00,2026-01-23T18:00:00+05:00,48,49.0,7721f95432e3b513042a1c94aafdb899be8a43ebe57e5653efff54f108996659,0.36333333333333334,5.02,5.15,5.26,252.0,-3.9,958.0,-0.2588190451025208,-0.9659258262890683,0.38541335945432564,0.9227440286201427
validation_selection,2026-01-22T12:00:00+00:00,2026-01-22T06:00:00+00:00,2026-01-23T14:00:00+00:00,2026-01-23T19:00:00+05:00,24,26.0,4c2806db7ae79ed702d54e55a750cddb561acb0f321dad610ac423054b4da5ab,0.15166666666666667,6.49,6.66,6.79,251.0,-4.0,959.5,-0.4999999999999997,-0.8660254037844388,0.38541335945432564,0.9227440286201427
validation_selection,2026-01-21T12:00:00+00:00,2026-01-21T06:00:00+00:00,2026-01-23T14:00:00+00:00,2026-01-23T19:00:00+05:00,48,50.0,7721f95432e3b513042a1c94aafdb899be8a43ebe57e5653efff54f108996659,0.15166666666666667,6.75,6.92,7.07,255.0,-3.9,958.4,-0.4999999999999997,-0.8660254037844388,0.38541335945432564,0.9227440286201427
validation_selection,2026-01-22T18:00:00+00:00,2026-01-22T12:00:00+00:00,2026-01-23T15:00:00+00:00,2026-01-23T20:00:00+05:00,24,21.0,dbed248c9fefc196d076a948db98b848dd60184dfa34b440b3ef34f23c7762a4,0.07333333333333333,6.08,6.23,6.36,256.0,-4.7,959.9,-0.7071067811865471,-0.7071067811865479,0.38541335945432564,0.9227440286201427
validation_selection,2026-01-21T18:00:00+00:00,2026-01-21T12:00:00+00:00,2026-01-23T15:00:00+00:00,2026-01-23T20:00:00+05:00,48,45.0,ae5f59412e9838b19873f580da3c5d3f59359db0a701ee2ec6e5bd57c7dfecaa,0.07333333333333333,6.45,6.62,6.76,262.0,-4.7,959.2,-0.7071067811865471,-0.7071067811865479,0.38541335945432564,0.9227440286201427
validation_selection,2026-01-22T18:00:00+00:00,2026-01-22T12:00:00+00:00,2026-01-23T16:00:00+00:00,2026-01-23T21:00:00+05:00,24,22.0,dbed248c9fefc196d076a948db98b848dd60184dfa34b440b3ef34f23c7762a4,0.023333333333333334,5.8,5.96,6.08,246.0,-5.1,960.2,-0.8660254037844385,-0.5000000000000004,0.38541335945432564,0.9227440286201427
validation_selection,2026-01-21T18:00:00+00:00,2026-01-21T12:00:00+00:00,2026-01-23T16:00:00+00:00,2026-01-23T21:00:00+05:00,48,46.0,ae5f59412e9838b19873f580da3c5d3f59359db0a701ee2ec6e5bd57c7dfecaa,0.023333333333333334,6.27,6.43,6.56,255.0,-5.5,958.9,-0.8660254037844385,-0.5000000000000004,0.38541335945432564,0.9227440286201427
validation_selection,2026-01-22T18:00:00+00:00,2026-01-22T12:00:00+00:00,2026-01-23T17:00:00+00:00,2026-01-23T22:00:00+05:00,24,23.0,dbed248c9fefc196d076a948db98b848dd60184dfa34b440b3ef34f23c7762a4,0.03833333333333334,5.4,5.54,5.65,233.0,-5.7,960.3,-0.9659258262890683,-0.25881904510252063,0.38541335945432564,0.9227440286201427
validation_selection,2026-01-21T18:00:00+00:00,2026-01-21T12:00:00+00:00,2026-01-23T17:00:00+00:00,2026-01-23T22:00:00+05:00,48,47.0,ae5f59412e9838b19873f580da3c5d3f59359db0a701ee2ec6e5bd57c7dfecaa,0.03833333333333334,6.53,6.7,6.84,234.0,-6.0,959.3,-0.9659258262890683,-0.25881904510252063,0.38541335945432564,0.9227440286201427
validation_selection,2026-01-22T18:00:00+00:00,2026-01-22T12:00:00+00:00,2026-01-23T18:00:00+00:00,2026-01-23T23:00:00+05:00,24,24.0,dbed248c9fefc196d076a948db98b848dd60184dfa34b440b3ef34f23c7762a4,0.01,5.22,5.36,5.47,230.0,-6.3,959.8,-1.0,-1.8369701987210297e-16,0.38541335945432564,0.9227440286201427
validation_selection,2026-01-21T18:00:00+00:00,2026-01-21T12:00:00+00:00,2026-01-23T18:00:00+00:00,2026-01-23T23:00:00+05:00,48,48.0,ae5f59412e9838b19873f580da3c5d3f59359db0a701ee2ec6e5bd57c7dfecaa,0.01,6.31,6.48,6.61,222.0,-6.4,960.1,-1.0,-1.8369701987210297e-16,0.38541335945432564,0.9227440286201427
validation_selection,2026-01-22T18:00:00+00:00,2026-01-22T12:00:00+00:00,2026-01-23T19:00:00+00:00,2026-01-24T00:00:00+05:00,24,25.0,dbed248c9fefc196d076a948db98b848dd60184dfa34b440b3ef34f23c7762a4,0.01,4.81,4.94,5.04,212.0,-6.5,959.8,-0.9659258262890684,0.2588190451025203,0.38541335945432564,0.9227440286201427
validation_selection,2026-01-21T18:00:00+00:00,2026-01-21T12:00:00+00:00,2026-01-23T19:00:00+00:00,2026-01-24T00:00:00+05:00,48,49.0,ae5f59412e9838b19873f580da3c5d3f59359db0a701ee2ec6e5bd57c7dfecaa,0.01,5.48,5.63,5.74,240.0,-6.1,960.0,-0.9659258262890684,0.2588190451025203,0.38541335945432564,0.9227440286201427
validation_selection,2026-01-22T18:00:00+00:00,2026-01-22T12:00:00+00:00,2026-01-23T20:00:00+00:00,2026-01-24T01:00:00+05:00,24,26.0,dbed248c9fefc196d076a948db98b848dd60184dfa34b440b3ef34f23c7762a4,0.01,4.05,4.16,4.24,198.0,-7.4,959.4,-0.8660254037844386,0.5000000000000001,0.38541335945432564,0.9227440286201427
validation_selection,2026-01-21T18:00:00+00:00,2026-01-21T12:00:00+00:00,2026-01-23T20:00:00+00:00,2026-01-24T01:00:00+05:00,48,50.0,ae5f59412e9838b19873f580da3c5d3f59359db0a701ee2ec6e5bd57c7dfecaa,0.01,5.58,5.72,5.84,234.0,-6.4,959.7,-0.8660254037844386,0.5000000000000001,0.38541335945432564,0.9227440286201427
validation_selection,2026-01-23T00:00:00+00:00,2026-01-22T18:00:00+00:00,2026-01-23T21:00:00+00:00,2026-01-24T02:00:00+05:00,24,21.0,61d34849113718c18964044e2f26d6abd1d39f412d347b94f129a38c051578c7,0.01,1.19,1.22,1.24,199.0,-8.9,958.9,-0.7071067811865477,0.7071067811865474,0.38541335945432564,0.9227440286201427
validation_selection,2026-01-22T00:00:00+00:00,2026-01-21T18:00:00+00:00,2026-01-23T21:00:00+00:00,2026-01-24T02:00:00+05:00,48,45.0,61e2b17b2723b859a069c35ed6d4b400b757f32f3814d494479b1f032a884ea1,0.01,4.46,4.57,4.67,210.0,-6.6,959.9,-0.7071067811865477,0.7071067811865474,0.38541335945432564,0.9227440286201427
validation_selection,2026-01-23T00:00:00+00:00,2026-01-22T18:00:00+00:00,2026-01-23T22:00:00+00:00,2026-01-24T03:00:00+05:00,24,22.0,61d34849113718c18964044e2f26d6abd1d39f412d347b94f129a38c051578c7,0.01,0.44,0.45,0.46,84.0,-9.2,958.5,-0.5000000000000004,0.8660254037844384,0.38541335945432564,0.9227440286201427
validation_selection,2026-01-22T00:00:00+00:00,2026-01-21T18:00:00+00:00,2026-01-23T22:00:00+00:00,2026-01-24T03:00:00+05:00,48,46.0,61e2b17b2723b859a069c35ed6d4b400b757f32f3814d494479b1f032a884ea1,0.01,3.76,3.86,3.94,193.0,-7.5,959.3,-0.5000000000000004,0.8660254037844384,0.38541335945432564,0.9227440286201427
validation_selection,2026-01-23T00:00:00+00:00,2026-01-22T18:00:00+00:00,2026-01-23T23:00:00+00:00,2026-01-24T04:00:00+05:00,24,23.0,61d34849113718c18964044e2f26d6abd1d39f412d347b94f129a38c051578c7,0.01,3.02,3.1,3.16,90.0,-9.7,958.7,-0.25881904510252157,0.9659258262890681,0.38541335945432564,0.9227440286201427
validation_selection,2026-01-22T00:00:00+00:00,2026-01-21T18:00:00+00:00,2026-01-23T23:00:00+00:00,2026-01-24T04:00:00+05:00,48,47.0,61e2b17b2723b859a069c35ed6d4b400b757f32f3814d494479b1f032a884ea1,0.01,2.97,3.04,3.11,166.0,-8.7,958.6,-0.25881904510252157,0.9659258262890681,0.38541335945432564,0.9227440286201427
validation_selection,2026-01-23T00:00:00+00:00,2026-01-22T18:00:00+00:00,2026-01-24T00:00:00+00:00,2026-01-24T05:00:00+05:00,24,24.0,61d34849113718c18964044e2f26d6abd1d39f412d347b94f129a38c051578c7,0.01,4.73,4.85,4.95,76.0,-9.9,959.1,0.0,1.0,0.4012289854475009,0.9159777842484877
validation_selection,2026-01-22T00:00:00+00:00,2026-01-21T18:00:00+00:00,2026-01-24T00:00:00+00:00,2026-01-24T05:00:00+05:00,48,48.0,61e2b17b2723b859a069c35ed6d4b400b757f32f3814d494479b1f032a884ea1,0.01,1.9,1.95,1.99,132.0,-9.9,958.3,0.0,1.0,0.4012289854475009,0.9159777842484877
validation_selection,2026-01-23T00:00:00+00:00,2026-01-22T18:00:00+00:00,2026-01-24T01:00:00+00:00,2026-01-24T06:00:00+05:00,24,25.0,61d34849113718c18964044e2f26d6abd1d39f412d347b94f129a38c051578c7,0.03333333333333333,5.22,5.35,5.46,79.0,-9.2,959.8,0.25881904510252074,0.9659258262890683,0.4012289854475009,0.9159777842484877
validation_selection,2026-01-22T00:00:00+00:00,2026-01-21T18:00:00+00:00,2026-01-24T01:00:00+00:00,2026-01-24T06:00:00+05:00,48,49.0,61e2b17b2723b859a069c35ed6d4b400b757f32f3814d494479b1f032a884ea1,0.03333333333333333,2.73,2.8,2.86,112.0,-9.7,958.9,0.25881904510252074,0.9659258262890683,0.4012289854475009,0.9159777842484877
validation_selection,2026-01-23T00:00:00+00:00,2026-01-22T18:00:00+00:00,2026-01-24T02:00:00+00:00,2026-01-24T07:00:00+05:00,24,26.0,61d34849113718c18964044e2f26d6abd1d39f412d347b94f129a38c051578c7,0.10833333333333334,5.97,6.12,6.25,73.0,-9.1,960.0,0.49999999999999994,0.8660254037844387,0.4012289854475009,0.9159777842484877
validation_selection,2026-01-22T00:00:00+00:00,2026-01-21T18:00:00+00:00,2026-01-24T02:00:00+00:00,2026-01-24T07:00:00+05:00,48,50.0,61e2b17b2723b859a069c35ed6d4b400b757f32f3814d494479b1f032a884ea1,0.10833333333333334,3.54,3.63,3.71,98.0,-9.1,959.5,0.49999999999999994,0.8660254037844387,0.4012289854475009,0.9159777842484877
validation_selection,2026-01-23T06:00:00+00:00,2026-01-23T00:00:00+00:00,2026-01-24T03:00:00+00:00,2026-01-24T08:00:00+05:00,24,21.0,808a933723948869fdf66cfa80b1262f860d67345a17464d23ac73a877877145,0.71,6.63,6.8,6.94,72.0,-9.5,959.5,0.7071067811865476,0.7071067811865476,0.4012289854475009,0.9159777842484877
validation_selection,2026-01-22T06:00:00+00:00,2026-01-22T00:00:00+00:00,2026-01-24T03:00:00+00:00,2026-01-24T08:00:00+05:00,48,45.0,a10bc2e267073a8aba9142143a01e8e4d761835500e032e0d9fa0a82eed18417,0.71,5.21,5.34,5.45,79.0,-8.6,959.3,0.7071067811865476,0.7071067811865476,0.4012289854475009,0.9159777842484877
validation_selection,2026-01-23T06:00:00+00:00,2026-01-23T00:00:00+00:00,2026-01-24T04:00:00+00:00,2026-01-24T09:00:00+05:00,24,22.0,808a933723948869fdf66cfa80b1262f860d67345a17464d23ac73a877877145,0.9716666666666667,7.13,7.31,7.47,75.0,-7.0,960.0,0.8660254037844386,0.5000000000000001,0.4012289854475009,0.9159777842484877
validation_selection,2026-01-22T06:00:00+00:00,2026-01-22T00:00:00+00:00,2026-01-24T04:00:00+00:00,2026-01-24T09:00:00+05:00,48,46.0,a10bc2e267073a8aba9142143a01e8e4d761835500e032e0d9fa0a82eed18417,0.9716666666666667,6.52,6.69,6.83,72.0,-6.6,959.7,0.8660254037844386,0.5000000000000001,0.4012289854475009,0.9159777842484877
validation_selection,2026-01-23T06:00:00+00:00,2026-01-23T00:00:00+00:00,2026-01-24T05:00:00+00:00,2026-01-24T10:00:00+05:00,24,23.0,808a933723948869fdf66cfa80b1262f860d67345a17464d23ac73a877877145,0.9899999999999999,7.71,7.91,8.07,70.0,-4.6,960.1,0.9659258262890683,0.25881904510252074,0.4012289854475009,0.9159777842484877
validation_selection,2026-01-22T06:00:00+00:00,2026-01-22T00:00:00+00:00,2026-01-24T05:00:00+00:00,2026-01-24T10:00:00+05:00,48,47.0,a10bc2e267073a8aba9142143a01e8e4d761835500e032e0d9fa0a82eed18417,0.9899999999999999,8.1,8.31,8.48,67.0,-3.9,959.6,0.9659258262890683,0.25881904510252074,0.4012289854475009,0.9159777842484877
validation_selection,2026-01-23T06:00:00+00:00,2026-01-23T00:00:00+00:00,2026-01-24T06:00:00+00:00,2026-01-24T11:00:00+05:00,24,24.0,808a933723948869fdf66cfa80b1262f860d67345a17464d23ac73a877877145,0.9899999999999999,8.92,9.15,9.34,65.0,-3.2,959.5,1.0,6.123233995736766e-17,0.4012289854475009,0.9159777842484877
validation_selection,2026-01-22T06:00:00+00:00,2026-01-22T00:00:00+00:00,2026-01-24T06:00:00+00:00,2026-01-24T11:00:00+05:00,48,48.0,a10bc2e267073a8aba9142143a01e8e4d761835500e032e0d9fa0a82eed18417,0.9899999999999999,9.86,10.11,10.32,62.0,-2.4,959.0,1.0,6.123233995736766e-17,0.4012289854475009,0.9159777842484877
validation_selection,2026-01-23T06:00:00+00:00,2026-01-23T00:00:00+00:00,2026-01-24T07:00:00+00:00,2026-01-24T12:00:00+05:00,24,25.0,808a933723948869fdf66cfa80b1262f860d67345a17464d23ac73a877877145,0.8533333333333334,9.62,9.87,10.07,66.0,-2.6,958.5,0.9659258262890683,-0.25881904510252063,0.4012289854475009,0.9159777842484877
validation_selection,2026-01-22T06:00:00+00:00,2026-01-22T00:00:00+00:00,2026-01-24T07:00:00+00:00,2026-01-24T12:00:00+05:00,48,49.0,a10bc2e267073a8aba9142143a01e8e4d761835500e032e0d9fa0a82eed18417,0.8533333333333334,10.83,11.11,11.34,64.0,-1.5,958.1,0.9659258262890683,-0.25881904510252063,0.4012289854475009,0.9159777842484877
validation_selection,2026-01-23T06:00:00+00:00,2026-01-23T00:00:00+00:00,2026-01-24T08:00:00+00:00,2026-01-24T13:00:00+05:00,24,26.0,808a933723948869fdf66cfa80b1262f860d67345a17464d23ac73a877877145,0.9899999999999999,9.52,9.77,9.97,69.0,-1.9,957.7,0.8660254037844387,-0.4999999999999998,0.4012289854475009,0.9159777842484877
validation_selection,2026-01-22T06:00:00+00:00,2026-01-22T00:00:00+00:00,2026-01-24T08:00:00+00:00,2026-01-24T13:00:00+05:00,48,50.0,a10bc2e267073a8aba9142143a01e8e4d761835500e032e0d9fa0a82eed18417,0.9899999999999999,10.63,10.91,11.14,68.0,-1.1,957.6,0.8660254037844387,-0.4999999999999998,0.4012289854475009,0.9159777842484877
validation_selection,2026-01-23T12:00:00+00:00,2026-01-23T06:00:00+00:00,2026-01-24T09:00:00+00:00,2026-01-24T14:00:00+05:00,24,21.0,d6c1a4bd196e5eea1a9147a774a022c48f319623503c2efddfabc1d7a09f0f28,0.9899999999999999,8.45,8.67,8.85,76.0,-1.5,957.7,0.7071067811865476,-0.7071067811865475,0.4012289854475009,0.9159777842484877
validation_selection,2026-01-22T12:00:00+00:00,2026-01-22T06:00:00+00:00,2026-01-24T09:00:00+00:00,2026-01-24T14:00:00+05:00,48,45.0,4c2806db7ae79ed702d54e55a750cddb561acb0f321dad610ac423054b4da5ab,0.9899999999999999,10.19,10.45,10.67,71.0,-1.5,957.2,0.7071067811865476,-0.7071067811865475,0.4012289854475009,0.9159777842484877
validation_selection,2026-01-23T12:00:00+00:00,2026-01-23T06:00:00+00:00,2026-01-24T10:00:00+00:00,2026-01-24T15:00:00+05:00,24,22.0,d6c1a4bd196e5eea1a9147a774a022c48f319623503c2efddfabc1d7a09f0f28,0.9866666666666667,8.27,8.48,8.66,78.0,-1.7,957.6,0.49999999999999994,-0.8660254037844387,0.4012289854475009,0.9159777842484877
validation_selection,2026-01-22T12:00:00+00:00,2026-01-22T06:00:00+00:00,2026-01-24T10:00:00+00:00,2026-01-24T15:00:00+05:00,48,46.0,4c2806db7ae79ed702d54e55a750cddb561acb0f321dad610ac423054b4da5ab,0.9866666666666667,9.73,9.98,10.19,73.0,-1.4,957.3,0.49999999999999994,-0.8660254037844387,0.4012289854475009,0.9159777842484877
validation_selection,2026-01-23T12:00:00+00:00,2026-01-23T06:00:00+00:00,2026-01-24T11:00:00+00:00,2026-01-24T16:00:00+05:00,24,23.0,d6c1a4bd196e5eea1a9147a774a022c48f319623503c2efddfabc1d7a09f0f28,0.9883333333333333,8.63,8.85,9.04,76.0,-2.9,957.3,0.258819045102521,-0.9659258262890682,0.4012289854475009,0.9159777842484877
validation_selection,2026-01-22T12:00:00+00:00,2026-01-22T06:00:00+00:00,2026-01-24T11:00:00+00:00,2026-01-24T16:00:00+05:00,48,47.0,4c2806db7ae79ed702d54e55a750cddb561acb0f321dad610ac423054b4da5ab,0.9883333333333333,9.69,9.94,10.15,79.0,-2.4,957.1,0.258819045102521,-0.9659258262890682,0.4012289854475009,0.9159777842484877
validation_selection,2026-01-23T12:00:00+00:00,2026-01-23T06:00:00+00:00,2026-01-24T12:00:00+00:00,2026-01-24T17:00:00+05:00,24,24.0,d6c1a4bd196e5eea1a9147a774a022c48f319623503c2efddfabc1d7a09f0f28,0.9899999999999999,8.54,8.76,8.94,81.0,-4.7,956.6,1.2246467991473532e-16,-1.0,0.4012289854475009,0.9159777842484877
validation_selection,2026-01-22T12:00:00+00:00,2026-01-22T06:00:00+00:00,2026-01-24T12:00:00+00:00,2026-01-24T17:00:00+05:00,48,48.0,4c2806db7ae79ed702d54e55a750cddb561acb0f321dad610ac423054b4da5ab,0.9899999999999999,9.65,9.91,10.11,80.0,-3.9,956.7,1.2246467991473532e-16,-1.0,0.4012289854475009,0.9159777842484877
validation_selection,2026-01-23T12:00:00+00:00,2026-01-23T06:00:00+00:00,2026-01-24T13:00:00+00:00,2026-01-24T18:00:00+05:00,24,25.0,d6c1a4bd196e5eea1a9147a774a022c48f319623503c2efddfabc1d7a09f0f28,0.9899999999999999,8.52,8.74,8.92,85.0,-6.0,955.5,-0.2588190451025208,-0.9659258262890683,0.4012289854475009,0.9159777842484877
validation_selection,2026-01-22T12:00:00+00:00,2026-01-22T06:00:00+00:00,2026-01-24T13:00:00+00:00,2026-01-24T18:00:00+05:00,48,49.0,4c2806db7ae79ed702d54e55a750cddb561acb0f321dad610ac423054b4da5ab,0.9899999999999999,9.24,9.48,9.68,82.0,-5.2,956.2,-0.2588190451025208,-0.9659258262890683,0.4012289854475009,0.9159777842484877
validation_selection,2026-01-23T12:00:00+00:00,2026-01-23T06:00:00+00:00,2026-01-24T14:00:00+00:00,2026-01-24T19:00:00+05:00,24,26.0,d6c1a4bd196e5eea1a9147a774a022c48f319623503c2efddfabc1d7a09f0f28,0.9483333333333333,8.98,9.21,9.4,83.0,-6.2,954.8,-0.4999999999999997,-0.8660254037844388,0.4012289854475009,0.9159777842484877
validation_selection,2026-01-22T12:00:00+00:00,2026-01-22T06:00:00+00:00,2026-01-24T14:00:00+00:00,2026-01-24T19:00:00+05:00,48,50.0,4c2806db7ae79ed702d54e55a750cddb561acb0f321dad610ac423054b4da5ab,0.9483333333333333,8.81,9.04,9.23,85.0,-5.7,955.8,-0.4999999999999997,-0.8660254037844388,0.4012289854475009,0.9159777842484877
validation_selection,2026-01-23T18:00:00+00:00,2026-01-23T12:00:00+00:00,2026-01-24T15:00:00+00:00,2026-01-24T20:00:00+05:00,24,21.0,0e75334b22716f3f7910f8501e4d879a0923b0c06ac2c8aa7a80995ad4c5d278,0.9700000000000001,9.01,9.24,9.43,80.0,-6.3,954.5,-0.7071067811865471,-0.7071067811865479,0.4012289854475009,0.9159777842484877
validation_selection,2026-01-22T18:00:00+00:00,2026-01-22T12:00:00+00:00,2026-01-24T15:00:00+00:00,2026-01-24T20:00:00+05:00,48,45.0,dbed248c9fefc196d076a948db98b848dd60184dfa34b440b3ef34f23c7762a4,0.9700000000000001,9.19,9.43,9.63,82.0,-5.4,954.4,-0.7071067811865471,-0.7071067811865479,0.4012289854475009,0.9159777842484877
validation_selection,2026-01-23T18:00:00+00:00,2026-01-23T12:00:00+00:00,2026-01-24T16:00:00+00:00,2026-01-24T21:00:00+05:00,24,22.0,0e75334b22716f3f7910f8501e4d879a0923b0c06ac2c8aa7a80995ad4c5d278,0.9899999999999999,8.46,8.68,8.86,80.0,-6.3,954.1,-0.8660254037844385,-0.5000000000000004,0.4012289854475009,0.9159777842484877
validation_selection,2026-01-22T18:00:00+00:00,2026-01-22T12:00:00+00:00,2026-01-24T16:00:00+00:00,2026-01-24T21:00:00+05:00,48,46.0,dbed248c9fefc196d076a948db98b848dd60184dfa34b440b3ef34f23c7762a4,0.9899999999999999,8.71,8.94,9.12,85.0,-4.9,954.2,-0.8660254037844385,-0.5000000000000004,0.4012289854475009,0.9159777842484877
validation_selection,2026-01-23T18:00:00+00:00,2026-01-23T12:00:00+00:00,2026-01-24T17:00:00+00:00,2026-01-24T22:00:00+05:00,24,23.0,0e75334b22716f3f7910f8501e4d879a0923b0c06ac2c8aa7a80995ad4c5d278,0.96,7.93,8.14,8.31,79.0,-6.0,954.0,-0.9659258262890683,-0.25881904510252063,0.4012289854475009,0.9159777842484877
validation_selection,2026-01-22T18:00:00+00:00,2026-01-22T12:00:00+00:00,2026-01-24T17:00:00+00:00,2026-01-24T22:00:00+05:00,48,47.0,dbed248c9fefc196d076a948db98b848dd60184dfa34b440b3ef34f23c7762a4,0.96,8.38,8.6,8.78,84.0,-4.8,953.9,-0.9659258262890683,-0.25881904510252063,0.4012289854475009,0.9159777842484877
validation_selection,2026-01-23T18:00:00+00:00,2026-01-23T12:00:00+00:00,2026-01-24T18:00:00+00:00,2026-01-24T23:00:00+05:00,24,24.0,0e75334b22716f3f7910f8501e4d879a0923b0c06ac2c8aa7a80995ad4c5d278,0.9716666666666667,7.62,7.82,7.98,78.0,-6.4,953.5,-1.0,-1.8369701987210297e-16,0.4012289854475009,0.9159777842484877
validation_selection,2026-01-22T18:00:00+00:00,2026-01-22T12:00:00+00:00,2026-01-24T18:00:00+00:00,2026-01-24T23:00:00+05:00,48,48.0,dbed248c9fefc196d076a948db98b848dd60184dfa34b440b3ef34f23c7762a4,0.9716666666666667,8.26,8.47,8.65,83.0,-5.3,953.2,-1.0,-1.8369701987210297e-16,0.4012289854475009,0.9159777842484877
validation_selection,2026-01-23T18:00:00+00:00,2026-01-23T12:00:00+00:00,2026-01-24T19:00:00+00:00,2026-01-25T00:00:00+05:00,24,25.0,0e75334b22716f3f7910f8501e4d879a0923b0c06ac2c8aa7a80995ad4c5d278,0.9766666666666666,7.33,7.52,7.68,78.0,-6.2,952.8,-0.9659258262890684,0.2588190451025203,0.4012289854475009,0.9159777842484877
validation_selection,2026-01-22T18:00:00+00:00,2026-01-22T12:00:00+00:00,2026-01-24T19:00:00+00:00,2026-01-25T00:00:00+05:00,48,49.0,dbed248c9fefc196d076a948db98b848dd60184dfa34b440b3ef34f23c7762a4,0.9766666666666666,8.04,8.25,8.42,81.0,-5.0,952.5,-0.9659258262890684,0.2588190451025203,0.4012289854475009,0.9159777842484877
validation_selection,2026-01-23T18:00:00+00:00,2026-01-23T12:00:00+00:00,2026-01-24T20:00:00+00:00,2026-01-25T01:00:00+05:00,24,26.0,0e75334b22716f3f7910f8501e4d879a0923b0c06ac2c8aa7a80995ad4c5d278,0.6383333333333333,7.22,7.41,7.56,75.0,-5.6,952.3,-0.8660254037844386,0.5000000000000001,0.4012289854475009,0.9159777842484877
validation_selection,2026-01-22T18:00:00+00:00,2026-01-22T12:00:00+00:00,2026-01-24T20:00:00+00:00,2026-01-25T01:00:00+05:00,48,50.0,dbed248c9fefc196d076a948db98b848dd60184dfa34b440b3ef34f23c7762a4,0.6383333333333333,7.77,7.97,8.14,78.0,-4.5,951.7,-0.8660254037844386,0.5000000000000001,0.4012289854475009,0.9159777842484877
validation_selection,2026-01-24T00:00:00+00:00,2026-01-23T18:00:00+00:00,2026-01-24T21:00:00+00:00,2026-01-25T02:00:00+05:00,24,21.0,26057a3313430c8d30cd0af808dd6cfa22b591f44f750017310dd629bd9e3ed3,0.295,7.06,7.24,7.39,72.0,-5.4,951.8,-0.7071067811865477,0.7071067811865474,0.4012289854475009,0.9159777842484877
validation_selection,2026-01-23T00:00:00+00:00,2026-01-22T18:00:00+00:00,2026-01-24T21:00:00+00:00,2026-01-25T02:00:00+05:00,48,45.0,61d34849113718c18964044e2f26d6abd1d39f412d347b94f129a38c051578c7,0.295,7.39,7.58,7.74,74.0,-4.6,951.9,-0.7071067811865477,0.7071067811865474,0.4012289854475009,0.9159777842484877
validation_selection,2026-01-24T00:00:00+00:00,2026-01-23T18:00:00+00:00,2026-01-24T22:00:00+00:00,2026-01-25T03:00:00+05:00,24,22.0,26057a3313430c8d30cd0af808dd6cfa22b591f44f750017310dd629bd9e3ed3,0.49500000000000005,6.54,6.71,6.85,74.0,-5.0,951.7,-0.5000000000000004,0.8660254037844384,0.4012289854475009,0.9159777842484877
validation_selection,2026-01-23T00:00:00+00:00,2026-01-22T18:00:00+00:00,2026-01-24T22:00:00+00:00,2026-01-25T03:00:00+05:00,48,46.0,61d34849113718c18964044e2f26d6abd1d39f412d347b94f129a38c051578c7,0.49500000000000005,6.86,7.04,7.19,70.0,-4.8,951.5,-0.5000000000000004,0.8660254037844384,0.4012289854475009,0.9159777842484877
validation_selection,2026-01-24T00:00:00+00:00,2026-01-23T18:00:00+00:00,2026-01-24T23:00:00+00:00,2026-01-25T04:00:00+05:00,24,23.0,26057a3313430c8d30cd0af808dd6cfa22b591f44f750017310dd629bd9e3ed3,0.5533333333333333,5.92,6.07,6.2,71.0,-5.4,951.7,-0.25881904510252157,0.9659258262890681,0.4012289854475009,0.9159777842484877
validation_selection,2026-01-23T00:00:00+00:00,2026-01-22T18:00:00+00:00,2026-01-24T23:00:00+00:00,2026-01-25T04:00:00+05:00,48,47.0,61d34849113718c18964044e2f26d6abd1d39f412d347b94f129a38c051578c7,0.5533333333333333,6.25,6.41,6.54,69.0,-5.0,951.5,-0.25881904510252157,0.9659258262890681,0.4012289854475009,0.9159777842484877
validation_selection,2026-01-24T00:00:00+00:00,2026-01-23T18:00:00+00:00,2026-01-25T00:00:00+00:00,2026-01-25T05:00:00+05:00,24,24.0,26057a3313430c8d30cd0af808dd6cfa22b591f44f750017310dd629bd9e3ed3,0.13166666666666668,5.0,5.13,5.23,66.0,-5.5,952.0,0.0,1.0,0.4169258813287287,0.908940487313808
validation_selection,2026-01-23T00:00:00+00:00,2026-01-22T18:00:00+00:00,2026-01-25T00:00:00+00:00,2026-01-25T05:00:00+05:00,48,48.0,61d34849113718c18964044e2f26d6abd1d39f412d347b94f129a38c051578c7,0.13166666666666668,4.97,5.1,5.2,69.0,-5.4,951.9,0.0,1.0,0.4169258813287287,0.908940487313808
validation_selection,2026-01-24T00:00:00+00:00,2026-01-23T18:00:00+00:00,2026-01-25T01:00:00+00:00,2026-01-25T06:00:00+05:00,24,25.0,26057a3313430c8d30cd0af808dd6cfa22b591f44f750017310dd629bd9e3ed3,0.023333333333333334,1.29,1.32,1.35,65.0,-6.5,953.1,0.25881904510252074,0.9659258262890683,0.4169258813287287,0.908940487313808
validation_selection,2026-01-23T00:00:00+00:00,2026-01-22T18:00:00+00:00,2026-01-25T01:00:00+00:00,2026-01-25T06:00:00+05:00,48,49.0,61d34849113718c18964044e2f26d6abd1d39f412d347b94f129a38c051578c7,0.023333333333333334,2.24,2.29,2.34,70.0,-5.5,952.9,0.25881904510252074,0.9659258262890683,0.4169258813287287,0.908940487313808
validation_selection,2026-01-24T00:00:00+00:00,2026-01-23T18:00:00+00:00,2026-01-25T02:00:00+00:00,2026-01-25T07:00:00+05:00,24,26.0,26057a3313430c8d30cd0af808dd6cfa22b591f44f750017310dd629bd9e3ed3,0.35833333333333334,2.37,2.43,2.48,217.0,-6.2,954.2,0.49999999999999994,0.8660254037844387,0.4169258813287287,0.908940487313808
validation_selection,2026-01-23T00:00:00+00:00,2026-01-22T18:00:00+00:00,2026-01-25T02:00:00+00:00,2026-01-25T07:00:00+05:00,48,50.0,61d34849113718c18964044e2f26d6abd1d39f412d347b94f129a38c051578c7,0.35833333333333334,1.63,1.68,1.71,80.0,-5.9,953.7,0.49999999999999994,0.8660254037844387,0.4169258813287287,0.908940487313808
validation_selection,2026-01-24T06:00:00+00:00,2026-01-24T00:00:00+00:00,2026-01-25T03:00:00+00:00,2026-01-25T08:00:00+05:00,24,21.0,f31b23b573a4fa2731e50649db8a9bbb8182990585029f33ab07399c2f423720,0.35333333333333333,3.4,3.49,3.56,218.0,-6.3,954.8,0.7071067811865476,0.7071067811865476,0.4169258813287287,0.908940487313808
validation_selection,2026-01-23T06:00:00+00:00,2026-01-23T00:00:00+00:00,2026-01-25T03:00:00+00:00,2026-01-25T08:00:00+05:00,48,45.0,808a933723948869fdf66cfa80b1262f860d67345a17464d23ac73a877877145,0.35333333333333333,2.08,2.14,2.18,191.0,-5.0,954.8,0.7071067811865476,0.7071067811865476,0.4169258813287287,0.908940487313808
validation_selection,2026-01-24T06:00:00+00:00,2026-01-24T00:00:00+00:00,2026-01-25T04:00:00+00:00,2026-01-25T09:00:00+05:00,24,22.0,f31b23b573a4fa2731e50649db8a9bbb8182990585029f33ab07399c2f423720,0.14666666666666667,2.43,2.49,2.54,232.0,-3.7,955.8,0.8660254037844386,0.5000000000000001,0.4169258813287287,0.908940487313808
validation_selection,2026-01-23T06:00:00+00:00,2026-01-23T00:00:00+00:00,2026-01-25T04:00:00+00:00,2026-01-25T09:00:00+05:00,48,46.0,808a933723948869fdf66cfa80b1262f860d67345a17464d23ac73a877877145,0.14666666666666667,2.33,2.39,2.44,206.0,-3.0,955.5,0.8660254037844386,0.5000000000000001,0.4169258813287287,0.908940487313808
validation_selection,2026-01-24T06:00:00+00:00,2026-01-24T00:00:00+00:00,2026-01-25T05:00:00+00:00,2026-01-25T10:00:00+05:00,24,23.0,f31b23b573a4fa2731e50649db8a9bbb8182990585029f33ab07399c2f423720,0.06666666666666667,1.22,1.25,1.28,265.0,-1.8,956.3,0.9659258262890683,0.25881904510252074,0.4169258813287287,0.908940487313808
validation_selection,2026-01-23T06:00:00+00:00,2026-01-23T00:00:00+00:00,2026-01-25T05:00:00+00:00,2026-01-25T10:00:00+05:00,48,47.0,808a933723948869fdf66cfa80b1262f860d67345a17464d23ac73a877877145,0.06666666666666667,1.08,1.1,1.13,175.0,-0.5,955.7,0.9659258262890683,0.25881904510252074,0.4169258813287287,0.908940487313808
validation_selection,2026-01-24T06:00:00+00:00,2026-01-24T00:00:00+00:00,2026-01-25T06:00:00+00:00,2026-01-25T11:00:00+05:00,24,24.0,f31b23b573a4fa2731e50649db8a9bbb8182990585029f33ab07399c2f423720,0.008333333333333333,0.54,0.55,0.56,360.0,-0.6,956.1,1.0,6.123233995736766e-17,0.4169258813287287,0.908940487313808
validation_selection,2026-01-23T06:00:00+00:00,2026-01-23T00:00:00+00:00,2026-01-25T06:00:00+00:00,2026-01-25T11:00:00+05:00,48,48.0,808a933723948869fdf66cfa80b1262f860d67345a17464d23ac73a877877145,0.008333333333333333,1.97,2.02,2.07,33.0,0.9,955.5,1.0,6.123233995736766e-17,0.4169258813287287,0.908940487313808
validation_selection,2026-01-24T06:00:00+00:00,2026-01-24T00:00:00+00:00,2026-01-25T07:00:00+00:00,2026-01-25T12:00:00+05:00,24,25.0,f31b23b573a4fa2731e50649db8a9bbb8182990585029f33ab07399c2f423720,0.01,0.96,0.98,1.01,24.0,0.7,955.4,0.9659258262890683,-0.25881904510252063,0.4169258813287287,0.908940487313808
validation_selection,2026-01-23T06:00:00+00:00,2026-01-23T00:00:00+00:00,2026-01-25T07:00:00+00:00,2026-01-25T12:00:00+05:00,48,49.0,808a933723948869fdf66cfa80b1262f860d67345a17464d23ac73a877877145,0.01,1.85,1.9,1.94,2.0,1.0,955.6,0.9659258262890683,-0.25881904510252063,0.4169258813287287,0.908940487313808
validation_selection,2026-01-24T06:00:00+00:00,2026-01-24T00:00:00+00:00,2026-01-25T08:00:00+00:00,2026-01-25T13:00:00+05:00,24,26.0,f31b23b573a4fa2731e50649db8a9bbb8182990585029f33ab07399c2f423720,0.01,1.12,1.15,1.17,360.0,1.3,955.2,0.8660254037844387,-0.4999999999999998,0.4169258813287287,0.908940487313808
validation_selection,2026-01-23T06:00:00+00:00,2026-01-23T00:00:00+00:00,2026-01-25T08:00:00+00:00,2026-01-25T13:00:00+05:00,48,50.0,808a933723948869fdf66cfa80b1262f860d67345a17464d23ac73a877877145,0.01,1.25,1.28,1.31,291.0,1.4,955.8,0.8660254037844387,-0.4999999999999998,0.4169258813287287,0.908940487313808
validation_selection,2026-01-24T12:00:00+00:00,2026-01-24T06:00:00+00:00,2026-01-25T09:00:00+00:00,2026-01-25T14:00:00+05:00,24,21.0,17e73a2c97c7d41ee0ebf2670e5869c4728177a1265c49b08c2af905b780358d,0.01,1.74,1.78,1.82,11.0,1.8,954.9,0.7071067811865476,-0.7071067811865475,0.4169258813287287,0.908940487313808
validation_selection,2026-01-23T12:00:00+00:00,2026-01-23T06:00:00+00:00,2026-01-25T09:00:00+00:00,2026-01-25T14:00:00+05:00,48,45.0,d6c1a4bd196e5eea1a9147a774a022c48f319623503c2efddfabc1d7a09f0f28,0.01,2.07,2.12,2.17,278.0,2.2,955.8,0.7071067811865476,-0.7071067811865475,0.4169258813287287,0.908940487313808
validation_selection,2026-01-24T12:00:00+00:00,2026-01-24T06:00:00+00:00,2026-01-25T10:00:00+00:00,2026-01-25T15:00:00+05:00,24,22.0,17e73a2c97c7d41ee0ebf2670e5869c4728177a1265c49b08c2af905b780358d,0.01,2.25,2.3,2.35,274.0,1.4,955.9,0.49999999999999994,-0.8660254037844387,0.4169258813287287,0.908940487313808
validation_selection,2026-01-23T12:00:00+00:00,2026-01-23T06:00:00+00:00,2026-01-25T10:00:00+00:00,2026-01-25T15:00:00+05:00,48,46.0,d6c1a4bd196e5eea1a9147a774a022c48f319623503c2efddfabc1d7a09f0f28,0.01,3.07,3.15,3.21,252.0,2.0,956.5,0.49999999999999994,-0.8660254037844387,0.4169258813287287,0.908940487313808
validation_selection,2026-01-24T12:00:00+00:00,2026-01-24T06:00:00+00:00,2026-01-25T11:00:00+00:00,2026-01-25T16:00:00+05:00,24,23.0,17e73a2c97c7d41ee0ebf2670e5869c4728177a1265c49b08c2af905b780358d,0.01,4.9,5.02,5.13,260.0,0.2,956.8,0.258819045102521,-0.9659258262890682,0.4169258813287287,0.908940487313808
validation_selection,2026-01-23T12:00:00+00:00,2026-01-23T06:00:00+00:00,2026-01-25T11:00:00+00:00,2026-01-25T16:00:00+05:00,48,47.0,d6c1a4bd196e5eea1a9147a774a022c48f319623503c2efddfabc1d7a09f0f28,0.01,4.86,4.98,5.09,257.0,0.5,957.3,0.258819045102521,-0.9659258262890682,0.4169258813287287,0.908940487313808
validation_selection,2026-01-24T12:00:00+00:00,2026-01-24T06:00:00+00:00,2026-01-25T12:00:00+00:00,2026-01-25T17:00:00+05:00,24,24.0,17e73a2c97c7d41ee0ebf2670e5869c4728177a1265c49b08c2af905b780358d,0.01,5.69,5.83,5.95,256.0,-1.5,957.6,1.2246467991473532e-16,-1.0,0.4169258813287287,0.908940487313808
validation_selection,2026-01-23T12:00:00+00:00,2026-01-23T06:00:00+00:00,2026-01-25T12:00:00+00:00,2026-01-25T17:00:00+05:00,48,48.0,d6c1a4bd196e5eea1a9147a774a022c48f319623503c2efddfabc1d7a09f0f28,0.01,5.24,5.38,5.49,250.0,-3.1,957.7,1.2246467991473532e-16,-1.0,0.4169258813287287,0.908940487313808
validation_selection,2026-01-24T12:00:00+00:00,2026-01-24T06:00:00+00:00,2026-01-25T13:00:00+00:00,2026-01-25T18:00:00+05:00,24,25.0,17e73a2c97c7d41ee0ebf2670e5869c4728177a1265c49b08c2af905b780358d,0.01,3.24,3.32,3.39,225.0,-2.6,957.9,-0.2588190451025208,-0.9659258262890683,0.4169258813287287,0.908940487313808
validation_selection,2026-01-23T12:00:00+00:00,2026-01-23T06:00:00+00:00,2026-01-25T13:00:00+00:00,2026-01-25T18:00:00+05:00,48,49.0,d6c1a4bd196e5eea1a9147a774a022c48f319623503c2efddfabc1d7a09f0f28,0.01,4.47,4.58,4.68,231.0,-3.2,958.5,-0.2588190451025208,-0.9659258262890683,0.4169258813287287,0.908940487313808
validation_selection,2026-01-24T12:00:00+00:00,2026-01-24T06:00:00+00:00,2026-01-25T14:00:00+00:00,2026-01-25T19:00:00+05:00,24,26.0,17e73a2c97c7d41ee0ebf2670e5869c4728177a1265c49b08c2af905b780358d,0.03666666666666667,1.18,1.21,1.24,218.0,-3.5,957.5,-0.4999999999999997,-0.8660254037844388,0.4169258813287287,0.908940487313808
validation_selection,2026-01-23T12:00:00+00:00,2026-01-23T06:00:00+00:00,2026-01-25T14:00:00+00:00,2026-01-25T19:00:00+05:00,48,50.0,d6c1a4bd196e5eea1a9147a774a022c48f319623503c2efddfabc1d7a09f0f28,0.03666666666666667,3.31,3.4,3.47,229.0,-3.9,958.6,-0.4999999999999997,-0.8660254037844388,0.4169258813287287,0.908940487313808
validation_selection,2026-01-24T18:00:00+00:00,2026-01-24T12:00:00+00:00,2026-01-25T15:00:00+00:00,2026-01-25T20:00:00+05:00,24,21.0,8701f89ee8bcd01b065b33eea1f963c67c9d930d658ee3848d76ca9ce0d315c6,0.14833333333333334,3.45,3.54,3.61,211.0,-3.6,957.8,-0.7071067811865471,-0.7071067811865479,0.4169258813287287,0.908940487313808
validation_selection,2026-01-23T18:00:00+00:00,2026-01-23T12:00:00+00:00,2026-01-25T15:00:00+00:00,2026-01-25T20:00:00+05:00,48,45.0,0e75334b22716f3f7910f8501e4d879a0923b0c06ac2c8aa7a80995ad4c5d278,0.14833333333333334,1.97,2.02,2.06,230.0,-3.7,958.0,-0.7071067811865471,-0.7071067811865479,0.4169258813287287,0.908940487313808
validation_selection,2026-01-24T18:00:00+00:00,2026-01-24T12:00:00+00:00,2026-01-25T16:00:00+00:00,2026-01-25T21:00:00+05:00,24,22.0,8701f89ee8bcd01b065b33eea1f963c67c9d930d658ee3848d76ca9ce0d315c6,0.20166666666666666,2.92,2.99,3.05,232.0,-3.5,957.7,-0.8660254037844385,-0.5000000000000004,0.4169258813287287,0.908940487313808
validation_selection,2026-01-23T18:00:00+00:00,2026-01-23T12:00:00+00:00,2026-01-25T16:00:00+00:00,2026-01-25T21:00:00+05:00,48,46.0,0e75334b22716f3f7910f8501e4d879a0923b0c06ac2c8aa7a80995ad4c5d278,0.20166666666666666,3.0,3.08,3.14,222.0,-2.4,958.1,-0.8660254037844385,-0.5000000000000004,0.4169258813287287,0.908940487313808
validation_selection,2026-01-24T18:00:00+00:00,2026-01-24T12:00:00+00:00,2026-01-25T17:00:00+00:00,2026-01-25T22:00:00+05:00,24,23.0,8701f89ee8bcd01b065b33eea1f963c67c9d930d658ee3848d76ca9ce0d315c6,0.33666666666666667,1.66,1.7,1.73,227.0,-3.1,958.0,-0.9659258262890683,-0.25881904510252063,0.4169258813287287,0.908940487313808
validation_selection,2026-01-23T18:00:00+00:00,2026-01-23T12:00:00+00:00,2026-01-25T17:00:00+00:00,2026-01-25T22:00:00+05:00,48,47.0,0e75334b22716f3f7910f8501e4d879a0923b0c06ac2c8aa7a80995ad4c5d278,0.33666666666666667,2.42,2.48,2.53,228.0,-2.1,958.0,-0.9659258262890683,-0.25881904510252063,0.4169258813287287,0.908940487313808
validation_selection,2026-01-24T18:00:00+00:00,2026-01-24T12:00:00+00:00,2026-01-25T18:00:00+00:00,2026-01-25T23:00:00+05:00,24,24.0,8701f89ee8bcd01b065b33eea1f963c67c9d930d658ee3848d76ca9ce0d315c6,0.61,0.92,0.95,0.97,162.0,-1.9,958.3,-1.0,-1.8369701987210297e-16,0.4169258813287287,0.908940487313808
validation_selection,2026-01-23T18:00:00+00:00,2026-01-23T12:00:00+00:00,2026-01-25T18:00:00+00:00,2026-01-25T23:00:00+05:00,48,48.0,0e75334b22716f3f7910f8501e4d879a0923b0c06ac2c8aa7a80995ad4c5d278,0.61,1.39,1.43,1.46,234.0,-1.6,958.1,-1.0,-1.8369701987210297e-16,0.4169258813287287,0.908940487313808
validation_selection,2026-01-24T18:00:00+00:00,2026-01-24T12:00:00+00:00,2026-01-25T19:00:00+00:00,2026-01-26T00:00:00+05:00,24,25.0,8701f89ee8bcd01b065b33eea1f963c67c9d930d658ee3848d76ca9ce0d315c6,0.26833333333333337,1.49,1.53,1.56,79.0,-2.5,958.0,-0.9659258262890684,0.2588190451025203,0.4169258813287287,0.908940487313808
validation_selection,2026-01-23T18:00:00+00:00,2026-01-23T12:00:00+00:00,2026-01-25T19:00:00+00:00,2026-01-26T00:00:00+05:00,48,49.0,0e75334b22716f3f7910f8501e4d879a0923b0c06ac2c8aa7a80995ad4c5d278,0.26833333333333337,0.34,0.35,0.36,135.0,-1.9,958.1,-0.9659258262890684,0.2588190451025203,0.4169258813287287,0.908940487313808
validation_selection,2026-01-24T18:00:00+00:00,2026-01-24T12:00:00+00:00,2026-01-25T20:00:00+00:00,2026-01-26T01:00:00+05:00,24,26.0,8701f89ee8bcd01b065b33eea1f963c67c9d930d658ee3848d76ca9ce0d315c6,0.22833333333333336,3.34,3.42,3.49,78.0,-3.7,957.8,-0.8660254037844386,0.5000000000000001,0.4169258813287287,0.908940487313808
validation_selection,2026-01-23T18:00:00+00:00,2026-01-23T12:00:00+00:00,2026-01-25T20:00:00+00:00,2026-01-26T01:00:00+05:00,48,50.0,0e75334b22716f3f7910f8501e4d879a0923b0c06ac2c8aa7a80995ad4c5d278,0.22833333333333336,3.17,3.26,3.32,79.0,-3.0,958.1,-0.8660254037844386,0.5000000000000001,0.4169258813287287,0.908940487313808
validation_selection,2026-01-25T00:00:00+00:00,2026-01-24T18:00:00+00:00,2026-01-25T21:00:00+00:00,2026-01-26T02:00:00+05:00,24,21.0,571d7db2690529e081583d7998c6808580e442d2f5e00025347482b58e2654f0,0.295,3.51,3.6,3.68,76.0,-4.1,957.7,-0.7071067811865477,0.7071067811865474,0.4169258813287287,0.908940487313808
validation_selection,2026-01-24T00:00:00+00:00,2026-01-23T18:00:00+00:00,2026-01-25T21:00:00+00:00,2026-01-26T02:00:00+05:00,48,45.0,26057a3313430c8d30cd0af808dd6cfa22b591f44f750017310dd629bd9e3ed3,0.295,3.67,3.77,3.84,79.0,-3.7,958.7,-0.7071067811865477,0.7071067811865474,0.4169258813287287,0.908940487313808
validation_selection,2026-01-25T00:00:00+00:00,2026-01-24T18:00:00+00:00,2026-01-25T22:00:00+00:00,2026-01-26T03:00:00+05:00,24,22.0,571d7db2690529e081583d7998c6808580e442d2f5e00025347482b58e2654f0,0.30666666666666664,4.8,4.92,5.03,77.0,-3.7,958.1,-0.5000000000000004,0.8660254037844384,0.4169258813287287,0.908940487313808
validation_selection,2026-01-24T00:00:00+00:00,2026-01-23T18:00:00+00:00,2026-01-25T22:00:00+00:00,2026-01-26T03:00:00+05:00,48,46.0,26057a3313430c8d30cd0af808dd6cfa22b591f44f750017310dd629bd9e3ed3,0.30666666666666664,3.69,3.78,3.86,75.0,-3.9,958.9,-0.5000000000000004,0.8660254037844384,0.4169258813287287,0.908940487313808
validation_selection,2026-01-25T00:00:00+00:00,2026-01-24T18:00:00+00:00,2026-01-25T23:00:00+00:00,2026-01-26T04:00:00+05:00,24,23.0,571d7db2690529e081583d7998c6808580e442d2f5e00025347482b58e2654f0,0.27666666666666667,5.05,5.18,5.29,77.0,-4.0,958.2,-0.25881904510252157,0.9659258262890681,0.4169258813287287,0.908940487313808
validation_selection,2026-01-24T00:00:00+00:00,2026-01-23T18:00:00+00:00,2026-01-25T23:00:00+00:00,2026-01-26T04:00:00+05:00,48,47.0,26057a3313430c8d30cd0af808dd6cfa22b591f44f750017310dd629bd9e3ed3,0.27666666666666667,4.35,4.46,4.56,77.0,-4.3,959.2,-0.25881904510252157,0.9659258262890681,0.4169258813287287,0.908940487313808
validation_selection,2026-01-25T00:00:00+00:00,2026-01-24T18:00:00+00:00,2026-01-26T00:00:00+00:00,2026-01-26T05:00:00+05:00,24,24.0,571d7db2690529e081583d7998c6808580e442d2f5e00025347482b58e2654f0,0.6033333333333334,5.46,5.6,5.71,71.0,-4.5,958.5,0.0,1.0,0.4324994021339788,0.901634220265486
validation_selection,2026-01-24T00:00:00+00:00,2026-01-23T18:00:00+00:00,2026-01-26T00:00:00+00:00,2026-01-26T05:00:00+05:00,48,48.0,26057a3313430c8d30cd0af808dd6cfa22b591f44f750017310dd629bd9e3ed3,0.6033333333333334,4.65,4.77,4.87,80.0,-4.0,959.5,0.0,1.0,0.4324994021339788,0.901634220265486
validation_selection,2026-01-25T00:00:00+00:00,2026-01-24T18:00:00+00:00,2026-01-26T01:00:00+00:00,2026-01-26T06:00:00+05:00,24,25.0,571d7db2690529e081583d7998c6808580e442d2f5e00025347482b58e2654f0,0.2916666666666667,6.06,6.22,6.35,69.0,-5.3,958.9,0.25881904510252074,0.9659258262890683,0.4324994021339788,0.901634220265486
validation_selection,2026-01-24T00:00:00+00:00,2026-01-23T18:00:00+00:00,2026-01-26T01:00:00+00:00,2026-01-26T06:00:00+05:00,48,49.0,26057a3313430c8d30cd0af808dd6cfa22b591f44f750017310dd629bd9e3ed3,0.2916666666666667,5.1,5.23,5.34,71.0,-4.4,959.6,0.25881904510252074,0.9659258262890683,0.4324994021339788,0.901634220265486
validation_selection,2026-01-25T00:00:00+00:00,2026-01-24T18:00:00+00:00,2026-01-26T02:00:00+00:00,2026-01-26T07:00:00+05:00,24,26.0,571d7db2690529e081583d7998c6808580e442d2f5e00025347482b58e2654f0,0.2733333333333334,6.3,6.47,6.6,71.0,-6.0,959.0,0.49999999999999994,0.8660254037844387,0.4324994021339788,0.901634220265486
validation_selection,2026-01-24T00:00:00+00:00,2026-01-23T18:00:00+00:00,2026-01-26T02:00:00+00:00,2026-01-26T07:00:00+05:00,48,50.0,26057a3313430c8d30cd0af808dd6cfa22b591f44f750017310dd629bd9e3ed3,0.2733333333333334,5.78,5.93,6.06,69.0,-5.1,959.9,0.49999999999999994,0.8660254037844387,0.4324994021339788,0.901634220265486
validation_selection,2026-01-25T06:00:00+00:00,2026-01-25T00:00:00+00:00,2026-01-26T03:00:00+00:00,2026-01-26T08:00:00+05:00,24,21.0,f53f6c847b8d2a9f19f9b3bb28624be9a36b3ee46aa295a2a211a86c727bb7ec,0.31333333333333335,6.77,6.95,7.09,67.0,-6.1,959.2,0.7071067811865476,0.7071067811865476,0.4324994021339788,0.901634220265486
validation_selection,2026-01-24T06:00:00+00:00,2026-01-24T00:00:00+00:00,2026-01-26T03:00:00+00:00,2026-01-26T08:00:00+05:00,48,45.0,f31b23b573a4fa2731e50649db8a9bbb8182990585029f33ab07399c2f423720,0.31333333333333335,6.71,6.89,7.03,62.0,-5.6,959.3,0.7071067811865476,0.7071067811865476,0.4324994021339788,0.901634220265486
validation_selection,2026-01-25T06:00:00+00:00,2026-01-25T00:00:00+00:00,2026-01-26T04:00:00+00:00,2026-01-26T09:00:00+05:00,24,22.0,f53f6c847b8d2a9f19f9b3bb28624be9a36b3ee46aa295a2a211a86c727bb7ec,0.2383333333333333,7.43,7.63,7.78,62.0,-3.7,959.6,0.8660254037844386,0.5000000000000001,0.4324994021339788,0.901634220265486
validation_selection,2026-01-24T06:00:00+00:00,2026-01-24T00:00:00+00:00,2026-01-26T04:00:00+00:00,2026-01-26T09:00:00+05:00,48,46.0,f31b23b573a4fa2731e50649db8a9bbb8182990585029f33ab07399c2f423720,0.2383333333333333,7.3,7.49,7.65,59.0,-3.8,959.5,0.8660254037844386,0.5000000000000001,0.4324994021339788,0.901634220265486
validation_selection,2026-01-25T06:00:00+00:00,2026-01-25T00:00:00+00:00,2026-01-26T05:00:00+00:00,2026-01-26T10:00:00+05:00,24,23.0,f53f6c847b8d2a9f19f9b3bb28624be9a36b3ee46aa295a2a211a86c727bb7ec,0.24333333333333332,8.81,9.03,9.22,64.0,-1.9,959.4,0.9659258262890683,0.25881904510252074,0.4324994021339788,0.901634220265486
validation_selection,2026-01-24T06:00:00+00:00,2026-01-24T00:00:00+00:00,2026-01-26T05:00:00+00:00,2026-01-26T10:00:00+05:00,48,47.0,f31b23b573a4fa2731e50649db8a9bbb8182990585029f33ab07399c2f423720,0.24333333333333332,8.29,8.51,8.68,60.0,-1.3,959.7,0.9659258262890683,0.25881904510252074,0.4324994021339788,0.901634220265486
validation_selection,2026-01-25T06:00:00+00:00,2026-01-25T00:00:00+00:00,2026-01-26T06:00:00+00:00,2026-01-26T11:00:00+05:00,24,24.0,f53f6c847b8d2a9f19f9b3bb28624be9a36b3ee46aa295a2a211a86c727bb7ec,0.4766666666666666,7.75,7.95,8.11,57.0,-0.3,958.9,1.0,6.123233995736766e-17,0.4324994021339788,0.901634220265486
validation_selection,2026-01-24T06:00:00+00:00,2026-01-24T00:00:00+00:00,2026-01-26T06:00:00+00:00,2026-01-26T11:00:00+05:00,48,48.0,f31b23b573a4fa2731e50649db8a9bbb8182990585029f33ab07399c2f423720,0.4766666666666666,7.95,8.16,8.32,55.0,0.1,959.4,1.0,6.123233995736766e-17,0.4324994021339788,0.901634220265486
validation_selection,2026-01-25T06:00:00+00:00,2026-01-25T00:00:00+00:00,2026-01-26T07:00:00+00:00,2026-01-26T12:00:00+05:00,24,25.0,f53f6c847b8d2a9f19f9b3bb28624be9a36b3ee46aa295a2a211a86c727bb7ec,0.7983333333333333,8.16,8.37,8.54,54.0,1.6,957.9,0.9659258262890683,-0.25881904510252063,0.4324994021339788,0.901634220265486
validation_selection,2026-01-24T06:00:00+00:00,2026-01-24T00:00:00+00:00,2026-01-26T07:00:00+00:00,2026-01-26T12:00:00+05:00,48,49.0,f31b23b573a4fa2731e50649db8a9bbb8182990585029f33ab07399c2f423720,0.7983333333333333,8.13,8.34,8.51,52.0,0.7,958.5,0.9659258262890683,-0.25881904510252063,0.4324994021339788,0.901634220265486
validation_selection,2026-01-25T06:00:00+00:00,2026-01-25T00:00:00+00:00,2026-01-26T08:00:00+00:00,2026-01-26T13:00:00+05:00,24,26.0,f53f6c847b8d2a9f19f9b3bb28624be9a36b3ee46aa295a2a211a86c727bb7ec,0.7933333333333333,8.28,8.5,8.68,53.0,1.8,956.8,0.8660254037844387,-0.4999999999999998,0.4324994021339788,0.901634220265486
validation_selection,2026-01-24T06:00:00+00:00,2026-01-24T00:00:00+00:00,2026-01-26T08:00:00+00:00,2026-01-26T13:00:00+05:00,48,50.0,f31b23b573a4fa2731e50649db8a9bbb8182990585029f33ab07399c2f423720,0.7933333333333333,8.34,8.56,8.74,53.0,2.0,957.8,0.8660254037844387,-0.4999999999999998,0.4324994021339788,0.901634220265486
validation_selection,2026-01-25T12:00:00+00:00,2026-01-25T06:00:00+00:00,2026-01-26T09:00:00+00:00,2026-01-26T14:00:00+05:00,24,21.0,3c2dbed24a2df294b7978d108355042f82b57c9590d8313077fbe8ccb9091d45,0.7600000000000001,7.74,7.94,8.1,54.0,2.5,957.1,0.7071067811865476,-0.7071067811865475,0.4324994021339788,0.901634220265486
validation_selection,2026-01-24T12:00:00+00:00,2026-01-24T06:00:00+00:00,2026-01-26T09:00:00+00:00,2026-01-26T14:00:00+05:00,48,45.0,17e73a2c97c7d41ee0ebf2670e5869c4728177a1265c49b08c2af905b780358d,0.7600000000000001,8.33,8.55,8.73,54.0,2.3,957.2,0.7071067811865476,-0.7071067811865475,0.4324994021339788,0.901634220265486
validation_selection,2026-01-25T12:00:00+00:00,2026-01-25T06:00:00+00:00,2026-01-26T10:00:00+00:00,2026-01-26T15:00:00+05:00,24,22.0,3c2dbed24a2df294b7978d108355042f82b57c9590d8313077fbe8ccb9091d45,0.6716666666666667,8.04,8.25,8.42,59.0,2.2,956.9,0.49999999999999994,-0.8660254037844387,0.4324994021339788,0.901634220265486
validation_selection,2026-01-24T12:00:00+00:00,2026-01-24T06:00:00+00:00,2026-01-26T10:00:00+00:00,2026-01-26T15:00:00+05:00,48,46.0,17e73a2c97c7d41ee0ebf2670e5869c4728177a1265c49b08c2af905b780358d,0.6716666666666667,8.55,8.77,8.95,59.0,1.4,956.8,0.49999999999999994,-0.8660254037844387,0.4324994021339788,0.901634220265486
validation_selection,2026-01-25T12:00:00+00:00,2026-01-25T06:00:00+00:00,2026-01-26T11:00:00+00:00,2026-01-26T16:00:00+05:00,24,23.0,3c2dbed24a2df294b7978d108355042f82b57c9590d8313077fbe8ccb9091d45,0.6133333333333333,7.76,7.96,8.13,64.0,0.3,956.5,0.258819045102521,-0.9659258262890682,0.4324994021339788,0.901634220265486
validation_selection,2026-01-24T12:00:00+00:00,2026-01-24T06:00:00+00:00,2026-01-26T11:00:00+00:00,2026-01-26T16:00:00+05:00,48,47.0,17e73a2c97c7d41ee0ebf2670e5869c4728177a1265c49b08c2af905b780358d,0.6133333333333333,7.85,8.05,8.22,63.0,0.4,956.8,0.258819045102521,-0.9659258262890682,0.4324994021339788,0.901634220265486
validation_selection,2026-01-25T12:00:00+00:00,2026-01-25T06:00:00+00:00,2026-01-26T12:00:00+00:00,2026-01-26T17:00:00+05:00,24,24.0,3c2dbed24a2df294b7978d108355042f82b57c9590d8313077fbe8ccb9091d45,0.39999999999999997,6.96,7.14,7.29,69.0,-2.0,955.9,1.2246467991473532e-16,-1.0,0.4324994021339788,0.901634220265486
validation_selection,2026-01-24T12:00:00+00:00,2026-01-24T06:00:00+00:00,2026-01-26T12:00:00+00:00,2026-01-26T17:00:00+05:00,48,48.0,17e73a2c97c7d41ee0ebf2670e5869c4728177a1265c49b08c2af905b780358d,0.39999999999999997,7.0,7.18,7.33,68.0,-2.0,956.5,1.2246467991473532e-16,-1.0,0.4324994021339788,0.901634220265486
validation_selection,2026-01-25T12:00:00+00:00,2026-01-25T06:00:00+00:00,2026-01-26T13:00:00+00:00,2026-01-26T18:00:00+05:00,24,25.0,3c2dbed24a2df294b7978d108355042f82b57c9590d8313077fbe8ccb9091d45,0.5,6.55,6.72,6.86,70.0,-3.9,955.4,-0.2588190451025208,-0.9659258262890683,0.4324994021339788,0.901634220265486
validation_selection,2026-01-24T12:00:00+00:00,2026-01-24T06:00:00+00:00,2026-01-26T13:00:00+00:00,2026-01-26T18:00:00+05:00,48,49.0,17e73a2c97c7d41ee0ebf2670e5869c4728177a1265c49b08c2af905b780358d,0.5,6.45,6.62,6.76,68.0,-3.7,956.2,-0.2588190451025208,-0.9659258262890683,0.4324994021339788,0.901634220265486
validation_selection,2026-01-25T12:00:00+00:00,2026-01-25T06:00:00+00:00,2026-01-26T14:00:00+00:00,2026-01-26T19:00:00+05:00,24,26.0,3c2dbed24a2df294b7978d108355042f82b57c9590d8313077fbe8ccb9091d45,0.775,6.96,7.14,7.29,66.0,-4.6,954.9,-0.4999999999999997,-0.8660254037844388,0.4324994021339788,0.901634220265486
validation_selection,2026-01-24T12:00:00+00:00,2026-01-24T06:00:00+00:00,2026-01-26T14:00:00+00:00,2026-01-26T19:00:00+05:00,48,50.0,17e73a2c97c7d41ee0ebf2670e5869c4728177a1265c49b08c2af905b780358d,0.775,6.53,6.7,6.84,68.0,-4.4,956.0,-0.4999999999999997,-0.8660254037844388,0.4324994021339788,0.901634220265486
validation_selection,2026-01-25T18:00:00+00:00,2026-01-25T12:00:00+00:00,2026-01-26T15:00:00+00:00,2026-01-26T20:00:00+05:00,24,21.0,3bb9e152016e04ecda400495a8a5364a77f6eccc3ad1e18b17c1d2abd7ac7f2b,0.29833333333333334,7.28,7.47,7.62,65.0,-4.7,955.2,-0.7071067811865471,-0.7071067811865479,0.4324994021339788,0.901634220265486
validation_selection,2026-01-24T18:00:00+00:00,2026-01-24T12:00:00+00:00,2026-01-26T15:00:00+00:00,2026-01-26T20:00:00+05:00,48,45.0,8701f89ee8bcd01b065b33eea1f963c67c9d930d658ee3848d76ca9ce0d315c6,0.29833333333333334,6.87,7.05,7.2,66.0,-4.9,954.9,-0.7071067811865471,-0.7071067811865479,0.4324994021339788,0.901634220265486
validation_selection,2026-01-25T18:00:00+00:00,2026-01-25T12:00:00+00:00,2026-01-26T16:00:00+00:00,2026-01-26T21:00:00+05:00,24,22.0,3bb9e152016e04ecda400495a8a5364a77f6eccc3ad1e18b17c1d2abd7ac7f2b,0.16833333333333333,7.58,7.78,7.94,63.0,-4.7,954.9,-0.8660254037844385,-0.5000000000000004,0.4324994021339788,0.901634220265486
validation_selection,2026-01-24T18:00:00+00:00,2026-01-24T12:00:00+00:00,2026-01-26T16:00:00+00:00,2026-01-26T21:00:00+05:00,48,46.0,8701f89ee8bcd01b065b33eea1f963c67c9d930d658ee3848d76ca9ce0d315c6,0.16833333333333333,6.78,6.96,7.1,65.0,-4.9,954.8,-0.8660254037844385,-0.5000000000000004,0.4324994021339788,0.901634220265486
validation_selection,2026-01-25T18:00:00+00:00,2026-01-25T12:00:00+00:00,2026-01-26T17:00:00+00:00,2026-01-26T22:00:00+05:00,24,23.0,3bb9e152016e04ecda400495a8a5364a77f6eccc3ad1e18b17c1d2abd7ac7f2b,0.6983333333333333,7.61,7.8,7.97,64.0,-5.0,954.6,-0.9659258262890683,-0.25881904510252063,0.4324994021339788,0.901634220265486
validation_selection,2026-01-24T18:00:00+00:00,2026-01-24T12:00:00+00:00,2026-01-26T17:00:00+00:00,2026-01-26T22:00:00+05:00,48,47.0,8701f89ee8bcd01b065b33eea1f963c67c9d930d658ee3848d76ca9ce0d315c6,0.6983333333333333,6.0,6.16,6.29,67.0,-5.0,954.5,-0.9659258262890683,-0.25881904510252063,0.4324994021339788,0.901634220265486
validation_selection,2026-01-25T18:00:00+00:00,2026-01-25T12:00:00+00:00,2026-01-26T18:00:00+00:00,2026-01-26T23:00:00+05:00,24,24.0,3bb9e152016e04ecda400495a8a5364a77f6eccc3ad1e18b17c1d2abd7ac7f2b,0.9,7.02,7.2,7.35,65.0,-5.2,954.1,-1.0,-1.8369701987210297e-16,0.4324994021339788,0.901634220265486
validation_selection,2026-01-24T18:00:00+00:00,2026-01-24T12:00:00+00:00,2026-01-26T18:00:00+00:00,2026-01-26T23:00:00+05:00,48,48.0,8701f89ee8bcd01b065b33eea1f963c67c9d930d658ee3848d76ca9ce0d315c6,0.9,5.09,5.22,5.33,67.0,-5.7,954.2,-1.0,-1.8369701987210297e-16,0.4324994021339788,0.901634220265486
validation_selection,2026-01-25T18:00:00+00:00,2026-01-25T12:00:00+00:00,2026-01-26T19:00:00+00:00,2026-01-27T00:00:00+05:00,24,25.0,3bb9e152016e04ecda400495a8a5364a77f6eccc3ad1e18b17c1d2abd7ac7f2b,0.65,6.09,6.24,6.37,66.0,-5.5,953.8,-0.9659258262890684,0.2588190451025203,0.4324994021339788,0.901634220265486
validation_selection,2026-01-24T18:00:00+00:00,2026-01-24T12:00:00+00:00,2026-01-26T19:00:00+00:00,2026-01-27T00:00:00+05:00,48,49.0,8701f89ee8bcd01b065b33eea1f963c67c9d930d658ee3848d76ca9ce0d315c6,0.65,4.26,4.37,4.46,70.0,-5.7,954.0,-0.9659258262890684,0.2588190451025203,0.4324994021339788,0.901634220265486
validation_selection,2026-01-25T18:00:00+00:00,2026-01-25T12:00:00+00:00,2026-01-26T20:00:00+00:00,2026-01-27T01:00:00+05:00,24,26.0,3bb9e152016e04ecda400495a8a5364a77f6eccc3ad1e18b17c1d2abd7ac7f2b,0.6233333333333334,5.28,5.41,5.52,65.0,-5.7,953.5,-0.8660254037844386,0.5000000000000001,0.4324994021339788,0.901634220265486
validation_selection,2026-01-24T18:00:00+00:00,2026-01-24T12:00:00+00:00,2026-01-26T20:00:00+00:00,2026-01-27T01:00:00+05:00,48,50.0,8701f89ee8bcd01b065b33eea1f963c67c9d930d658ee3848d76ca9ce0d315c6,0.6233333333333334,3.79,3.89,3.97,70.0,-6.6,953.4,-0.8660254037844386,0.5000000000000001,0.4324994021339788,0.901634220265486
validation_selection,2026-01-26T00:00:00+00:00,2026-01-25T18:00:00+00:00,2026-01-26T21:00:00+00:00,2026-01-27T02:00:00+05:00,24,21.0,b6f4f1a895934fc59bf8a81007f6adf5e924a6def25592e59e924c487f28f8ca,0.48,5.61,5.75,5.87,66.0,-5.7,953.2,-0.7071067811865477,0.7071067811865474,0.4324994021339788,0.901634220265486
validation_selection,2026-01-25T00:00:00+00:00,2026-01-24T18:00:00+00:00,2026-01-26T21:00:00+00:00,2026-01-27T02:00:00+05:00,48,45.0,571d7db2690529e081583d7998c6808580e442d2f5e00025347482b58e2654f0,0.48,3.24,3.32,3.39,69.0,-6.3,953.8,-0.7071067811865477,0.7071067811865474,0.4324994021339788,0.901634220265486
validation_selection,2026-01-26T00:00:00+00:00,2026-01-25T18:00:00+00:00,2026-01-26T22:00:00+00:00,2026-01-27T03:00:00+05:00,24,22.0,b6f4f1a895934fc59bf8a81007f6adf5e924a6def25592e59e924c487f28f8ca,0.935,4.78,4.9,5.0,65.0,-6.4,953.0,-0.5000000000000004,0.8660254037844384,0.4324994021339788,0.901634220265486
validation_selection,2026-01-25T00:00:00+00:00,2026-01-24T18:00:00+00:00,2026-01-26T22:00:00+00:00,2026-01-27T03:00:00+05:00,48,46.0,571d7db2690529e081583d7998c6808580e442d2f5e00025347482b58e2654f0,0.935,2.89,2.96,3.02,68.0,-6.3,953.4,-0.5000000000000004,0.8660254037844384,0.4324994021339788,0.901634220265486
validation_selection,2026-01-26T00:00:00+00:00,2026-01-25T18:00:00+00:00,2026-01-26T23:00:00+00:00,2026-01-27T04:00:00+05:00,24,23.0,b6f4f1a895934fc59bf8a81007f6adf5e924a6def25592e59e924c487f28f8ca,0.685,4.04,4.14,4.23,67.0,-6.3,953.2,-0.25881904510252157,0.9659258262890681,0.4324994021339788,0.901634220265486
validation_selection,2026-01-25T00:00:00+00:00,2026-01-24T18:00:00+00:00,2026-01-26T23:00:00+00:00,2026-01-27T04:00:00+05:00,48,47.0,571d7db2690529e081583d7998c6808580e442d2f5e00025347482b58e2654f0,0.685,1.8,1.85,1.89,71.0,-6.2,953.4,-0.25881904510252157,0.9659258262890681,0.4324994021339788,0.901634220265486
validation_selection,2026-01-26T00:00:00+00:00,2026-01-25T18:00:00+00:00,2026-01-27T00:00:00+00:00,2026-01-27T05:00:00+05:00,24,24.0,b6f4f1a895934fc59bf8a81007f6adf5e924a6def25592e59e924c487f28f8ca,0.4066666666666667,2.84,2.92,2.98,68.0,-6.5,953.6,0.0,1.0,0.44794493940789115,0.8940611451454876
validation_selection,2026-01-25T00:00:00+00:00,2026-01-24T18:00:00+00:00,2026-01-27T00:00:00+00:00,2026-01-27T05:00:00+05:00,48,48.0,571d7db2690529e081583d7998c6808580e442d2f5e00025347482b58e2654f0,0.4066666666666667,0.28,0.29,0.3,59.0,-6.1,954.0,0.0,1.0,0.44794493940789115,0.8940611451454876
validation_selection,2026-01-26T00:00:00+00:00,2026-01-25T18:00:00+00:00,2026-01-27T01:00:00+00:00,2026-01-27T06:00:00+05:00,24,25.0,b6f4f1a895934fc59bf8a81007f6adf5e924a6def25592e59e924c487f28f8ca,0.03166666666666667,1.52,1.56,1.59,84.0,-6.2,953.8,0.25881904510252074,0.9659258262890683,0.44794493940789115,0.8940611451454876
validation_selection,2026-01-25T00:00:00+00:00,2026-01-24T18:00:00+00:00,2026-01-27T01:00:00+00:00,2026-01-27T06:00:00+05:00,48,49.0,571d7db2690529e081583d7998c6808580e442d2f5e00025347482b58e2654f0,0.03166666666666667,0.64,0.65,0.67,266.0,-6.7,954.2,0.25881904510252074,0.9659258262890683,0.44794493940789115,0.8940611451454876
validation_selection,2026-01-26T00:00:00+00:00,2026-01-25T18:00:00+00:00,2026-01-27T02:00:00+00:00,2026-01-27T07:00:00+05:00,24,26.0,b6f4f1a895934fc59bf8a81007f6adf5e924a6def25592e59e924c487f28f8ca,0.013333333333333334,0.91,0.93,0.95,216.0,-6.2,954.3,0.49999999999999994,0.8660254037844387,0.44794493940789115,0.8940611451454876
validation_selection,2026-01-25T00:00:00+00:00,2026-01-24T18:00:00+00:00,2026-01-27T02:00:00+00:00,2026-01-27T07:00:00+05:00,48,50.0,571d7db2690529e081583d7998c6808580e442d2f5e00025347482b58e2654f0,0.013333333333333334,0.64,0.65,0.67,266.0,-5.8,954.6,0.49999999999999994,0.8660254037844387,0.44794493940789115,0.8940611451454876
validation_selection,2026-01-26T06:00:00+00:00,2026-01-26T00:00:00+00:00,2026-01-27T03:00:00+00:00,2026-01-27T08:00:00+05:00,24,21.0,83b83bad7b12b55b7ba9cfd3fc8c78e83574b9a8799cd6967dd6ce606aef9a58,0.01,0.64,0.66,0.67,81.0,-5.5,954.8,0.7071067811865476,0.7071067811865476,0.44794493940789115,0.8940611451454876
validation_selection,2026-01-25T06:00:00+00:00,2026-01-25T00:00:00+00:00,2026-01-27T03:00:00+00:00,2026-01-27T08:00:00+05:00,48,45.0,f53f6c847b8d2a9f19f9b3bb28624be9a36b3ee46aa295a2a211a86c727bb7ec,0.01,1.33,1.36,1.39,242.0,-4.3,955.1,0.7071067811865476,0.7071067811865476,0.44794493940789115,0.8940611451454876
validation_selection,2026-01-26T06:00:00+00:00,2026-01-26T00:00:00+00:00,2026-01-27T04:00:00+00:00,2026-01-27T09:00:00+05:00,24,22.0,83b83bad7b12b55b7ba9cfd3fc8c78e83574b9a8799cd6967dd6ce606aef9a58,0.01,0.22,0.22,0.23,243.0,-2.8,955.8,0.8660254037844386,0.5000000000000001,0.44794493940789115,0.8940611451454876
validation_selection,2026-01-25T06:00:00+00:00,2026-01-25T00:00:00+00:00,2026-01-27T04:00:00+00:00,2026-01-27T09:00:00+05:00,48,46.0,f53f6c847b8d2a9f19f9b3bb28624be9a36b3ee46aa295a2a211a86c727bb7ec,0.01,1.19,1.22,1.24,251.0,-2.2,955.4,0.8660254037844386,0.5000000000000001,0.44794493940789115,0.8940611451454876
validation_selection,2026-01-26T06:00:00+00:00,2026-01-26T00:00:00+00:00,2026-01-27T05:00:00+00:00,2026-01-27T10:00:00+05:00,24,23.0,83b83bad7b12b55b7ba9cfd3fc8c78e83574b9a8799cd6967dd6ce606aef9a58,0.01,0.73,0.75,0.77,233.0,-1.2,956.1,0.9659258262890683,0.25881904510252074,0.44794493940789115,0.8940611451454876
validation_selection,2026-01-25T06:00:00+00:00,2026-01-25T00:00:00+00:00,2026-01-27T05:00:00+00:00,2026-01-27T10:00:00+05:00,48,47.0,f53f6c847b8d2a9f19f9b3bb28624be9a36b3ee46aa295a2a211a86c727bb7ec,0.01,1.32,1.35,1.38,274.0,-1.0,955.6,0.9659258262890683,0.25881904510252074,0.44794493940789115,0.8940611451454876
validation_selection,2026-01-26T06:00:00+00:00,2026-01-26T00:00:00+00:00,2026-01-27T06:00:00+00:00,2026-01-27T11:00:00+05:00,24,24.0,83b83bad7b12b55b7ba9cfd3fc8c78e83574b9a8799cd6967dd6ce606aef9a58,0.01,0.5,0.51,0.52,281.0,0.4,955.8,1.0,6.123233995736766e-17,0.44794493940789115,0.8940611451454876
validation_selection,2026-01-25T06:00:00+00:00,2026-01-25T00:00:00+00:00,2026-01-27T06:00:00+00:00,2026-01-27T11:00:00+05:00,48,48.0,f53f6c847b8d2a9f19f9b3bb28624be9a36b3ee46aa295a2a211a86c727bb7ec,0.01,0.97,0.99,1.01,311.0,-0.4,955.5,1.0,6.123233995736766e-17,0.44794493940789115,0.8940611451454876
validation_selection,2026-01-26T06:00:00+00:00,2026-01-26T00:00:00+00:00,2026-01-27T07:00:00+00:00,2026-01-27T12:00:00+05:00,24,25.0,83b83bad7b12b55b7ba9cfd3fc8c78e83574b9a8799cd6967dd6ce606aef9a58,0.01,0.61,0.63,0.64,299.0,1.1,954.8,0.9659258262890683,-0.25881904510252063,0.44794493940789115,0.8940611451454876
validation_selection,2026-01-25T06:00:00+00:00,2026-01-25T00:00:00+00:00,2026-01-27T07:00:00+00:00,2026-01-27T12:00:00+05:00,48,49.0,f53f6c847b8d2a9f19f9b3bb28624be9a36b3ee46aa295a2a211a86c727bb7ec,0.01,0.88,0.9,0.92,289.0,0.8,954.9,0.9659258262890683,-0.25881904510252063,0.44794493940789115,0.8940611451454876
validation_selection,2026-01-26T06:00:00+00:00,2026-01-26T00:00:00+00:00,2026-01-27T08:00:00+00:00,2026-01-27T13:00:00+05:00,24,26.0,83b83bad7b12b55b7ba9cfd3fc8c78e83574b9a8799cd6967dd6ce606aef9a58,0.01,0.79,0.81,0.83,313.0,2.5,954.1,0.8660254037844387,-0.4999999999999998,0.44794493940789115,0.8940611451454876
validation_selection,2026-01-25T06:00:00+00:00,2026-01-25T00:00:00+00:00,2026-01-27T08:00:00+00:00,2026-01-27T13:00:00+05:00,48,50.0,f53f6c847b8d2a9f19f9b3bb28624be9a36b3ee46aa295a2a211a86c727bb7ec,0.01,1.08,1.11,1.13,306.0,1.7,954.3,0.8660254037844387,-0.4999999999999998,0.44794493940789115,0.8940611451454876
validation_selection,2026-01-26T12:00:00+00:00,2026-01-26T06:00:00+00:00,2026-01-27T09:00:00+00:00,2026-01-27T14:00:00+05:00,24,21.0,1d08494321cd4f1a5273ed0b78ed4b7824b560fc364ba4e5578aed48d9e0acd2,0.01,0.18,0.18,0.18,34.0,3.0,953.5,0.7071067811865476,-0.7071067811865475,0.44794493940789115,0.8940611451454876
validation_selection,2026-01-25T12:00:00+00:00,2026-01-25T06:00:00+00:00,2026-01-27T09:00:00+00:00,2026-01-27T14:00:00+05:00,48,45.0,3c2dbed24a2df294b7978d108355042f82b57c9590d8313077fbe8ccb9091d45,0.01,0.99,1.02,1.04,349.0,2.4,953.1,0.7071067811865476,-0.7071067811865475,0.44794493940789115,0.8940611451454876
validation_selection,2026-01-26T12:00:00+00:00,2026-01-26T06:00:00+00:00,2026-01-27T10:00:00+00:00,2026-01-27T15:00:00+05:00,24,22.0,1d08494321cd4f1a5273ed0b78ed4b7824b560fc364ba4e5578aed48d9e0acd2,0.01,0.39,0.4,0.41,330.0,2.8,953.3,0.49999999999999994,-0.8660254037844387,0.44794493940789115,0.8940611451454876
validation_selection,2026-01-25T12:00:00+00:00,2026-01-25T06:00:00+00:00,2026-01-27T10:00:00+00:00,2026-01-27T15:00:00+05:00,48,46.0,3c2dbed24a2df294b7978d108355042f82b57c9590d8313077fbe8ccb9091d45,0.01,0.21,0.21,0.22,45.0,2.3,953.1,0.49999999999999994,-0.8660254037844387,0.44794493940789115,0.8940611451454876
validation_selection,2026-01-26T12:00:00+00:00,2026-01-26T06:00:00+00:00,2026-01-27T11:00:00+00:00,2026-01-27T16:00:00+05:00,24,23.0,1d08494321cd4f1a5273ed0b78ed4b7824b560fc364ba4e5578aed48d9e0acd2,0.01,0.96,0.99,1.01,300.0,0.6,952.9,0.258819045102521,-0.9659258262890682,0.44794493940789115,0.8940611451454876
validation_selection,2026-01-25T12:00:00+00:00,2026-01-25T06:00:00+00:00,2026-01-27T11:00:00+00:00,2026-01-27T16:00:00+05:00,48,47.0,3c2dbed24a2df294b7978d108355042f82b57c9590d8313077fbe8ccb9091d45,0.01,0.64,0.65,0.67,238.0,0.6,952.7,0.258819045102521,-0.9659258262890682,0.44794493940789115,0.8940611451454876
validation_selection,2026-01-26T12:00:00+00:00,2026-01-26T06:00:00+00:00,2026-01-27T12:00:00+00:00,2026-01-27T17:00:00+05:00,24,24.0,1d08494321cd4f1a5273ed0b78ed4b7824b560fc364ba4e5578aed48d9e0acd2,0.01,1.22,1.25,1.28,265.0,-1.0,952.6,1.2246467991473532e-16,-1.0,0.44794493940789115,0.8940611451454876
validation_selection,2026-01-25T12:00:00+00:00,2026-01-25T06:00:00+00:00,2026-01-27T12:00:00+00:00,2026-01-27T17:00:00+05:00,48,48.0,3c2dbed24a2df294b7978d108355042f82b57c9590d8313077fbe8ccb9091d45,0.01,0.68,0.69,0.71,300.0,-0.8,952.5,1.2246467991473532e-16,-1.0,0.44794493940789115,0.8940611451454876
validation_selection,2026-01-26T12:00:00+00:00,2026-01-26T06:00:00+00:00,2026-01-27T13:00:00+00:00,2026-01-27T18:00:00+05:00,24,25.0,1d08494321cd4f1a5273ed0b78ed4b7824b560fc364ba4e5578aed48d9e0acd2,0.01,1.9,1.95,1.99,241.0,-1.3,953.0,-0.2588190451025208,-0.9659258262890683,0.44794493940789115,0.8940611451454876
validation_selection,2026-01-25T12:00:00+00:00,2026-01-25T06:00:00+00:00,2026-01-27T13:00:00+00:00,2026-01-27T18:00:00+05:00,48,49.0,3c2dbed24a2df294b7978d108355042f82b57c9590d8313077fbe8ccb9091d45,0.01,0.59,0.61,0.62,189.0,-1.7,952.7,-0.2588190451025208,-0.9659258262890683,0.44794493940789115,0.8940611451454876
validation_selection,2026-01-26T12:00:00+00:00,2026-01-26T06:00:00+00:00,2026-01-27T14:00:00+00:00,2026-01-27T19:00:00+05:00,24,26.0,1d08494321cd4f1a5273ed0b78ed4b7824b560fc364ba4e5578aed48d9e0acd2,0.01,2.36,2.42,2.47,248.0,-1.0,953.0,-0.4999999999999997,-0.8660254037844388,0.44794493940789115,0.8940611451454876
validation_selection,2026-01-25T12:00:00+00:00,2026-01-25T06:00:00+00:00,2026-01-27T14:00:00+00:00,2026-01-27T19:00:00+05:00,48,50.0,3c2dbed24a2df294b7978d108355042f82b57c9590d8313077fbe8ccb9091d45,0.01,1.1,1.13,1.15,225.0,-0.8,952.6,-0.4999999999999997,-0.8660254037844388,0.44794493940789115,0.8940611451454876
validation_selection,2026-01-26T18:00:00+00:00,2026-01-26T12:00:00+00:00,2026-01-27T15:00:00+00:00,2026-01-27T20:00:00+05:00,24,21.0,585890945fe4681cb8c392eaaa9eac6db179f3e64b3f756bf8b3ef656ceff345,0.016666666666666666,4.34,4.45,4.54,243.0,-0.5,953.1,-0.7071067811865471,-0.7071067811865479,0.44794493940789115,0.8940611451454876
validation_selection,2026-01-25T18:00:00+00:00,2026-01-25T12:00:00+00:00,2026-01-27T15:00:00+00:00,2026-01-27T20:00:00+05:00,48,45.0,3bb9e152016e04ecda400495a8a5364a77f6eccc3ad1e18b17c1d2abd7ac7f2b,0.016666666666666666,1.64,1.69,1.72,258.0,-0.9,952.8,-0.7071067811865471,-0.7071067811865479,0.44794493940789115,0.8940611451454876
validation_selection,2026-01-26T18:00:00+00:00,2026-01-26T12:00:00+00:00,2026-01-27T16:00:00+00:00,2026-01-27T21:00:00+05:00,24,22.0,585890945fe4681cb8c392eaaa9eac6db179f3e64b3f756bf8b3ef656ceff345,0.008333333333333333,4.41,4.52,4.61,241.0,-0.9,953.0,-0.8660254037844385,-0.5000000000000004,0.44794493940789115,0.8940611451454876
validation_selection,2026-01-25T18:00:00+00:00,2026-01-25T12:00:00+00:00,2026-01-27T16:00:00+00:00,2026-01-27T21:00:00+05:00,48,46.0,3bb9e152016e04ecda400495a8a5364a77f6eccc3ad1e18b17c1d2abd7ac7f2b,0.008333333333333333,1.81,1.86,1.9,246.0,-1.1,952.6,-0.8660254037844385,-0.5000000000000004,0.44794493940789115,0.8940611451454876
validation_selection,2026-01-26T18:00:00+00:00,2026-01-26T12:00:00+00:00,2026-01-27T17:00:00+00:00,2026-01-27T22:00:00+05:00,24,23.0,585890945fe4681cb8c392eaaa9eac6db179f3e64b3f756bf8b3ef656ceff345,0.01,4.05,4.15,4.24,239.0,-1.4,952.7,-0.9659258262890683,-0.25881904510252063,0.44794493940789115,0.8940611451454876
validation_selection,2026-01-25T18:00:00+00:00,2026-01-25T12:00:00+00:00,2026-01-27T17:00:00+00:00,2026-01-27T22:00:00+05:00,48,47.0,3bb9e152016e04ecda400495a8a5364a77f6eccc3ad1e18b17c1d2abd7ac7f2b,0.01,1.87,1.92,1.96,242.0,-1.6,952.5,-0.9659258262890683,-0.25881904510252063,0.44794493940789115,0.8940611451454876
validation_selection,2026-01-26T18:00:00+00:00,2026-01-26T12:00:00+00:00,2026-01-27T18:00:00+00:00,2026-01-27T23:00:00+05:00,24,24.0,585890945fe4681cb8c392eaaa9eac6db179f3e64b3f756bf8b3ef656ceff345,0.01,3.99,4.09,4.18,242.0,-0.5,952.8,-1.0,-1.8369701987210297e-16,0.44794493940789115,0.8940611451454876
validation_selection,2026-01-25T18:00:00+00:00,2026-01-25T12:00:00+00:00,2026-01-27T18:00:00+00:00,2026-01-27T23:00:00+05:00,48,48.0,3bb9e152016e04ecda400495a8a5364a77f6eccc3ad1e18b17c1d2abd7ac7f2b,0.01,2.39,2.45,2.5,272.0,-2.6,952.5,-1.0,-1.8369701987210297e-16,0.44794493940789115,0.8940611451454876
validation_selection,2026-01-26T18:00:00+00:00,2026-01-26T12:00:00+00:00,2026-01-27T19:00:00+00:00,2026-01-28T00:00:00+05:00,24,25.0,585890945fe4681cb8c392eaaa9eac6db179f3e64b3f756bf8b3ef656ceff345,0.01,3.99,4.1,4.18,246.0,-0.6,952.7,-0.9659258262890684,0.2588190451025203,0.44794493940789115,0.8940611451454876
validation_selection,2026-01-25T18:00:00+00:00,2026-01-25T12:00:00+00:00,2026-01-27T19:00:00+00:00,2026-01-28T00:00:00+05:00,48,49.0,3bb9e152016e04ecda400495a8a5364a77f6eccc3ad1e18b17c1d2abd7ac7f2b,0.01,2.13,2.18,2.23,254.0,-2.7,952.8,-0.9659258262890684,0.2588190451025203,0.44794493940789115,0.8940611451454876
validation_selection,2026-01-26T18:00:00+00:00,2026-01-26T12:00:00+00:00,2026-01-27T20:00:00+00:00,2026-01-28T01:00:00+05:00,24,26.0,585890945fe4681cb8c392eaaa9eac6db179f3e64b3f756bf8b3ef656ceff345,0.01,4.15,4.26,4.35,254.0,-0.7,952.8,-0.8660254037844386,0.5000000000000001,0.44794493940789115,0.8940611451454876
validation_selection,2026-01-25T18:00:00+00:00,2026-01-25T12:00:00+00:00,2026-01-27T20:00:00+00:00,2026-01-28T01:00:00+05:00,48,50.0,3bb9e152016e04ecda400495a8a5364a77f6eccc3ad1e18b17c1d2abd7ac7f2b,0.01,2.38,2.44,2.49,247.0,-2.2,953.0,-0.8660254037844386,0.5000000000000001,0.44794493940789115,0.8940611451454876
validation_selection,2026-01-27T00:00:00+00:00,2026-01-26T18:00:00+00:00,2026-01-27T21:00:00+00:00,2026-01-28T02:00:00+05:00,24,21.0,047d6217c3efa293576cd8bb13c227286f0cc70dec3e762db8894988e69875b0,0.01,4.63,4.75,4.84,258.0,-1.4,953.6,-0.7071067811865477,0.7071067811865474,0.44794493940789115,0.8940611451454876
validation_selection,2026-01-26T00:00:00+00:00,2026-01-25T18:00:00+00:00,2026-01-27T21:00:00+00:00,2026-01-28T02:00:00+05:00,48,45.0,b6f4f1a895934fc59bf8a81007f6adf5e924a6def25592e59e924c487f28f8ca,0.01,4.04,4.14,4.23,262.0,-3.4,953.3,-0.7071067811865477,0.7071067811865474,0.44794493940789115,0.8940611451454876
validation_selection,2026-01-27T00:00:00+00:00,2026-01-26T18:00:00+00:00,2026-01-27T22:00:00+00:00,2026-01-28T03:00:00+05:00,24,22.0,047d6217c3efa293576cd8bb13c227286f0cc70dec3e762db8894988e69875b0,0.01,4.76,4.88,4.98,246.0,-1.2,953.9,-0.5000000000000004,0.8660254037844384,0.44794493940789115,0.8940611451454876
validation_selection,2026-01-26T00:00:00+00:00,2026-01-25T18:00:00+00:00,2026-01-27T22:00:00+00:00,2026-01-28T03:00:00+05:00,48,46.0,b6f4f1a895934fc59bf8a81007f6adf5e924a6def25592e59e924c487f28f8ca,0.01,4.55,4.67,4.77,254.0,-3.9,953.2,-0.5000000000000004,0.8660254037844384,0.44794493940789115,0.8940611451454876
validation_selection,2026-01-27T00:00:00+00:00,2026-01-26T18:00:00+00:00,2026-01-27T23:00:00+00:00,2026-01-28T04:00:00+05:00,24,23.0,047d6217c3efa293576cd8bb13c227286f0cc70dec3e762db8894988e69875b0,0.01,5.04,5.17,5.28,247.0,-1.5,954.2,-0.25881904510252157,0.9659258262890681,0.44794493940789115,0.8940611451454876
validation_selection,2026-01-26T00:00:00+00:00,2026-01-25T18:00:00+00:00,2026-01-27T23:00:00+00:00,2026-01-28T04:00:00+05:00,48,47.0,b6f4f1a895934fc59bf8a81007f6adf5e924a6def25592e59e924c487f28f8ca,0.01,5.46,5.6,5.72,250.0,-4.1,953.8,-0.25881904510252157,0.9659258262890681,0.44794493940789115,0.8940611451454876
validation_selection,2026-01-27T00:00:00+00:00,2026-01-26T18:00:00+00:00,2026-01-28T00:00:00+00:00,2026-01-28T05:00:00+05:00,24,24.0,047d6217c3efa293576cd8bb13c227286f0cc70dec3e762db8894988e69875b0,0.01,5.08,5.21,5.32,246.0,-1.8,954.6,0.0,1.0,0.4632579225674917,0.88622350294858
validation_selection,2026-01-26T00:00:00+00:00,2026-01-25T18:00:00+00:00,2026-01-28T00:00:00+00:00,2026-01-28T05:00:00+05:00,48,48.0,b6f4f1a895934fc59bf8a81007f6adf5e924a6def25592e59e924c487f28f8ca,0.01,5.46,5.6,5.72,247.0,-5.2,954.0,0.0,1.0,0.4632579225674917,0.88622350294858
validation_selection,2026-01-27T00:00:00+00:00,2026-01-26T18:00:00+00:00,2026-01-28T01:00:00+00:00,2026-01-28T06:00:00+05:00,24,25.0,047d6217c3efa293576cd8bb13c227286f0cc70dec3e762db8894988e69875b0,0.01,5.47,5.61,5.73,243.0,-1.6,955.3,0.25881904510252074,0.9659258262890683,0.4632579225674917,0.88622350294858
validation_selection,2026-01-26T00:00:00+00:00,2026-01-25T18:00:00+00:00,2026-01-28T01:00:00+00:00,2026-01-28T06:00:00+05:00,48,49.0,b6f4f1a895934fc59bf8a81007f6adf5e924a6def25592e59e924c487f28f8ca,0.01,4.18,4.29,4.37,253.0,-4.2,954.7,0.25881904510252074,0.9659258262890683,0.4632579225674917,0.88622350294858
validation_selection,2026-01-27T00:00:00+00:00,2026-01-26T18:00:00+00:00,2026-01-28T02:00:00+00:00,2026-01-28T07:00:00+05:00,24,26.0,047d6217c3efa293576cd8bb13c227286f0cc70dec3e762db8894988e69875b0,0.03666666666666667,5.32,5.46,5.57,233.0,-1.7,955.8,0.49999999999999994,0.8660254037844387,0.4632579225674917,0.88622350294858
validation_selection,2026-01-26T00:00:00+00:00,2026-01-25T18:00:00+00:00,2026-01-28T02:00:00+00:00,2026-01-28T07:00:00+05:00,48,50.0,b6f4f1a895934fc59bf8a81007f6adf5e924a6def25592e59e924c487f28f8ca,0.03666666666666667,4.39,4.51,4.6,251.0,-4.3,955.2,0.49999999999999994,0.8660254037844387,0.4632579225674917,0.88622350294858
validation_selection,2026-01-27T06:00:00+00:00,2026-01-27T00:00:00+00:00,2026-01-28T03:00:00+00:00,2026-01-28T08:00:00+05:00,24,21.0,be600a30ac2635dfaac4574558f250d0ad1b319c1820593f0d57db7e4eb9f746,0.04,4.15,4.26,4.35,239.0,-1.2,955.7,0.7071067811865476,0.7071067811865476,0.4632579225674917,0.88622350294858
validation_selection,2026-01-26T06:00:00+00:00,2026-01-26T00:00:00+00:00,2026-01-28T03:00:00+00:00,2026-01-28T08:00:00+05:00,48,45.0,83b83bad7b12b55b7ba9cfd3fc8c78e83574b9a8799cd6967dd6ce606aef9a58,0.04,5.69,5.84,5.96,245.0,-2.6,956.3,0.7071067811865476,0.7071067811865476,0.4632579225674917,0.88622350294858
validation_selection,2026-01-27T06:00:00+00:00,2026-01-27T00:00:00+00:00,2026-01-28T04:00:00+00:00,2026-01-28T09:00:00+05:00,24,22.0,be600a30ac2635dfaac4574558f250d0ad1b319c1820593f0d57db7e4eb9f746,0.01,3.67,3.77,3.85,248.0,0.3,956.4,0.8660254037844386,0.5000000000000001,0.4632579225674917,0.88622350294858
validation_selection,2026-01-26T06:00:00+00:00,2026-01-26T00:00:00+00:00,2026-01-28T04:00:00+00:00,2026-01-28T09:00:00+05:00,48,46.0,83b83bad7b12b55b7ba9cfd3fc8c78e83574b9a8799cd6967dd6ce606aef9a58,0.01,5.04,5.17,5.28,247.0,-0.9,956.9,0.8660254037844386,0.5000000000000001,0.4632579225674917,0.88622350294858
validation_selection,2026-01-27T06:00:00+00:00,2026-01-27T00:00:00+00:00,2026-01-28T05:00:00+00:00,2026-01-28T10:00:00+05:00,24,23.0,be600a30ac2635dfaac4574558f250d0ad1b319c1820593f0d57db7e4eb9f746,0.01,2.56,2.63,2.69,261.0,0.8,956.8,0.9659258262890683,0.25881904510252074,0.4632579225674917,0.88622350294858
validation_selection,2026-01-26T06:00:00+00:00,2026-01-26T00:00:00+00:00,2026-01-28T05:00:00+00:00,2026-01-28T10:00:00+05:00,48,47.0,83b83bad7b12b55b7ba9cfd3fc8c78e83574b9a8799cd6967dd6ce606aef9a58,0.01,3.29,3.37,3.44,249.0,0.6,957.3,0.9659258262890683,0.25881904510252074,0.4632579225674917,0.88622350294858
validation_selection,2026-01-27T06:00:00+00:00,2026-01-27T00:00:00+00:00,2026-01-28T06:00:00+00:00,2026-01-28T11:00:00+05:00,24,24.0,be600a30ac2635dfaac4574558f250d0ad1b319c1820593f0d57db7e4eb9f746,0.01,1.8,1.85,1.89,270.0,1.8,956.9,1.0,6.123233995736766e-17,0.4632579225674917,0.88622350294858
validation_selection,2026-01-26T06:00:00+00:00,2026-01-26T00:00:00+00:00,2026-01-28T06:00:00+00:00,2026-01-28T11:00:00+05:00,48,48.0,83b83bad7b12b55b7ba9cfd3fc8c78e83574b9a8799cd6967dd6ce606aef9a58,0.01,2.24,2.3,2.35,236.0,1.8,956.9,1.0,6.123233995736766e-17,0.4632579225674917,0.88622350294858
validation_selection,2026-01-27T06:00:00+00:00,2026-01-27T00:00:00+00:00,2026-01-28T07:00:00+00:00,2026-01-28T12:00:00+05:00,24,25.0,be600a30ac2635dfaac4574558f250d0ad1b319c1820593f0d57db7e4eb9f746,0.01,1.03,1.06,1.08,262.0,2.4,956.6,0.9659258262890683,-0.25881904510252063,0.4632579225674917,0.88622350294858
validation_selection,2026-01-26T06:00:00+00:00,2026-01-26T00:00:00+00:00,2026-01-28T07:00:00+00:00,2026-01-28T12:00:00+05:00,48,49.0,83b83bad7b12b55b7ba9cfd3fc8c78e83574b9a8799cd6967dd6ce606aef9a58,0.01,1.99,2.04,2.08,287.0,2.6,956.6,0.9659258262890683,-0.25881904510252063,0.4632579225674917,0.88622350294858
validation_selection,2026-01-27T06:00:00+00:00,2026-01-27T00:00:00+00:00,2026-01-28T08:00:00+00:00,2026-01-28T13:00:00+05:00,24,26.0,be600a30ac2635dfaac4574558f250d0ad1b319c1820593f0d57db7e4eb9f746,0.01,0.31,0.32,0.33,39.0,2.3,956.1,0.8660254037844387,-0.4999999999999998,0.4632579225674917,0.88622350294858
validation_selection,2026-01-26T06:00:00+00:00,2026-01-26T00:00:00+00:00,2026-01-28T08:00:00+00:00,2026-01-28T13:00:00+05:00,48,50.0,83b83bad7b12b55b7ba9cfd3fc8c78e83574b9a8799cd6967dd6ce606aef9a58,0.01,1.62,1.66,1.7,327.0,2.4,956.4,0.8660254037844387,-0.4999999999999998,0.4632579225674917,0.88622350294858
validation_selection,2026-01-27T12:00:00+00:00,2026-01-27T06:00:00+00:00,2026-01-28T09:00:00+00:00,2026-01-28T14:00:00+05:00,24,21.0,c092096077677e0116461ac764a0bd74a7068a5d3ec517816b6524e5f0132e46,0.01,1.52,1.56,1.6,277.0,2.1,956.4,0.7071067811865476,-0.7071067811865475,0.4632579225674917,0.88622350294858
validation_selection,2026-01-26T12:00:00+00:00,2026-01-26T06:00:00+00:00,2026-01-28T09:00:00+00:00,2026-01-28T14:00:00+05:00,48,45.0,1d08494321cd4f1a5273ed0b78ed4b7824b560fc364ba4e5578aed48d9e0acd2,0.01,1.1,1.12,1.15,302.0,2.5,956.5,0.7071067811865476,-0.7071067811865475,0.4632579225674917,0.88622350294858
validation_selection,2026-01-27T12:00:00+00:00,2026-01-27T06:00:00+00:00,2026-01-28T10:00:00+00:00,2026-01-28T15:00:00+05:00,24,22.0,c092096077677e0116461ac764a0bd74a7068a5d3ec517816b6524e5f0132e46,0.01,0.24,0.25,0.26,53.0,1.9,956.9,0.49999999999999994,-0.8660254037844387,0.4632579225674917,0.88622350294858
validation_selection,2026-01-26T12:00:00+00:00,2026-01-26T06:00:00+00:00,2026-01-28T10:00:00+00:00,2026-01-28T15:00:00+05:00,48,46.0,1d08494321cd4f1a5273ed0b78ed4b7824b560fc364ba4e5578aed48d9e0acd2,0.01,1.17,1.2,1.23,17.0,2.2,956.8,0.49999999999999994,-0.8660254037844387,0.4632579225674917,0.88622350294858
validation_selection,2026-01-27T12:00:00+00:00,2026-01-27T06:00:00+00:00,2026-01-28T11:00:00+00:00,2026-01-28T16:00:00+05:00,24,23.0,c092096077677e0116461ac764a0bd74a7068a5d3ec517816b6524e5f0132e46,0.01,1.33,1.36,1.39,98.0,0.9,957.0,0.258819045102521,-0.9659258262890682,0.4632579225674917,0.88622350294858
validation_selection,2026-01-26T12:00:00+00:00,2026-01-26T06:00:00+00:00,2026-01-28T11:00:00+00:00,2026-01-28T16:00:00+05:00,48,47.0,1d08494321cd4f1a5273ed0b78ed4b7824b560fc364ba4e5578aed48d9e0acd2,0.01,1.67,1.71,1.75,52.0,0.7,957.0,0.258819045102521,-0.9659258262890682,0.4632579225674917,0.88622350294858
validation_selection,2026-01-27T12:00:00+00:00,2026-01-27T06:00:00+00:00,2026-01-28T12:00:00+00:00,2026-01-28T17:00:00+05:00,24,24.0,c092096077677e0116461ac764a0bd74a7068a5d3ec517816b6524e5f0132e46,0.07833333333333334,2.81,2.88,2.94,73.0,-0.6,957.3,1.2246467991473532e-16,-1.0,0.4632579225674917,0.88622350294858
validation_selection,2026-01-26T12:00:00+00:00,2026-01-26T06:00:00+00:00,2026-01-28T12:00:00+00:00,2026-01-28T17:00:00+05:00,48,48.0,1d08494321cd4f1a5273ed0b78ed4b7824b560fc364ba4e5578aed48d9e0acd2,0.07833333333333334,3.36,3.45,3.52,66.0,-1.4,956.9,1.2246467991473532e-16,-1.0,0.4632579225674917,0.88622350294858
validation_selection,2026-01-27T12:00:00+00:00,2026-01-27T06:00:00+00:00,2026-01-28T13:00:00+00:00,2026-01-28T18:00:00+05:00,24,25.0,c092096077677e0116461ac764a0bd74a7068a5d3ec517816b6524e5f0132e46,0.17166666666666666,5.52,5.67,5.78,74.0,-1.0,957.9,-0.2588190451025208,-0.9659258262890683,0.4632579225674917,0.88622350294858
validation_selection,2026-01-26T12:00:00+00:00,2026-01-26T06:00:00+00:00,2026-01-28T13:00:00+00:00,2026-01-28T18:00:00+05:00,48,49.0,1d08494321cd4f1a5273ed0b78ed4b7824b560fc364ba4e5578aed48d9e0acd2,0.17166666666666666,5.17,5.3,5.41,62.0,-2.7,957.4,-0.2588190451025208,-0.9659258262890683,0.4632579225674917,0.88622350294858
validation_selection,2026-01-27T12:00:00+00:00,2026-01-27T06:00:00+00:00,2026-01-28T14:00:00+00:00,2026-01-28T19:00:00+05:00,24,26.0,c092096077677e0116461ac764a0bd74a7068a5d3ec517816b6524e5f0132e46,0.49500000000000005,6.59,6.76,6.9,66.0,-1.9,958.1,-0.4999999999999997,-0.8660254037844388,0.4632579225674917,0.88622350294858
validation_selection,2026-01-26T12:00:00+00:00,2026-01-26T06:00:00+00:00,2026-01-28T14:00:00+00:00,2026-01-28T19:00:00+05:00,48,50.0,1d08494321cd4f1a5273ed0b78ed4b7824b560fc364ba4e5578aed48d9e0acd2,0.49500000000000005,5.46,5.6,5.72,70.0,-2.0,958.4,-0.4999999999999997,-0.8660254037844388,0.4632579225674917,0.88622350294858
validation_selection,2026-01-27T18:00:00+00:00,2026-01-27T12:00:00+00:00,2026-01-28T15:00:00+00:00,2026-01-28T20:00:00+05:00,24,21.0,7f81f1153e19afa79052e241a661fe8aa169e059409f9f740592bc9ab39b7040,0.7183333333333333,6.04,6.2,6.33,61.0,-2.6,958.7,-0.7071067811865471,-0.7071067811865479,0.4632579225674917,0.88622350294858
validation_selection,2026-01-26T18:00:00+00:00,2026-01-26T12:00:00+00:00,2026-01-28T15:00:00+00:00,2026-01-28T20:00:00+05:00,48,45.0,585890945fe4681cb8c392eaaa9eac6db179f3e64b3f756bf8b3ef656ceff345,0.7183333333333333,6.14,6.3,6.43,59.0,-2.2,958.7,-0.7071067811865471,-0.7071067811865479,0.4632579225674917,0.88622350294858
validation_selection,2026-01-27T18:00:00+00:00,2026-01-27T12:00:00+00:00,2026-01-28T16:00:00+00:00,2026-01-28T21:00:00+05:00,24,22.0,7f81f1153e19afa79052e241a661fe8aa169e059409f9f740592bc9ab39b7040,0.4583333333333333,5.32,5.46,5.57,69.0,-3.3,959.5,-0.8660254037844385,-0.5000000000000004,0.4632579225674917,0.88622350294858
validation_selection,2026-01-26T18:00:00+00:00,2026-01-26T12:00:00+00:00,2026-01-28T16:00:00+00:00,2026-01-28T21:00:00+05:00,48,46.0,585890945fe4681cb8c392eaaa9eac6db179f3e64b3f756bf8b3ef656ceff345,0.4583333333333333,6.8,6.98,7.12,63.0,-2.6,958.9,-0.8660254037844385,-0.5000000000000004,0.4632579225674917,0.88622350294858
validation_selection,2026-01-27T18:00:00+00:00,2026-01-27T12:00:00+00:00,2026-01-28T17:00:00+00:00,2026-01-28T22:00:00+05:00,24,23.0,7f81f1153e19afa79052e241a661fe8aa169e059409f9f740592bc9ab39b7040,0.3183333333333333,5.46,5.6,5.71,73.0,-4.3,959.0,-0.9659258262890683,-0.25881904510252063,0.4632579225674917,0.88622350294858
validation_selection,2026-01-26T18:00:00+00:00,2026-01-26T12:00:00+00:00,2026-01-28T17:00:00+00:00,2026-01-28T22:00:00+05:00,48,47.0,585890945fe4681cb8c392eaaa9eac6db179f3e64b3f756bf8b3ef656ceff345,0.3183333333333333,6.54,6.71,6.85,63.0,-3.1,959.0,-0.9659258262890683,-0.25881904510252063,0.4632579225674917,0.88622350294858
validation_selection,2026-01-27T18:00:00+00:00,2026-01-27T12:00:00+00:00,2026-01-28T18:00:00+00:00,2026-01-28T23:00:00+05:00,24,24.0,7f81f1153e19afa79052e241a661fe8aa169e059409f9f740592bc9ab39b7040,0.2283333333333333,5.23,5.37,5.48,62.0,-4.7,959.4,-1.0,-1.8369701987210297e-16,0.4632579225674917,0.88622350294858
validation_selection,2026-01-26T18:00:00+00:00,2026-01-26T12:00:00+00:00,2026-01-28T18:00:00+00:00,2026-01-28T23:00:00+05:00,48,48.0,585890945fe4681cb8c392eaaa9eac6db179f3e64b3f756bf8b3ef656ceff345,0.2283333333333333,5.73,5.88,6.0,64.0,-3.6,959.4,-1.0,-1.8369701987210297e-16,0.4632579225674917,0.88622350294858
validation_selection,2026-01-27T18:00:00+00:00,2026-01-27T12:00:00+00:00,2026-01-28T19:00:00+00:00,2026-01-29T00:00:00+05:00,24,25.0,7f81f1153e19afa79052e241a661fe8aa169e059409f9f740592bc9ab39b7040,0.27166666666666667,3.92,4.02,4.1,69.0,-5.3,959.8,-0.9659258262890684,0.2588190451025203,0.4632579225674917,0.88622350294858
validation_selection,2026-01-26T18:00:00+00:00,2026-01-26T12:00:00+00:00,2026-01-28T19:00:00+00:00,2026-01-29T00:00:00+05:00,48,49.0,585890945fe4681cb8c392eaaa9eac6db179f3e64b3f756bf8b3ef656ceff345,0.27166666666666667,4.66,4.78,4.87,70.0,-4.5,959.6,-0.9659258262890684,0.2588190451025203,0.4632579225674917,0.88622350294858
validation_selection,2026-01-27T18:00:00+00:00,2026-01-27T12:00:00+00:00,2026-01-28T20:00:00+00:00,2026-01-29T01:00:00+05:00,24,26.0,7f81f1153e19afa79052e241a661fe8aa169e059409f9f740592bc9ab39b7040,0.13999999999999999,2.2,2.25,2.3,93.0,-5.0,960.5,-0.8660254037844386,0.5000000000000001,0.4632579225674917,0.88622350294858
validation_selection,2026-01-26T18:00:00+00:00,2026-01-26T12:00:00+00:00,2026-01-28T20:00:00+00:00,2026-01-29T01:00:00+05:00,48,50.0,585890945fe4681cb8c392eaaa9eac6db179f3e64b3f756bf8b3ef656ceff345,0.13999999999999999,2.86,2.93,3.0,76.0,-5.5,959.7,-0.8660254037844386,0.5000000000000001,0.4632579225674917,0.88622350294858
validation_selection,2026-01-28T00:00:00+00:00,2026-01-27T18:00:00+00:00,2026-01-28T21:00:00+00:00,2026-01-29T02:00:00+05:00,24,21.0,efb3df2e8ea286068949b0889d2779a9516a9772425fb24b36f76453c4b1a739,0.19999999999999998,2.02,2.07,2.11,98.0,-5.8,960.5,-0.7071067811865477,0.7071067811865474,0.4632579225674917,0.88622350294858
validation_selection,2026-01-27T00:00:00+00:00,2026-01-26T18:00:00+00:00,2026-01-28T21:00:00+00:00,2026-01-29T02:00:00+05:00,48,45.0,047d6217c3efa293576cd8bb13c227286f0cc70dec3e762db8894988e69875b0,0.19999999999999998,1.07,1.1,1.12,114.0,-5.5,960.8,-0.7071067811865477,0.7071067811865474,0.4632579225674917,0.88622350294858
validation_selection,2026-01-28T00:00:00+00:00,2026-01-27T18:00:00+00:00,2026-01-28T22:00:00+00:00,2026-01-29T03:00:00+05:00,24,22.0,efb3df2e8ea286068949b0889d2779a9516a9772425fb24b36f76453c4b1a739,0.23666666666666666,2.2,2.25,2.3,86.0,-6.4,960.9,-0.5000000000000004,0.8660254037844384,0.4632579225674917,0.88622350294858
validation_selection,2026-01-27T00:00:00+00:00,2026-01-26T18:00:00+00:00,2026-01-28T22:00:00+00:00,2026-01-29T03:00:00+05:00,48,46.0,047d6217c3efa293576cd8bb13c227286f0cc70dec3e762db8894988e69875b0,0.23666666666666666,1.4,1.43,1.46,115.0,-6.1,960.7,-0.5000000000000004,0.8660254037844384,0.4632579225674917,0.88622350294858
validation_selection,2026-01-28T00:00:00+00:00,2026-01-27T18:00:00+00:00,2026-01-28T23:00:00+00:00,2026-01-29T04:00:00+05:00,24,23.0,efb3df2e8ea286068949b0889d2779a9516a9772425fb24b36f76453c4b1a739,0.17,0.92,0.94,0.96,115.0,-6.2,961.5,-0.25881904510252157,0.9659258262890681,0.4632579225674917,0.88622350294858
validation_selection,2026-01-27T00:00:00+00:00,2026-01-26T18:00:00+00:00,2026-01-28T23:00:00+00:00,2026-01-29T04:00:00+05:00,48,47.0,047d6217c3efa293576cd8bb13c227286f0cc70dec3e762db8894988e69875b0,0.17,1.9,1.95,1.99,61.0,-6.0,961.2,-0.25881904510252157,0.9659258262890681,0.4632579225674917,0.88622350294858
validation_selection,2026-01-28T00:00:00+00:00,2026-01-27T18:00:00+00:00,2026-01-29T00:00:00+00:00,2026-01-29T05:00:00+05:00,24,24.0,efb3df2e8ea286068949b0889d2779a9516a9772425fb24b36f76453c4b1a739,0.043333333333333335,0.77,0.79,0.81,125.0,-6.2,961.9,0.0,1.0,0.4784338202547012,0.8781236129591848
validation_selection,2026-01-27T00:00:00+00:00,2026-01-26T18:00:00+00:00,2026-01-29T00:00:00+00:00,2026-01-29T05:00:00+05:00,48,48.0,047d6217c3efa293576cd8bb13c227286f0cc70dec3e762db8894988e69875b0,0.043333333333333335,2.78,2.86,2.92,86.0,-6.7,961.9,0.0,1.0,0.4784338202547012,0.8781236129591848
validation_selection,2026-01-28T00:00:00+00:00,2026-01-27T18:00:00+00:00,2026-01-29T01:00:00+00:00,2026-01-29T06:00:00+05:00,24,25.0,efb3df2e8ea286068949b0889d2779a9516a9772425fb24b36f76453c4b1a739,0.015,2.14,2.2,2.24,73.0,-6.3,962.4,0.25881904510252074,0.9659258262890683,0.4784338202547012,0.8781236129591848
validation_selection,2026-01-27T00:00:00+00:00,2026-01-26T18:00:00+00:00,2026-01-29T01:00:00+00:00,2026-01-29T06:00:00+05:00,48,49.0,047d6217c3efa293576cd8bb13c227286f0cc70dec3e762db8894988e69875b0,0.015,2.13,2.18,2.23,106.0,-6.5,962.5,0.25881904510252074,0.9659258262890683,0.4784338202547012,0.8781236129591848
validation_selection,2026-01-28T00:00:00+00:00,2026-01-27T18:00:00+00:00,2026-01-29T02:00:00+00:00,2026-01-29T07:00:00+05:00,24,26.0,efb3df2e8ea286068949b0889d2779a9516a9772425fb24b36f76453c4b1a739,0.011666666666666667,1.99,2.04,2.08,101.0,-6.1,963.2,0.49999999999999994,0.8660254037844387,0.4784338202547012,0.8781236129591848
validation_selection,2026-01-27T00:00:00+00:00,2026-01-26T18:00:00+00:00,2026-01-29T02:00:00+00:00,2026-01-29T07:00:00+05:00,48,50.0,047d6217c3efa293576cd8bb13c227286f0cc70dec3e762db8894988e69875b0,0.011666666666666667,2.27,2.33,2.37,99.0,-6.3,962.7,0.49999999999999994,0.8660254037844387,0.4784338202547012,0.8781236129591848
validation_selection,2026-01-28T06:00:00+00:00,2026-01-28T00:00:00+00:00,2026-01-29T03:00:00+00:00,2026-01-29T08:00:00+05:00,24,21.0,57a8d6db3ecdf51f65d60693ad38d201a074b548c4934553a40221cba717cdbc,0.01,2.16,2.22,2.27,98.0,-6.2,964.0,0.7071067811865476,0.7071067811865476,0.4784338202547012,0.8781236129591848
validation_selection,2026-01-27T06:00:00+00:00,2026-01-27T00:00:00+00:00,2026-01-29T03:00:00+00:00,2026-01-29T08:00:00+05:00,48,45.0,be600a30ac2635dfaac4574558f250d0ad1b319c1820593f0d57db7e4eb9f746,0.01,3.22,3.3,3.37,80.0,-4.5,963.9,0.7071067811865476,0.7071067811865476,0.4784338202547012,0.8781236129591848
validation_selection,2026-01-28T06:00:00+00:00,2026-01-28T00:00:00+00:00,2026-01-29T04:00:00+00:00,2026-01-29T09:00:00+05:00,24,22.0,57a8d6db3ecdf51f65d60693ad38d201a074b548c4934553a40221cba717cdbc,0.024999999999999998,2.72,2.79,2.85,75.0,-3.3,964.8,0.8660254037844386,0.5000000000000001,0.4784338202547012,0.8781236129591848
validation_selection,2026-01-27T06:00:00+00:00,2026-01-27T00:00:00+00:00,2026-01-29T04:00:00+00:00,2026-01-29T09:00:00+05:00,48,46.0,be600a30ac2635dfaac4574558f250d0ad1b319c1820593f0d57db7e4eb9f746,0.024999999999999998,2.64,2.71,2.76,74.0,-2.6,964.5,0.8660254037844386,0.5000000000000001,0.4784338202547012,0.8781236129591848
validation_selection,2026-01-28T06:00:00+00:00,2026-01-28T00:00:00+00:00,2026-01-29T05:00:00+00:00,2026-01-29T10:00:00+05:00,24,23.0,57a8d6db3ecdf51f65d60693ad38d201a074b548c4934553a40221cba717cdbc,0.03833333333333334,4.03,4.13,4.22,69.0,-2.1,964.7,0.9659258262890683,0.25881904510252074,0.4784338202547012,0.8781236129591848
validation_selection,2026-01-27T06:00:00+00:00,2026-01-27T00:00:00+00:00,2026-01-29T05:00:00+00:00,2026-01-29T10:00:00+05:00,48,47.0,be600a30ac2635dfaac4574558f250d0ad1b319c1820593f0d57db7e4eb9f746,0.03833333333333334,3.66,3.76,3.84,57.0,-1.1,964.7,0.9659258262890683,0.25881904510252074,0.4784338202547012,0.8781236129591848
validation_selection,2026-01-28T06:00:00+00:00,2026-01-28T00:00:00+00:00,2026-01-29T06:00:00+00:00,2026-01-29T11:00:00+05:00,24,24.0,57a8d6db3ecdf51f65d60693ad38d201a074b548c4934553a40221cba717cdbc,0.016666666666666666,5.1,5.23,5.34,63.0,-0.7,964.3,1.0,6.123233995736766e-17,0.4784338202547012,0.8781236129591848
validation_selection,2026-01-27T06:00:00+00:00,2026-01-27T00:00:00+00:00,2026-01-29T06:00:00+00:00,2026-01-29T11:00:00+05:00,48,48.0,be600a30ac2635dfaac4574558f250d0ad1b319c1820593f0d57db7e4eb9f746,0.016666666666666666,4.57,4.69,4.79,59.0,0.3,964.4,1.0,6.123233995736766e-17,0.4784338202547012,0.8781236129591848
validation_selection,2026-01-28T06:00:00+00:00,2026-01-28T00:00:00+00:00,2026-01-29T07:00:00+00:00,2026-01-29T12:00:00+05:00,24,25.0,57a8d6db3ecdf51f65d60693ad38d201a074b548c4934553a40221cba717cdbc,0.21333333333333335,5.89,6.05,6.17,56.0,1.3,963.7,0.9659258262890683,-0.25881904510252063,0.4784338202547012,0.8781236129591848
validation_selection,2026-01-27T06:00:00+00:00,2026-01-27T00:00:00+00:00,2026-01-29T07:00:00+00:00,2026-01-29T12:00:00+05:00,48,49.0,be600a30ac2635dfaac4574558f250d0ad1b319c1820593f0d57db7e4eb9f746,0.21333333333333335,5.75,5.89,6.02,55.0,1.5,963.6,0.9659258262890683,-0.25881904510252063,0.4784338202547012,0.8781236129591848
validation_selection,2026-01-28T06:00:00+00:00,2026-01-28T00:00:00+00:00,2026-01-29T08:00:00+00:00,2026-01-29T13:00:00+05:00,24,26.0,57a8d6db3ecdf51f65d60693ad38d201a074b548c4934553a40221cba717cdbc,0.655,6.1,6.25,6.38,55.0,1.6,963.0,0.8660254037844387,-0.4999999999999998,0.4784338202547012,0.8781236129591848
validation_selection,2026-01-27T06:00:00+00:00,2026-01-27T00:00:00+00:00,2026-01-29T08:00:00+00:00,2026-01-29T13:00:00+05:00,48,50.0,be600a30ac2635dfaac4574558f250d0ad1b319c1820593f0d57db7e4eb9f746,0.655,6.33,6.49,6.63,55.0,2.2,962.8,0.8660254037844387,-0.4999999999999998,0.4784338202547012,0.8781236129591848
validation_selection,2026-01-28T12:00:00+00:00,2026-01-28T06:00:00+00:00,2026-01-29T09:00:00+00:00,2026-01-29T14:00:00+05:00,24,21.0,af930183eab93390a4ad215e4ccc406c87665fb19d9884d3b2c6b8af6d3c1f76,0.8666666666666667,5.7,5.85,5.97,49.0,1.3,963.3,0.7071067811865476,-0.7071067811865475,0.4784338202547012,0.8781236129591848
validation_selection,2026-01-27T12:00:00+00:00,2026-01-27T06:00:00+00:00,2026-01-29T09:00:00+00:00,2026-01-29T14:00:00+05:00,48,45.0,c092096077677e0116461ac764a0bd74a7068a5d3ec517816b6524e5f0132e46,0.8666666666666667,5.53,5.67,5.79,53.0,1.8,962.6,0.7071067811865476,-0.7071067811865475,0.4784338202547012,0.8781236129591848
validation_selection,2026-01-28T12:00:00+00:00,2026-01-28T06:00:00+00:00,2026-01-29T10:00:00+00:00,2026-01-29T15:00:00+05:00,24,22.0,af930183eab93390a4ad215e4ccc406c87665fb19d9884d3b2c6b8af6d3c1f76,0.8333333333333334,5.34,5.48,5.59,46.0,1.0,963.4,0.49999999999999994,-0.8660254037844387,0.4784338202547012,0.8781236129591848
validation_selection,2026-01-27T12:00:00+00:00,2026-01-27T06:00:00+00:00,2026-01-29T10:00:00+00:00,2026-01-29T15:00:00+05:00,48,46.0,c092096077677e0116461ac764a0bd74a7068a5d3ec517816b6524e5f0132e46,0.8333333333333334,5.18,5.31,5.42,48.0,1.4,962.4,0.49999999999999994,-0.8660254037844387,0.4784338202547012,0.8781236129591848
validation_selection,2026-01-28T12:00:00+00:00,2026-01-28T06:00:00+00:00,2026-01-29T11:00:00+00:00,2026-01-29T16:00:00+05:00,24,23.0,af930183eab93390a4ad215e4ccc406c87665fb19d9884d3b2c6b8af6d3c1f76,0.9366666666666666,5.43,5.57,5.68,50.0,-0.7,963.2,0.258819045102521,-0.9659258262890682,0.4784338202547012,0.8781236129591848
validation_selection,2026-01-27T12:00:00+00:00,2026-01-27T06:00:00+00:00,2026-01-29T11:00:00+00:00,2026-01-29T16:00:00+05:00,48,47.0,c092096077677e0116461ac764a0bd74a7068a5d3ec517816b6524e5f0132e46,0.9366666666666666,5.75,5.9,6.03,51.0,-0.2,962.3,0.258819045102521,-0.9659258262890682,0.4784338202547012,0.8781236129591848
validation_selection,2026-01-28T12:00:00+00:00,2026-01-28T06:00:00+00:00,2026-01-29T12:00:00+00:00,2026-01-29T17:00:00+05:00,24,24.0,af930183eab93390a4ad215e4ccc406c87665fb19d9884d3b2c6b8af6d3c1f76,0.9583333333333334,6.0,6.16,6.29,58.0,-2.4,962.6,1.2246467991473532e-16,-1.0,0.4784338202547012,0.8781236129591848
validation_selection,2026-01-27T12:00:00+00:00,2026-01-27T06:00:00+00:00,2026-01-29T12:00:00+00:00,2026-01-29T17:00:00+05:00,48,48.0,c092096077677e0116461ac764a0bd74a7068a5d3ec517816b6524e5f0132e46,0.9583333333333334,6.44,6.61,6.75,60.0,-2.1,962.0,1.2246467991473532e-16,-1.0,0.4784338202547012,0.8781236129591848
validation_selection,2026-01-28T12:00:00+00:00,2026-01-28T06:00:00+00:00,2026-01-29T13:00:00+00:00,2026-01-29T18:00:00+05:00,24,25.0,af930183eab93390a4ad215e4ccc406c87665fb19d9884d3b2c6b8af6d3c1f76,0.8883333333333333,6.13,6.29,6.42,61.0,-2.7,962.5,-0.2588190451025208,-0.9659258262890683,0.4784338202547012,0.8781236129591848
validation_selection,2026-01-27T12:00:00+00:00,2026-01-27T06:00:00+00:00,2026-01-29T13:00:00+00:00,2026-01-29T18:00:00+05:00,48,49.0,c092096077677e0116461ac764a0bd74a7068a5d3ec517816b6524e5f0132e46,0.8883333333333333,5.98,6.13,6.26,66.0,-2.6,962.1,-0.2588190451025208,-0.9659258262890683,0.4784338202547012,0.8781236129591848
validation_selection,2026-01-28T12:00:00+00:00,2026-01-28T06:00:00+00:00,2026-01-29T14:00:00+00:00,2026-01-29T19:00:00+05:00,24,26.0,af930183eab93390a4ad215e4ccc406c87665fb19d9884d3b2c6b8af6d3c1f76,0.9116666666666666,6.52,6.69,6.83,65.0,-2.8,962.3,-0.4999999999999997,-0.8660254037844388,0.4784338202547012,0.8781236129591848
validation_selection,2026-01-27T12:00:00+00:00,2026-01-27T06:00:00+00:00,2026-01-29T14:00:00+00:00,2026-01-29T19:00:00+05:00,48,50.0,c092096077677e0116461ac764a0bd74a7068a5d3ec517816b6524e5f0132e46,0.9116666666666666,6.25,6.41,6.54,67.0,-3.0,961.7,-0.4999999999999997,-0.8660254037844388,0.4784338202547012,0.8781236129591848
validation_selection,2026-01-28T18:00:00+00:00,2026-01-28T12:00:00+00:00,2026-01-29T15:00:00+00:00,2026-01-29T20:00:00+05:00,24,21.0,ba1e2224f2f7ba486c07e6e614114313a2e5827b6a3d412dd3a33d9b54f77e17,0.9816666666666666,7.85,8.05,8.22,63.0,-3.5,961.7,-0.7071067811865471,-0.7071067811865479,0.4784338202547012,0.8781236129591848
validation_selection,2026-01-27T18:00:00+00:00,2026-01-27T12:00:00+00:00,2026-01-29T15:00:00+00:00,2026-01-29T20:00:00+05:00,48,45.0,7f81f1153e19afa79052e241a661fe8aa169e059409f9f740592bc9ab39b7040,0.9816666666666666,7.29,7.48,7.63,66.0,-3.5,961.1,-0.7071067811865471,-0.7071067811865479,0.4784338202547012,0.8781236129591848
validation_selection,2026-01-28T18:00:00+00:00,2026-01-28T12:00:00+00:00,2026-01-29T16:00:00+00:00,2026-01-29T21:00:00+05:00,24,22.0,ba1e2224f2f7ba486c07e6e614114313a2e5827b6a3d412dd3a33d9b54f77e17,0.9899999999999999,8.28,8.5,8.67,63.0,-3.7,961.2,-0.8660254037844385,-0.5000000000000004,0.4784338202547012,0.8781236129591848
validation_selection,2026-01-27T18:00:00+00:00,2026-01-27T12:00:00+00:00,2026-01-29T16:00:00+00:00,2026-01-29T21:00:00+05:00,48,46.0,7f81f1153e19afa79052e241a661fe8aa169e059409f9f740592bc9ab39b7040,0.9899999999999999,8.09,8.3,8.47,65.0,-3.7,960.3,-0.8660254037844385,-0.5000000000000004,0.4784338202547012,0.8781236129591848
validation_selection,2026-01-28T18:00:00+00:00,2026-01-28T12:00:00+00:00,2026-01-29T17:00:00+00:00,2026-01-29T22:00:00+05:00,24,23.0,ba1e2224f2f7ba486c07e6e614114313a2e5827b6a3d412dd3a33d9b54f77e17,0.9899999999999999,8.3,8.52,8.7,64.0,-3.9,960.8,-0.9659258262890683,-0.25881904510252063,0.4784338202547012,0.8781236129591848
validation_selection,2026-01-27T18:00:00+00:00,2026-01-27T12:00:00+00:00,2026-01-29T17:00:00+00:00,2026-01-29T22:00:00+05:00,48,47.0,7f81f1153e19afa79052e241a661fe8aa169e059409f9f740592bc9ab39b7040,0.9899999999999999,8.27,8.49,8.66,67.0,-3.7,959.7,-0.9659258262890683,-0.25881904510252063,0.4784338202547012,0.8781236129591848
validation_selection,2026-01-28T18:00:00+00:00,2026-01-28T12:00:00+00:00,2026-01-29T18:00:00+00:00,2026-01-29T23:00:00+05:00,24,24.0,ba1e2224f2f7ba486c07e6e614114313a2e5827b6a3d412dd3a33d9b54f77e17,0.9899999999999999,8.24,8.45,8.63,64.0,-4.1,960.3,-1.0,-1.8369701987210297e-16,0.4784338202547012,0.8781236129591848
validation_selection,2026-01-27T18:00:00+00:00,2026-01-27T12:00:00+00:00,2026-01-29T18:00:00+00:00,2026-01-29T23:00:00+05:00,48,48.0,7f81f1153e19afa79052e241a661fe8aa169e059409f9f740592bc9ab39b7040,0.9899999999999999,8.16,8.38,8.55,69.0,-3.9,959.2,-1.0,-1.8369701987210297e-16,0.4784338202547012,0.8781236129591848
validation_selection,2026-01-28T18:00:00+00:00,2026-01-28T12:00:00+00:00,2026-01-29T19:00:00+00:00,2026-01-30T00:00:00+05:00,24,25.0,ba1e2224f2f7ba486c07e6e614114313a2e5827b6a3d412dd3a33d9b54f77e17,0.8466666666666667,8.28,8.5,8.67,64.0,-4.3,959.9,-0.9659258262890684,0.2588190451025203,0.4784338202547012,0.8781236129591848
validation_selection,2026-01-27T18:00:00+00:00,2026-01-27T12:00:00+00:00,2026-01-29T19:00:00+00:00,2026-01-30T00:00:00+05:00,48,49.0,7f81f1153e19afa79052e241a661fe8aa169e059409f9f740592bc9ab39b7040,0.8466666666666667,8.09,8.3,8.48,70.0,-4.0,958.5,-0.9659258262890684,0.2588190451025203,0.4784338202547012,0.8781236129591848
validation_selection,2026-01-28T18:00:00+00:00,2026-01-28T12:00:00+00:00,2026-01-29T20:00:00+00:00,2026-01-30T01:00:00+05:00,24,26.0,ba1e2224f2f7ba486c07e6e614114313a2e5827b6a3d412dd3a33d9b54f77e17,0.6749999999999999,8.33,8.55,8.72,65.0,-4.5,959.3,-0.8660254037844386,0.5000000000000001,0.4784338202547012,0.8781236129591848
validation_selection,2026-01-27T18:00:00+00:00,2026-01-27T12:00:00+00:00,2026-01-29T20:00:00+00:00,2026-01-30T01:00:00+05:00,48,50.0,7f81f1153e19afa79052e241a661fe8aa169e059409f9f740592bc9ab39b7040,0.6749999999999999,7.54,7.73,7.89,73.0,-4.4,958.0,-0.8660254037844386,0.5000000000000001,0.4784338202547012,0.8781236129591848
validation_selection,2026-01-29T00:00:00+00:00,2026-01-28T18:00:00+00:00,2026-01-29T21:00:00+00:00,2026-01-30T02:00:00+05:00,24,21.0,547e3a74811e066c0b28199cf2efeedb2517926317bf0615aeabbafd313f896f,0.6966666666666667,7.94,8.14,8.31,65.0,-4.9,959.1,-0.7071067811865477,0.7071067811865474,0.4784338202547012,0.8781236129591848
validation_selection,2026-01-28T00:00:00+00:00,2026-01-27T18:00:00+00:00,2026-01-29T21:00:00+00:00,2026-01-30T02:00:00+05:00,48,45.0,efb3df2e8ea286068949b0889d2779a9516a9772425fb24b36f76453c4b1a739,0.6966666666666667,7.4,7.59,7.75,70.0,-5.0,957.4,-0.7071067811865477,0.7071067811865474,0.4784338202547012,0.8781236129591848
validation_selection,2026-01-29T00:00:00+00:00,2026-01-28T18:00:00+00:00,2026-01-29T22:00:00+00:00,2026-01-30T03:00:00+05:00,24,22.0,547e3a74811e066c0b28199cf2efeedb2517926317bf0615aeabbafd313f896f,0.4666666666666666,8.0,8.21,8.38,65.0,-5.1,958.5,-0.5000000000000004,0.8660254037844384,0.4784338202547012,0.8781236129591848
validation_selection,2026-01-28T00:00:00+00:00,2026-01-27T18:00:00+00:00,2026-01-29T22:00:00+00:00,2026-01-30T03:00:00+05:00,48,46.0,efb3df2e8ea286068949b0889d2779a9516a9772425fb24b36f76453c4b1a739,0.4666666666666666,7.2,7.39,7.54,70.0,-5.2,956.8,-0.5000000000000004,0.8660254037844384,0.4784338202547012,0.8781236129591848
validation_selection,2026-01-29T00:00:00+00:00,2026-01-28T18:00:00+00:00,2026-01-29T23:00:00+00:00,2026-01-30T04:00:00+05:00,24,23.0,547e3a74811e066c0b28199cf2efeedb2517926317bf0615aeabbafd313f896f,0.40166666666666667,8.05,8.26,8.43,65.0,-5.3,958.0,-0.25881904510252157,0.9659258262890681,0.4784338202547012,0.8781236129591848
validation_selection,2026-01-28T00:00:00+00:00,2026-01-27T18:00:00+00:00,2026-01-29T23:00:00+00:00,2026-01-30T04:00:00+05:00,48,47.0,efb3df2e8ea286068949b0889d2779a9516a9772425fb24b36f76453c4b1a739,0.40166666666666667,7.44,7.63,7.79,68.0,-5.5,956.3,-0.25881904510252157,0.9659258262890681,0.4784338202547012,0.8781236129591848
validation_selection,2026-01-29T00:00:00+00:00,2026-01-28T18:00:00+00:00,2026-01-30T00:00:00+00:00,2026-01-30T05:00:00+05:00,24,24.0,547e3a74811e066c0b28199cf2efeedb2517926317bf0615aeabbafd313f896f,0.7016666666666667,7.89,8.1,8.26,64.0,-5.4,957.8,0.0,1.0,0.49346814167723735,0.8697638720650646
validation_selection,2026-01-28T00:00:00+00:00,2026-01-27T18:00:00+00:00,2026-01-30T00:00:00+00:00,2026-01-30T05:00:00+05:00,48,48.0,efb3df2e8ea286068949b0889d2779a9516a9772425fb24b36f76453c4b1a739,0.7016666666666667,7.6,7.8,7.96,67.0,-5.7,956.0,0.0,1.0,0.49346814167723735,0.8697638720650646
validation_selection,2026-01-29T00:00:00+00:00,2026-01-28T18:00:00+00:00,2026-01-30T01:00:00+00:00,2026-01-30T06:00:00+05:00,24,25.0,547e3a74811e066c0b28199cf2efeedb2517926317bf0615aeabbafd313f896f,0.7133333333333334,7.61,7.81,7.97,65.0,-5.5,957.4,0.25881904510252074,0.9659258262890683,0.49346814167723735,0.8697638720650646
validation_selection,2026-01-28T00:00:00+00:00,2026-01-27T18:00:00+00:00,2026-01-30T01:00:00+00:00,2026-01-30T06:00:00+05:00,48,49.0,efb3df2e8ea286068949b0889d2779a9516a9772425fb24b36f76453c4b1a739,0.7133333333333334,7.99,8.2,8.37,67.0,-5.8,955.7,0.25881904510252074,0.9659258262890683,0.49346814167723735,0.8697638720650646
validation_selection,2026-01-29T00:00:00+00:00,2026-01-28T18:00:00+00:00,2026-01-30T02:00:00+00:00,2026-01-30T07:00:00+05:00,24,26.0,547e3a74811e066c0b28199cf2efeedb2517926317bf0615aeabbafd313f896f,0.5516666666666666,7.44,7.63,7.79,66.0,-5.8,957.0,0.49999999999999994,0.8660254037844387,0.49346814167723735,0.8697638720650646
validation_selection,2026-01-28T00:00:00+00:00,2026-01-27T18:00:00+00:00,2026-01-30T02:00:00+00:00,2026-01-30T07:00:00+05:00,48,50.0,efb3df2e8ea286068949b0889d2779a9516a9772425fb24b36f76453c4b1a739,0.5516666666666666,8.42,8.64,8.82,66.0,-5.6,955.6,0.49999999999999994,0.8660254037844387,0.49346814167723735,0.8697638720650646
validation_selection,2026-01-29T06:00:00+00:00,2026-01-29T00:00:00+00:00,2026-01-30T03:00:00+00:00,2026-01-30T08:00:00+05:00,24,21.0,220b9b84bb3da4b9382e0562a6d7a0539d7d40e38f9cc9e5f5e6cc37729266b3,0.5716666666666667,7.94,8.15,8.32,66.0,-4.9,957.4,0.7071067811865476,0.7071067811865476,0.49346814167723735,0.8697638720650646
validation_selection,2026-01-28T06:00:00+00:00,2026-01-28T00:00:00+00:00,2026-01-30T03:00:00+00:00,2026-01-30T08:00:00+05:00,48,45.0,57a8d6db3ecdf51f65d60693ad38d201a074b548c4934553a40221cba717cdbc,0.5716666666666667,8.11,8.32,8.49,64.0,-5.0,956.2,0.7071067811865476,0.7071067811865476,0.49346814167723735,0.8697638720650646
validation_selection,2026-01-29T06:00:00+00:00,2026-01-29T00:00:00+00:00,2026-01-30T04:00:00+00:00,2026-01-30T09:00:00+05:00,24,22.0,220b9b84bb3da4b9382e0562a6d7a0539d7d40e38f9cc9e5f5e6cc37729266b3,0.7983333333333333,8.28,8.5,8.67,63.0,-2.2,957.5,0.8660254037844386,0.5000000000000001,0.49346814167723735,0.8697638720650646
validation_selection,2026-01-28T06:00:00+00:00,2026-01-28T00:00:00+00:00,2026-01-30T04:00:00+00:00,2026-01-30T09:00:00+05:00,48,46.0,57a8d6db3ecdf51f65d60693ad38d201a074b548c4934553a40221cba717cdbc,0.7983333333333333,8.22,8.43,8.61,62.0,-2.6,956.5,0.8660254037844386,0.5000000000000001,0.49346814167723735,0.8697638720650646
validation_selection,2026-01-29T06:00:00+00:00,2026-01-29T00:00:00+00:00,2026-01-30T05:00:00+00:00,2026-01-30T10:00:00+05:00,24,23.0,220b9b84bb3da4b9382e0562a6d7a0539d7d40e38f9cc9e5f5e6cc37729266b3,0.9416666666666668,8.82,9.05,9.24,60.0,0.2,957.4,0.9659258262890683,0.25881904510252074,0.49346814167723735,0.8697638720650646
validation_selection,2026-01-28T06:00:00+00:00,2026-01-28T00:00:00+00:00,2026-01-30T05:00:00+00:00,2026-01-30T10:00:00+05:00,48,47.0,57a8d6db3ecdf51f65d60693ad38d201a074b548c4934553a40221cba717cdbc,0.9416666666666668,8.46,8.68,8.86,57.0,-0.8,956.5,0.9659258262890683,0.25881904510252074,0.49346814167723735,0.8697638720650646
validation_selection,2026-01-29T06:00:00+00:00,2026-01-29T00:00:00+00:00,2026-01-30T06:00:00+00:00,2026-01-30T11:00:00+05:00,24,24.0,220b9b84bb3da4b9382e0562a6d7a0539d7d40e38f9cc9e5f5e6cc37729266b3,0.96,9.38,9.63,9.83,55.0,1.6,956.7,1.0,6.123233995736766e-17,0.49346814167723735,0.8697638720650646
validation_selection,2026-01-28T06:00:00+00:00,2026-01-28T00:00:00+00:00,2026-01-30T06:00:00+00:00,2026-01-30T11:00:00+05:00,48,48.0,57a8d6db3ecdf51f65d60693ad38d201a074b548c4934553a40221cba717cdbc,0.96,9.1,9.34,9.53,55.0,0.9,955.9,1.0,6.123233995736766e-17,0.49346814167723735,0.8697638720650646
validation_selection,2026-01-29T06:00:00+00:00,2026-01-29T00:00:00+00:00,2026-01-30T07:00:00+00:00,2026-01-30T12:00:00+05:00,24,25.0,220b9b84bb3da4b9382e0562a6d7a0539d7d40e38f9cc9e5f5e6cc37729266b3,0.975,9.76,10.02,10.22,55.0,2.7,955.7,0.9659258262890683,-0.25881904510252063,0.49346814167723735,0.8697638720650646
validation_selection,2026-01-28T06:00:00+00:00,2026-01-28T00:00:00+00:00,2026-01-30T07:00:00+00:00,2026-01-30T12:00:00+05:00,48,49.0,57a8d6db3ecdf51f65d60693ad38d201a074b548c4934553a40221cba717cdbc,0.975,9.4,9.64,9.84,53.0,2.3,954.8,0.9659258262890683,-0.25881904510252063,0.49346814167723735,0.8697638720650646
validation_selection,2026-01-29T06:00:00+00:00,2026-01-29T00:00:00+00:00,2026-01-30T08:00:00+00:00,2026-01-30T13:00:00+05:00,24,26.0,220b9b84bb3da4b9382e0562a6d7a0539d7d40e38f9cc9e5f5e6cc37729266b3,0.9833333333333334,10.32,10.58,10.8,55.0,3.7,954.7,0.8660254037844387,-0.4999999999999998,0.49346814167723735,0.8697638720650646
validation_selection,2026-01-28T06:00:00+00:00,2026-01-28T00:00:00+00:00,2026-01-30T08:00:00+00:00,2026-01-30T13:00:00+05:00,48,50.0,57a8d6db3ecdf51f65d60693ad38d201a074b548c4934553a40221cba717cdbc,0.9833333333333334,9.68,9.93,10.14,55.0,3.1,953.7,0.8660254037844387,-0.4999999999999998,0.49346814167723735,0.8697638720650646
validation_selection,2026-01-29T12:00:00+00:00,2026-01-29T06:00:00+00:00,2026-01-30T09:00:00+00:00,2026-01-30T14:00:00+05:00,24,21.0,39e5ecac747749f27dd86d63ba0b0a70c07b8036f90570d0df89959ad1cf9457,0.945,10.22,10.49,10.7,55.0,3.4,954.3,0.7071067811865476,-0.7071067811865475,0.49346814167723735,0.8697638720650646
validation_selection,2026-01-28T12:00:00+00:00,2026-01-28T06:00:00+00:00,2026-01-30T09:00:00+00:00,2026-01-30T14:00:00+05:00,48,45.0,af930183eab93390a4ad215e4ccc406c87665fb19d9884d3b2c6b8af6d3c1f76,0.945,9.15,9.39,9.59,58.0,3.9,953.3,0.7071067811865476,-0.7071067811865475,0.49346814167723735,0.8697638720650646
validation_selection,2026-01-29T12:00:00+00:00,2026-01-29T06:00:00+00:00,2026-01-30T10:00:00+00:00,2026-01-30T15:00:00+05:00,24,22.0,39e5ecac747749f27dd86d63ba0b0a70c07b8036f90570d0df89959ad1cf9457,0.9633333333333334,9.84,10.1,10.31,61.0,3.7,954.4,0.49999999999999994,-0.8660254037844387,0.49346814167723735,0.8697638720650646
validation_selection,2026-01-28T12:00:00+00:00,2026-01-28T06:00:00+00:00,2026-01-30T10:00:00+00:00,2026-01-30T15:00:00+05:00,48,46.0,af930183eab93390a4ad215e4ccc406c87665fb19d9884d3b2c6b8af6d3c1f76,0.9633333333333334,9.09,9.32,9.52,63.0,3.6,953.2,0.49999999999999994,-0.8660254037844387,0.49346814167723735,0.8697638720650646
validation_selection,2026-01-29T12:00:00+00:00,2026-01-29T06:00:00+00:00,2026-01-30T11:00:00+00:00,2026-01-30T16:00:00+05:00,24,23.0,39e5ecac747749f27dd86d63ba0b0a70c07b8036f90570d0df89959ad1cf9457,0.93,9.21,9.45,9.64,61.0,1.7,954.0,0.258819045102521,-0.9659258262890682,0.49346814167723735,0.8697638720650646
validation_selection,2026-01-28T12:00:00+00:00,2026-01-28T06:00:00+00:00,2026-01-30T11:00:00+00:00,2026-01-30T16:00:00+05:00,48,47.0,af930183eab93390a4ad215e4ccc406c87665fb19d9884d3b2c6b8af6d3c1f76,0.93,7.91,8.12,8.29,62.0,2.3,953.0,0.258819045102521,-0.9659258262890682,0.49346814167723735,0.8697638720650646
validation_selection,2026-01-29T12:00:00+00:00,2026-01-29T06:00:00+00:00,2026-01-30T12:00:00+00:00,2026-01-30T17:00:00+05:00,24,24.0,39e5ecac747749f27dd86d63ba0b0a70c07b8036f90570d0df89959ad1cf9457,0.9616666666666666,8.7,8.92,9.11,63.0,-1.1,953.6,1.2246467991473532e-16,-1.0,0.49346814167723735,0.8697638720650646
validation_selection,2026-01-28T12:00:00+00:00,2026-01-28T06:00:00+00:00,2026-01-30T12:00:00+00:00,2026-01-30T17:00:00+05:00,48,48.0,af930183eab93390a4ad215e4ccc406c87665fb19d9884d3b2c6b8af6d3c1f76,0.9616666666666666,6.54,6.71,6.85,70.0,-0.8,952.7,1.2246467991473532e-16,-1.0,0.49346814167723735,0.8697638720650646
validation_selection,2026-01-29T12:00:00+00:00,2026-01-29T06:00:00+00:00,2026-01-30T13:00:00+00:00,2026-01-30T18:00:00+05:00,24,25.0,39e5ecac747749f27dd86d63ba0b0a70c07b8036f90570d0df89959ad1cf9457,0.7466666666666667,7.79,7.99,8.16,66.0,-2.8,953.4,-0.2588190451025208,-0.9659258262890683,0.49346814167723735,0.8697638720650646
validation_selection,2026-01-28T12:00:00+00:00,2026-01-28T06:00:00+00:00,2026-01-30T13:00:00+00:00,2026-01-30T18:00:00+05:00,48,49.0,af930183eab93390a4ad215e4ccc406c87665fb19d9884d3b2c6b8af6d3c1f76,0.7466666666666667,4.79,4.92,5.02,73.0,-3.2,952.6,-0.2588190451025208,-0.9659258262890683,0.49346814167723735,0.8697638720650646
validation_selection,2026-01-29T12:00:00+00:00,2026-01-29T06:00:00+00:00,2026-01-30T14:00:00+00:00,2026-01-30T19:00:00+05:00,24,26.0,39e5ecac747749f27dd86d63ba0b0a70c07b8036f90570d0df89959ad1cf9457,0.75,7.77,7.97,8.14,66.0,-3.5,953.2,-0.4999999999999997,-0.8660254037844388,0.49346814167723735,0.8697638720650646
validation_selection,2026-01-28T12:00:00+00:00,2026-01-28T06:00:00+00:00,2026-01-30T14:00:00+00:00,2026-01-30T19:00:00+05:00,48,50.0,af930183eab93390a4ad215e4ccc406c87665fb19d9884d3b2c6b8af6d3c1f76,0.75,3.14,3.23,3.29,71.0,-4.5,952.7,-0.4999999999999997,-0.8660254037844388,0.49346814167723735,0.8697638720650646
validation_selection,2026-01-29T18:00:00+00:00,2026-01-29T12:00:00+00:00,2026-01-30T15:00:00+00:00,2026-01-30T20:00:00+05:00,24,21.0,3310cd82a8a69ac6aa9539013ae6f6318f1503849ea68d19ef56ac797b2e53c5,0.5399999999999999,7.98,8.19,8.36,68.0,-3.4,953.0,-0.7071067811865471,-0.7071067811865479,0.49346814167723735,0.8697638720650646
validation_selection,2026-01-28T18:00:00+00:00,2026-01-28T12:00:00+00:00,2026-01-30T15:00:00+00:00,2026-01-30T20:00:00+05:00,48,45.0,ba1e2224f2f7ba486c07e6e614114313a2e5827b6a3d412dd3a33d9b54f77e17,0.5399999999999999,6.86,7.04,7.19,70.0,-4.1,952.8,-0.7071067811865471,-0.7071067811865479,0.49346814167723735,0.8697638720650646
validation_selection,2026-01-29T18:00:00+00:00,2026-01-29T12:00:00+00:00,2026-01-30T16:00:00+00:00,2026-01-30T21:00:00+05:00,24,22.0,3310cd82a8a69ac6aa9539013ae6f6318f1503849ea68d19ef56ac797b2e53c5,0.46166666666666667,7.89,8.1,8.27,70.0,-3.6,952.9,-0.8660254037844385,-0.5000000000000004,0.49346814167723735,0.8697638720650646
validation_selection,2026-01-28T18:00:00+00:00,2026-01-28T12:00:00+00:00,2026-01-30T16:00:00+00:00,2026-01-30T21:00:00+05:00,48,46.0,ba1e2224f2f7ba486c07e6e614114313a2e5827b6a3d412dd3a33d9b54f77e17,0.46166666666666667,6.35,6.52,6.65,69.0,-4.3,952.8,-0.8660254037844385,-0.5000000000000004,0.49346814167723735,0.8697638720650646
validation_selection,2026-01-29T18:00:00+00:00,2026-01-29T12:00:00+00:00,2026-01-30T17:00:00+00:00,2026-01-30T22:00:00+05:00,24,23.0,3310cd82a8a69ac6aa9539013ae6f6318f1503849ea68d19ef56ac797b2e53c5,0.29,7.63,7.83,7.99,71.0,-3.7,952.9,-0.9659258262890683,-0.25881904510252063,0.49346814167723735,0.8697638720650646
validation_selection,2026-01-28T18:00:00+00:00,2026-01-28T12:00:00+00:00,2026-01-30T17:00:00+00:00,2026-01-30T22:00:00+05:00,48,47.0,ba1e2224f2f7ba486c07e6e614114313a2e5827b6a3d412dd3a33d9b54f77e17,0.29,5.46,5.6,5.72,70.0,-4.5,952.9,-0.9659258262890683,-0.25881904510252063,0.49346814167723735,0.8697638720650646
validation_selection,2026-01-29T18:00:00+00:00,2026-01-29T12:00:00+00:00,2026-01-30T18:00:00+00:00,2026-01-30T23:00:00+05:00,24,24.0,3310cd82a8a69ac6aa9539013ae6f6318f1503849ea68d19ef56ac797b2e53c5,0.155,7.44,7.64,7.8,70.0,-3.9,952.9,-1.0,-1.8369701987210297e-16,0.49346814167723735,0.8697638720650646
validation_selection,2026-01-28T18:00:00+00:00,2026-01-28T12:00:00+00:00,2026-01-30T18:00:00+00:00,2026-01-30T23:00:00+05:00,48,48.0,ba1e2224f2f7ba486c07e6e614114313a2e5827b6a3d412dd3a33d9b54f77e17,0.155,5.16,5.29,5.4,68.0,-5.0,952.9,-1.0,-1.8369701987210297e-16,0.49346814167723735,0.8697638720650646
validation_reporting_only,2026-01-29T18:00:00+00:00,2026-01-29T12:00:00+00:00,2026-01-30T19:00:00+00:00,2026-01-31T00:00:00+05:00,24,25.0,3310cd82a8a69ac6aa9539013ae6f6318f1503849ea68d19ef56ac797b2e53c5,0.13833333333333334,7.3,7.48,7.64,69.0,-4.1,952.8,-0.9659258262890684,0.2588190451025203,0.49346814167723735,0.8697638720650646
validation_reporting_only,2026-01-28T18:00:00+00:00,2026-01-28T12:00:00+00:00,2026-01-30T19:00:00+00:00,2026-01-31T00:00:00+05:00,48,49.0,ba1e2224f2f7ba486c07e6e614114313a2e5827b6a3d412dd3a33d9b54f77e17,0.13833333333333334,4.74,4.87,4.97,68.0,-5.5,952.8,-0.9659258262890684,0.2588190451025203,0.49346814167723735,0.8697638720650646
validation_reporting_only,2026-01-29T18:00:00+00:00,2026-01-29T12:00:00+00:00,2026-01-30T20:00:00+00:00,2026-01-31T01:00:00+05:00,24,26.0,3310cd82a8a69ac6aa9539013ae6f6318f1503849ea68d19ef56ac797b2e53c5,0.14333333333333334,7.12,7.3,7.45,67.0,-4.4,952.8,-0.8660254037844386,0.5000000000000001,0.49346814167723735,0.8697638720650646
validation_reporting_only,2026-01-28T18:00:00+00:00,2026-01-28T12:00:00+00:00,2026-01-30T20:00:00+00:00,2026-01-31T01:00:00+05:00,48,50.0,ba1e2224f2f7ba486c07e6e614114313a2e5827b6a3d412dd3a33d9b54f77e17,0.14333333333333334,4.15,4.25,4.34,66.0,-5.9,952.9,-0.8660254037844386,0.5000000000000001,0.49346814167723735,0.8697638720650646
validation_reporting_only,2026-01-30T00:00:00+00:00,2026-01-29T18:00:00+00:00,2026-01-30T21:00:00+00:00,2026-01-31T02:00:00+05:00,24,21.0,3f915a38b4d334f118d6d48c4231d34b73ad453c02c069e1f35fd58522d0345d,0.18666666666666668,7.63,7.83,7.99,65.0,-4.3,952.6,-0.7071067811865477,0.7071067811865474,0.49346814167723735,0.8697638720650646
validation_reporting_only,2026-01-29T00:00:00+00:00,2026-01-28T18:00:00+00:00,2026-01-30T21:00:00+00:00,2026-01-31T02:00:00+05:00,48,45.0,547e3a74811e066c0b28199cf2efeedb2517926317bf0615aeabbafd313f896f,0.18666666666666668,5.62,5.77,5.89,68.0,-5.9,953.0,-0.7071067811865477,0.7071067811865474,0.49346814167723735,0.8697638720650646
validation_reporting_only,2026-01-30T00:00:00+00:00,2026-01-29T18:00:00+00:00,2026-01-30T22:00:00+00:00,2026-01-31T03:00:00+05:00,24,22.0,3f915a38b4d334f118d6d48c4231d34b73ad453c02c069e1f35fd58522d0345d,0.13,7.89,8.09,8.26,64.0,-4.4,952.5,-0.5000000000000004,0.8660254037844384,0.49346814167723735,0.8697638720650646
validation_reporting_only,2026-01-29T00:00:00+00:00,2026-01-28T18:00:00+00:00,2026-01-30T22:00:00+00:00,2026-01-31T03:00:00+05:00,48,46.0,547e3a74811e066c0b28199cf2efeedb2517926317bf0615aeabbafd313f896f,0.13,5.91,6.07,6.19,66.0,-6.1,952.8,-0.5000000000000004,0.8660254037844384,0.49346814167723735,0.8697638720650646
validation_reporting_only,2026-01-30T00:00:00+00:00,2026-01-29T18:00:00+00:00,2026-01-30T23:00:00+00:00,2026-01-31T04:00:00+05:00,24,23.0,3f915a38b4d334f118d6d48c4231d34b73ad453c02c069e1f35fd58522d0345d,0.07833333333333334,7.91,8.12,8.29,62.0,-4.6,952.4,-0.25881904510252157,0.9659258262890681,0.49346814167723735,0.8697638720650646
validation_reporting_only,2026-01-29T00:00:00+00:00,2026-01-28T18:00:00+00:00,2026-01-30T23:00:00+00:00,2026-01-31T04:00:00+05:00,48,47.0,547e3a74811e066c0b28199cf2efeedb2517926317bf0615aeabbafd313f896f,0.07833333333333334,6.19,6.35,6.48,64.0,-6.1,952.8,-0.25881904510252157,0.9659258262890681,0.49346814167723735,0.8697638720650646
validation_reporting_only,2026-01-30T00:00:00+00:00,2026-01-29T18:00:00+00:00,2026-01-31T00:00:00+00:00,2026-01-31T05:00:00+05:00,24,24.0,3f915a38b4d334f118d6d48c4231d34b73ad453c02c069e1f35fd58522d0345d,0.11166666666666668,7.78,7.99,8.15,62.0,-4.7,952.6,0.0,1.0,0.5083564379375122,0.8611467540480452
validation_reporting_only,2026-01-29T00:00:00+00:00,2026-01-28T18:00:00+00:00,2026-01-31T00:00:00+00:00,2026-01-31T05:00:00+05:00,48,48.0,547e3a74811e066c0b28199cf2efeedb2517926317bf0615aeabbafd313f896f,0.11166666666666668,6.83,7.0,7.15,61.0,-6.1,953.0,0.0,1.0,0.5083564379375122,0.8611467540480452
validation_reporting_only,2026-01-30T00:00:00+00:00,2026-01-29T18:00:00+00:00,2026-01-31T01:00:00+00:00,2026-01-31T06:00:00+05:00,24,25.0,3f915a38b4d334f118d6d48c4231d34b73ad453c02c069e1f35fd58522d0345d,0.145,7.94,8.14,8.31,61.0,-4.8,952.6,0.25881904510252074,0.9659258262890683,0.5083564379375122,0.8611467540480452
validation_reporting_only,2026-01-29T00:00:00+00:00,2026-01-28T18:00:00+00:00,2026-01-31T01:00:00+00:00,2026-01-31T06:00:00+05:00,48,49.0,547e3a74811e066c0b28199cf2efeedb2517926317bf0615aeabbafd313f896f,0.145,7.44,7.63,7.79,61.0,-6.2,952.9,0.25881904510252074,0.9659258262890683,0.5083564379375122,0.8611467540480452
validation_reporting_only,2026-01-30T00:00:00+00:00,2026-01-29T18:00:00+00:00,2026-01-31T02:00:00+00:00,2026-01-31T07:00:00+05:00,24,26.0,3f915a38b4d334f118d6d48c4231d34b73ad453c02c069e1f35fd58522d0345d,0.48,8.28,8.49,8.67,60.0,-4.8,952.7,0.49999999999999994,0.8660254037844387,0.5083564379375122,0.8611467540480452
validation_reporting_only,2026-01-29T00:00:00+00:00,2026-01-28T18:00:00+00:00,2026-01-31T02:00:00+00:00,2026-01-31T07:00:00+05:00,48,50.0,547e3a74811e066c0b28199cf2efeedb2517926317bf0615aeabbafd313f896f,0.48,7.71,7.91,8.07,60.0,-6.3,953.1,0.49999999999999994,0.8660254037844387,0.5083564379375122,0.8611467540480452
validation_reporting_only,2026-01-30T06:00:00+00:00,2026-01-30T00:00:00+00:00,2026-01-31T03:00:00+00:00,2026-01-31T08:00:00+05:00,24,21.0,0f10fbd69d2302b6a2cdb27e895b7072baaffccb5840028386922e548c48efb1,0.5016666666666666,8.17,8.38,8.55,60.0,-3.4,953.1,0.7071067811865476,0.7071067811865476,0.5083564379375122,0.8611467540480452
validation_reporting_only,2026-01-29T06:00:00+00:00,2026-01-29T00:00:00+00:00,2026-01-31T03:00:00+00:00,2026-01-31T08:00:00+05:00,48,45.0,220b9b84bb3da4b9382e0562a6d7a0539d7d40e38f9cc9e5f5e6cc37729266b3,0.5016666666666666,8.62,8.84,9.03,61.0,-4.3,953.0,0.7071067811865476,0.7071067811865476,0.5083564379375122,0.8611467540480452
validation_reporting_only,2026-01-30T06:00:00+00:00,2026-01-30T00:00:00+00:00,2026-01-31T04:00:00+00:00,2026-01-31T09:00:00+05:00,24,22.0,0f10fbd69d2302b6a2cdb27e895b7072baaffccb5840028386922e548c48efb1,0.5216666666666666,8.42,8.64,8.82,57.0,-0.1,953.8,0.8660254037844386,0.5000000000000001,0.5083564379375122,0.8611467540480452
validation_reporting_only,2026-01-29T06:00:00+00:00,2026-01-29T00:00:00+00:00,2026-01-31T04:00:00+00:00,2026-01-31T09:00:00+05:00,48,46.0,220b9b84bb3da4b9382e0562a6d7a0539d7d40e38f9cc9e5f5e6cc37729266b3,0.5216666666666666,9.0,9.24,9.43,56.0,-1.3,954.0,0.8660254037844386,0.5000000000000001,0.5083564379375122,0.8611467540480452
validation_reporting_only,2026-01-30T06:00:00+00:00,2026-01-30T00:00:00+00:00,2026-01-31T05:00:00+00:00,2026-01-31T10:00:00+05:00,24,23.0,0f10fbd69d2302b6a2cdb27e895b7072baaffccb5840028386922e548c48efb1,0.9500000000000001,8.32,8.54,8.72,53.0,2.5,953.7,0.9659258262890683,0.25881904510252074,0.5083564379375122,0.8611467540480452
validation_reporting_only,2026-01-29T06:00:00+00:00,2026-01-29T00:00:00+00:00,2026-01-31T05:00:00+00:00,2026-01-31T10:00:00+05:00,48,47.0,220b9b84bb3da4b9382e0562a6d7a0539d7d40e38f9cc9e5f5e6cc37729266b3,0.9500000000000001,8.1,8.31,8.48,53.0,0.9,954.5,0.9659258262890683,0.25881904510252074,0.5083564379375122,0.8611467540480452
validation_reporting_only,2026-01-30T06:00:00+00:00,2026-01-30T00:00:00+00:00,2026-01-31T06:00:00+00:00,2026-01-31T11:00:00+05:00,24,24.0,0f10fbd69d2302b6a2cdb27e895b7072baaffccb5840028386922e548c48efb1,0.9583333333333334,8.46,8.68,8.86,53.0,4.0,953.1,1.0,6.123233995736766e-17,0.5083564379375122,0.8611467540480452
validation_reporting_only,2026-01-29T06:00:00+00:00,2026-01-29T00:00:00+00:00,2026-01-31T06:00:00+00:00,2026-01-31T11:00:00+05:00,48,48.0,220b9b84bb3da4b9382e0562a6d7a0539d7d40e38f9cc9e5f5e6cc37729266b3,0.9583333333333334,8.24,8.46,8.63,51.0,2.4,954.1,1.0,6.123233995736766e-17,0.5083564379375122,0.8611467540480452
validation_reporting_only,2026-01-30T06:00:00+00:00,2026-01-30T00:00:00+00:00,2026-01-31T07:00:00+00:00,2026-01-31T12:00:00+05:00,24,25.0,0f10fbd69d2302b6a2cdb27e895b7072baaffccb5840028386922e548c48efb1,0.9266666666666666,8.42,8.64,8.82,51.0,5.1,952.3,0.9659258262890683,-0.25881904510252063,0.5083564379375122,0.8611467540480452
validation_reporting_only,2026-01-29T06:00:00+00:00,2026-01-29T00:00:00+00:00,2026-01-31T07:00:00+00:00,2026-01-31T12:00:00+05:00,48,49.0,220b9b84bb3da4b9382e0562a6d7a0539d7d40e38f9cc9e5f5e6cc37729266b3,0.9266666666666666,8.3,8.51,8.69,50.0,3.4,953.4,0.9659258262890683,-0.25881904510252063,0.5083564379375122,0.8611467540480452
validation_reporting_only,2026-01-30T06:00:00+00:00,2026-01-30T00:00:00+00:00,2026-01-31T08:00:00+00:00,2026-01-31T13:00:00+05:00,24,26.0,0f10fbd69d2302b6a2cdb27e895b7072baaffccb5840028386922e548c48efb1,0.945,8.75,8.98,9.17,52.0,5.7,951.7,0.8660254037844387,-0.4999999999999998,0.5083564379375122,0.8611467540480452
validation_reporting_only,2026-01-29T06:00:00+00:00,2026-01-29T00:00:00+00:00,2026-01-31T08:00:00+00:00,2026-01-31T13:00:00+05:00,48,50.0,220b9b84bb3da4b9382e0562a6d7a0539d7d40e38f9cc9e5f5e6cc37729266b3,0.945,8.16,8.37,8.54,52.0,4.2,952.6,0.8660254037844387,-0.4999999999999998,0.5083564379375122,0.8611467540480452
validation_reporting_only,2026-01-30T12:00:00+00:00,2026-01-30T06:00:00+00:00,2026-01-31T09:00:00+00:00,2026-01-31T14:00:00+05:00,24,21.0,f30bfe80af3fbfc98e1dd1917a2fe82e285e3fc90dddc3c416b20021691e624a,0.8783333333333333,8.38,8.6,8.78,54.0,6.5,951.5,0.7071067811865476,-0.7071067811865475,0.5083564379375122,0.8611467540480452
validation_reporting_only,2026-01-29T12:00:00+00:00,2026-01-29T06:00:00+00:00,2026-01-31T09:00:00+00:00,2026-01-31T14:00:00+05:00,48,45.0,39e5ecac747749f27dd86d63ba0b0a70c07b8036f90570d0df89959ad1cf9457,0.8783333333333333,7.96,8.17,8.34,50.0,4.5,952.1,0.7071067811865476,-0.7071067811865475,0.5083564379375122,0.8611467540480452
validation_reporting_only,2026-01-30T12:00:00+00:00,2026-01-30T06:00:00+00:00,2026-01-31T10:00:00+00:00,2026-01-31T15:00:00+05:00,24,22.0,f30bfe80af3fbfc98e1dd1917a2fe82e285e3fc90dddc3c416b20021691e624a,0.875,8.67,8.9,9.08,53.0,5.2,951.5,0.49999999999999994,-0.8660254037844387,0.5083564379375122,0.8611467540480452
validation_reporting_only,2026-01-29T12:00:00+00:00,2026-01-29T06:00:00+00:00,2026-01-31T10:00:00+00:00,2026-01-31T15:00:00+05:00,48,46.0,39e5ecac747749f27dd86d63ba0b0a70c07b8036f90570d0df89959ad1cf9457,0.875,8.07,8.28,8.45,51.0,3.8,952.0,0.49999999999999994,-0.8660254037844387,0.5083564379375122,0.8611467540480452
validation_reporting_only,2026-01-30T12:00:00+00:00,2026-01-30T06:00:00+00:00,2026-01-31T11:00:00+00:00,2026-01-31T16:00:00+05:00,24,23.0,f30bfe80af3fbfc98e1dd1917a2fe82e285e3fc90dddc3c416b20021691e624a,0.8450000000000001,8.32,8.53,8.71,58.0,3.3,951.5,0.258819045102521,-0.9659258262890682,0.5083564379375122,0.8611467540480452
validation_reporting_only,2026-01-29T12:00:00+00:00,2026-01-29T06:00:00+00:00,2026-01-31T11:00:00+00:00,2026-01-31T16:00:00+05:00,48,47.0,39e5ecac747749f27dd86d63ba0b0a70c07b8036f90570d0df89959ad1cf9457,0.8450000000000001,8.44,8.66,8.83,58.0,2.3,951.7,0.258819045102521,-0.9659258262890682,0.5083564379375122,0.8611467540480452
validation_reporting_only,2026-01-30T12:00:00+00:00,2026-01-30T06:00:00+00:00,2026-01-31T12:00:00+00:00,2026-01-31T17:00:00+05:00,24,24.0,f30bfe80af3fbfc98e1dd1917a2fe82e285e3fc90dddc3c416b20021691e624a,0.7983333333333333,7.2,7.38,7.54,62.0,1.3,951.3,1.2246467991473532e-16,-1.0,0.5083564379375122,0.8611467540480452
validation_reporting_only,2026-01-29T12:00:00+00:00,2026-01-29T06:00:00+00:00,2026-01-31T12:00:00+00:00,2026-01-31T17:00:00+05:00,48,48.0,39e5ecac747749f27dd86d63ba0b0a70c07b8036f90570d0df89959ad1cf9457,0.7983333333333333,7.69,7.89,8.06,62.0,0.2,951.3,1.2246467991473532e-16,-1.0,0.5083564379375122,0.8611467540480452
validation_reporting_only,2026-01-30T12:00:00+00:00,2026-01-30T06:00:00+00:00,2026-01-31T13:00:00+00:00,2026-01-31T18:00:00+05:00,24,25.0,f30bfe80af3fbfc98e1dd1917a2fe82e285e3fc90dddc3c416b20021691e624a,0.81,5.49,5.64,5.75,63.0,0.0,951.6,-0.2588190451025208,-0.9659258262890683,0.5083564379375122,0.8611467540480452
validation_reporting_only,2026-01-29T12:00:00+00:00,2026-01-29T06:00:00+00:00,2026-01-31T13:00:00+00:00,2026-01-31T18:00:00+05:00,48,49.0,39e5ecac747749f27dd86d63ba0b0a70c07b8036f90570d0df89959ad1cf9457,0.81,6.13,6.29,6.42,65.0,-0.9,951.6,-0.2588190451025208,-0.9659258262890683,0.5083564379375122,0.8611467540480452
validation_reporting_only,2026-01-30T12:00:00+00:00,2026-01-30T06:00:00+00:00,2026-01-31T14:00:00+00:00,2026-01-31T19:00:00+05:00,24,26.0,f30bfe80af3fbfc98e1dd1917a2fe82e285e3fc90dddc3c416b20021691e624a,0.8216666666666667,3.76,3.86,3.94,71.0,-0.6,951.7,-0.4999999999999997,-0.8660254037844388,0.5083564379375122,0.8611467540480452
validation_reporting_only,2026-01-29T12:00:00+00:00,2026-01-29T06:00:00+00:00,2026-01-31T14:00:00+00:00,2026-01-31T19:00:00+05:00,48,50.0,39e5ecac747749f27dd86d63ba0b0a70c07b8036f90570d0df89959ad1cf9457,0.8216666666666667,4.76,4.88,4.98,66.0,-1.6,951.8,-0.4999999999999997,-0.8660254037844388,0.5083564379375122,0.8611467540480452
validation_reporting_only,2026-01-30T18:00:00+00:00,2026-01-30T12:00:00+00:00,2026-01-31T15:00:00+00:00,2026-01-31T20:00:00+05:00,24,21.0,5ef5643a4404c7fbcb19239018f2292d65391b0fd32e8d9aad1dc8d27ec4c532,0.3383333333333334,2.43,2.49,2.54,80.0,-0.3,951.9,-0.7071067811865471,-0.7071067811865479,0.5083564379375122,0.8611467540480452
validation_reporting_only,2026-01-29T18:00:00+00:00,2026-01-29T12:00:00+00:00,2026-01-31T15:00:00+00:00,2026-01-31T20:00:00+05:00,48,45.0,3310cd82a8a69ac6aa9539013ae6f6318f1503849ea68d19ef56ac797b2e53c5,0.3383333333333334,2.25,2.31,2.36,85.0,-0.2,952.3,-0.7071067811865471,-0.7071067811865479,0.5083564379375122,0.8611467540480452
validation_reporting_only,2026-01-30T18:00:00+00:00,2026-01-30T12:00:00+00:00,2026-01-31T16:00:00+00:00,2026-01-31T21:00:00+05:00,24,22.0,5ef5643a4404c7fbcb19239018f2292d65391b0fd32e8d9aad1dc8d27ec4c532,0.03,1.12,1.15,1.17,92.0,0.4,952.3,-0.8660254037844385,-0.5000000000000004,0.5083564379375122,0.8611467540480452
validation_reporting_only,2026-01-29T18:00:00+00:00,2026-01-29T12:00:00+00:00,2026-01-31T16:00:00+00:00,2026-01-31T21:00:00+05:00,48,46.0,3310cd82a8a69ac6aa9539013ae6f6318f1503849ea68d19ef56ac797b2e53c5,0.03,1.42,1.46,1.49,121.0,0.8,952.5,-0.8660254037844385,-0.5000000000000004,0.5083564379375122,0.8611467540480452
validation_reporting_only,2026-01-30T18:00:00+00:00,2026-01-30T12:00:00+00:00,2026-01-31T17:00:00+00:00,2026-01-31T22:00:00+05:00,24,23.0,5ef5643a4404c7fbcb19239018f2292d65391b0fd32e8d9aad1dc8d27ec4c532,0.016666666666666666,1.18,1.21,1.23,204.0,0.5,952.8,-0.9659258262890683,-0.25881904510252063,0.5083564379375122,0.8611467540480452
validation_reporting_only,2026-01-29T18:00:00+00:00,2026-01-29T12:00:00+00:00,2026-01-31T17:00:00+00:00,2026-01-31T22:00:00+05:00,48,47.0,3310cd82a8a69ac6aa9539013ae6f6318f1503849ea68d19ef56ac797b2e53c5,0.016666666666666666,0.97,1.0,1.02,127.0,1.0,952.4,-0.9659258262890683,-0.25881904510252063,0.5083564379375122,0.8611467540480452
validation_reporting_only,2026-01-30T18:00:00+00:00,2026-01-30T12:00:00+00:00,2026-01-31T18:00:00+00:00,2026-01-31T23:00:00+05:00,24,24.0,5ef5643a4404c7fbcb19239018f2292d65391b0fd32e8d9aad1dc8d27ec4c532,0.19999999999999998,1.86,1.91,1.95,225.0,-0.2,953.0,-1.0,-1.8369701987210297e-16,0.5083564379375122,0.8611467540480452
validation_reporting_only,2026-01-29T18:00:00+00:00,2026-01-29T12:00:00+00:00,2026-01-31T18:00:00+00:00,2026-01-31T23:00:00+05:00,48,48.0,3310cd82a8a69ac6aa9539013ae6f6318f1503849ea68d19ef56ac797b2e53c5,0.19999999999999998,0.61,0.63,0.64,119.0,0.1,952.6,-1.0,-1.8369701987210297e-16,0.5083564379375122,0.8611467540480452
