phase,issue_time,weather_run_time,valid_time,scada_time,lead_group_hours,actual_lead_hours,weather_input_hash,normalized_active_power,wind_speed_80m,wind_speed_100m,wind_speed_120m,wind_direction_100m,temperature_2m,surface_pressure,hour_sin,hour_cos,day_of_year_sin,day_of_year_cos
training,2025-11-29T18:00:00+00:00,2025-11-29T12:00:00+00:00,2025-11-30T15:00:00+00:00,2025-11-30T20:00:00+05:00,24,21.0,4bd6db96904dfc7c688b11a4236c5d50fbd062200933a2d606be67c4ffbe47a9,0.03666666666666667,4.36,4.47,4.56,243.0,0.7,959.0,-0.7071067811865471,-0.7071067811865479,-0.5120551783114646,0.8589525565270845
training,2025-11-29T18:00:00+00:00,2025-11-29T12:00:00+00:00,2025-11-30T16:00:00+00:00,2025-11-30T21:00:00+05:00,24,22.0,4bd6db96904dfc7c688b11a4236c5d50fbd062200933a2d606be67c4ffbe47a9,0.11833333333333333,3.6,3.7,3.77,247.0,0.6,959.2,-0.8660254037844385,-0.5000000000000004,-0.5120551783114646,0.8589525565270845
training,2025-11-29T18:00:00+00:00,2025-11-29T12:00:00+00:00,2025-11-30T17:00:00+00:00,2025-11-30T22:00:00+05:00,24,23.0,4bd6db96904dfc7c688b11a4236c5d50fbd062200933a2d606be67c4ffbe47a9,0.035,2.9,2.97,3.03,250.0,0.5,959.5,-0.9659258262890683,-0.25881904510252063,-0.5120551783114646,0.8589525565270845
training,2025-11-29T18:00:00+00:00,2025-11-29T12:00:00+00:00,2025-11-30T18:00:00+00:00,2025-11-30T23:00:00+05:00,24,24.0,4bd6db96904dfc7c688b11a4236c5d50fbd062200933a2d606be67c4ffbe47a9,0.01,1.9,1.95,1.99,247.0,0.6,959.9,-1.0,-1.8369701987210297e-16,-0.5120551783114646,0.8589525565270845
training,2025-11-29T18:00:00+00:00,2025-11-29T12:00:00+00:00,2025-11-30T19:00:00+00:00,2025-12-01T00:00:00+05:00,24,25.0,4bd6db96904dfc7c688b11a4236c5d50fbd062200933a2d606be67c4ffbe47a9,0.01,0.8,0.82,0.84,322.0,-0.2,960.1,-0.9659258262890684,0.2588190451025203,-0.5120551783114646,0.8589525565270845
training,2025-11-29T18:00:00+00:00,2025-11-29T12:00:00+00:00,2025-11-30T20:00:00+00:00,2025-12-01T01:00:00+05:00,24,26.0,4bd6db96904dfc7c688b11a4236c5d50fbd062200933a2d606be67c4ffbe47a9,0.01,0.99,1.02,1.04,11.0,-1.3,960.3,-0.8660254037844386,0.5000000000000001,-0.5120551783114646,0.8589525565270845
training,2025-11-30T00:00:00+00:00,2025-11-29T18:00:00+00:00,2025-11-30T21:00:00+00:00,2025-12-01T02:00:00+05:00,24,21.0,46778f38d63cb288a932b771370ab57cb978c1d5938d1971fddfdad5b8a348bd,0.008333333333333333,1.13,1.15,1.18,85.0,-1.9,960.3,-0.7071067811865477,0.7071067811865474,-0.5120551783114646,0.8589525565270845
training,2025-11-30T00:00:00+00:00,2025-11-29T18:00:00+00:00,2025-11-30T22:00:00+00:00,2025-12-01T03:00:00+05:00,24,22.0,46778f38d63cb288a932b771370ab57cb978c1d5938d1971fddfdad5b8a348bd,0.008333333333333333,1.96,2.01,2.05,63.0,-1.7,960.0,-0.5000000000000004,0.8660254037844384,-0.5120551783114646,0.8589525565270845
training,2025-11-30T00:00:00+00:00,2025-11-29T18:00:00+00:00,2025-11-30T23:00:00+00:00,2025-12-01T04:00:00+05:00,24,23.0,46778f38d63cb288a932b771370ab57cb978c1d5938d1971fddfdad5b8a348bd,0.008333333333333333,3.34,3.43,3.5,67.0,-2.6,959.9,-0.25881904510252157,0.9659258262890681,-0.5120551783114646,0.8589525565270845
training,2025-11-30T00:00:00+00:00,2025-11-29T18:00:00+00:00,2025-12-01T00:00:00+00:00,2025-12-01T05:00:00+05:00,24,24.0,46778f38d63cb288a932b771370ab57cb978c1d5938d1971fddfdad5b8a348bd,0.011666666666666667,3.68,3.78,3.85,79.0,-2.3,960.1,0.0,1.0,-0.4972040784469378,0.8676336233547726
training,2025-11-30T00:00:00+00:00,2025-11-29T18:00:00+00:00,2025-12-01T01:00:00+00:00,2025-12-01T06:00:00+05:00,24,25.0,46778f38d63cb288a932b771370ab57cb978c1d5938d1971fddfdad5b8a348bd,0.011666666666666667,4.16,4.27,4.36,72.0,-2.2,960.5,0.25881904510252074,0.9659258262890683,-0.4972040784469378,0.8676336233547726
training,2025-11-30T00:00:00+00:00,2025-11-29T18:00:00+00:00,2025-12-01T02:00:00+00:00,2025-12-01T07:00:00+05:00,24,26.0,46778f38d63cb288a932b771370ab57cb978c1d5938d1971fddfdad5b8a348bd,0.055,5.11,5.25,5.35,68.0,-2.3,960.8,0.49999999999999994,0.8660254037844387,-0.4972040784469378,0.8676336233547726
training,2025-11-30T06:00:00+00:00,2025-11-30T00:00:00+00:00,2025-12-01T03:00:00+00:00,2025-12-01T08:00:00+05:00,24,21.0,d2c321a1ca6f03ae52c49ebc55604c851bc4912e76f0d670f1df5ff67848bca7,0.06333333333333334,6.21,6.37,6.5,63.0,-1.0,961.6,0.7071067811865476,0.7071067811865476,-0.4972040784469378,0.8676336233547726
training,2025-11-30T06:00:00+00:00,2025-11-30T00:00:00+00:00,2025-12-01T04:00:00+00:00,2025-12-01T09:00:00+05:00,24,22.0,d2c321a1ca6f03ae52c49ebc55604c851bc4912e76f0d670f1df5ff67848bca7,0.15333333333333335,7.01,7.19,7.34,60.0,1.2,961.9,0.8660254037844386,0.5000000000000001,-0.4972040784469378,0.8676336233547726
training,2025-11-30T06:00:00+00:00,2025-11-30T00:00:00+00:00,2025-12-01T05:00:00+00:00,2025-12-01T10:00:00+05:00,24,23.0,d2c321a1ca6f03ae52c49ebc55604c851bc4912e76f0d670f1df5ff67848bca7,0.15666666666666668,6.28,6.44,6.57,54.0,3.1,961.7,0.9659258262890683,0.25881904510252074,-0.4972040784469378,0.8676336233547726
training,2025-11-30T06:00:00+00:00,2025-11-30T00:00:00+00:00,2025-12-01T06:00:00+00:00,2025-12-01T11:00:00+05:00,24,24.0,d2c321a1ca6f03ae52c49ebc55604c851bc4912e76f0d670f1df5ff67848bca7,0.13166666666666668,7.29,7.48,7.64,52.0,4.5,961.3,1.0,6.123233995736766e-17,-0.4972040784469378,0.8676336233547726
training,2025-11-30T06:00:00+00:00,2025-11-30T00:00:00+00:00,2025-12-01T07:00:00+00:00,2025-12-01T12:00:00+05:00,24,25.0,d2c321a1ca6f03ae52c49ebc55604c851bc4912e76f0d670f1df5ff67848bca7,0.6416666666666667,7.94,8.14,8.31,51.0,5.3,960.5,0.9659258262890683,-0.25881904510252063,-0.4972040784469378,0.8676336233547726
training,2025-11-30T06:00:00+00:00,2025-11-30T00:00:00+00:00,2025-12-01T08:00:00+00:00,2025-12-01T13:00:00+05:00,24,26.0,d2c321a1ca6f03ae52c49ebc55604c851bc4912e76f0d670f1df5ff67848bca7,0.96,8.1,8.31,8.48,50.0,5.7,959.9,0.8660254037844387,-0.4999999999999998,-0.4972040784469378,0.8676336233547726
training,2025-11-30T12:00:00+00:00,2025-11-30T06:00:00+00:00,2025-12-01T09:00:00+00:00,2025-12-01T14:00:00+05:00,24,21.0,b4160ed07d05e5bd4b2367e7c27cdba8d1a4b657433071e750a0957aa07ccd22,0.9633333333333333,8.09,8.3,8.47,52.0,5.4,959.4,0.7071067811865476,-0.7071067811865475,-0.4972040784469378,0.8676336233547726
training,2025-11-30T12:00:00+00:00,2025-11-30T06:00:00+00:00,2025-12-01T10:00:00+00:00,2025-12-01T15:00:00+05:00,24,22.0,b4160ed07d05e5bd4b2367e7c27cdba8d1a4b657433071e750a0957aa07ccd22,0.8733333333333334,8.38,8.6,8.78,58.0,4.2,959.1,0.49999999999999994,-0.8660254037844387,-0.4972040784469378,0.8676336233547726
training,2025-11-30T12:00:00+00:00,2025-11-30T06:00:00+00:00,2025-12-01T11:00:00+00:00,2025-12-01T16:00:00+05:00,24,23.0,b4160ed07d05e5bd4b2367e7c27cdba8d1a4b657433071e750a0957aa07ccd22,0.7066666666666667,7.81,8.01,8.17,62.0,2.3,958.5,0.258819045102521,-0.9659258262890682,-0.4972040784469378,0.8676336233547726
training,2025-11-30T12:00:00+00:00,2025-11-30T06:00:00+00:00,2025-12-01T12:00:00+00:00,2025-12-01T17:00:00+05:00,24,24.0,b4160ed07d05e5bd4b2367e7c27cdba8d1a4b657433071e750a0957aa07ccd22,0.5833333333333334,6.98,7.16,7.31,66.0,0.5,958.3,1.2246467991473532e-16,-1.0,-0.4972040784469378,0.8676336233547726
training,2025-11-30T12:00:00+00:00,2025-11-30T06:00:00+00:00,2025-12-01T13:00:00+00:00,2025-12-01T18:00:00+05:00,24,25.0,b4160ed07d05e5bd4b2367e7c27cdba8d1a4b657433071e750a0957aa07ccd22,0.7000000000000001,6.94,7.12,7.27,67.0,-0.5,957.9,-0.2588190451025208,-0.9659258262890683,-0.4972040784469378,0.8676336233547726
training,2025-11-30T12:00:00+00:00,2025-11-30T06:00:00+00:00,2025-12-01T14:00:00+00:00,2025-12-01T19:00:00+05:00,24,26.0,b4160ed07d05e5bd4b2367e7c27cdba8d1a4b657433071e750a0957aa07ccd22,0.8983333333333333,7.35,7.54,7.7,66.0,-0.8,957.3,-0.4999999999999997,-0.8660254037844388,-0.4972040784469378,0.8676336233547726
training,2025-11-30T18:00:00+00:00,2025-11-30T12:00:00+00:00,2025-12-01T15:00:00+00:00,2025-12-01T20:00:00+05:00,24,21.0,191b9f26d4ded1e32d56aa64ffe282589ac9ceccff3250bf93eae9bac4d661f2,0.975,7.57,7.77,7.93,66.0,-0.7,957.1,-0.7071067811865471,-0.7071067811865479,-0.4972040784469378,0.8676336233547726
training,2025-11-29T18:00:00+00:00,2025-11-29T12:00:00+00:00,2025-12-01T15:00:00+00:00,2025-12-01T20:00:00+05:00,48,45.0,4bd6db96904dfc7c688b11a4236c5d50fbd062200933a2d606be67c4ffbe47a9,0.975,7.64,7.83,8.0,66.0,-0.7,957.2,-0.7071067811865471,-0.7071067811865479,-0.4972040784469378,0.8676336233547726
training,2025-11-30T18:00:00+00:00,2025-11-30T12:00:00+00:00,2025-12-01T16:00:00+00:00,2025-12-01T21:00:00+05:00,24,22.0,191b9f26d4ded1e32d56aa64ffe282589ac9ceccff3250bf93eae9bac4d661f2,0.9466666666666667,7.72,7.92,8.09,66.0,-0.7,956.7,-0.8660254037844385,-0.5000000000000004,-0.4972040784469378,0.8676336233547726
training,2025-11-29T18:00:00+00:00,2025-11-29T12:00:00+00:00,2025-12-01T16:00:00+00:00,2025-12-01T21:00:00+05:00,48,46.0,4bd6db96904dfc7c688b11a4236c5d50fbd062200933a2d606be67c4ffbe47a9,0.9466666666666667,7.88,8.08,8.25,66.0,-0.7,956.8,-0.8660254037844385,-0.5000000000000004,-0.4972040784469378,0.8676336233547726
training,2025-11-30T18:00:00+00:00,2025-11-30T12:00:00+00:00,2025-12-01T17:00:00+00:00,2025-12-01T22:00:00+05:00,24,23.0,191b9f26d4ded1e32d56aa64ffe282589ac9ceccff3250bf93eae9bac4d661f2,0.9616666666666666,7.36,7.55,7.71,67.0,-0.8,956.4,-0.9659258262890683,-0.25881904510252063,-0.4972040784469378,0.8676336233547726
training,2025-11-29T18:00:00+00:00,2025-11-29T12:00:00+00:00,2025-12-01T17:00:00+00:00,2025-12-01T22:00:00+05:00,48,47.0,4bd6db96904dfc7c688b11a4236c5d50fbd062200933a2d606be67c4ffbe47a9,0.9616666666666666,7.76,7.96,8.12,67.0,-0.8,956.6,-0.9659258262890683,-0.25881904510252063,-0.4972040784469378,0.8676336233547726
training,2025-11-30T18:00:00+00:00,2025-11-30T12:00:00+00:00,2025-12-01T18:00:00+00:00,2025-12-01T23:00:00+05:00,24,24.0,191b9f26d4ded1e32d56aa64ffe282589ac9ceccff3250bf93eae9bac4d661f2,0.8816666666666667,6.82,7.0,7.15,68.0,-0.9,956.1,-1.0,-1.8369701987210297e-16,-0.4972040784469378,0.8676336233547726
training,2025-11-29T18:00:00+00:00,2025-11-29T12:00:00+00:00,2025-12-01T18:00:00+00:00,2025-12-01T23:00:00+05:00,48,48.0,4bd6db96904dfc7c688b11a4236c5d50fbd062200933a2d606be67c4ffbe47a9,0.8816666666666667,7.45,7.64,7.8,69.0,-0.8,956.3,-1.0,-1.8369701987210297e-16,-0.4972040784469378,0.8676336233547726
training,2025-11-30T18:00:00+00:00,2025-11-30T12:00:00+00:00,2025-12-01T19:00:00+00:00,2025-12-02T00:00:00+05:00,24,25.0,191b9f26d4ded1e32d56aa64ffe282589ac9ceccff3250bf93eae9bac4d661f2,0.62,6.05,6.2,6.33,69.0,-1.1,956.0,-0.9659258262890684,0.2588190451025203,-0.4972040784469378,0.8676336233547726
training,2025-11-29T18:00:00+00:00,2025-11-29T12:00:00+00:00,2025-12-01T19:00:00+00:00,2025-12-02T00:00:00+05:00,48,49.0,4bd6db96904dfc7c688b11a4236c5d50fbd062200933a2d606be67c4ffbe47a9,0.62,6.81,6.99,7.13,71.0,-0.9,956.0,-0.9659258262890684,0.2588190451025203,-0.4972040784469378,0.8676336233547726
training,2025-11-30T18:00:00+00:00,2025-11-30T12:00:00+00:00,2025-12-01T20:00:00+00:00,2025-12-02T01:00:00+05:00,24,26.0,191b9f26d4ded1e32d56aa64ffe282589ac9ceccff3250bf93eae9bac4d661f2,0.5316666666666666,5.09,5.22,5.33,70.0,-1.5,955.5,-0.8660254037844386,0.5000000000000001,-0.4972040784469378,0.8676336233547726
training,2025-11-29T18:00:00+00:00,2025-11-29T12:00:00+00:00,2025-12-01T20:00:00+00:00,2025-12-02T01:00:00+05:00,48,50.0,4bd6db96904dfc7c688b11a4236c5d50fbd062200933a2d606be67c4ffbe47a9,0.5316666666666666,6.27,6.44,6.57,71.0,-1.1,955.5,-0.8660254037844386,0.5000000000000001,-0.4972040784469378,0.8676336233547726
training,2025-12-01T00:00:00+00:00,2025-11-30T18:00:00+00:00,2025-12-01T21:00:00+00:00,2025-12-02T02:00:00+05:00,24,21.0,6a049c91b9f7b0c5f37ae3a73e360351a8eb824d217ed0d29f9d7774170338e7,0.14500000000000002,2.6,2.66,2.72,56.0,-2.2,955.4,-0.7071067811865477,0.7071067811865474,-0.4972040784469378,0.8676336233547726
training,2025-11-30T00:00:00+00:00,2025-11-29T18:00:00+00:00,2025-12-01T21:00:00+00:00,2025-12-02T02:00:00+05:00,48,45.0,46778f38d63cb288a932b771370ab57cb978c1d5938d1971fddfdad5b8a348bd,0.14500000000000002,5.86,6.01,6.13,70.0,-1.6,955.3,-0.7071067811865477,0.7071067811865474,-0.4972040784469378,0.8676336233547726
training,2025-12-01T00:00:00+00:00,2025-11-30T18:00:00+00:00,2025-12-01T22:00:00+00:00,2025-12-02T03:00:00+05:00,24,22.0,6a049c91b9f7b0c5f37ae3a73e360351a8eb824d217ed0d29f9d7774170338e7,0.023333333333333334,1.18,1.21,1.23,24.0,-2.2,955.6,-0.5000000000000004,0.8660254037844384,-0.4972040784469378,0.8676336233547726
training,2025-11-30T00:00:00+00:00,2025-11-29T18:00:00+00:00,2025-12-01T22:00:00+00:00,2025-12-02T03:00:00+05:00,48,46.0,46778f38d63cb288a932b771370ab57cb978c1d5938d1971fddfdad5b8a348bd,0.023333333333333334,4.91,5.04,5.14,66.0,-2.2,954.9,-0.5000000000000004,0.8660254037844384,-0.4972040784469378,0.8676336233547726
training,2025-12-01T00:00:00+00:00,2025-11-30T18:00:00+00:00,2025-12-01T23:00:00+00:00,2025-12-02T04:00:00+05:00,24,23.0,6a049c91b9f7b0c5f37ae3a73e360351a8eb824d217ed0d29f9d7774170338e7,0.02666666666666667,0.83,0.85,0.87,291.0,-2.5,955.4,-0.25881904510252157,0.9659258262890681,-0.4972040784469378,0.8676336233547726
training,2025-11-30T00:00:00+00:00,2025-11-29T18:00:00+00:00,2025-12-01T23:00:00+00:00,2025-12-02T04:00:00+05:00,48,47.0,46778f38d63cb288a932b771370ab57cb978c1d5938d1971fddfdad5b8a348bd,0.02666666666666667,3.86,3.96,4.04,62.0,-2.5,954.7,-0.25881904510252157,0.9659258262890681,-0.4972040784469378,0.8676336233547726
training,2025-12-01T00:00:00+00:00,2025-11-30T18:00:00+00:00,2025-12-02T00:00:00+00:00,2025-12-02T05:00:00+05:00,24,24.0,6a049c91b9f7b0c5f37ae3a73e360351a8eb824d217ed0d29f9d7774170338e7,0.024999999999999998,1.83,1.87,1.91,261.0,-2.8,955.6,0.0,1.0,-0.4822058478963526,0.8760579434344281
training,2025-11-30T00:00:00+00:00,2025-11-29T18:00:00+00:00,2025-12-02T00:00:00+00:00,2025-12-02T05:00:00+05:00,48,48.0,46778f38d63cb288a932b771370ab57cb978c1d5938d1971fddfdad5b8a348bd,0.024999999999999998,2.36,2.42,2.47,52.0,-2.1,955.2,0.0,1.0,-0.4822058478963526,0.8760579434344281
training,2025-12-01T00:00:00+00:00,2025-11-30T18:00:00+00:00,2025-12-02T01:00:00+00:00,2025-12-02T06:00:00+05:00,24,25.0,6a049c91b9f7b0c5f37ae3a73e360351a8eb824d217ed0d29f9d7774170338e7,0.03333333333333333,2.47,2.53,2.59,255.0,-2.3,955.9,0.25881904510252074,0.9659258262890683,-0.4822058478963526,0.8760579434344281
training,2025-11-30T00:00:00+00:00,2025-11-29T18:00:00+00:00,2025-12-02T01:00:00+00:00,2025-12-02T06:00:00+05:00,48,49.0,46778f38d63cb288a932b771370ab57cb978c1d5938d1971fddfdad5b8a348bd,0.03333333333333333,0.49,0.5,0.51,354.0,-2.2,955.7,0.25881904510252074,0.9659258262890683,-0.4822058478963526,0.8760579434344281
training,2025-12-01T00:00:00+00:00,2025-11-30T18:00:00+00:00,2025-12-02T02:00:00+00:00,2025-12-02T07:00:00+05:00,24,26.0,6a049c91b9f7b0c5f37ae3a73e360351a8eb824d217ed0d29f9d7774170338e7,0.09999999999999999,3.13,3.21,3.28,249.0,-2.0,956.0,0.49999999999999994,0.8660254037844387,-0.4822058478963526,0.8760579434344281
training,2025-11-30T00:00:00+00:00,2025-11-29T18:00:00+00:00,2025-12-02T02:00:00+00:00,2025-12-02T07:00:00+05:00,48,50.0,46778f38d63cb288a932b771370ab57cb978c1d5938d1971fddfdad5b8a348bd,0.09999999999999999,1.36,1.39,1.42,249.0,-2.5,956.0,0.49999999999999994,0.8660254037844387,-0.4822058478963526,0.8760579434344281
training,2025-12-01T06:00:00+00:00,2025-12-01T00:00:00+00:00,2025-12-02T03:00:00+00:00,2025-12-02T08:00:00+05:00,24,21.0,0dfc7000b584ae9327654f9caf9c2a5896916f65e57fe7ea2b7b82cb27cfb96a,0.14833333333333334,3.47,3.56,3.63,244.0,-0.4,957.0,0.7071067811865476,0.7071067811865476,-0.4822058478963526,0.8760579434344281
training,2025-11-30T06:00:00+00:00,2025-11-30T00:00:00+00:00,2025-12-02T03:00:00+00:00,2025-12-02T08:00:00+05:00,48,45.0,d2c321a1ca6f03ae52c49ebc55604c851bc4912e76f0d670f1df5ff67848bca7,0.14833333333333334,2.64,2.7,2.76,251.0,-0.3,956.6,0.7071067811865476,0.7071067811865476,-0.4822058478963526,0.8760579434344281
training,2025-12-01T06:00:00+00:00,2025-12-01T00:00:00+00:00,2025-12-02T04:00:00+00:00,2025-12-02T09:00:00+05:00,24,22.0,0dfc7000b584ae9327654f9caf9c2a5896916f65e57fe7ea2b7b82cb27cfb96a,0.12833333333333333,3.68,3.78,3.86,242.0,2.0,957.7,0.8660254037844386,0.5000000000000001,-0.4822058478963526,0.8760579434344281
training,2025-11-30T06:00:00+00:00,2025-11-30T00:00:00+00:00,2025-12-02T04:00:00+00:00,2025-12-02T09:00:00+05:00,48,46.0,d2c321a1ca6f03ae52c49ebc55604c851bc4912e76f0d670f1df5ff67848bca7,0.12833333333333333,3.28,3.36,3.43,247.0,1.9,957.4,0.8660254037844386,0.5000000000000001,-0.4822058478963526,0.8760579434344281
training,2025-12-01T06:00:00+00:00,2025-12-01T00:00:00+00:00,2025-12-02T05:00:00+00:00,2025-12-02T10:00:00+05:00,24,23.0,0dfc7000b584ae9327654f9caf9c2a5896916f65e57fe7ea2b7b82cb27cfb96a,0.075,2.68,2.75,2.81,251.0,3.5,958.0,0.9659258262890683,0.25881904510252074,-0.4822058478963526,0.8760579434344281
training,2025-11-30T06:00:00+00:00,2025-11-30T00:00:00+00:00,2025-12-02T05:00:00+00:00,2025-12-02T10:00:00+05:00,48,47.0,d2c321a1ca6f03ae52c49ebc55604c851bc4912e76f0d670f1df5ff67848bca7,0.075,2.39,2.45,2.5,250.0,3.3,957.6,0.9659258262890683,0.25881904510252074,-0.4822058478963526,0.8760579434344281
training,2025-12-01T06:00:00+00:00,2025-12-01T00:00:00+00:00,2025-12-02T06:00:00+00:00,2025-12-02T11:00:00+05:00,24,24.0,0dfc7000b584ae9327654f9caf9c2a5896916f65e57fe7ea2b7b82cb27cfb96a,0.09666666666666668,2.71,2.78,2.84,262.0,4.5,957.6,1.0,6.123233995736766e-17,-0.4822058478963526,0.8760579434344281
training,2025-11-30T06:00:00+00:00,2025-11-30T00:00:00+00:00,2025-12-02T06:00:00+00:00,2025-12-02T11:00:00+05:00,48,48.0,d2c321a1ca6f03ae52c49ebc55604c851bc4912e76f0d670f1df5ff67848bca7,0.09666666666666668,2.04,2.09,2.13,259.0,4.3,957.2,1.0,6.123233995736766e-17,-0.4822058478963526,0.8760579434344281
training,2025-12-01T06:00:00+00:00,2025-12-01T00:00:00+00:00,2025-12-02T07:00:00+00:00,2025-12-02T12:00:00+05:00,24,25.0,0dfc7000b584ae9327654f9caf9c2a5896916f65e57fe7ea2b7b82cb27cfb96a,0.07833333333333332,2.69,2.76,2.82,265.0,4.9,956.9,0.9659258262890683,-0.25881904510252063,-0.4822058478963526,0.8760579434344281
training,2025-11-30T06:00:00+00:00,2025-11-30T00:00:00+00:00,2025-12-02T07:00:00+00:00,2025-12-02T12:00:00+05:00,48,49.0,d2c321a1ca6f03ae52c49ebc55604c851bc4912e76f0d670f1df5ff67848bca7,0.07833333333333332,1.93,1.98,2.02,260.0,5.4,956.4,0.9659258262890683,-0.25881904510252063,-0.4822058478963526,0.8760579434344281
training,2025-12-01T06:00:00+00:00,2025-12-01T00:00:00+00:00,2025-12-02T08:00:00+00:00,2025-12-02T13:00:00+05:00,24,26.0,0dfc7000b584ae9327654f9caf9c2a5896916f65e57fe7ea2b7b82cb27cfb96a,0.04666666666666667,2.5,2.56,2.62,264.0,5.3,956.3,0.8660254037844387,-0.4999999999999998,-0.4822058478963526,0.8760579434344281
training,2025-11-30T06:00:00+00:00,2025-11-30T00:00:00+00:00,2025-12-02T08:00:00+00:00,2025-12-02T13:00:00+05:00,48,50.0,d2c321a1ca6f03ae52c49ebc55604c851bc4912e76f0d670f1df5ff67848bca7,0.04666666666666667,1.81,1.85,1.89,267.0,5.9,955.9,0.8660254037844387,-0.4999999999999998,-0.4822058478963526,0.8760579434344281
training,2025-12-01T12:00:00+00:00,2025-12-01T06:00:00+00:00,2025-12-02T09:00:00+00:00,2025-12-02T14:00:00+05:00,24,21.0,1e94ac6babec0fff158173935f82db854525ba19503ea91fc95ef9b2937d2ee1,0.07166666666666667,2.59,2.65,2.71,267.0,5.0,956.3,0.7071067811865476,-0.7071067811865475,-0.4822058478963526,0.8760579434344281
training,2025-11-30T12:00:00+00:00,2025-11-30T06:00:00+00:00,2025-12-02T09:00:00+00:00,2025-12-02T14:00:00+05:00,48,45.0,b4160ed07d05e5bd4b2367e7c27cdba8d1a4b657433071e750a0957aa07ccd22,0.07166666666666667,2.02,2.07,2.11,278.0,5.6,955.5,0.7071067811865476,-0.7071067811865475,-0.4822058478963526,0.8760579434344281
training,2025-12-01T12:00:00+00:00,2025-12-01T06:00:00+00:00,2025-12-02T10:00:00+00:00,2025-12-02T15:00:00+05:00,24,22.0,1e94ac6babec0fff158173935f82db854525ba19503ea91fc95ef9b2937d2ee1,0.045000000000000005,2.94,3.02,3.08,263.0,3.3,956.0,0.49999999999999994,-0.8660254037844387,-0.4822058478963526,0.8760579434344281
training,2025-11-30T12:00:00+00:00,2025-11-30T06:00:00+00:00,2025-12-02T10:00:00+00:00,2025-12-02T15:00:00+05:00,48,46.0,b4160ed07d05e5bd4b2367e7c27cdba8d1a4b657433071e750a0957aa07ccd22,0.045000000000000005,2.92,2.99,3.05,280.0,3.7,955.3,0.49999999999999994,-0.8660254037844387,-0.4822058478963526,0.8760579434344281
training,2025-12-01T12:00:00+00:00,2025-12-01T06:00:00+00:00,2025-12-02T11:00:00+00:00,2025-12-02T16:00:00+05:00,24,23.0,1e94ac6babec0fff158173935f82db854525ba19503ea91fc95ef9b2937d2ee1,0.008333333333333333,3.57,3.66,3.73,260.0,1.0,956.0,0.258819045102521,-0.9659258262890682,-0.4822058478963526,0.8760579434344281
training,2025-11-30T12:00:00+00:00,2025-11-30T06:00:00+00:00,2025-12-02T11:00:00+00:00,2025-12-02T16:00:00+05:00,48,47.0,b4160ed07d05e5bd4b2367e7c27cdba8d1a4b657433071e750a0957aa07ccd22,0.008333333333333333,3.72,3.81,3.89,265.0,0.6,955.1,0.258819045102521,-0.9659258262890682,-0.4822058478963526,0.8760579434344281
training,2025-12-01T12:00:00+00:00,2025-12-01T06:00:00+00:00,2025-12-02T12:00:00+00:00,2025-12-02T17:00:00+05:00,24,24.0,1e94ac6babec0fff158173935f82db854525ba19503ea91fc95ef9b2937d2ee1,0.01,3.71,3.81,3.89,247.0,0.2,956.2,1.2246467991473532e-16,-1.0,-0.4822058478963526,0.8760579434344281
training,2025-11-30T12:00:00+00:00,2025-11-30T06:00:00+00:00,2025-12-02T12:00:00+00:00,2025-12-02T17:00:00+05:00,48,48.0,b4160ed07d05e5bd4b2367e7c27cdba8d1a4b657433071e750a0957aa07ccd22,0.01,4.08,4.18,4.27,244.0,-0.3,955.2,1.2246467991473532e-16,-1.0,-0.4822058478963526,0.8760579434344281
training,2025-12-01T12:00:00+00:00,2025-12-01T06:00:00+00:00,2025-12-02T13:00:00+00:00,2025-12-02T18:00:00+05:00,24,25.0,1e94ac6babec0fff158173935f82db854525ba19503ea91fc95ef9b2937d2ee1,0.01,3.47,3.56,3.63,242.0,-0.6,956.1,-0.2588190451025208,-0.9659258262890683,-0.4822058478963526,0.8760579434344281
training,2025-11-30T12:00:00+00:00,2025-11-30T06:00:00+00:00,2025-12-02T13:00:00+00:00,2025-12-02T18:00:00+05:00,48,49.0,b4160ed07d05e5bd4b2367e7c27cdba8d1a4b657433071e750a0957aa07ccd22,0.01,4.1,4.21,4.29,242.0,-0.3,955.4,-0.2588190451025208,-0.9659258262890683,-0.4822058478963526,0.8760579434344281
training,2025-12-01T12:00:00+00:00,2025-12-01T06:00:00+00:00,2025-12-02T14:00:00+00:00,2025-12-02T19:00:00+05:00,24,26.0,1e94ac6babec0fff158173935f82db854525ba19503ea91fc95ef9b2937d2ee1,0.008333333333333333,3.07,3.15,3.22,243.0,-0.5,956.0,-0.4999999999999997,-0.8660254037844388,-0.4822058478963526,0.8760579434344281
training,2025-11-30T12:00:00+00:00,2025-11-30T06:00:00+00:00,2025-12-02T14:00:00+00:00,2025-12-02T19:00:00+05:00,48,50.0,b4160ed07d05e5bd4b2367e7c27cdba8d1a4b657433071e750a0957aa07ccd22,0.008333333333333333,4.0,4.1,4.18,240.0,-0.3,955.5,-0.4999999999999997,-0.8660254037844388,-0.4822058478963526,0.8760579434344281
training,2025-12-01T18:00:00+00:00,2025-12-01T12:00:00+00:00,2025-12-02T15:00:00+00:00,2025-12-02T20:00:00+05:00,24,21.0,618b57d9aa231c2ae5ce98d68e237465a952a88fba373a3316cf38acce41eaa3,0.006666666666666667,2.95,3.03,3.09,248.0,-0.1,956.3,-0.7071067811865471,-0.7071067811865479,-0.4822058478963526,0.8760579434344281
training,2025-11-30T18:00:00+00:00,2025-11-30T12:00:00+00:00,2025-12-02T15:00:00+00:00,2025-12-02T20:00:00+05:00,48,45.0,191b9f26d4ded1e32d56aa64ffe282589ac9ceccff3250bf93eae9bac4d661f2,0.006666666666666667,3.18,3.26,3.33,238.0,-0.3,956.1,-0.7071067811865471,-0.7071067811865479,-0.4822058478963526,0.8760579434344281
training,2025-12-01T18:00:00+00:00,2025-12-01T12:00:00+00:00,2025-12-02T16:00:00+00:00,2025-12-02T21:00:00+05:00,24,22.0,618b57d9aa231c2ae5ce98d68e237465a952a88fba373a3316cf38acce41eaa3,0.011666666666666667,2.09,2.15,2.19,258.0,-0.1,956.3,-0.8660254037844385,-0.5000000000000004,-0.4822058478963526,0.8760579434344281
training,2025-11-30T18:00:00+00:00,2025-11-30T12:00:00+00:00,2025-12-02T16:00:00+00:00,2025-12-02T21:00:00+05:00,48,46.0,191b9f26d4ded1e32d56aa64ffe282589ac9ceccff3250bf93eae9bac4d661f2,0.011666666666666667,2.27,2.32,2.37,251.0,-0.2,956.0,-0.8660254037844385,-0.5000000000000004,-0.4822058478963526,0.8760579434344281
training,2025-12-01T18:00:00+00:00,2025-12-01T12:00:00+00:00,2025-12-02T17:00:00+00:00,2025-12-02T22:00:00+05:00,24,23.0,618b57d9aa231c2ae5ce98d68e237465a952a88fba373a3316cf38acce41eaa3,0.008333333333333333,1.38,1.41,1.44,278.0,-0.2,956.2,-0.9659258262890683,-0.25881904510252063,-0.4822058478963526,0.8760579434344281
training,2025-11-30T18:00:00+00:00,2025-11-30T12:00:00+00:00,2025-12-02T17:00:00+00:00,2025-12-02T22:00:00+05:00,48,47.0,191b9f26d4ded1e32d56aa64ffe282589ac9ceccff3250bf93eae9bac4d661f2,0.008333333333333333,1.73,1.78,1.81,280.0,-0.4,956.0,-0.9659258262890683,-0.25881904510252063,-0.4822058478963526,0.8760579434344281
training,2025-12-01T18:00:00+00:00,2025-12-01T12:00:00+00:00,2025-12-02T18:00:00+00:00,2025-12-02T23:00:00+05:00,24,24.0,618b57d9aa231c2ae5ce98d68e237465a952a88fba373a3316cf38acce41eaa3,0.01,0.76,0.78,0.8,320.0,-0.3,956.3,-1.0,-1.8369701987210297e-16,-0.4822058478963526,0.8760579434344281
training,2025-11-30T18:00:00+00:00,2025-11-30T12:00:00+00:00,2025-12-02T18:00:00+00:00,2025-12-02T23:00:00+05:00,48,48.0,191b9f26d4ded1e32d56aa64ffe282589ac9ceccff3250bf93eae9bac4d661f2,0.01,1.14,1.17,1.19,313.0,-0.5,956.1,-1.0,-1.8369701987210297e-16,-0.4822058478963526,0.8760579434344281
training,2025-12-01T18:00:00+00:00,2025-12-01T12:00:00+00:00,2025-12-02T19:00:00+00:00,2025-12-03T00:00:00+05:00,24,25.0,618b57d9aa231c2ae5ce98d68e237465a952a88fba373a3316cf38acce41eaa3,0.015,0.68,0.69,0.71,30.0,-0.8,956.2,-0.9659258262890684,0.2588190451025203,-0.4822058478963526,0.8760579434344281
training,2025-11-30T18:00:00+00:00,2025-11-30T12:00:00+00:00,2025-12-02T19:00:00+00:00,2025-12-03T00:00:00+05:00,48,49.0,191b9f26d4ded1e32d56aa64ffe282589ac9ceccff3250bf93eae9bac4d661f2,0.015,0.93,0.96,0.98,6.0,-0.9,956.0,-0.9659258262890684,0.2588190451025203,-0.4822058478963526,0.8760579434344281
training,2025-12-01T18:00:00+00:00,2025-12-01T12:00:00+00:00,2025-12-02T20:00:00+00:00,2025-12-03T01:00:00+05:00,24,26.0,618b57d9aa231c2ae5ce98d68e237465a952a88fba373a3316cf38acce41eaa3,0.10333333333333333,1.55,1.59,1.62,66.0,-1.3,955.9,-0.8660254037844386,0.5000000000000001,-0.4822058478963526,0.8760579434344281
training,2025-11-30T18:00:00+00:00,2025-11-30T12:00:00+00:00,2025-12-02T20:00:00+00:00,2025-12-03T01:00:00+05:00,48,50.0,191b9f26d4ded1e32d56aa64ffe282589ac9ceccff3250bf93eae9bac4d661f2,0.10333333333333333,1.29,1.33,1.36,70.0,-1.3,955.7,-0.8660254037844386,0.5000000000000001,-0.4822058478963526,0.8760579434344281
training,2025-12-02T00:00:00+00:00,2025-12-01T18:00:00+00:00,2025-12-02T21:00:00+00:00,2025-12-03T02:00:00+05:00,24,21.0,644803ffb4d9a89351be0cb21ff69af752bc92e10fc02ee8639da86295ea6630,0.17333333333333334,4.0,4.1,4.19,68.0,-1.3,955.6,-0.7071067811865477,0.7071067811865474,-0.4822058478963526,0.8760579434344281
training,2025-12-01T00:00:00+00:00,2025-11-30T18:00:00+00:00,2025-12-02T21:00:00+00:00,2025-12-03T02:00:00+05:00,48,45.0,6a049c91b9f7b0c5f37ae3a73e360351a8eb824d217ed0d29f9d7774170338e7,0.17333333333333334,3.56,3.65,3.73,67.0,-1.5,955.3,-0.7071067811865477,0.7071067811865474,-0.4822058478963526,0.8760579434344281
training,2025-12-02T00:00:00+00:00,2025-12-01T18:00:00+00:00,2025-12-02T22:00:00+00:00,2025-12-03T03:00:00+05:00,24,22.0,644803ffb4d9a89351be0cb21ff69af752bc92e10fc02ee8639da86295ea6630,0.20166666666666666,4.78,4.9,5.01,70.0,-1.3,955.5,-0.5000000000000004,0.8660254037844384,-0.4822058478963526,0.8760579434344281
training,2025-12-01T00:00:00+00:00,2025-11-30T18:00:00+00:00,2025-12-02T22:00:00+00:00,2025-12-03T03:00:00+05:00,48,46.0,6a049c91b9f7b0c5f37ae3a73e360351a8eb824d217ed0d29f9d7774170338e7,0.20166666666666666,4.14,4.24,4.33,69.0,-1.5,955.1,-0.5000000000000004,0.8660254037844384,-0.4822058478963526,0.8760579434344281
training,2025-12-02T00:00:00+00:00,2025-12-01T18:00:00+00:00,2025-12-02T23:00:00+00:00,2025-12-03T04:00:00+05:00,24,23.0,644803ffb4d9a89351be0cb21ff69af752bc92e10fc02ee8639da86295ea6630,0.30833333333333335,4.89,5.01,5.12,71.0,-1.4,955.3,-0.25881904510252157,0.9659258262890681,-0.4822058478963526,0.8760579434344281
training,2025-12-01T00:00:00+00:00,2025-11-30T18:00:00+00:00,2025-12-02T23:00:00+00:00,2025-12-03T04:00:00+05:00,48,47.0,6a049c91b9f7b0c5f37ae3a73e360351a8eb824d217ed0d29f9d7774170338e7,0.30833333333333335,4.18,4.29,4.37,71.0,-1.6,955.1,-0.25881904510252157,0.9659258262890681,-0.4822058478963526,0.8760579434344281
training,2025-12-02T00:00:00+00:00,2025-12-01T18:00:00+00:00,2025-12-03T00:00:00+00:00,2025-12-03T05:00:00+05:00,24,24.0,644803ffb4d9a89351be0cb21ff69af752bc92e10fc02ee8639da86295ea6630,0.32166666666666666,5.09,5.22,5.33,70.0,-1.4,955.6,0.0,1.0,-0.46706492487743034,0.8842230238742036
training,2025-12-01T00:00:00+00:00,2025-11-30T18:00:00+00:00,2025-12-03T00:00:00+00:00,2025-12-03T05:00:00+05:00,48,48.0,6a049c91b9f7b0c5f37ae3a73e360351a8eb824d217ed0d29f9d7774170338e7,0.32166666666666666,4.18,4.29,4.37,73.0,-1.7,955.6,0.0,1.0,-0.46706492487743034,0.8842230238742036
training,2025-12-02T00:00:00+00:00,2025-12-01T18:00:00+00:00,2025-12-03T01:00:00+00:00,2025-12-03T06:00:00+05:00,24,25.0,644803ffb4d9a89351be0cb21ff69af752bc92e10fc02ee8639da86295ea6630,0.34500000000000003,5.35,5.49,5.6,67.0,-1.6,955.8,0.25881904510252074,0.9659258262890683,-0.46706492487743034,0.8842230238742036
training,2025-12-01T00:00:00+00:00,2025-11-30T18:00:00+00:00,2025-12-03T01:00:00+00:00,2025-12-03T06:00:00+05:00,48,49.0,6a049c91b9f7b0c5f37ae3a73e360351a8eb824d217ed0d29f9d7774170338e7,0.34500000000000003,4.18,4.29,4.37,71.0,-1.8,955.9,0.25881904510252074,0.9659258262890683,-0.46706492487743034,0.8842230238742036
training,2025-12-02T00:00:00+00:00,2025-12-01T18:00:00+00:00,2025-12-03T02:00:00+00:00,2025-12-03T07:00:00+05:00,24,26.0,644803ffb4d9a89351be0cb21ff69af752bc92e10fc02ee8639da86295ea6630,0.5516666666666666,5.35,5.49,5.6,67.0,-1.9,956.1,0.49999999999999994,0.8660254037844387,-0.46706492487743034,0.8842230238742036
training,2025-12-01T00:00:00+00:00,2025-11-30T18:00:00+00:00,2025-12-03T02:00:00+00:00,2025-12-03T07:00:00+05:00,48,50.0,6a049c91b9f7b0c5f37ae3a73e360351a8eb824d217ed0d29f9d7774170338e7,0.5516666666666666,4.55,4.67,4.77,69.0,-2.0,956.0,0.49999999999999994,0.8660254037844387,-0.46706492487743034,0.8842230238742036
training,2025-12-02T06:00:00+00:00,2025-12-02T00:00:00+00:00,2025-12-03T03:00:00+00:00,2025-12-03T08:00:00+05:00,24,21.0,bea1b380c572ad6d0c324222cf33ef083c27bb8f70045b1f5d38e8b59f002a1f,0.6316666666666667,5.48,5.62,5.73,69.0,-0.8,957.1,0.7071067811865476,0.7071067811865476,-0.46706492487743034,0.8842230238742036
training,2025-12-01T06:00:00+00:00,2025-12-01T00:00:00+00:00,2025-12-03T03:00:00+00:00,2025-12-03T08:00:00+05:00,48,45.0,0dfc7000b584ae9327654f9caf9c2a5896916f65e57fe7ea2b7b82cb27cfb96a,0.6316666666666667,4.72,4.84,4.94,72.0,-0.7,956.7,0.7071067811865476,0.7071067811865476,-0.46706492487743034,0.8842230238742036
training,2025-12-02T06:00:00+00:00,2025-12-02T00:00:00+00:00,2025-12-03T04:00:00+00:00,2025-12-03T09:00:00+05:00,24,22.0,bea1b380c572ad6d0c324222cf33ef083c27bb8f70045b1f5d38e8b59f002a1f,0.6066666666666667,5.92,6.07,6.2,67.0,1.3,957.7,0.8660254037844386,0.5000000000000001,-0.46706492487743034,0.8842230238742036
training,2025-12-01T06:00:00+00:00,2025-12-01T00:00:00+00:00,2025-12-03T04:00:00+00:00,2025-12-03T09:00:00+05:00,48,46.0,0dfc7000b584ae9327654f9caf9c2a5896916f65e57fe7ea2b7b82cb27cfb96a,0.6066666666666667,5.06,5.19,5.29,71.0,1.6,957.4,0.8660254037844386,0.5000000000000001,-0.46706492487743034,0.8842230238742036
training,2025-12-02T06:00:00+00:00,2025-12-02T00:00:00+00:00,2025-12-03T05:00:00+00:00,2025-12-03T10:00:00+05:00,24,23.0,bea1b380c572ad6d0c324222cf33ef083c27bb8f70045b1f5d38e8b59f002a1f,0.3383333333333334,4.3,4.41,4.5,61.0,2.9,957.7,0.9659258262890683,0.25881904510252074,-0.46706492487743034,0.8842230238742036
training,2025-12-01T06:00:00+00:00,2025-12-01T00:00:00+00:00,2025-12-03T05:00:00+00:00,2025-12-03T10:00:00+05:00,48,47.0,0dfc7000b584ae9327654f9caf9c2a5896916f65e57fe7ea2b7b82cb27cfb96a,0.3383333333333334,4.29,4.41,4.5,64.0,3.3,957.6,0.9659258262890683,0.25881904510252074,-0.46706492487743034,0.8842230238742036
training,2025-12-02T06:00:00+00:00,2025-12-02T00:00:00+00:00,2025-12-03T06:00:00+00:00,2025-12-03T11:00:00+05:00,24,24.0,bea1b380c572ad6d0c324222cf33ef083c27bb8f70045b1f5d38e8b59f002a1f,0.17166666666666666,4.45,4.56,4.66,55.0,4.1,957.5,1.0,6.123233995736766e-17,-0.46706492487743034,0.8842230238742036
training,2025-12-01T06:00:00+00:00,2025-12-01T00:00:00+00:00,2025-12-03T06:00:00+00:00,2025-12-03T11:00:00+05:00,48,48.0,0dfc7000b584ae9327654f9caf9c2a5896916f65e57fe7ea2b7b82cb27cfb96a,0.17166666666666666,4.5,4.62,4.71,56.0,4.3,957.4,1.0,6.123233995736766e-17,-0.46706492487743034,0.8842230238742036
training,2025-12-02T06:00:00+00:00,2025-12-02T00:00:00+00:00,2025-12-03T07:00:00+00:00,2025-12-03T12:00:00+05:00,24,25.0,bea1b380c572ad6d0c324222cf33ef083c27bb8f70045b1f5d38e8b59f002a1f,0.29000000000000004,4.42,4.53,4.63,56.0,5.2,956.9,0.9659258262890683,-0.25881904510252063,-0.46706492487743034,0.8842230238742036
training,2025-12-01T06:00:00+00:00,2025-12-01T00:00:00+00:00,2025-12-03T07:00:00+00:00,2025-12-03T12:00:00+05:00,48,49.0,0dfc7000b584ae9327654f9caf9c2a5896916f65e57fe7ea2b7b82cb27cfb96a,0.29000000000000004,4.41,4.53,4.62,59.0,5.1,956.8,0.9659258262890683,-0.25881904510252063,-0.46706492487743034,0.8842230238742036
training,2025-12-02T06:00:00+00:00,2025-12-02T00:00:00+00:00,2025-12-03T08:00:00+00:00,2025-12-03T13:00:00+05:00,24,26.0,bea1b380c572ad6d0c324222cf33ef083c27bb8f70045b1f5d38e8b59f002a1f,0.31333333333333335,4.07,4.17,4.26,56.0,5.9,956.6,0.8660254037844387,-0.4999999999999998,-0.46706492487743034,0.8842230238742036
training,2025-12-01T06:00:00+00:00,2025-12-01T00:00:00+00:00,2025-12-03T08:00:00+00:00,2025-12-03T13:00:00+05:00,48,50.0,0dfc7000b584ae9327654f9caf9c2a5896916f65e57fe7ea2b7b82cb27cfb96a,0.31333333333333335,4.08,4.19,4.27,61.0,5.6,956.4,0.8660254037844387,-0.4999999999999998,-0.46706492487743034,0.8842230238742036
training,2025-12-02T12:00:00+00:00,2025-12-02T06:00:00+00:00,2025-12-03T09:00:00+00:00,2025-12-03T14:00:00+05:00,24,21.0,e04ee966b4a35365bfdc627a111a2964b27fd6428ab5f0b96c7729dfdea70cc6,0.17500000000000002,3.74,3.83,3.91,59.0,5.4,956.6,0.7071067811865476,-0.7071067811865475,-0.46706492487743034,0.8842230238742036
training,2025-12-01T12:00:00+00:00,2025-12-01T06:00:00+00:00,2025-12-03T09:00:00+00:00,2025-12-03T14:00:00+05:00,48,45.0,1e94ac6babec0fff158173935f82db854525ba19503ea91fc95ef9b2937d2ee1,0.17500000000000002,3.49,3.58,3.66,60.0,5.4,956.2,0.7071067811865476,-0.7071067811865475,-0.46706492487743034,0.8842230238742036
training,2025-12-02T12:00:00+00:00,2025-12-02T06:00:00+00:00,2025-12-03T10:00:00+00:00,2025-12-03T15:00:00+05:00,24,22.0,e04ee966b4a35365bfdc627a111a2964b27fd6428ab5f0b96c7729dfdea70cc6,0.11666666666666665,4.06,4.16,4.25,70.0,3.7,956.3,0.49999999999999994,-0.8660254037844387,-0.46706492487743034,0.8842230238742036
training,2025-12-01T12:00:00+00:00,2025-12-01T06:00:00+00:00,2025-12-03T10:00:00+00:00,2025-12-03T15:00:00+05:00,48,46.0,1e94ac6babec0fff158173935f82db854525ba19503ea91fc95ef9b2937d2ee1,0.11666666666666665,3.65,3.75,3.82,71.0,3.6,956.0,0.49999999999999994,-0.8660254037844387,-0.46706492487743034,0.8842230238742036
training,2025-12-02T12:00:00+00:00,2025-12-02T06:00:00+00:00,2025-12-03T11:00:00+00:00,2025-12-03T16:00:00+05:00,24,23.0,e04ee966b4a35365bfdc627a111a2964b27fd6428ab5f0b96c7729dfdea70cc6,0.12166666666666666,4.26,4.37,4.46,70.0,1.2,955.9,0.258819045102521,-0.9659258262890682,-0.46706492487743034,0.8842230238742036
training,2025-12-01T12:00:00+00:00,2025-12-01T06:00:00+00:00,2025-12-03T11:00:00+00:00,2025-12-03T16:00:00+05:00,48,47.0,1e94ac6babec0fff158173935f82db854525ba19503ea91fc95ef9b2937d2ee1,0.12166666666666666,3.57,3.66,3.74,76.0,1.5,955.6,0.258819045102521,-0.9659258262890682,-0.46706492487743034,0.8842230238742036
training,2025-12-02T12:00:00+00:00,2025-12-02T06:00:00+00:00,2025-12-03T12:00:00+00:00,2025-12-03T17:00:00+05:00,24,24.0,e04ee966b4a35365bfdc627a111a2964b27fd6428ab5f0b96c7729dfdea70cc6,0.18666666666666668,4.91,5.04,5.14,66.0,0.7,956.0,1.2246467991473532e-16,-1.0,-0.46706492487743034,0.8842230238742036
training,2025-12-01T12:00:00+00:00,2025-12-01T06:00:00+00:00,2025-12-03T12:00:00+00:00,2025-12-03T17:00:00+05:00,48,48.0,1e94ac6babec0fff158173935f82db854525ba19503ea91fc95ef9b2937d2ee1,0.18666666666666668,3.73,3.83,3.91,73.0,1.2,955.9,1.2246467991473532e-16,-1.0,-0.46706492487743034,0.8842230238742036
training,2025-12-02T12:00:00+00:00,2025-12-02T06:00:00+00:00,2025-12-03T13:00:00+00:00,2025-12-03T18:00:00+05:00,24,25.0,e04ee966b4a35365bfdc627a111a2964b27fd6428ab5f0b96c7729dfdea70cc6,0.3016666666666667,4.89,5.02,5.12,70.0,1.2,956.3,-0.2588190451025208,-0.9659258262890683,-0.46706492487743034,0.8842230238742036
training,2025-12-01T12:00:00+00:00,2025-12-01T06:00:00+00:00,2025-12-03T13:00:00+00:00,2025-12-03T18:00:00+05:00,48,49.0,1e94ac6babec0fff158173935f82db854525ba19503ea91fc95ef9b2937d2ee1,0.3016666666666667,4.24,4.35,4.44,75.0,1.2,956.0,-0.2588190451025208,-0.9659258262890683,-0.46706492487743034,0.8842230238742036
training,2025-12-02T12:00:00+00:00,2025-12-02T06:00:00+00:00,2025-12-03T14:00:00+00:00,2025-12-03T19:00:00+05:00,24,26.0,e04ee966b4a35365bfdc627a111a2964b27fd6428ab5f0b96c7729dfdea70cc6,0.3933333333333333,4.52,4.63,4.73,76.0,1.2,956.1,-0.4999999999999997,-0.8660254037844388,-0.46706492487743034,0.8842230238742036
training,2025-12-01T12:00:00+00:00,2025-12-01T06:00:00+00:00,2025-12-03T14:00:00+00:00,2025-12-03T19:00:00+05:00,48,50.0,1e94ac6babec0fff158173935f82db854525ba19503ea91fc95ef9b2937d2ee1,0.3933333333333333,4.83,4.95,5.05,74.0,1.4,955.8,-0.4999999999999997,-0.8660254037844388,-0.46706492487743034,0.8842230238742036
training,2025-12-02T18:00:00+00:00,2025-12-02T12:00:00+00:00,2025-12-03T15:00:00+00:00,2025-12-03T20:00:00+05:00,24,21.0,6ebafe3999a8a313690b259f330b7a20904fb847eda3b5b98fbfc4d0f76c0864,0.295,4.53,4.65,4.75,73.0,1.2,956.1,-0.7071067811865471,-0.7071067811865479,-0.46706492487743034,0.8842230238742036
training,2025-12-01T18:00:00+00:00,2025-12-01T12:00:00+00:00,2025-12-03T15:00:00+00:00,2025-12-03T20:00:00+05:00,48,45.0,618b57d9aa231c2ae5ce98d68e237465a952a88fba373a3316cf38acce41eaa3,0.295,5.33,5.47,5.59,70.0,1.4,956.1,-0.7071067811865471,-0.7071067811865479,-0.46706492487743034,0.8842230238742036
training,2025-12-02T18:00:00+00:00,2025-12-02T12:00:00+00:00,2025-12-03T16:00:00+00:00,2025-12-03T21:00:00+05:00,24,22.0,6ebafe3999a8a313690b259f330b7a20904fb847eda3b5b98fbfc4d0f76c0864,0.19333333333333333,5.03,5.16,5.26,70.0,1.3,955.9,-0.8660254037844385,-0.5000000000000004,-0.46706492487743034,0.8842230238742036
training,2025-12-01T18:00:00+00:00,2025-12-01T12:00:00+00:00,2025-12-03T16:00:00+00:00,2025-12-03T21:00:00+05:00,48,46.0,618b57d9aa231c2ae5ce98d68e237465a952a88fba373a3316cf38acce41eaa3,0.19333333333333333,5.35,5.49,5.6,71.0,1.5,955.8,-0.8660254037844385,-0.5000000000000004,-0.46706492487743034,0.8842230238742036
training,2025-12-02T18:00:00+00:00,2025-12-02T12:00:00+00:00,2025-12-03T17:00:00+00:00,2025-12-03T22:00:00+05:00,24,23.0,6ebafe3999a8a313690b259f330b7a20904fb847eda3b5b98fbfc4d0f76c0864,0.16333333333333333,5.49,5.64,5.75,69.0,1.0,955.7,-0.9659258262890683,-0.25881904510252063,-0.46706492487743034,0.8842230238742036
training,2025-12-01T18:00:00+00:00,2025-12-01T12:00:00+00:00,2025-12-03T17:00:00+00:00,2025-12-03T22:00:00+05:00,48,47.0,618b57d9aa231c2ae5ce98d68e237465a952a88fba373a3316cf38acce41eaa3,0.16333333333333333,5.38,5.52,5.64,69.0,1.5,955.7,-0.9659258262890683,-0.25881904510252063,-0.46706492487743034,0.8842230238742036
training,2025-12-02T18:00:00+00:00,2025-12-02T12:00:00+00:00,2025-12-03T18:00:00+00:00,2025-12-03T23:00:00+05:00,24,24.0,6ebafe3999a8a313690b259f330b7a20904fb847eda3b5b98fbfc4d0f76c0864,0.355,5.63,5.78,5.9,69.0,1.9,956.1,-1.0,-1.8369701987210297e-16,-0.46706492487743034,0.8842230238742036
training,2025-12-01T18:00:00+00:00,2025-12-01T12:00:00+00:00,2025-12-03T18:00:00+00:00,2025-12-03T23:00:00+05:00,48,48.0,618b57d9aa231c2ae5ce98d68e237465a952a88fba373a3316cf38acce41eaa3,0.355,5.3,5.44,5.55,70.0,1.5,955.7,-1.0,-1.8369701987210297e-16,-0.46706492487743034,0.8842230238742036
training,2025-12-02T18:00:00+00:00,2025-12-02T12:00:00+00:00,2025-12-03T19:00:00+00:00,2025-12-04T00:00:00+05:00,24,25.0,6ebafe3999a8a313690b259f330b7a20904fb847eda3b5b98fbfc4d0f76c0864,0.13999999999999999,5.13,5.27,5.38,73.0,1.4,955.9,-0.9659258262890684,0.2588190451025203,-0.46706492487743034,0.8842230238742036
training,2025-12-01T18:00:00+00:00,2025-12-01T12:00:00+00:00,2025-12-03T19:00:00+00:00,2025-12-04T00:00:00+05:00,48,49.0,618b57d9aa231c2ae5ce98d68e237465a952a88fba373a3316cf38acce41eaa3,0.13999999999999999,5.18,5.31,5.42,70.0,1.8,956.0,-0.9659258262890684,0.2588190451025203,-0.46706492487743034,0.8842230238742036
training,2025-12-02T18:00:00+00:00,2025-12-02T12:00:00+00:00,2025-12-03T20:00:00+00:00,2025-12-04T01:00:00+05:00,24,26.0,6ebafe3999a8a313690b259f330b7a20904fb847eda3b5b98fbfc4d0f76c0864,0.08166666666666667,5.13,5.27,5.37,67.0,1.3,955.9,-0.8660254037844386,0.5000000000000001,-0.46706492487743034,0.8842230238742036
training,2025-12-01T18:00:00+00:00,2025-12-01T12:00:00+00:00,2025-12-03T20:00:00+00:00,2025-12-04T01:00:00+05:00,48,50.0,618b57d9aa231c2ae5ce98d68e237465a952a88fba373a3316cf38acce41eaa3,0.08166666666666667,5.24,5.38,5.49,72.0,1.9,956.0,-0.8660254037844386,0.5000000000000001,-0.46706492487743034,0.8842230238742036
training,2025-12-03T00:00:00+00:00,2025-12-02T18:00:00+00:00,2025-12-03T21:00:00+00:00,2025-12-04T02:00:00+05:00,24,21.0,4eba4147ba13983f9fb3c000c1cd8db79d11e129d3c5031b257cee88e29d12ed,0.13999999999999999,3.92,4.02,4.1,73.0,0.6,956.0,-0.7071067811865477,0.7071067811865474,-0.46706492487743034,0.8842230238742036
training,2025-12-02T00:00:00+00:00,2025-12-01T18:00:00+00:00,2025-12-03T21:00:00+00:00,2025-12-04T02:00:00+05:00,48,45.0,644803ffb4d9a89351be0cb21ff69af752bc92e10fc02ee8639da86295ea6630,0.13999999999999999,5.76,5.91,6.03,69.0,2.1,955.4,-0.7071067811865477,0.7071067811865474,-0.46706492487743034,0.8842230238742036
training,2025-12-03T00:00:00+00:00,2025-12-02T18:00:00+00:00,2025-12-03T22:00:00+00:00,2025-12-04T03:00:00+05:00,24,22.0,4eba4147ba13983f9fb3c000c1cd8db79d11e129d3c5031b257cee88e29d12ed,0.14,4.45,4.56,4.66,86.0,0.3,956.0,-0.5000000000000004,0.8660254037844384,-0.46706492487743034,0.8842230238742036
training,2025-12-02T00:00:00+00:00,2025-12-01T18:00:00+00:00,2025-12-03T22:00:00+00:00,2025-12-04T03:00:00+05:00,48,46.0,644803ffb4d9a89351be0cb21ff69af752bc92e10fc02ee8639da86295ea6630,0.14,6.09,6.25,6.38,72.0,2.0,955.3,-0.5000000000000004,0.8660254037844384,-0.46706492487743034,0.8842230238742036
training,2025-12-03T00:00:00+00:00,2025-12-02T18:00:00+00:00,2025-12-03T23:00:00+00:00,2025-12-04T04:00:00+05:00,24,23.0,4eba4147ba13983f9fb3c000c1cd8db79d11e129d3c5031b257cee88e29d12ed,0.075,3.33,3.41,3.48,79.0,0.4,955.6,-0.25881904510252157,0.9659258262890681,-0.46706492487743034,0.8842230238742036
training,2025-12-02T00:00:00+00:00,2025-12-01T18:00:00+00:00,2025-12-03T23:00:00+00:00,2025-12-04T04:00:00+05:00,48,47.0,644803ffb4d9a89351be0cb21ff69af752bc92e10fc02ee8639da86295ea6630,0.075,6.17,6.33,6.46,65.0,1.2,955.1,-0.25881904510252157,0.9659258262890681,-0.46706492487743034,0.8842230238742036
training,2025-12-03T00:00:00+00:00,2025-12-02T18:00:00+00:00,2025-12-04T00:00:00+00:00,2025-12-04T05:00:00+05:00,24,24.0,4eba4147ba13983f9fb3c000c1cd8db79d11e129d3c5031b257cee88e29d12ed,0.08,5.17,5.3,5.41,79.0,1.1,956.2,0.0,1.0,-0.451785789832884,0.8921264484954345
training,2025-12-02T00:00:00+00:00,2025-12-01T18:00:00+00:00,2025-12-04T00:00:00+00:00,2025-12-04T05:00:00+05:00,48,48.0,644803ffb4d9a89351be0cb21ff69af752bc92e10fc02ee8639da86295ea6630,0.08,5.32,5.46,5.57,71.0,1.3,955.8,0.0,1.0,-0.451785789832884,0.8921264484954345
training,2025-12-03T00:00:00+00:00,2025-12-02T18:00:00+00:00,2025-12-04T01:00:00+00:00,2025-12-04T06:00:00+05:00,24,25.0,4eba4147ba13983f9fb3c000c1cd8db79d11e129d3c5031b257cee88e29d12ed,0.075,4.94,5.06,5.17,81.0,0.7,956.0,0.25881904510252074,0.9659258262890683,-0.451785789832884,0.8921264484954345
training,2025-12-02T00:00:00+00:00,2025-12-01T18:00:00+00:00,2025-12-04T01:00:00+00:00,2025-12-04T06:00:00+05:00,48,49.0,644803ffb4d9a89351be0cb21ff69af752bc92e10fc02ee8639da86295ea6630,0.075,5.05,5.18,5.29,68.0,1.4,956.6,0.25881904510252074,0.9659258262890683,-0.451785789832884,0.8921264484954345
training,2025-12-03T00:00:00+00:00,2025-12-02T18:00:00+00:00,2025-12-04T02:00:00+00:00,2025-12-04T07:00:00+05:00,24,26.0,4eba4147ba13983f9fb3c000c1cd8db79d11e129d3c5031b257cee88e29d12ed,0.115,5.18,5.31,5.42,76.0,0.8,956.3,0.49999999999999994,0.8660254037844387,-0.451785789832884,0.8921264484954345
training,2025-12-02T00:00:00+00:00,2025-12-01T18:00:00+00:00,2025-12-04T02:00:00+00:00,2025-12-04T07:00:00+05:00,48,50.0,644803ffb4d9a89351be0cb21ff69af752bc92e10fc02ee8639da86295ea6630,0.115,4.84,4.97,5.07,85.0,0.9,956.8,0.49999999999999994,0.8660254037844387,-0.451785789832884,0.8921264484954345
training,2025-12-03T06:00:00+00:00,2025-12-03T00:00:00+00:00,2025-12-04T03:00:00+00:00,2025-12-04T08:00:00+05:00,24,21.0,cf669b201aa852943ba1b921b38fa47243af10b0dc1e11fbd527b89db21bfebe,0.17,5.16,5.3,5.41,71.0,2.2,957.2,0.7071067811865476,0.7071067811865476,-0.451785789832884,0.8921264484954345
training,2025-12-02T06:00:00+00:00,2025-12-02T00:00:00+00:00,2025-12-04T03:00:00+00:00,2025-12-04T08:00:00+05:00,48,45.0,bea1b380c572ad6d0c324222cf33ef083c27bb8f70045b1f5d38e8b59f002a1f,0.17,4.65,4.77,4.87,85.0,2.6,956.7,0.7071067811865476,0.7071067811865476,-0.451785789832884,0.8921264484954345
training,2025-12-03T06:00:00+00:00,2025-12-03T00:00:00+00:00,2025-12-04T04:00:00+00:00,2025-12-04T09:00:00+05:00,24,22.0,cf669b201aa852943ba1b921b38fa47243af10b0dc1e11fbd527b89db21bfebe,0.09666666666666666,5.38,5.52,5.64,78.0,4.0,957.8,0.8660254037844386,0.5000000000000001,-0.451785789832884,0.8921264484954345
training,2025-12-02T06:00:00+00:00,2025-12-02T00:00:00+00:00,2025-12-04T04:00:00+00:00,2025-12-04T09:00:00+05:00,48,46.0,bea1b380c572ad6d0c324222cf33ef083c27bb8f70045b1f5d38e8b59f002a1f,0.09666666666666666,4.78,4.9,5.01,67.0,4.5,957.2,0.8660254037844386,0.5000000000000001,-0.451785789832884,0.8921264484954345
training,2025-12-03T06:00:00+00:00,2025-12-03T00:00:00+00:00,2025-12-04T05:00:00+00:00,2025-12-04T10:00:00+05:00,24,23.0,cf669b201aa852943ba1b921b38fa47243af10b0dc1e11fbd527b89db21bfebe,0.041666666666666664,5.62,5.76,5.88,74.0,5.1,957.9,0.9659258262890683,0.25881904510252074,-0.451785789832884,0.8921264484954345
training,2025-12-02T06:00:00+00:00,2025-12-02T00:00:00+00:00,2025-12-04T05:00:00+00:00,2025-12-04T10:00:00+05:00,48,47.0,bea1b380c572ad6d0c324222cf33ef083c27bb8f70045b1f5d38e8b59f002a1f,0.041666666666666664,5.87,6.02,6.15,71.0,5.9,957.7,0.9659258262890683,0.25881904510252074,-0.451785789832884,0.8921264484954345
training,2025-12-03T06:00:00+00:00,2025-12-03T00:00:00+00:00,2025-12-04T06:00:00+00:00,2025-12-04T11:00:00+05:00,24,24.0,cf669b201aa852943ba1b921b38fa47243af10b0dc1e11fbd527b89db21bfebe,0.021666666666666667,4.87,5.0,5.1,72.0,5.8,957.8,1.0,6.123233995736766e-17,-0.451785789832884,0.8921264484954345
training,2025-12-02T06:00:00+00:00,2025-12-02T00:00:00+00:00,2025-12-04T06:00:00+00:00,2025-12-04T11:00:00+05:00,48,48.0,bea1b380c572ad6d0c324222cf33ef083c27bb8f70045b1f5d38e8b59f002a1f,0.021666666666666667,5.08,5.21,5.32,63.0,6.6,957.7,1.0,6.123233995736766e-17,-0.451785789832884,0.8921264484954345
training,2025-12-03T06:00:00+00:00,2025-12-03T00:00:00+00:00,2025-12-04T07:00:00+00:00,2025-12-04T12:00:00+05:00,24,25.0,cf669b201aa852943ba1b921b38fa47243af10b0dc1e11fbd527b89db21bfebe,0.043333333333333335,4.13,4.24,4.33,71.0,6.7,957.2,0.9659258262890683,-0.25881904510252063,-0.451785789832884,0.8921264484954345
training,2025-12-02T06:00:00+00:00,2025-12-02T00:00:00+00:00,2025-12-04T07:00:00+00:00,2025-12-04T12:00:00+05:00,48,49.0,bea1b380c572ad6d0c324222cf33ef083c27bb8f70045b1f5d38e8b59f002a1f,0.043333333333333335,4.93,5.06,5.16,62.0,6.9,957.3,0.9659258262890683,-0.25881904510252063,-0.451785789832884,0.8921264484954345
training,2025-12-03T06:00:00+00:00,2025-12-03T00:00:00+00:00,2025-12-04T08:00:00+00:00,2025-12-04T13:00:00+05:00,24,26.0,cf669b201aa852943ba1b921b38fa47243af10b0dc1e11fbd527b89db21bfebe,0.041666666666666664,3.37,3.46,3.53,76.0,7.0,957.1,0.8660254037844387,-0.4999999999999998,-0.451785789832884,0.8921264484954345
training,2025-12-02T06:00:00+00:00,2025-12-02T00:00:00+00:00,2025-12-04T08:00:00+00:00,2025-12-04T13:00:00+05:00,48,50.0,bea1b380c572ad6d0c324222cf33ef083c27bb8f70045b1f5d38e8b59f002a1f,0.041666666666666664,4.26,4.37,4.46,66.0,7.0,957.1,0.8660254037844387,-0.4999999999999998,-0.451785789832884,0.8921264484954345
training,2025-12-03T12:00:00+00:00,2025-12-03T06:00:00+00:00,2025-12-04T09:00:00+00:00,2025-12-04T14:00:00+05:00,24,21.0,c36a40f88f77533c62f401999cb79bddb66733dfd83b02ebf603a49f90b902b5,0.065,3.18,3.26,3.33,75.0,7.1,957.0,0.7071067811865476,-0.7071067811865475,-0.451785789832884,0.8921264484954345
training,2025-12-02T12:00:00+00:00,2025-12-02T06:00:00+00:00,2025-12-04T09:00:00+00:00,2025-12-04T14:00:00+05:00,48,45.0,e04ee966b4a35365bfdc627a111a2964b27fd6428ab5f0b96c7729dfdea70cc6,0.065,3.1,3.18,3.25,98.0,7.0,957.3,0.7071067811865476,-0.7071067811865475,-0.451785789832884,0.8921264484954345
training,2025-12-03T12:00:00+00:00,2025-12-03T06:00:00+00:00,2025-12-04T10:00:00+00:00,2025-12-04T15:00:00+05:00,24,22.0,c36a40f88f77533c62f401999cb79bddb66733dfd83b02ebf603a49f90b902b5,0.016666666666666666,3.36,3.44,3.52,81.0,4.6,956.9,0.49999999999999994,-0.8660254037844387,-0.451785789832884,0.8921264484954345
training,2025-12-02T12:00:00+00:00,2025-12-02T06:00:00+00:00,2025-12-04T10:00:00+00:00,2025-12-04T15:00:00+05:00,48,46.0,e04ee966b4a35365bfdc627a111a2964b27fd6428ab5f0b96c7729dfdea70cc6,0.016666666666666666,2.39,2.45,2.5,107.0,5.1,957.0,0.49999999999999994,-0.8660254037844387,-0.451785789832884,0.8921264484954345
training,2025-12-03T12:00:00+00:00,2025-12-03T06:00:00+00:00,2025-12-04T11:00:00+00:00,2025-12-04T16:00:00+05:00,24,23.0,c36a40f88f77533c62f401999cb79bddb66733dfd83b02ebf603a49f90b902b5,0.15,2.49,2.55,2.6,92.0,2.2,956.8,0.258819045102521,-0.9659258262890682,-0.451785789832884,0.8921264484954345
training,2025-12-02T12:00:00+00:00,2025-12-02T06:00:00+00:00,2025-12-04T11:00:00+00:00,2025-12-04T16:00:00+05:00,48,47.0,e04ee966b4a35365bfdc627a111a2964b27fd6428ab5f0b96c7729dfdea70cc6,0.15,1.8,1.84,1.88,103.0,3.0,956.9,0.258819045102521,-0.9659258262890682,-0.451785789832884,0.8921264484954345
training,2025-12-03T12:00:00+00:00,2025-12-03T06:00:00+00:00,2025-12-04T12:00:00+00:00,2025-12-04T17:00:00+05:00,24,24.0,c36a40f88f77533c62f401999cb79bddb66733dfd83b02ebf603a49f90b902b5,0.21833333333333335,1.11,1.14,1.16,105.0,2.7,957.4,1.2246467991473532e-16,-1.0,-0.451785789832884,0.8921264484954345
training,2025-12-02T12:00:00+00:00,2025-12-02T06:00:00+00:00,2025-12-04T12:00:00+00:00,2025-12-04T17:00:00+05:00,48,48.0,e04ee966b4a35365bfdc627a111a2964b27fd6428ab5f0b96c7729dfdea70cc6,0.21833333333333335,1.34,1.38,1.4,71.0,3.4,957.5,1.2246467991473532e-16,-1.0,-0.451785789832884,0.8921264484954345
training,2025-12-03T12:00:00+00:00,2025-12-03T06:00:00+00:00,2025-12-04T13:00:00+00:00,2025-12-04T18:00:00+05:00,24,25.0,c36a40f88f77533c62f401999cb79bddb66733dfd83b02ebf603a49f90b902b5,0.15,0.76,0.78,0.8,207.0,3.1,957.9,-0.2588190451025208,-0.9659258262890683,-0.451785789832884,0.8921264484954345
training,2025-12-02T12:00:00+00:00,2025-12-02T06:00:00+00:00,2025-12-04T13:00:00+00:00,2025-12-04T18:00:00+05:00,48,49.0,e04ee966b4a35365bfdc627a111a2964b27fd6428ab5f0b96c7729dfdea70cc6,0.15,0.98,1.01,1.03,153.0,3.7,958.0,-0.2588190451025208,-0.9659258262890683,-0.451785789832884,0.8921264484954345
training,2025-12-03T12:00:00+00:00,2025-12-03T06:00:00+00:00,2025-12-04T14:00:00+00:00,2025-12-04T19:00:00+05:00,24,26.0,c36a40f88f77533c62f401999cb79bddb66733dfd83b02ebf603a49f90b902b5,0.05666666666666667,1.89,1.94,1.98,235.0,3.4,958.1,-0.4999999999999997,-0.8660254037844388,-0.451785789832884,0.8921264484954345
training,2025-12-02T12:00:00+00:00,2025-12-02T06:00:00+00:00,2025-12-04T14:00:00+00:00,2025-12-04T19:00:00+05:00,48,50.0,e04ee966b4a35365bfdc627a111a2964b27fd6428ab5f0b96c7729dfdea70cc6,0.05666666666666667,1.48,1.52,1.55,226.0,4.0,958.2,-0.4999999999999997,-0.8660254037844388,-0.451785789832884,0.8921264484954345
training,2025-12-03T18:00:00+00:00,2025-12-03T12:00:00+00:00,2025-12-04T15:00:00+00:00,2025-12-04T20:00:00+05:00,24,21.0,c254f4348483a57f2d7626b56ae171eab993ff613268abc721f9233cbad0ba9d,0.01,2.37,2.43,2.48,238.0,3.1,958.0,-0.7071067811865471,-0.7071067811865479,-0.451785789832884,0.8921264484954345
training,2025-12-02T18:00:00+00:00,2025-12-02T12:00:00+00:00,2025-12-04T15:00:00+00:00,2025-12-04T20:00:00+05:00,48,45.0,6ebafe3999a8a313690b259f330b7a20904fb847eda3b5b98fbfc4d0f76c0864,0.01,2.48,2.54,2.59,234.0,3.6,958.1,-0.7071067811865471,-0.7071067811865479,-0.451785789832884,0.8921264484954345
training,2025-12-03T18:00:00+00:00,2025-12-03T12:00:00+00:00,2025-12-04T16:00:00+00:00,2025-12-04T21:00:00+05:00,24,22.0,c254f4348483a57f2d7626b56ae171eab993ff613268abc721f9233cbad0ba9d,0.12166666666666666,2.32,2.38,2.42,240.0,2.4,958.0,-0.8660254037844385,-0.5000000000000004,-0.451785789832884,0.8921264484954345
training,2025-12-02T18:00:00+00:00,2025-12-02T12:00:00+00:00,2025-12-04T16:00:00+00:00,2025-12-04T21:00:00+05:00,48,46.0,6ebafe3999a8a313690b259f330b7a20904fb847eda3b5b98fbfc4d0f76c0864,0.12166666666666666,2.36,2.42,2.47,248.0,3.6,958.3,-0.8660254037844385,-0.5000000000000004,-0.451785789832884,0.8921264484954345
training,2025-12-03T18:00:00+00:00,2025-12-03T12:00:00+00:00,2025-12-04T17:00:00+00:00,2025-12-04T22:00:00+05:00,24,23.0,c254f4348483a57f2d7626b56ae171eab993ff613268abc721f9233cbad0ba9d,0.09666666666666668,2.21,2.27,2.31,256.0,1.8,958.1,-0.9659258262890683,-0.25881904510252063,-0.451785789832884,0.8921264484954345
training,2025-12-02T18:00:00+00:00,2025-12-02T12:00:00+00:00,2025-12-04T17:00:00+00:00,2025-12-04T22:00:00+05:00,48,47.0,6ebafe3999a8a313690b259f330b7a20904fb847eda3b5b98fbfc4d0f76c0864,0.09666666666666668,2.34,2.4,2.45,234.0,3.4,958.4,-0.9659258262890683,-0.25881904510252063,-0.451785789832884,0.8921264484954345
training,2025-12-03T18:00:00+00:00,2025-12-03T12:00:00+00:00,2025-12-04T18:00:00+00:00,2025-12-04T23:00:00+05:00,24,24.0,c254f4348483a57f2d7626b56ae171eab993ff613268abc721f9233cbad0ba9d,0.055,2.61,2.68,2.74,233.0,1.4,958.2,-1.0,-1.8369701987210297e-16,-0.451785789832884,0.8921264484954345
training,2025-12-02T18:00:00+00:00,2025-12-02T12:00:00+00:00,2025-12-04T18:00:00+00:00,2025-12-04T23:00:00+05:00,48,48.0,6ebafe3999a8a313690b259f330b7a20904fb847eda3b5b98fbfc4d0f76c0864,0.055,2.68,2.75,2.81,241.0,3.0,958.4,-1.0,-1.8369701987210297e-16,-0.451785789832884,0.8921264484954345
training,2025-12-03T18:00:00+00:00,2025-12-03T12:00:00+00:00,2025-12-04T19:00:00+00:00,2025-12-05T00:00:00+05:00,24,25.0,c254f4348483a57f2d7626b56ae171eab993ff613268abc721f9233cbad0ba9d,0.018333333333333333,2.4,2.47,2.52,252.0,1.5,958.2,-0.9659258262890684,0.2588190451025203,-0.451785789832884,0.8921264484954345
training,2025-12-02T18:00:00+00:00,2025-12-02T12:00:00+00:00,2025-12-04T19:00:00+00:00,2025-12-05T00:00:00+05:00,48,49.0,6ebafe3999a8a313690b259f330b7a20904fb847eda3b5b98fbfc4d0f76c0864,0.018333333333333333,2.51,2.57,2.63,246.0,2.8,958.4,-0.9659258262890684,0.2588190451025203,-0.451785789832884,0.8921264484954345
training,2025-12-03T18:00:00+00:00,2025-12-03T12:00:00+00:00,2025-12-04T20:00:00+00:00,2025-12-05T01:00:00+05:00,24,26.0,c254f4348483a57f2d7626b56ae171eab993ff613268abc721f9233cbad0ba9d,0.015,1.77,1.81,1.85,264.0,1.2,958.3,-0.8660254037844386,0.5000000000000001,-0.451785789832884,0.8921264484954345
training,2025-12-02T18:00:00+00:00,2025-12-02T12:00:00+00:00,2025-12-04T20:00:00+00:00,2025-12-05T01:00:00+05:00,48,50.0,6ebafe3999a8a313690b259f330b7a20904fb847eda3b5b98fbfc4d0f76c0864,0.015,2.45,2.52,2.57,249.0,2.3,958.4,-0.8660254037844386,0.5000000000000001,-0.451785789832884,0.8921264484954345
training,2025-12-04T00:00:00+00:00,2025-12-03T18:00:00+00:00,2025-12-04T21:00:00+00:00,2025-12-05T02:00:00+05:00,24,21.0,d28507d24582f0341f799d67e036be7abc03fdcd51025beb64c456a6839868da,0.008333333333333333,2.3,2.36,2.41,253.0,0.1,958.6,-0.7071067811865477,0.7071067811865474,-0.451785789832884,0.8921264484954345
training,2025-12-03T00:00:00+00:00,2025-12-02T18:00:00+00:00,2025-12-04T21:00:00+00:00,2025-12-05T02:00:00+05:00,48,45.0,4eba4147ba13983f9fb3c000c1cd8db79d11e129d3c5031b257cee88e29d12ed,0.008333333333333333,1.96,2.02,2.06,240.0,1.6,958.8,-0.7071067811865477,0.7071067811865474,-0.451785789832884,0.8921264484954345
training,2025-12-04T00:00:00+00:00,2025-12-03T18:00:00+00:00,2025-12-04T22:00:00+00:00,2025-12-05T03:00:00+05:00,24,22.0,d28507d24582f0341f799d67e036be7abc03fdcd51025beb64c456a6839868da,0.015,2.55,2.62,2.67,244.0,-0.3,958.7,-0.5000000000000004,0.8660254037844384,-0.451785789832884,0.8921264484954345
training,2025-12-03T00:00:00+00:00,2025-12-02T18:00:00+00:00,2025-12-04T22:00:00+00:00,2025-12-05T03:00:00+05:00,48,46.0,4eba4147ba13983f9fb3c000c1cd8db79d11e129d3c5031b257cee88e29d12ed,0.015,3.34,3.43,3.5,262.0,0.7,959.1,-0.5000000000000004,0.8660254037844384,-0.451785789832884,0.8921264484954345
training,2025-12-04T00:00:00+00:00,2025-12-03T18:00:00+00:00,2025-12-04T23:00:00+00:00,2025-12-05T04:00:00+05:00,24,23.0,d28507d24582f0341f799d67e036be7abc03fdcd51025beb64c456a6839868da,0.04666666666666667,3.16,3.25,3.31,260.0,-0.7,958.7,-0.25881904510252157,0.9659258262890681,-0.451785789832884,0.8921264484954345
training,2025-12-03T00:00:00+00:00,2025-12-02T18:00:00+00:00,2025-12-04T23:00:00+00:00,2025-12-05T04:00:00+05:00,48,47.0,4eba4147ba13983f9fb3c000c1cd8db79d11e129d3c5031b257cee88e29d12ed,0.04666666666666667,4.22,4.33,4.42,253.0,0.2,959.2,-0.25881904510252157,0.9659258262890681,-0.451785789832884,0.8921264484954345
training,2025-12-04T00:00:00+00:00,2025-12-03T18:00:00+00:00,2025-12-05T00:00:00+00:00,2025-12-05T05:00:00+05:00,24,24.0,d28507d24582f0341f799d67e036be7abc03fdcd51025beb64c456a6839868da,0.011666666666666667,3.73,3.83,3.91,250.0,-0.7,959.2,0.0,1.0,-0.4363729641045924,0.8997658785476209
training,2025-12-03T00:00:00+00:00,2025-12-02T18:00:00+00:00,2025-12-05T00:00:00+00:00,2025-12-05T05:00:00+05:00,48,48.0,4eba4147ba13983f9fb3c000c1cd8db79d11e129d3c5031b257cee88e29d12ed,0.011666666666666667,4.34,4.45,4.54,249.0,0.5,959.6,0.0,1.0,-0.4363729641045924,0.8997658785476209
training,2025-12-04T00:00:00+00:00,2025-12-03T18:00:00+00:00,2025-12-05T01:00:00+00:00,2025-12-05T06:00:00+05:00,24,25.0,d28507d24582f0341f799d67e036be7abc03fdcd51025beb64c456a6839868da,0.03833333333333334,4.18,4.29,4.38,238.0,0.0,959.9,0.25881904510252074,0.9659258262890683,-0.4363729641045924,0.8997658785476209
training,2025-12-03T00:00:00+00:00,2025-12-02T18:00:00+00:00,2025-12-05T01:00:00+00:00,2025-12-05T06:00:00+05:00,48,49.0,4eba4147ba13983f9fb3c000c1cd8db79d11e129d3c5031b257cee88e29d12ed,0.03833333333333334,4.58,4.7,4.79,245.0,0.8,960.1,0.25881904510252074,0.9659258262890683,-0.4363729641045924,0.8997658785476209
training,2025-12-04T00:00:00+00:00,2025-12-03T18:00:00+00:00,2025-12-05T02:00:00+00:00,2025-12-05T07:00:00+05:00,24,26.0,d28507d24582f0341f799d67e036be7abc03fdcd51025beb64c456a6839868da,0.01,3.28,3.36,3.43,240.0,-0.2,960.0,0.49999999999999994,0.8660254037844387,-0.4363729641045924,0.8997658785476209
training,2025-12-03T00:00:00+00:00,2025-12-02T18:00:00+00:00,2025-12-05T02:00:00+00:00,2025-12-05T07:00:00+05:00,48,50.0,4eba4147ba13983f9fb3c000c1cd8db79d11e129d3c5031b257cee88e29d12ed,0.01,4.45,4.57,4.66,247.0,0.6,960.3,0.49999999999999994,0.8660254037844387,-0.4363729641045924,0.8997658785476209
training,2025-12-04T06:00:00+00:00,2025-12-04T00:00:00+00:00,2025-12-05T03:00:00+00:00,2025-12-05T08:00:00+05:00,24,21.0,e89004d75a3a0db1825311c9ac65bab020bc14c3855487d80f95085c0910a65b,0.01,3.74,3.83,3.91,248.0,1.0,960.9,0.7071067811865476,0.7071067811865476,-0.4363729641045924,0.8997658785476209
training,2025-12-03T06:00:00+00:00,2025-12-03T00:00:00+00:00,2025-12-05T03:00:00+00:00,2025-12-05T08:00:00+05:00,48,45.0,cf669b201aa852943ba1b921b38fa47243af10b0dc1e11fbd527b89db21bfebe,0.01,4.61,4.73,4.82,247.0,1.5,961.1,0.7071067811865476,0.7071067811865476,-0.4363729641045924,0.8997658785476209
training,2025-12-04T06:00:00+00:00,2025-12-04T00:00:00+00:00,2025-12-05T04:00:00+00:00,2025-12-05T09:00:00+05:00,24,22.0,e89004d75a3a0db1825311c9ac65bab020bc14c3855487d80f95085c0910a65b,0.008333333333333333,3.66,3.76,3.84,237.0,3.6,961.8,0.8660254037844386,0.5000000000000001,-0.4363729641045924,0.8997658785476209
training,2025-12-03T06:00:00+00:00,2025-12-03T00:00:00+00:00,2025-12-05T04:00:00+00:00,2025-12-05T09:00:00+05:00,48,46.0,cf669b201aa852943ba1b921b38fa47243af10b0dc1e11fbd527b89db21bfebe,0.008333333333333333,4.48,4.6,4.69,248.0,4.2,962.1,0.8660254037844386,0.5000000000000001,-0.4363729641045924,0.8997658785476209
training,2025-12-04T06:00:00+00:00,2025-12-04T00:00:00+00:00,2025-12-05T05:00:00+00:00,2025-12-05T10:00:00+05:00,24,23.0,e89004d75a3a0db1825311c9ac65bab020bc14c3855487d80f95085c0910a65b,0.008333333333333333,2.94,3.02,3.08,243.0,5.3,962.2,0.9659258262890683,0.25881904510252074,-0.4363729641045924,0.8997658785476209
training,2025-12-03T06:00:00+00:00,2025-12-03T00:00:00+00:00,2025-12-05T05:00:00+00:00,2025-12-05T10:00:00+05:00,48,47.0,cf669b201aa852943ba1b921b38fa47243af10b0dc1e11fbd527b89db21bfebe,0.008333333333333333,3.58,3.67,3.74,253.0,6.1,962.5,0.9659258262890683,0.25881904510252074,-0.4363729641045924,0.8997658785476209
training,2025-12-04T06:00:00+00:00,2025-12-04T00:00:00+00:00,2025-12-05T06:00:00+00:00,2025-12-05T11:00:00+05:00,24,24.0,e89004d75a3a0db1825311c9ac65bab020bc14c3855487d80f95085c0910a65b,0.01,3.36,3.45,3.52,251.0,6.2,962.1,1.0,6.123233995736766e-17,-0.4363729641045924,0.8997658785476209
training,2025-12-03T06:00:00+00:00,2025-12-03T00:00:00+00:00,2025-12-05T06:00:00+00:00,2025-12-05T11:00:00+05:00,48,48.0,cf669b201aa852943ba1b921b38fa47243af10b0dc1e11fbd527b89db21bfebe,0.01,4.59,4.71,4.8,255.0,7.4,962.3,1.0,6.123233995736766e-17,-0.4363729641045924,0.8997658785476209
training,2025-12-04T06:00:00+00:00,2025-12-04T00:00:00+00:00,2025-12-05T07:00:00+00:00,2025-12-05T12:00:00+05:00,24,25.0,e89004d75a3a0db1825311c9ac65bab020bc14c3855487d80f95085c0910a65b,0.01,3.78,3.87,3.95,246.0,7.0,961.6,0.9659258262890683,-0.25881904510252063,-0.4363729641045924,0.8997658785476209
training,2025-12-03T06:00:00+00:00,2025-12-03T00:00:00+00:00,2025-12-05T07:00:00+00:00,2025-12-05T12:00:00+05:00,48,49.0,cf669b201aa852943ba1b921b38fa47243af10b0dc1e11fbd527b89db21bfebe,0.01,5.61,5.76,5.88,259.0,7.8,961.9,0.9659258262890683,-0.25881904510252063,-0.4363729641045924,0.8997658785476209
training,2025-12-04T06:00:00+00:00,2025-12-04T00:00:00+00:00,2025-12-05T08:00:00+00:00,2025-12-05T13:00:00+05:00,24,26.0,e89004d75a3a0db1825311c9ac65bab020bc14c3855487d80f95085c0910a65b,0.01,4.4,4.51,4.61,249.0,7.4,961.4,0.8660254037844387,-0.4999999999999998,-0.4363729641045924,0.8997658785476209
training,2025-12-03T06:00:00+00:00,2025-12-03T00:00:00+00:00,2025-12-05T08:00:00+00:00,2025-12-05T13:00:00+05:00,48,50.0,cf669b201aa852943ba1b921b38fa47243af10b0dc1e11fbd527b89db21bfebe,0.01,5.69,5.84,5.96,254.0,7.1,962.0,0.8660254037844387,-0.4999999999999998,-0.4363729641045924,0.8997658785476209
training,2025-12-04T12:00:00+00:00,2025-12-04T06:00:00+00:00,2025-12-05T09:00:00+00:00,2025-12-05T14:00:00+05:00,24,21.0,937910c2d5194fa517dfbe09c3189ca9025fe6fb5c5224571e3abfe66333df0d,0.008333333333333333,6.78,6.96,7.1,246.0,6.9,961.5,0.7071067811865476,-0.7071067811865475,-0.4363729641045924,0.8997658785476209
training,2025-12-03T12:00:00+00:00,2025-12-03T06:00:00+00:00,2025-12-05T09:00:00+00:00,2025-12-05T14:00:00+05:00,48,45.0,c36a40f88f77533c62f401999cb79bddb66733dfd83b02ebf603a49f90b902b5,0.008333333333333333,5.39,5.53,5.64,241.0,7.0,962.3,0.7071067811865476,-0.7071067811865475,-0.4363729641045924,0.8997658785476209
training,2025-12-04T12:00:00+00:00,2025-12-04T06:00:00+00:00,2025-12-05T10:00:00+00:00,2025-12-05T15:00:00+05:00,24,22.0,937910c2d5194fa517dfbe09c3189ca9025fe6fb5c5224571e3abfe66333df0d,0.01,7.9,8.1,8.27,241.0,5.9,961.7,0.49999999999999994,-0.8660254037844387,-0.4363729641045924,0.8997658785476209
training,2025-12-03T12:00:00+00:00,2025-12-03T06:00:00+00:00,2025-12-05T10:00:00+00:00,2025-12-05T15:00:00+05:00,48,46.0,c36a40f88f77533c62f401999cb79bddb66733dfd83b02ebf603a49f90b902b5,0.01,6.41,6.57,6.71,244.0,5.5,962.3,0.49999999999999994,-0.8660254037844387,-0.4363729641045924,0.8997658785476209
training,2025-12-04T12:00:00+00:00,2025-12-04T06:00:00+00:00,2025-12-05T11:00:00+00:00,2025-12-05T16:00:00+05:00,24,23.0,937910c2d5194fa517dfbe09c3189ca9025fe6fb5c5224571e3abfe66333df0d,0.01,8.22,8.43,8.61,237.0,4.5,962.0,0.258819045102521,-0.9659258262890682,-0.4363729641045924,0.8997658785476209
training,2025-12-03T12:00:00+00:00,2025-12-03T06:00:00+00:00,2025-12-05T11:00:00+00:00,2025-12-05T16:00:00+05:00,48,47.0,c36a40f88f77533c62f401999cb79bddb66733dfd83b02ebf603a49f90b902b5,0.01,7.61,7.8,7.96,239.0,3.7,962.5,0.258819045102521,-0.9659258262890682,-0.4363729641045924,0.8997658785476209
training,2025-12-04T12:00:00+00:00,2025-12-04T06:00:00+00:00,2025-12-05T12:00:00+00:00,2025-12-05T17:00:00+05:00,24,24.0,937910c2d5194fa517dfbe09c3189ca9025fe6fb5c5224571e3abfe66333df0d,0.024999999999999998,7.76,7.96,8.12,233.0,3.9,962.5,1.2246467991473532e-16,-1.0,-0.4363729641045924,0.8997658785476209
training,2025-12-03T12:00:00+00:00,2025-12-03T06:00:00+00:00,2025-12-05T12:00:00+00:00,2025-12-05T17:00:00+05:00,48,48.0,c36a40f88f77533c62f401999cb79bddb66733dfd83b02ebf603a49f90b902b5,0.024999999999999998,8.23,8.44,8.61,234.0,3.2,963.1,1.2246467991473532e-16,-1.0,-0.4363729641045924,0.8997658785476209
training,2025-12-04T12:00:00+00:00,2025-12-04T06:00:00+00:00,2025-12-05T13:00:00+00:00,2025-12-05T18:00:00+05:00,24,25.0,937910c2d5194fa517dfbe09c3189ca9025fe6fb5c5224571e3abfe66333df0d,0.15833333333333333,7.36,7.55,7.71,232.0,3.7,962.8,-0.2588190451025208,-0.9659258262890683,-0.4363729641045924,0.8997658785476209
training,2025-12-03T12:00:00+00:00,2025-12-03T06:00:00+00:00,2025-12-05T13:00:00+00:00,2025-12-05T18:00:00+05:00,48,49.0,c36a40f88f77533c62f401999cb79bddb66733dfd83b02ebf603a49f90b902b5,0.15833333333333333,7.94,8.14,8.31,231.0,3.2,963.5,-0.2588190451025208,-0.9659258262890683,-0.4363729641045924,0.8997658785476209
training,2025-12-04T12:00:00+00:00,2025-12-04T06:00:00+00:00,2025-12-05T14:00:00+00:00,2025-12-05T19:00:00+05:00,24,26.0,937910c2d5194fa517dfbe09c3189ca9025fe6fb5c5224571e3abfe66333df0d,0.18833333333333332,6.9,7.07,7.22,227.0,3.1,962.8,-0.4999999999999997,-0.8660254037844388,-0.4363729641045924,0.8997658785476209
training,2025-12-03T12:00:00+00:00,2025-12-03T06:00:00+00:00,2025-12-05T14:00:00+00:00,2025-12-05T19:00:00+05:00,48,50.0,c36a40f88f77533c62f401999cb79bddb66733dfd83b02ebf603a49f90b902b5,0.18833333333333332,7.35,7.54,7.7,228.0,3.5,963.8,-0.4999999999999997,-0.8660254037844388,-0.4363729641045924,0.8997658785476209
training,2025-12-04T18:00:00+00:00,2025-12-04T12:00:00+00:00,2025-12-05T15:00:00+00:00,2025-12-05T20:00:00+05:00,24,21.0,578542b1198a9a9ef3e2321cf0c4e806edd54ac4a2ba09cd345cf6ef51606cdd,0.16166666666666665,6.32,6.48,6.62,232.0,3.9,962.7,-0.7071067811865471,-0.7071067811865479,-0.4363729641045924,0.8997658785476209
training,2025-12-03T18:00:00+00:00,2025-12-03T12:00:00+00:00,2025-12-05T15:00:00+00:00,2025-12-05T20:00:00+05:00,48,45.0,c254f4348483a57f2d7626b56ae171eab993ff613268abc721f9233cbad0ba9d,0.16166666666666665,6.72,6.89,7.04,235.0,3.2,963.5,-0.7071067811865471,-0.7071067811865479,-0.4363729641045924,0.8997658785476209
training,2025-12-04T18:00:00+00:00,2025-12-04T12:00:00+00:00,2025-12-05T16:00:00+00:00,2025-12-05T21:00:00+05:00,24,22.0,578542b1198a9a9ef3e2321cf0c4e806edd54ac4a2ba09cd345cf6ef51606cdd,0.06666666666666667,5.62,5.76,5.88,231.0,4.2,963.0,-0.8660254037844385,-0.5000000000000004,-0.4363729641045924,0.8997658785476209
training,2025-12-03T18:00:00+00:00,2025-12-03T12:00:00+00:00,2025-12-05T16:00:00+00:00,2025-12-05T21:00:00+05:00,48,46.0,c254f4348483a57f2d7626b56ae171eab993ff613268abc721f9233cbad0ba9d,0.06666666666666667,6.96,7.14,7.29,230.0,2.8,963.6,-0.8660254037844385,-0.5000000000000004,-0.4363729641045924,0.8997658785476209
training,2025-12-04T18:00:00+00:00,2025-12-04T12:00:00+00:00,2025-12-05T17:00:00+00:00,2025-12-05T22:00:00+05:00,24,23.0,578542b1198a9a9ef3e2321cf0c4e806edd54ac4a2ba09cd345cf6ef51606cdd,0.12000000000000001,5.18,5.31,5.42,232.0,4.0,963.2,-0.9659258262890683,-0.25881904510252063,-0.4363729641045924,0.8997658785476209
training,2025-12-03T18:00:00+00:00,2025-12-03T12:00:00+00:00,2025-12-05T17:00:00+00:00,2025-12-05T22:00:00+05:00,48,47.0,c254f4348483a57f2d7626b56ae171eab993ff613268abc721f9233cbad0ba9d,0.12000000000000001,6.15,6.31,6.44,229.0,2.6,963.6,-0.9659258262890683,-0.25881904510252063,-0.4363729641045924,0.8997658785476209
training,2025-12-04T18:00:00+00:00,2025-12-04T12:00:00+00:00,2025-12-05T18:00:00+00:00,2025-12-05T23:00:00+05:00,24,24.0,578542b1198a9a9ef3e2321cf0c4e806edd54ac4a2ba09cd345cf6ef51606cdd,0.145,4.64,4.76,4.86,234.0,3.6,963.1,-1.0,-1.8369701987210297e-16,-0.4363729641045924,0.8997658785476209
training,2025-12-03T18:00:00+00:00,2025-12-03T12:00:00+00:00,2025-12-05T18:00:00+00:00,2025-12-05T23:00:00+05:00,48,48.0,c254f4348483a57f2d7626b56ae171eab993ff613268abc721f9233cbad0ba9d,0.145,5.24,5.38,5.49,227.0,2.3,963.6,-1.0,-1.8369701987210297e-16,-0.4363729641045924,0.8997658785476209
training,2025-12-04T18:00:00+00:00,2025-12-04T12:00:00+00:00,2025-12-05T19:00:00+00:00,2025-12-06T00:00:00+05:00,24,25.0,578542b1198a9a9ef3e2321cf0c4e806edd54ac4a2ba09cd345cf6ef51606cdd,0.01,4.1,4.2,4.29,235.0,2.8,963.0,-0.9659258262890684,0.2588190451025203,-0.4363729641045924,0.8997658785476209
training,2025-12-03T18:00:00+00:00,2025-12-03T12:00:00+00:00,2025-12-05T19:00:00+00:00,2025-12-06T00:00:00+05:00,48,49.0,c254f4348483a57f2d7626b56ae171eab993ff613268abc721f9233cbad0ba9d,0.01,4.58,4.7,4.8,225.0,1.7,963.5,-0.9659258262890684,0.2588190451025203,-0.4363729641045924,0.8997658785476209
training,2025-12-04T18:00:00+00:00,2025-12-04T12:00:00+00:00,2025-12-05T20:00:00+00:00,2025-12-06T01:00:00+05:00,24,26.0,578542b1198a9a9ef3e2321cf0c4e806edd54ac4a2ba09cd345cf6ef51606cdd,0.01,3.72,3.82,3.9,238.0,2.1,963.0,-0.8660254037844386,0.5000000000000001,-0.4363729641045924,0.8997658785476209
training,2025-12-03T18:00:00+00:00,2025-12-03T12:00:00+00:00,2025-12-05T20:00:00+00:00,2025-12-06T01:00:00+05:00,48,50.0,c254f4348483a57f2d7626b56ae171eab993ff613268abc721f9233cbad0ba9d,0.01,3.63,3.72,3.8,234.0,2.0,963.5,-0.8660254037844386,0.5000000000000001,-0.4363729641045924,0.8997658785476209
training,2025-12-05T00:00:00+00:00,2025-12-04T18:00:00+00:00,2025-12-05T21:00:00+00:00,2025-12-06T02:00:00+05:00,24,21.0,57abcf45a84f23188541e700b19177e4b63905dfb42eb986c7947137b877cfd5,0.011666666666666667,1.9,1.94,1.99,252.0,-0.4,963.0,-0.7071067811865477,0.7071067811865474,-0.4363729641045924,0.8997658785476209
training,2025-12-04T00:00:00+00:00,2025-12-03T18:00:00+00:00,2025-12-05T21:00:00+00:00,2025-12-06T02:00:00+05:00,48,45.0,d28507d24582f0341f799d67e036be7abc03fdcd51025beb64c456a6839868da,0.011666666666666667,2.5,2.56,2.62,253.0,1.5,963.3,-0.7071067811865477,0.7071067811865474,-0.4363729641045924,0.8997658785476209
training,2025-12-05T00:00:00+00:00,2025-12-04T18:00:00+00:00,2025-12-05T22:00:00+00:00,2025-12-06T03:00:00+05:00,24,22.0,57abcf45a84f23188541e700b19177e4b63905dfb42eb986c7947137b877cfd5,0.01,1.22,1.25,1.28,270.0,0.1,963.4,-0.5000000000000004,0.8660254037844384,-0.4363729641045924,0.8997658785476209
training,2025-12-04T00:00:00+00:00,2025-12-03T18:00:00+00:00,2025-12-05T22:00:00+00:00,2025-12-06T03:00:00+05:00,48,46.0,d28507d24582f0341f799d67e036be7abc03fdcd51025beb64c456a6839868da,0.01,1.03,1.05,1.08,265.0,1.9,963.6,-0.5000000000000004,0.8660254037844384,-0.4363729641045924,0.8997658785476209
training,2025-12-05T00:00:00+00:00,2025-12-04T18:00:00+00:00,2025-12-05T23:00:00+00:00,2025-12-06T04:00:00+05:00,24,23.0,57abcf45a84f23188541e700b19177e4b63905dfb42eb986c7947137b877cfd5,0.01,0.89,0.91,0.93,279.0,1.1,964.0,-0.25881904510252157,0.9659258262890681,-0.4363729641045924,0.8997658785476209
training,2025-12-04T00:00:00+00:00,2025-12-03T18:00:00+00:00,2025-12-05T23:00:00+00:00,2025-12-06T04:00:00+05:00,48,47.0,d28507d24582f0341f799d67e036be7abc03fdcd51025beb64c456a6839868da,0.01,0.42,0.43,0.44,249.0,2.4,963.9,-0.25881904510252157,0.9659258262890681,-0.4363729641045924,0.8997658785476209
training,2025-12-05T00:00:00+00:00,2025-12-04T18:00:00+00:00,2025-12-06T00:00:00+00:00,2025-12-06T05:00:00+05:00,24,24.0,57abcf45a84f23188541e700b19177e4b63905dfb42eb986c7947137b877cfd5,0.01,0.11,0.11,0.11,333.0,0.7,964.3,0.0,1.0,-0.42083100859565564,0.9071390534005044
training,2025-12-04T00:00:00+00:00,2025-12-03T18:00:00+00:00,2025-12-06T00:00:00+00:00,2025-12-06T05:00:00+05:00,48,48.0,d28507d24582f0341f799d67e036be7abc03fdcd51025beb64c456a6839868da,0.01,0.3,0.3,0.31,9.0,1.8,964.3,0.0,1.0,-0.42083100859565564,0.9071390534005044
training,2025-12-05T00:00:00+00:00,2025-12-04T18:00:00+00:00,2025-12-06T01:00:00+00:00,2025-12-06T06:00:00+05:00,24,25.0,57abcf45a84f23188541e700b19177e4b63905dfb42eb986c7947137b877cfd5,0.015,0.93,0.96,0.98,47.0,-0.2,964.5,0.25881904510252074,0.9659258262890683,-0.42083100859565564,0.9071390534005044
training,2025-12-04T00:00:00+00:00,2025-12-03T18:00:00+00:00,2025-12-06T01:00:00+00:00,2025-12-06T06:00:00+05:00,48,49.0,d28507d24582f0341f799d67e036be7abc03fdcd51025beb64c456a6839868da,0.015,1.5,1.54,1.58,65.0,0.9,964.7,0.25881904510252074,0.9659258262890683,-0.42083100859565564,0.9071390534005044
training,2025-12-05T00:00:00+00:00,2025-12-04T18:00:00+00:00,2025-12-06T02:00:00+00:00,2025-12-06T07:00:00+05:00,24,26.0,57abcf45a84f23188541e700b19177e4b63905dfb42eb986c7947137b877cfd5,0.015,2.33,2.39,2.44,70.0,-0.3,964.7,0.49999999999999994,0.8660254037844387,-0.42083100859565564,0.9071390534005044
training,2025-12-04T00:00:00+00:00,2025-12-03T18:00:00+00:00,2025-12-06T02:00:00+00:00,2025-12-06T07:00:00+05:00,48,50.0,d28507d24582f0341f799d67e036be7abc03fdcd51025beb64c456a6839868da,0.015,2.59,2.66,2.72,85.0,0.1,964.8,0.49999999999999994,0.8660254037844387,-0.42083100859565564,0.9071390534005044
training,2025-12-05T06:00:00+00:00,2025-12-05T00:00:00+00:00,2025-12-06T03:00:00+00:00,2025-12-06T08:00:00+05:00,24,21.0,b04a2d189091c80fe4b13f8c22f10b7de8091bf8f1a9b1346b85c9122c690dbe,0.125,2.07,2.12,2.17,45.0,0.3,965.3,0.7071067811865476,0.7071067811865476,-0.42083100859565564,0.9071390534005044
training,2025-12-04T06:00:00+00:00,2025-12-04T00:00:00+00:00,2025-12-06T03:00:00+00:00,2025-12-06T08:00:00+05:00,48,45.0,e89004d75a3a0db1825311c9ac65bab020bc14c3855487d80f95085c0910a65b,0.125,4.72,4.84,4.94,72.0,1.0,964.8,0.7071067811865476,0.7071067811865476,-0.42083100859565564,0.9071390534005044
training,2025-12-05T06:00:00+00:00,2025-12-05T00:00:00+00:00,2025-12-06T04:00:00+00:00,2025-12-06T09:00:00+05:00,24,22.0,b04a2d189091c80fe4b13f8c22f10b7de8091bf8f1a9b1346b85c9122c690dbe,0.155,4.1,4.21,4.29,72.0,1.9,965.6,0.8660254037844386,0.5000000000000001,-0.42083100859565564,0.9071390534005044
training,2025-12-04T06:00:00+00:00,2025-12-04T00:00:00+00:00,2025-12-06T04:00:00+00:00,2025-12-06T09:00:00+05:00,48,46.0,e89004d75a3a0db1825311c9ac65bab020bc14c3855487d80f95085c0910a65b,0.155,5.92,6.07,6.2,73.0,1.5,965.0,0.8660254037844386,0.5000000000000001,-0.42083100859565564,0.9071390534005044
training,2025-12-05T06:00:00+00:00,2025-12-05T00:00:00+00:00,2025-12-06T05:00:00+00:00,2025-12-06T10:00:00+05:00,24,23.0,b04a2d189091c80fe4b13f8c22f10b7de8091bf8f1a9b1346b85c9122c690dbe,0.06999999999999999,4.5,4.61,4.71,60.0,2.4,965.5,0.9659258262890683,0.25881904510252074,-0.42083100859565564,0.9071390534005044
training,2025-12-04T06:00:00+00:00,2025-12-04T00:00:00+00:00,2025-12-06T05:00:00+00:00,2025-12-06T10:00:00+05:00,48,47.0,e89004d75a3a0db1825311c9ac65bab020bc14c3855487d80f95085c0910a65b,0.06999999999999999,5.61,5.76,5.88,70.0,2.5,965.0,0.9659258262890683,0.25881904510252074,-0.42083100859565564,0.9071390534005044
training,2025-12-05T06:00:00+00:00,2025-12-05T00:00:00+00:00,2025-12-06T06:00:00+00:00,2025-12-06T11:00:00+05:00,24,24.0,b04a2d189091c80fe4b13f8c22f10b7de8091bf8f1a9b1346b85c9122c690dbe,0.135,4.28,4.39,4.48,53.0,2.6,965.0,1.0,6.123233995736766e-17,-0.42083100859565564,0.9071390534005044
training,2025-12-04T06:00:00+00:00,2025-12-04T00:00:00+00:00,2025-12-06T06:00:00+00:00,2025-12-06T11:00:00+05:00,48,48.0,e89004d75a3a0db1825311c9ac65bab020bc14c3855487d80f95085c0910a65b,0.135,5.27,5.4,5.51,59.0,3.6,964.6,1.0,6.123233995736766e-17,-0.42083100859565564,0.9071390534005044
training,2025-12-05T06:00:00+00:00,2025-12-05T00:00:00+00:00,2025-12-06T07:00:00+00:00,2025-12-06T12:00:00+05:00,24,25.0,b04a2d189091c80fe4b13f8c22f10b7de8091bf8f1a9b1346b85c9122c690dbe,0.7866666666666666,3.76,3.86,3.94,53.0,3.4,964.1,0.9659258262890683,-0.25881904510252063,-0.42083100859565564,0.9071390534005044
training,2025-12-04T06:00:00+00:00,2025-12-04T00:00:00+00:00,2025-12-06T07:00:00+00:00,2025-12-06T12:00:00+05:00,48,49.0,e89004d75a3a0db1825311c9ac65bab020bc14c3855487d80f95085c0910a65b,0.7866666666666666,5.45,5.59,5.71,61.0,4.6,963.8,0.9659258262890683,-0.25881904510252063,-0.42083100859565564,0.9071390534005044
training,2025-12-05T06:00:00+00:00,2025-12-05T00:00:00+00:00,2025-12-06T08:00:00+00:00,2025-12-06T13:00:00+05:00,24,26.0,b04a2d189091c80fe4b13f8c22f10b7de8091bf8f1a9b1346b85c9122c690dbe,0.6699999999999999,3.62,3.72,3.79,57.0,3.7,963.4,0.8660254037844387,-0.4999999999999998,-0.42083100859565564,0.9071390534005044
training,2025-12-04T06:00:00+00:00,2025-12-04T00:00:00+00:00,2025-12-06T08:00:00+00:00,2025-12-06T13:00:00+05:00,48,50.0,e89004d75a3a0db1825311c9ac65bab020bc14c3855487d80f95085c0910a65b,0.6699999999999999,5.95,6.11,6.23,58.0,5.1,963.2,0.8660254037844387,-0.4999999999999998,-0.42083100859565564,0.9071390534005044
training,2025-12-05T12:00:00+00:00,2025-12-05T06:00:00+00:00,2025-12-06T09:00:00+00:00,2025-12-06T14:00:00+05:00,24,21.0,010f2bfcd09f0a427360fbb3d4de923e7817685c5f67dae69c2c203c1b66b4d6,0.6166666666666667,1.57,1.61,1.65,60.0,2.7,963.0,0.7071067811865476,-0.7071067811865475,-0.42083100859565564,0.9071390534005044
training,2025-12-04T12:00:00+00:00,2025-12-04T06:00:00+00:00,2025-12-06T09:00:00+00:00,2025-12-06T14:00:00+05:00,48,45.0,937910c2d5194fa517dfbe09c3189ca9025fe6fb5c5224571e3abfe66333df0d,0.6166666666666667,5.94,6.09,6.22,58.0,4.9,962.8,0.7071067811865476,-0.7071067811865475,-0.42083100859565564,0.9071390534005044
training,2025-12-05T12:00:00+00:00,2025-12-05T06:00:00+00:00,2025-12-06T10:00:00+00:00,2025-12-06T15:00:00+05:00,24,22.0,010f2bfcd09f0a427360fbb3d4de923e7817685c5f67dae69c2c203c1b66b4d6,0.44166666666666665,1.9,1.94,1.99,72.0,1.8,963.0,0.49999999999999994,-0.8660254037844387,-0.42083100859565564,0.9071390534005044
training,2025-12-04T12:00:00+00:00,2025-12-04T06:00:00+00:00,2025-12-06T10:00:00+00:00,2025-12-06T15:00:00+05:00,48,46.0,937910c2d5194fa517dfbe09c3189ca9025fe6fb5c5224571e3abfe66333df0d,0.44166666666666665,6.39,6.55,6.69,62.0,3.7,962.4,0.49999999999999994,-0.8660254037844387,-0.42083100859565564,0.9071390534005044
training,2025-12-05T12:00:00+00:00,2025-12-05T06:00:00+00:00,2025-12-06T11:00:00+00:00,2025-12-06T16:00:00+05:00,24,23.0,010f2bfcd09f0a427360fbb3d4de923e7817685c5f67dae69c2c203c1b66b4d6,0.43,2.95,3.02,3.08,74.0,0.8,962.8,0.258819045102521,-0.9659258262890682,-0.42083100859565564,0.9071390534005044
training,2025-12-04T12:00:00+00:00,2025-12-04T06:00:00+00:00,2025-12-06T11:00:00+00:00,2025-12-06T16:00:00+05:00,48,47.0,937910c2d5194fa517dfbe09c3189ca9025fe6fb5c5224571e3abfe66333df0d,0.43,6.03,6.18,6.31,67.0,1.9,961.9,0.258819045102521,-0.9659258262890682,-0.42083100859565564,0.9071390534005044
training,2025-12-05T12:00:00+00:00,2025-12-05T06:00:00+00:00,2025-12-06T12:00:00+00:00,2025-12-06T17:00:00+05:00,24,24.0,010f2bfcd09f0a427360fbb3d4de923e7817685c5f67dae69c2c203c1b66b4d6,0.09166666666666667,3.39,3.48,3.55,69.0,0.2,962.5,1.2246467991473532e-16,-1.0,-0.42083100859565564,0.9071390534005044
training,2025-12-04T12:00:00+00:00,2025-12-04T06:00:00+00:00,2025-12-06T12:00:00+00:00,2025-12-06T17:00:00+05:00,48,48.0,937910c2d5194fa517dfbe09c3189ca9025fe6fb5c5224571e3abfe66333df0d,0.09166666666666667,5.74,5.89,6.01,69.0,1.3,961.9,1.2246467991473532e-16,-1.0,-0.42083100859565564,0.9071390534005044
training,2025-12-05T12:00:00+00:00,2025-12-05T06:00:00+00:00,2025-12-06T13:00:00+00:00,2025-12-06T18:00:00+05:00,24,25.0,010f2bfcd09f0a427360fbb3d4de923e7817685c5f67dae69c2c203c1b66b4d6,0.01,3.36,3.45,3.52,60.0,0.1,962.3,-0.2588190451025208,-0.9659258262890683,-0.42083100859565564,0.9071390534005044
training,2025-12-04T12:00:00+00:00,2025-12-04T06:00:00+00:00,2025-12-06T13:00:00+00:00,2025-12-06T18:00:00+05:00,48,49.0,937910c2d5194fa517dfbe09c3189ca9025fe6fb5c5224571e3abfe66333df0d,0.01,5.8,5.95,6.07,65.0,1.4,961.9,-0.2588190451025208,-0.9659258262890683,-0.42083100859565564,0.9071390534005044
training,2025-12-05T12:00:00+00:00,2025-12-05T06:00:00+00:00,2025-12-06T14:00:00+00:00,2025-12-06T19:00:00+05:00,24,26.0,010f2bfcd09f0a427360fbb3d4de923e7817685c5f67dae69c2c203c1b66b4d6,0.01,4.0,4.1,4.19,68.0,-0.4,961.9,-0.4999999999999997,-0.8660254037844388,-0.42083100859565564,0.9071390534005044
training,2025-12-04T12:00:00+00:00,2025-12-04T06:00:00+00:00,2025-12-06T14:00:00+00:00,2025-12-06T19:00:00+05:00,48,50.0,937910c2d5194fa517dfbe09c3189ca9025fe6fb5c5224571e3abfe66333df0d,0.01,5.85,6.0,6.12,69.0,1.1,961.8,-0.4999999999999997,-0.8660254037844388,-0.42083100859565564,0.9071390534005044
training,2025-12-05T18:00:00+00:00,2025-12-05T12:00:00+00:00,2025-12-06T15:00:00+00:00,2025-12-06T20:00:00+05:00,24,21.0,f528493bf4618e748e12fdc3eb059ca1a1146652cf8c0e52a3b132f5c89b80ba,0.01,4.43,4.55,4.64,67.0,-0.1,961.5,-0.7071067811865471,-0.7071067811865479,-0.42083100859565564,0.9071390534005044
training,2025-12-04T18:00:00+00:00,2025-12-04T12:00:00+00:00,2025-12-06T15:00:00+00:00,2025-12-06T20:00:00+05:00,48,45.0,578542b1198a9a9ef3e2321cf0c4e806edd54ac4a2ba09cd345cf6ef51606cdd,0.01,6.14,6.3,6.43,67.0,0.4,961.0,-0.7071067811865471,-0.7071067811865479,-0.42083100859565564,0.9071390534005044
training,2025-12-05T18:00:00+00:00,2025-12-05T12:00:00+00:00,2025-12-06T16:00:00+00:00,2025-12-06T21:00:00+05:00,24,22.0,f528493bf4618e748e12fdc3eb059ca1a1146652cf8c0e52a3b132f5c89b80ba,0.01,4.99,5.12,5.23,65.0,-0.5,961.1,-0.8660254037844385,-0.5000000000000004,-0.42083100859565564,0.9071390534005044
training,2025-12-04T18:00:00+00:00,2025-12-04T12:00:00+00:00,2025-12-06T16:00:00+00:00,2025-12-06T21:00:00+05:00,48,46.0,578542b1198a9a9ef3e2321cf0c4e806edd54ac4a2ba09cd345cf6ef51606cdd,0.01,6.02,6.17,6.3,69.0,0.0,960.8,-0.8660254037844385,-0.5000000000000004,-0.42083100859565564,0.9071390534005044
training,2025-12-05T18:00:00+00:00,2025-12-05T12:00:00+00:00,2025-12-06T17:00:00+00:00,2025-12-06T22:00:00+05:00,24,23.0,f528493bf4618e748e12fdc3eb059ca1a1146652cf8c0e52a3b132f5c89b80ba,0.04833333333333334,5.25,5.39,5.5,64.0,-0.1,960.9,-0.9659258262890683,-0.25881904510252063,-0.42083100859565564,0.9071390534005044
training,2025-12-04T18:00:00+00:00,2025-12-04T12:00:00+00:00,2025-12-06T17:00:00+00:00,2025-12-06T22:00:00+05:00,48,47.0,578542b1198a9a9ef3e2321cf0c4e806edd54ac4a2ba09cd345cf6ef51606cdd,0.04833333333333334,5.73,5.88,6.0,68.0,-0.4,960.5,-0.9659258262890683,-0.25881904510252063,-0.42083100859565564,0.9071390534005044
training,2025-12-05T18:00:00+00:00,2025-12-05T12:00:00+00:00,2025-12-06T18:00:00+00:00,2025-12-06T23:00:00+05:00,24,24.0,f528493bf4618e748e12fdc3eb059ca1a1146652cf8c0e52a3b132f5c89b80ba,0.07,5.41,5.55,5.66,63.0,-0.8,960.6,-1.0,-1.8369701987210297e-16,-0.42083100859565564,0.9071390534005044
training,2025-12-04T18:00:00+00:00,2025-12-04T12:00:00+00:00,2025-12-06T18:00:00+00:00,2025-12-06T23:00:00+05:00,48,48.0,578542b1198a9a9ef3e2321cf0c4e806edd54ac4a2ba09cd345cf6ef51606cdd,0.07,5.86,6.01,6.13,67.0,-0.7,960.2,-1.0,-1.8369701987210297e-16,-0.42083100859565564,0.9071390534005044
training,2025-12-05T18:00:00+00:00,2025-12-05T12:00:00+00:00,2025-12-06T19:00:00+00:00,2025-12-07T00:00:00+05:00,24,25.0,f528493bf4618e748e12fdc3eb059ca1a1146652cf8c0e52a3b132f5c89b80ba,0.07333333333333333,5.21,5.34,5.46,63.0,-0.8,960.4,-0.9659258262890684,0.2588190451025203,-0.42083100859565564,0.9071390534005044
training,2025-12-04T18:00:00+00:00,2025-12-04T12:00:00+00:00,2025-12-06T19:00:00+00:00,2025-12-07T00:00:00+05:00,48,49.0,578542b1198a9a9ef3e2321cf0c4e806edd54ac4a2ba09cd345cf6ef51606cdd,0.07333333333333333,5.96,6.12,6.25,67.0,-0.8,959.9,-0.9659258262890684,0.2588190451025203,-0.42083100859565564,0.9071390534005044
training,2025-12-05T18:00:00+00:00,2025-12-05T12:00:00+00:00,2025-12-06T20:00:00+00:00,2025-12-07T01:00:00+05:00,24,26.0,f528493bf4618e748e12fdc3eb059ca1a1146652cf8c0e52a3b132f5c89b80ba,0.10166666666666667,4.99,5.12,5.23,64.0,-1.0,960.0,-0.8660254037844386,0.5000000000000001,-0.42083100859565564,0.9071390534005044
training,2025-12-04T18:00:00+00:00,2025-12-04T12:00:00+00:00,2025-12-06T20:00:00+00:00,2025-12-07T01:00:00+05:00,48,50.0,578542b1198a9a9ef3e2321cf0c4e806edd54ac4a2ba09cd345cf6ef51606cdd,0.10166666666666667,5.77,5.92,6.05,68.0,-0.9,959.7,-0.8660254037844386,0.5000000000000001,-0.42083100859565564,0.9071390534005044
training,2025-12-06T00:00:00+00:00,2025-12-05T18:00:00+00:00,2025-12-06T21:00:00+00:00,2025-12-07T02:00:00+05:00,24,21.0,049c08571cc8950cf514e31dd22fa76fd5d9b2c38a6c5a4199713d1854f32754,0.13333333333333333,4.51,4.63,4.73,65.0,-1.3,959.6,-0.7071067811865477,0.7071067811865474,-0.42083100859565564,0.9071390534005044
training,2025-12-05T00:00:00+00:00,2025-12-04T18:00:00+00:00,2025-12-06T21:00:00+00:00,2025-12-07T02:00:00+05:00,48,45.0,57abcf45a84f23188541e700b19177e4b63905dfb42eb986c7947137b877cfd5,0.13333333333333333,6.34,6.51,6.64,68.0,-1.2,959.5,-0.7071067811865477,0.7071067811865474,-0.42083100859565564,0.9071390534005044
training,2025-12-06T00:00:00+00:00,2025-12-05T18:00:00+00:00,2025-12-06T22:00:00+00:00,2025-12-07T03:00:00+05:00,24,22.0,049c08571cc8950cf514e31dd22fa76fd5d9b2c38a6c5a4199713d1854f32754,0.22999999999999998,4.54,4.66,4.75,66.0,-1.4,959.2,-0.5000000000000004,0.8660254037844384,-0.42083100859565564,0.9071390534005044
training,2025-12-05T00:00:00+00:00,2025-12-04T18:00:00+00:00,2025-12-06T22:00:00+00:00,2025-12-07T03:00:00+05:00,48,46.0,57abcf45a84f23188541e700b19177e4b63905dfb42eb986c7947137b877cfd5,0.22999999999999998,5.96,6.11,6.24,69.0,-1.4,959.1,-0.5000000000000004,0.8660254037844384,-0.42083100859565564,0.9071390534005044
training,2025-12-06T00:00:00+00:00,2025-12-05T18:00:00+00:00,2025-12-06T23:00:00+00:00,2025-12-07T04:00:00+05:00,24,23.0,049c08571cc8950cf514e31dd22fa76fd5d9b2c38a6c5a4199713d1854f32754,0.24333333333333332,4.71,4.83,4.93,66.0,-1.5,958.9,-0.25881904510252157,0.9659258262890681,-0.42083100859565564,0.9071390534005044
training,2025-12-05T00:00:00+00:00,2025-12-04T18:00:00+00:00,2025-12-06T23:00:00+00:00,2025-12-07T04:00:00+05:00,48,47.0,57abcf45a84f23188541e700b19177e4b63905dfb42eb986c7947137b877cfd5,0.24333333333333332,5.8,5.95,6.08,69.0,-1.5,958.9,-0.25881904510252157,0.9659258262890681,-0.42083100859565564,0.9071390534005044
training,2025-12-06T00:00:00+00:00,2025-12-05T18:00:00+00:00,2025-12-07T00:00:00+00:00,2025-12-07T05:00:00+05:00,24,24.0,049c08571cc8950cf514e31dd22fa76fd5d9b2c38a6c5a4199713d1854f32754,0.3433333333333333,5.25,5.39,5.5,64.0,-1.5,958.9,0.0,1.0,-0.4051645224207563,0.9142437912130223
training,2025-12-05T00:00:00+00:00,2025-12-04T18:00:00+00:00,2025-12-07T00:00:00+00:00,2025-12-07T05:00:00+05:00,48,48.0,57abcf45a84f23188541e700b19177e4b63905dfb42eb986c7947137b877cfd5,0.3433333333333333,5.82,5.97,6.09,68.0,-1.6,958.9,0.0,1.0,-0.4051645224207563,0.9142437912130223
training,2025-12-06T00:00:00+00:00,2025-12-05T18:00:00+00:00,2025-12-07T01:00:00+00:00,2025-12-07T06:00:00+05:00,24,25.0,049c08571cc8950cf514e31dd22fa76fd5d9b2c38a6c5a4199713d1854f32754,0.37333333333333335,5.84,5.99,6.12,62.0,-1.5,958.9,0.25881904510252074,0.9659258262890683,-0.4051645224207563,0.9142437912130223
training,2025-12-05T00:00:00+00:00,2025-12-04T18:00:00+00:00,2025-12-07T01:00:00+00:00,2025-12-07T06:00:00+05:00,48,49.0,57abcf45a84f23188541e700b19177e4b63905dfb42eb986c7947137b877cfd5,0.37333333333333335,6.19,6.35,6.48,68.0,-1.7,959.0,0.25881904510252074,0.9659258262890683,-0.4051645224207563,0.9142437912130223
training,2025-12-06T00:00:00+00:00,2025-12-05T18:00:00+00:00,2025-12-07T02:00:00+00:00,2025-12-07T07:00:00+05:00,24,26.0,049c08571cc8950cf514e31dd22fa76fd5d9b2c38a6c5a4199713d1854f32754,0.4666666666666666,6.3,6.46,6.6,62.0,-1.7,958.9,0.49999999999999994,0.8660254037844387,-0.4051645224207563,0.9142437912130223
training,2025-12-05T00:00:00+00:00,2025-12-04T18:00:00+00:00,2025-12-07T02:00:00+00:00,2025-12-07T07:00:00+05:00,48,50.0,57abcf45a84f23188541e700b19177e4b63905dfb42eb986c7947137b877cfd5,0.4666666666666666,6.75,6.93,7.07,68.0,-1.7,959.0,0.49999999999999994,0.8660254037844387,-0.4051645224207563,0.9142437912130223
training,2025-12-06T06:00:00+00:00,2025-12-06T00:00:00+00:00,2025-12-07T03:00:00+00:00,2025-12-07T08:00:00+05:00,24,21.0,5f263e89e9726a590115d5fbac4593ddf11dc66d923dabe1552a16fd139529ee,0.049999999999999996,6.3,6.46,6.6,64.0,-1.1,959.2,0.7071067811865476,0.7071067811865476,-0.4051645224207563,0.9142437912130223
training,2025-12-05T06:00:00+00:00,2025-12-05T00:00:00+00:00,2025-12-07T03:00:00+00:00,2025-12-07T08:00:00+05:00,48,45.0,b04a2d189091c80fe4b13f8c22f10b7de8091bf8f1a9b1346b85c9122c690dbe,0.049999999999999996,6.61,6.78,6.92,68.0,-0.9,958.8,0.7071067811865476,0.7071067811865476,-0.4051645224207563,0.9142437912130223
training,2025-12-06T06:00:00+00:00,2025-12-06T00:00:00+00:00,2025-12-07T04:00:00+00:00,2025-12-07T09:00:00+05:00,24,22.0,5f263e89e9726a590115d5fbac4593ddf11dc66d923dabe1552a16fd139529ee,0.013333333333333334,7.06,7.25,7.4,63.0,1.6,959.9,0.8660254037844386,0.5000000000000001,-0.4051645224207563,0.9142437912130223
training,2025-12-05T06:00:00+00:00,2025-12-05T00:00:00+00:00,2025-12-07T04:00:00+00:00,2025-12-07T09:00:00+05:00,48,46.0,b04a2d189091c80fe4b13f8c22f10b7de8091bf8f1a9b1346b85c9122c690dbe,0.013333333333333334,6.97,7.15,7.3,67.0,1.8,959.6,0.8660254037844386,0.5000000000000001,-0.4051645224207563,0.9142437912130223
training,2025-12-06T06:00:00+00:00,2025-12-06T00:00:00+00:00,2025-12-07T05:00:00+00:00,2025-12-07T10:00:00+05:00,24,23.0,5f263e89e9726a590115d5fbac4593ddf11dc66d923dabe1552a16fd139529ee,0.055,6.61,6.78,6.92,56.0,3.6,960.0,0.9659258262890683,0.25881904510252074,-0.4051645224207563,0.9142437912130223
training,2025-12-05T06:00:00+00:00,2025-12-05T00:00:00+00:00,2025-12-07T05:00:00+00:00,2025-12-07T10:00:00+05:00,48,47.0,b04a2d189091c80fe4b13f8c22f10b7de8091bf8f1a9b1346b85c9122c690dbe,0.055,5.17,5.3,5.41,58.0,3.8,959.9,0.9659258262890683,0.25881904510252074,-0.4051645224207563,0.9142437912130223
training,2025-12-06T06:00:00+00:00,2025-12-06T00:00:00+00:00,2025-12-07T06:00:00+00:00,2025-12-07T11:00:00+05:00,24,24.0,5f263e89e9726a590115d5fbac4593ddf11dc66d923dabe1552a16fd139529ee,0.008333333333333333,6.75,6.93,7.07,51.0,5.0,959.5,1.0,6.123233995736766e-17,-0.4051645224207563,0.9142437912130223
training,2025-12-05T06:00:00+00:00,2025-12-05T00:00:00+00:00,2025-12-07T06:00:00+00:00,2025-12-07T11:00:00+05:00,48,48.0,b04a2d189091c80fe4b13f8c22f10b7de8091bf8f1a9b1346b85c9122c690dbe,0.008333333333333333,4.48,4.6,4.69,47.0,4.8,959.9,1.0,6.123233995736766e-17,-0.4051645224207563,0.9142437912130223
training,2025-12-06T06:00:00+00:00,2025-12-06T00:00:00+00:00,2025-12-07T07:00:00+00:00,2025-12-07T12:00:00+05:00,24,25.0,5f263e89e9726a590115d5fbac4593ddf11dc66d923dabe1552a16fd139529ee,0.01,6.66,6.83,6.97,47.0,5.8,958.9,0.9659258262890683,-0.25881904510252063,-0.4051645224207563,0.9142437912130223
training,2025-12-05T06:00:00+00:00,2025-12-05T00:00:00+00:00,2025-12-07T07:00:00+00:00,2025-12-07T12:00:00+05:00,48,49.0,b04a2d189091c80fe4b13f8c22f10b7de8091bf8f1a9b1346b85c9122c690dbe,0.01,3.55,3.64,3.72,47.0,5.2,959.3,0.9659258262890683,-0.25881904510252063,-0.4051645224207563,0.9142437912130223
training,2025-12-06T06:00:00+00:00,2025-12-06T00:00:00+00:00,2025-12-07T08:00:00+00:00,2025-12-07T13:00:00+05:00,24,26.0,5f263e89e9726a590115d5fbac4593ddf11dc66d923dabe1552a16fd139529ee,0.01,5.69,5.84,5.96,43.0,6.0,958.6,0.8660254037844387,-0.4999999999999998,-0.4051645224207563,0.9142437912130223
training,2025-12-05T06:00:00+00:00,2025-12-05T00:00:00+00:00,2025-12-07T08:00:00+00:00,2025-12-07T13:00:00+05:00,48,50.0,b04a2d189091c80fe4b13f8c22f10b7de8091bf8f1a9b1346b85c9122c690dbe,0.01,2.93,3.01,3.07,43.0,5.0,959.1,0.8660254037844387,-0.4999999999999998,-0.4051645224207563,0.9142437912130223
training,2025-12-06T12:00:00+00:00,2025-12-06T06:00:00+00:00,2025-12-07T09:00:00+00:00,2025-12-07T14:00:00+05:00,24,21.0,213eddd8ead01a91137727158fcdbd8ff5b72291ed34a55ddd66c7ce7dc9f2ab,0.02,6.27,6.43,6.57,45.0,5.8,958.1,0.7071067811865476,-0.7071067811865475,-0.4051645224207563,0.9142437912130223
training,2025-12-05T12:00:00+00:00,2025-12-05T06:00:00+00:00,2025-12-07T09:00:00+00:00,2025-12-07T14:00:00+05:00,48,45.0,010f2bfcd09f0a427360fbb3d4de923e7817685c5f67dae69c2c203c1b66b4d6,0.02,1.49,1.52,1.56,49.0,4.6,959.2,0.7071067811865476,-0.7071067811865475,-0.4051645224207563,0.9142437912130223
training,2025-12-06T12:00:00+00:00,2025-12-06T06:00:00+00:00,2025-12-07T10:00:00+00:00,2025-12-07T15:00:00+05:00,24,22.0,213eddd8ead01a91137727158fcdbd8ff5b72291ed34a55ddd66c7ce7dc9f2ab,0.01,5.81,5.96,6.09,55.0,4.5,958.0,0.49999999999999994,-0.8660254037844387,-0.4051645224207563,0.9142437912130223
training,2025-12-05T12:00:00+00:00,2025-12-05T06:00:00+00:00,2025-12-07T10:00:00+00:00,2025-12-07T15:00:00+05:00,48,46.0,010f2bfcd09f0a427360fbb3d4de923e7817685c5f67dae69c2c203c1b66b4d6,0.01,0.93,0.96,0.98,133.0,3.5,959.1,0.49999999999999994,-0.8660254037844387,-0.4051645224207563,0.9142437912130223
training,2025-12-06T12:00:00+00:00,2025-12-06T06:00:00+00:00,2025-12-07T11:00:00+00:00,2025-12-07T16:00:00+05:00,24,23.0,213eddd8ead01a91137727158fcdbd8ff5b72291ed34a55ddd66c7ce7dc9f2ab,0.03,4.3,4.41,4.5,61.0,1.7,957.9,0.258819045102521,-0.9659258262890682,-0.4051645224207563,0.9142437912130223
training,2025-12-05T12:00:00+00:00,2025-12-05T06:00:00+00:00,2025-12-07T11:00:00+00:00,2025-12-07T16:00:00+05:00,48,47.0,010f2bfcd09f0a427360fbb3d4de923e7817685c5f67dae69c2c203c1b66b4d6,0.03,1.55,1.59,1.63,229.0,1.9,958.8,0.258819045102521,-0.9659258262890682,-0.4051645224207563,0.9142437912130223
training,2025-12-06T12:00:00+00:00,2025-12-06T06:00:00+00:00,2025-12-07T12:00:00+00:00,2025-12-07T17:00:00+05:00,24,24.0,213eddd8ead01a91137727158fcdbd8ff5b72291ed34a55ddd66c7ce7dc9f2ab,0.006666666666666667,3.02,3.1,3.16,72.0,1.2,957.9,1.2246467991473532e-16,-1.0,-0.4051645224207563,0.9142437912130223
training,2025-12-05T12:00:00+00:00,2025-12-05T06:00:00+00:00,2025-12-07T12:00:00+00:00,2025-12-07T17:00:00+05:00,48,48.0,010f2bfcd09f0a427360fbb3d4de923e7817685c5f67dae69c2c203c1b66b4d6,0.006666666666666667,3.22,3.31,3.37,267.0,0.3,959.1,1.2246467991473532e-16,-1.0,-0.4051645224207563,0.9142437912130223
training,2025-12-06T12:00:00+00:00,2025-12-06T06:00:00+00:00,2025-12-07T13:00:00+00:00,2025-12-07T18:00:00+05:00,24,25.0,213eddd8ead01a91137727158fcdbd8ff5b72291ed34a55ddd66c7ce7dc9f2ab,0.075,2.51,2.57,2.62,63.0,1.2,957.9,-0.2588190451025208,-0.9659258262890683,-0.4051645224207563,0.9142437912130223
training,2025-12-05T12:00:00+00:00,2025-12-05T06:00:00+00:00,2025-12-07T13:00:00+00:00,2025-12-07T18:00:00+05:00,48,49.0,010f2bfcd09f0a427360fbb3d4de923e7817685c5f67dae69c2c203c1b66b4d6,0.075,2.32,2.38,2.43,255.0,-0.5,959.0,-0.2588190451025208,-0.9659258262890683,-0.4051645224207563,0.9142437912130223
training,2025-12-06T12:00:00+00:00,2025-12-06T06:00:00+00:00,2025-12-07T14:00:00+00:00,2025-12-07T19:00:00+05:00,24,26.0,213eddd8ead01a91137727158fcdbd8ff5b72291ed34a55ddd66c7ce7dc9f2ab,0.013333333333333334,3.4,3.49,3.56,65.0,1.1,957.7,-0.4999999999999997,-0.8660254037844388,-0.4051645224207563,0.9142437912130223
training,2025-12-05T12:00:00+00:00,2025-12-05T06:00:00+00:00,2025-12-07T14:00:00+00:00,2025-12-07T19:00:00+05:00,48,50.0,010f2bfcd09f0a427360fbb3d4de923e7817685c5f67dae69c2c203c1b66b4d6,0.013333333333333334,0.84,0.86,0.88,324.0,0.2,958.8,-0.4999999999999997,-0.8660254037844388,-0.4051645224207563,0.9142437912130223
training,2025-12-06T18:00:00+00:00,2025-12-06T12:00:00+00:00,2025-12-07T15:00:00+00:00,2025-12-07T20:00:00+05:00,24,21.0,4896954ce1a03c432e41ac9bbecf319721a343513eda899b6e7c48f35dbccb8f,0.01,3.6,3.69,3.77,62.0,0.7,957.0,-0.7071067811865471,-0.7071067811865479,-0.4051645224207563,0.9142437912130223
training,2025-12-05T18:00:00+00:00,2025-12-05T12:00:00+00:00,2025-12-07T15:00:00+00:00,2025-12-07T20:00:00+05:00,48,45.0,f528493bf4618e748e12fdc3eb059ca1a1146652cf8c0e52a3b132f5c89b80ba,0.01,0.24,0.25,0.26,307.0,0.2,958.4,-0.7071067811865471,-0.7071067811865479,-0.4051645224207563,0.9142437912130223
training,2025-12-06T18:00:00+00:00,2025-12-06T12:00:00+00:00,2025-12-07T16:00:00+00:00,2025-12-07T21:00:00+05:00,24,22.0,4896954ce1a03c432e41ac9bbecf319721a343513eda899b6e7c48f35dbccb8f,0.085,3.92,4.02,4.11,63.0,0.4,956.4,-0.8660254037844385,-0.5000000000000004,-0.4051645224207563,0.9142437912130223
training,2025-12-05T18:00:00+00:00,2025-12-05T12:00:00+00:00,2025-12-07T16:00:00+00:00,2025-12-07T21:00:00+05:00,48,46.0,f528493bf4618e748e12fdc3eb059ca1a1146652cf8c0e52a3b132f5c89b80ba,0.085,1.34,1.37,1.4,100.0,0.4,957.7,-0.8660254037844385,-0.5000000000000004,-0.4051645224207563,0.9142437912130223
training,2025-12-06T18:00:00+00:00,2025-12-06T12:00:00+00:00,2025-12-07T17:00:00+00:00,2025-12-07T22:00:00+05:00,24,23.0,4896954ce1a03c432e41ac9bbecf319721a343513eda899b6e7c48f35dbccb8f,0.015,4.19,4.3,4.38,65.0,0.2,956.0,-0.9659258262890683,-0.25881904510252063,-0.4051645224207563,0.9142437912130223
training,2025-12-05T18:00:00+00:00,2025-12-05T12:00:00+00:00,2025-12-07T17:00:00+00:00,2025-12-07T22:00:00+05:00,48,47.0,f528493bf4618e748e12fdc3eb059ca1a1146652cf8c0e52a3b132f5c89b80ba,0.015,2.01,2.06,2.1,67.0,-0.1,956.8,-0.9659258262890683,-0.25881904510252063,-0.4051645224207563,0.9142437912130223
training,2025-12-06T18:00:00+00:00,2025-12-06T12:00:00+00:00,2025-12-07T18:00:00+00:00,2025-12-07T23:00:00+05:00,24,24.0,4896954ce1a03c432e41ac9bbecf319721a343513eda899b6e7c48f35dbccb8f,0.01,4.24,4.35,4.44,67.0,0.3,955.7,-1.0,-1.8369701987210297e-16,-0.4051645224207563,0.9142437912130223
training,2025-12-05T18:00:00+00:00,2025-12-05T12:00:00+00:00,2025-12-07T18:00:00+00:00,2025-12-07T23:00:00+05:00,48,48.0,f528493bf4618e748e12fdc3eb059ca1a1146652cf8c0e52a3b132f5c89b80ba,0.01,3.12,3.2,3.27,56.0,-0.9,956.4,-1.0,-1.8369701987210297e-16,-0.4051645224207563,0.9142437912130223
training,2025-12-06T18:00:00+00:00,2025-12-06T12:00:00+00:00,2025-12-07T19:00:00+00:00,2025-12-08T00:00:00+05:00,24,25.0,4896954ce1a03c432e41ac9bbecf319721a343513eda899b6e7c48f35dbccb8f,0.01,4.49,4.61,4.7,64.0,0.0,955.5,-0.9659258262890684,0.2588190451025203,-0.4051645224207563,0.9142437912130223
training,2025-12-05T18:00:00+00:00,2025-12-05T12:00:00+00:00,2025-12-07T19:00:00+00:00,2025-12-08T00:00:00+05:00,48,49.0,f528493bf4618e748e12fdc3eb059ca1a1146652cf8c0e52a3b132f5c89b80ba,0.01,2.81,2.88,2.94,64.0,-1.4,956.0,-0.9659258262890684,0.2588190451025203,-0.4051645224207563,0.9142437912130223
training,2025-12-06T18:00:00+00:00,2025-12-06T12:00:00+00:00,2025-12-07T20:00:00+00:00,2025-12-08T01:00:00+05:00,24,26.0,4896954ce1a03c432e41ac9bbecf319721a343513eda899b6e7c48f35dbccb8f,0.01,4.87,4.99,5.1,61.0,-0.1,955.4,-0.8660254037844386,0.5000000000000001,-0.4051645224207563,0.9142437912130223
training,2025-12-05T18:00:00+00:00,2025-12-05T12:00:00+00:00,2025-12-07T20:00:00+00:00,2025-12-08T01:00:00+05:00,48,50.0,f528493bf4618e748e12fdc3eb059ca1a1146652cf8c0e52a3b132f5c89b80ba,0.01,3.39,3.47,3.54,67.0,-0.6,955.9,-0.8660254037844386,0.5000000000000001,-0.4051645224207563,0.9142437912130223
training,2025-12-07T00:00:00+00:00,2025-12-06T18:00:00+00:00,2025-12-07T21:00:00+00:00,2025-12-08T02:00:00+05:00,24,21.0,60e1e8ba89562db413a8ac842da1b06c8d5bde39162551e08bd5e832646366a5,0.01,5.86,6.02,6.14,63.0,-0.2,955.3,-0.7071067811865477,0.7071067811865474,-0.4051645224207563,0.9142437912130223
training,2025-12-06T00:00:00+00:00,2025-12-05T18:00:00+00:00,2025-12-07T21:00:00+00:00,2025-12-08T02:00:00+05:00,48,45.0,049c08571cc8950cf514e31dd22fa76fd5d9b2c38a6c5a4199713d1854f32754,0.01,4.32,4.43,4.53,60.0,-1.2,955.5,-0.7071067811865477,0.7071067811865474,-0.4051645224207563,0.9142437912130223
training,2025-12-07T00:00:00+00:00,2025-12-06T18:00:00+00:00,2025-12-07T22:00:00+00:00,2025-12-08T03:00:00+05:00,24,22.0,60e1e8ba89562db413a8ac842da1b06c8d5bde39162551e08bd5e832646366a5,0.04666666666666666,5.43,5.57,5.69,65.0,-0.7,955.0,-0.5000000000000004,0.8660254037844384,-0.4051645224207563,0.9142437912130223
training,2025-12-06T00:00:00+00:00,2025-12-05T18:00:00+00:00,2025-12-07T22:00:00+00:00,2025-12-08T03:00:00+05:00,48,46.0,049c08571cc8950cf514e31dd22fa76fd5d9b2c38a6c5a4199713d1854f32754,0.04666666666666666,4.52,4.64,4.73,66.0,-1.1,955.4,-0.5000000000000004,0.8660254037844384,-0.4051645224207563,0.9142437912130223
training,2025-12-07T00:00:00+00:00,2025-12-06T18:00:00+00:00,2025-12-07T23:00:00+00:00,2025-12-08T04:00:00+05:00,24,23.0,60e1e8ba89562db413a8ac842da1b06c8d5bde39162551e08bd5e832646366a5,0.21833333333333335,5.7,5.84,5.96,66.0,-1.4,954.6,-0.25881904510252157,0.9659258262890681,-0.4051645224207563,0.9142437912130223
training,2025-12-06T00:00:00+00:00,2025-12-05T18:00:00+00:00,2025-12-07T23:00:00+00:00,2025-12-08T04:00:00+05:00,48,47.0,049c08571cc8950cf514e31dd22fa76fd5d9b2c38a6c5a4199713d1854f32754,0.21833333333333335,4.98,5.11,5.21,67.0,-1.4,954.9,-0.25881904510252157,0.9659258262890681,-0.4051645224207563,0.9142437912130223
training,2025-12-07T00:00:00+00:00,2025-12-06T18:00:00+00:00,2025-12-08T00:00:00+00:00,2025-12-08T05:00:00+05:00,24,24.0,60e1e8ba89562db413a8ac842da1b06c8d5bde39162551e08bd5e832646366a5,0.15166666666666667,6.76,6.93,7.08,63.0,-1.4,954.0,0.0,1.0,-0.3893781415452015,0.9210779895789526
training,2025-12-06T00:00:00+00:00,2025-12-05T18:00:00+00:00,2025-12-08T00:00:00+00:00,2025-12-08T05:00:00+05:00,48,48.0,049c08571cc8950cf514e31dd22fa76fd5d9b2c38a6c5a4199713d1854f32754,0.15166666666666667,6.22,6.38,6.51,69.0,-1.1,954.6,0.0,1.0,-0.3893781415452015,0.9210779895789526
training,2025-12-07T00:00:00+00:00,2025-12-06T18:00:00+00:00,2025-12-08T01:00:00+00:00,2025-12-08T06:00:00+05:00,24,25.0,60e1e8ba89562db413a8ac842da1b06c8d5bde39162551e08bd5e832646366a5,0.6483333333333333,7.65,7.85,8.01,63.0,-1.3,953.5,0.25881904510252074,0.9659258262890683,-0.3893781415452015,0.9210779895789526
training,2025-12-06T00:00:00+00:00,2025-12-05T18:00:00+00:00,2025-12-08T01:00:00+00:00,2025-12-08T06:00:00+05:00,48,49.0,049c08571cc8950cf514e31dd22fa76fd5d9b2c38a6c5a4199713d1854f32754,0.6483333333333333,7.11,7.3,7.45,66.0,-0.9,954.1,0.25881904510252074,0.9659258262890683,-0.3893781415452015,0.9210779895789526
training,2025-12-07T00:00:00+00:00,2025-12-06T18:00:00+00:00,2025-12-08T02:00:00+00:00,2025-12-08T07:00:00+05:00,24,26.0,60e1e8ba89562db413a8ac842da1b06c8d5bde39162551e08bd5e832646366a5,0.5316666666666666,8.46,8.68,8.86,63.0,-1.4,952.9,0.49999999999999994,0.8660254037844387,-0.3893781415452015,0.9210779895789526
training,2025-12-06T00:00:00+00:00,2025-12-05T18:00:00+00:00,2025-12-08T02:00:00+00:00,2025-12-08T07:00:00+05:00,48,50.0,049c08571cc8950cf514e31dd22fa76fd5d9b2c38a6c5a4199713d1854f32754,0.5316666666666666,8.04,8.25,8.42,63.0,-0.9,953.4,0.49999999999999994,0.8660254037844387,-0.3893781415452015,0.9210779895789526
training,2025-12-07T06:00:00+00:00,2025-12-07T00:00:00+00:00,2025-12-08T03:00:00+00:00,2025-12-08T08:00:00+05:00,24,21.0,fdbbf1a56c014d05a9c2adaa824b2be1ba4523f1afe7cc817fbbd6d2ab083b32,0.38333333333333336,8.62,8.84,9.03,66.0,-0.1,952.4,0.7071067811865476,0.7071067811865476,-0.3893781415452015,0.9210779895789526
training,2025-12-06T06:00:00+00:00,2025-12-06T00:00:00+00:00,2025-12-08T03:00:00+00:00,2025-12-08T08:00:00+05:00,48,45.0,5f263e89e9726a590115d5fbac4593ddf11dc66d923dabe1552a16fd139529ee,0.38333333333333336,3.29,3.37,3.44,50.0,-0.1,954.4,0.7071067811865476,0.7071067811865476,-0.3893781415452015,0.9210779895789526
training,2025-12-07T06:00:00+00:00,2025-12-07T00:00:00+00:00,2025-12-08T04:00:00+00:00,2025-12-08T09:00:00+05:00,24,22.0,fdbbf1a56c014d05a9c2adaa824b2be1ba4523f1afe7cc817fbbd6d2ab083b32,0.35333333333333333,9.65,9.9,10.11,57.0,2.6,952.5,0.8660254037844386,0.5000000000000001,-0.3893781415452015,0.9210779895789526
training,2025-12-06T06:00:00+00:00,2025-12-06T00:00:00+00:00,2025-12-08T04:00:00+00:00,2025-12-08T09:00:00+05:00,48,46.0,5f263e89e9726a590115d5fbac4593ddf11dc66d923dabe1552a16fd139529ee,0.35333333333333333,1.04,1.06,1.09,221.0,1.4,955.7,0.8660254037844386,0.5000000000000001,-0.3893781415452015,0.9210779895789526
training,2025-12-07T06:00:00+00:00,2025-12-07T00:00:00+00:00,2025-12-08T05:00:00+00:00,2025-12-08T10:00:00+05:00,24,23.0,fdbbf1a56c014d05a9c2adaa824b2be1ba4523f1afe7cc817fbbd6d2ab083b32,0.15666666666666668,7.72,7.92,8.08,57.0,4.2,952.8,0.9659258262890683,0.25881904510252074,-0.3893781415452015,0.9210779895789526
training,2025-12-06T06:00:00+00:00,2025-12-06T00:00:00+00:00,2025-12-08T05:00:00+00:00,2025-12-08T10:00:00+05:00,48,47.0,5f263e89e9726a590115d5fbac4593ddf11dc66d923dabe1552a16fd139529ee,0.15666666666666668,2.16,2.21,2.26,152.0,3.3,954.7,0.9659258262890683,0.25881904510252074,-0.3893781415452015,0.9210779895789526
training,2025-12-07T06:00:00+00:00,2025-12-07T00:00:00+00:00,2025-12-08T06:00:00+00:00,2025-12-08T11:00:00+05:00,24,24.0,fdbbf1a56c014d05a9c2adaa824b2be1ba4523f1afe7cc817fbbd6d2ab083b32,0.01,4.18,4.29,4.37,42.0,4.5,953.3,1.0,6.123233995736766e-17,-0.3893781415452015,0.9210779895789526
training,2025-12-06T06:00:00+00:00,2025-12-06T00:00:00+00:00,2025-12-08T06:00:00+00:00,2025-12-08T11:00:00+05:00,48,48.0,5f263e89e9726a590115d5fbac4593ddf11dc66d923dabe1552a16fd139529ee,0.01,1.92,1.97,2.01,263.0,5.3,954.5,1.0,6.123233995736766e-17,-0.3893781415452015,0.9210779895789526
training,2025-12-07T06:00:00+00:00,2025-12-07T00:00:00+00:00,2025-12-08T07:00:00+00:00,2025-12-08T12:00:00+05:00,24,25.0,fdbbf1a56c014d05a9c2adaa824b2be1ba4523f1afe7cc817fbbd6d2ab083b32,0.01,0.77,0.79,0.81,72.0,4.8,952.5,0.9659258262890683,-0.25881904510252063,-0.3893781415452015,0.9210779895789526
training,2025-12-06T06:00:00+00:00,2025-12-06T00:00:00+00:00,2025-12-08T07:00:00+00:00,2025-12-08T12:00:00+05:00,48,49.0,5f263e89e9726a590115d5fbac4593ddf11dc66d923dabe1552a16fd139529ee,0.01,1.73,1.78,1.81,280.0,5.5,953.4,0.9659258262890683,-0.25881904510252063,-0.3893781415452015,0.9210779895789526
training,2025-12-07T06:00:00+00:00,2025-12-07T00:00:00+00:00,2025-12-08T08:00:00+00:00,2025-12-08T13:00:00+05:00,24,26.0,fdbbf1a56c014d05a9c2adaa824b2be1ba4523f1afe7cc817fbbd6d2ab083b32,0.008333333333333333,3.18,3.26,3.33,249.0,5.9,952.4,0.8660254037844387,-0.4999999999999998,-0.3893781415452015,0.9210779895789526
training,2025-12-06T06:00:00+00:00,2025-12-06T00:00:00+00:00,2025-12-08T08:00:00+00:00,2025-12-08T13:00:00+05:00,48,50.0,5f263e89e9726a590115d5fbac4593ddf11dc66d923dabe1552a16fd139529ee,0.008333333333333333,2.8,2.87,2.93,257.0,6.0,953.0,0.8660254037844387,-0.4999999999999998,-0.3893781415452015,0.9210779895789526
training,2025-12-07T12:00:00+00:00,2025-12-07T06:00:00+00:00,2025-12-08T09:00:00+00:00,2025-12-08T14:00:00+05:00,24,21.0,64b5ff4232dcfe5e44bda298e8dfb0dc1421455a5534962d9a4de8d831f14089,0.04,6.49,6.66,6.79,273.0,5.4,953.6,0.7071067811865476,-0.7071067811865475,-0.3893781415452015,0.9210779895789526
training,2025-12-06T12:00:00+00:00,2025-12-06T06:00:00+00:00,2025-12-08T09:00:00+00:00,2025-12-08T14:00:00+05:00,48,45.0,213eddd8ead01a91137727158fcdbd8ff5b72291ed34a55ddd66c7ce7dc9f2ab,0.04,4.05,4.16,4.24,267.0,5.2,953.5,0.7071067811865476,-0.7071067811865475,-0.3893781415452015,0.9210779895789526
training,2025-12-07T12:00:00+00:00,2025-12-07T06:00:00+00:00,2025-12-08T10:00:00+00:00,2025-12-08T15:00:00+05:00,24,22.0,64b5ff4232dcfe5e44bda298e8dfb0dc1421455a5534962d9a4de8d831f14089,0.4216666666666667,8.64,8.87,9.05,274.0,3.8,954.6,0.49999999999999994,-0.8660254037844387,-0.3893781415452015,0.9210779895789526
training,2025-12-06T12:00:00+00:00,2025-12-06T06:00:00+00:00,2025-12-08T10:00:00+00:00,2025-12-08T15:00:00+05:00,48,46.0,213eddd8ead01a91137727158fcdbd8ff5b72291ed34a55ddd66c7ce7dc9f2ab,0.4216666666666667,4.9,5.02,5.13,260.0,3.8,953.7,0.49999999999999994,-0.8660254037844387,-0.3893781415452015,0.9210779895789526
training,2025-12-07T12:00:00+00:00,2025-12-07T06:00:00+00:00,2025-12-08T11:00:00+00:00,2025-12-08T16:00:00+05:00,24,23.0,64b5ff4232dcfe5e44bda298e8dfb0dc1421455a5534962d9a4de8d831f14089,0.5333333333333333,9.07,9.3,9.5,268.0,2.1,955.6,0.258819045102521,-0.9659258262890682,-0.3893781415452015,0.9210779895789526
training,2025-12-06T12:00:00+00:00,2025-12-06T06:00:00+00:00,2025-12-08T11:00:00+00:00,2025-12-08T16:00:00+05:00,48,47.0,213eddd8ead01a91137727158fcdbd8ff5b72291ed34a55ddd66c7ce7dc9f2ab,0.5333333333333333,6.54,6.71,6.85,249.0,2.5,954.1,0.258819045102521,-0.9659258262890682,-0.3893781415452015,0.9210779895789526
training,2025-12-07T12:00:00+00:00,2025-12-07T06:00:00+00:00,2025-12-08T12:00:00+00:00,2025-12-08T17:00:00+05:00,24,24.0,64b5ff4232dcfe5e44bda298e8dfb0dc1421455a5534962d9a4de8d831f14089,0.33,9.22,9.46,9.66,261.0,0.2,956.8,1.2246467991473532e-16,-1.0,-0.3893781415452015,0.9210779895789526
training,2025-12-06T12:00:00+00:00,2025-12-06T06:00:00+00:00,2025-12-08T12:00:00+00:00,2025-12-08T17:00:00+05:00,48,48.0,213eddd8ead01a91137727158fcdbd8ff5b72291ed34a55ddd66c7ce7dc9f2ab,0.33,8.37,8.59,8.77,250.0,2.1,955.1,1.2246467991473532e-16,-1.0,-0.3893781415452015,0.9210779895789526
training,2025-12-07T12:00:00+00:00,2025-12-07T06:00:00+00:00,2025-12-08T13:00:00+00:00,2025-12-08T18:00:00+05:00,24,25.0,64b5ff4232dcfe5e44bda298e8dfb0dc1421455a5534962d9a4de8d831f14089,0.6816666666666666,8.79,9.02,9.2,250.0,0.2,957.9,-0.2588190451025208,-0.9659258262890683,-0.3893781415452015,0.9210779895789526
training,2025-12-06T12:00:00+00:00,2025-12-06T06:00:00+00:00,2025-12-08T13:00:00+00:00,2025-12-08T18:00:00+05:00,48,49.0,213eddd8ead01a91137727158fcdbd8ff5b72291ed34a55ddd66c7ce7dc9f2ab,0.6816666666666666,9.35,9.6,9.8,251.0,1.2,956.1,-0.2588190451025208,-0.9659258262890683,-0.3893781415452015,0.9210779895789526
training,2025-12-07T12:00:00+00:00,2025-12-07T06:00:00+00:00,2025-12-08T14:00:00+00:00,2025-12-08T19:00:00+05:00,24,26.0,64b5ff4232dcfe5e44bda298e8dfb0dc1421455a5534962d9a4de8d831f14089,0.9199999999999999,8.52,8.74,8.92,256.0,0.5,958.8,-0.4999999999999997,-0.8660254037844388,-0.3893781415452015,0.9210779895789526
training,2025-12-06T12:00:00+00:00,2025-12-06T06:00:00+00:00,2025-12-08T14:00:00+00:00,2025-12-08T19:00:00+05:00,48,50.0,213eddd8ead01a91137727158fcdbd8ff5b72291ed34a55ddd66c7ce7dc9f2ab,0.9199999999999999,10.58,10.86,11.08,254.0,0.8,957.1,-0.4999999999999997,-0.8660254037844388,-0.3893781415452015,0.9210779895789526
training,2025-12-07T18:00:00+00:00,2025-12-07T12:00:00+00:00,2025-12-08T15:00:00+00:00,2025-12-08T20:00:00+05:00,24,21.0,4d4037adf0ae306aeb6f5284cbf6cf517de5d198fa6a3cfbabb57880ab11e7be,0.9466666666666667,8.81,9.03,9.22,260.0,0.5,959.3,-0.7071067811865471,-0.7071067811865479,-0.3893781415452015,0.9210779895789526
training,2025-12-06T18:00:00+00:00,2025-12-06T12:00:00+00:00,2025-12-08T15:00:00+00:00,2025-12-08T20:00:00+05:00,48,45.0,4896954ce1a03c432e41ac9bbecf319721a343513eda899b6e7c48f35dbccb8f,0.9466666666666667,9.84,10.09,10.3,246.0,0.6,958.4,-0.7071067811865471,-0.7071067811865479,-0.3893781415452015,0.9210779895789526
training,2025-12-07T18:00:00+00:00,2025-12-07T12:00:00+00:00,2025-12-08T16:00:00+00:00,2025-12-08T21:00:00+05:00,24,22.0,4d4037adf0ae306aeb6f5284cbf6cf517de5d198fa6a3cfbabb57880ab11e7be,0.96,7.76,7.96,8.12,263.0,0.5,960.1,-0.8660254037844385,-0.5000000000000004,-0.3893781415452015,0.9210779895789526
training,2025-12-06T18:00:00+00:00,2025-12-06T12:00:00+00:00,2025-12-08T16:00:00+00:00,2025-12-08T21:00:00+05:00,48,46.0,4896954ce1a03c432e41ac9bbecf319721a343513eda899b6e7c48f35dbccb8f,0.96,8.96,9.19,9.38,253.0,1.0,959.2,-0.8660254037844385,-0.5000000000000004,-0.3893781415452015,0.9210779895789526
training,2025-12-07T18:00:00+00:00,2025-12-07T12:00:00+00:00,2025-12-08T17:00:00+00:00,2025-12-08T22:00:00+05:00,24,23.0,4d4037adf0ae306aeb6f5284cbf6cf517de5d198fa6a3cfbabb57880ab11e7be,0.8533333333333334,7.18,7.37,7.52,266.0,0.5,960.6,-0.9659258262890683,-0.25881904510252063,-0.3893781415452015,0.9210779895789526
training,2025-12-06T18:00:00+00:00,2025-12-06T12:00:00+00:00,2025-12-08T17:00:00+00:00,2025-12-08T22:00:00+05:00,48,47.0,4896954ce1a03c432e41ac9bbecf319721a343513eda899b6e7c48f35dbccb8f,0.8533333333333334,8.49,8.71,8.89,263.0,0.7,959.9,-0.9659258262890683,-0.25881904510252063,-0.3893781415452015,0.9210779895789526
training,2025-12-07T18:00:00+00:00,2025-12-07T12:00:00+00:00,2025-12-08T18:00:00+00:00,2025-12-08T23:00:00+05:00,24,24.0,4d4037adf0ae306aeb6f5284cbf6cf517de5d198fa6a3cfbabb57880ab11e7be,0.945,7.51,7.71,7.87,263.0,0.8,961.4,-1.0,-1.8369701987210297e-16,-0.3893781415452015,0.9210779895789526
training,2025-12-06T18:00:00+00:00,2025-12-06T12:00:00+00:00,2025-12-08T18:00:00+00:00,2025-12-08T23:00:00+05:00,48,48.0,4896954ce1a03c432e41ac9bbecf319721a343513eda899b6e7c48f35dbccb8f,0.945,6.93,7.11,7.25,263.0,0.6,960.5,-1.0,-1.8369701987210297e-16,-0.3893781415452015,0.9210779895789526
training,2025-12-07T18:00:00+00:00,2025-12-07T12:00:00+00:00,2025-12-08T19:00:00+00:00,2025-12-09T00:00:00+05:00,24,25.0,4d4037adf0ae306aeb6f5284cbf6cf517de5d198fa6a3cfbabb57880ab11e7be,0.785,7.24,7.42,7.58,254.0,1.4,961.8,-0.9659258262890684,0.2588190451025203,-0.3893781415452015,0.9210779895789526
training,2025-12-06T18:00:00+00:00,2025-12-06T12:00:00+00:00,2025-12-08T19:00:00+00:00,2025-12-09T00:00:00+05:00,48,49.0,4896954ce1a03c432e41ac9bbecf319721a343513eda899b6e7c48f35dbccb8f,0.785,5.38,5.52,5.63,256.0,0.6,960.8,-0.9659258262890684,0.2588190451025203,-0.3893781415452015,0.9210779895789526
training,2025-12-07T18:00:00+00:00,2025-12-07T12:00:00+00:00,2025-12-08T20:00:00+00:00,2025-12-09T01:00:00+05:00,24,26.0,4d4037adf0ae306aeb6f5284cbf6cf517de5d198fa6a3cfbabb57880ab11e7be,0.2966666666666667,6.28,6.44,6.58,254.0,1.5,961.7,-0.8660254037844386,0.5000000000000001,-0.3893781415452015,0.9210779895789526
training,2025-12-06T18:00:00+00:00,2025-12-06T12:00:00+00:00,2025-12-08T20:00:00+00:00,2025-12-09T01:00:00+05:00,48,50.0,4896954ce1a03c432e41ac9bbecf319721a343513eda899b6e7c48f35dbccb8f,0.2966666666666667,4.47,4.59,4.68,245.0,0.7,960.8,-0.8660254037844386,0.5000000000000001,-0.3893781415452015,0.9210779895789526
training,2025-12-08T00:00:00+00:00,2025-12-07T18:00:00+00:00,2025-12-08T21:00:00+00:00,2025-12-09T02:00:00+05:00,24,21.0,6e6f82eca3a0013d4ef79fe5b57278c035be65ed0721a234c1a7f551ec66e27f,0.15,4.82,4.94,5.04,259.0,1.3,961.8,-0.7071067811865477,0.7071067811865474,-0.3893781415452015,0.9210779895789526
training,2025-12-07T00:00:00+00:00,2025-12-06T18:00:00+00:00,2025-12-08T21:00:00+00:00,2025-12-09T02:00:00+05:00,48,45.0,60e1e8ba89562db413a8ac842da1b06c8d5bde39162551e08bd5e832646366a5,0.15,3.55,3.64,3.72,243.0,0.5,961.0,-0.7071067811865477,0.7071067811865474,-0.3893781415452015,0.9210779895789526
training,2025-12-08T00:00:00+00:00,2025-12-07T18:00:00+00:00,2025-12-08T22:00:00+00:00,2025-12-09T03:00:00+05:00,24,22.0,6e6f82eca3a0013d4ef79fe5b57278c035be65ed0721a234c1a7f551ec66e27f,0.125,2.6,2.67,2.72,240.0,0.9,961.1,-0.5000000000000004,0.8660254037844384,-0.3893781415452015,0.9210779895789526
training,2025-12-07T00:00:00+00:00,2025-12-06T18:00:00+00:00,2025-12-08T22:00:00+00:00,2025-12-09T03:00:00+05:00,48,46.0,60e1e8ba89562db413a8ac842da1b06c8d5bde39162551e08bd5e832646366a5,0.125,2.6,2.66,2.72,220.0,0.3,960.6,-0.5000000000000004,0.8660254037844384,-0.3893781415452015,0.9210779895789526
training,2025-12-08T00:00:00+00:00,2025-12-07T18:00:00+00:00,2025-12-08T23:00:00+00:00,2025-12-09T04:00:00+05:00,24,23.0,6e6f82eca3a0013d4ef79fe5b57278c035be65ed0721a234c1a7f551ec66e27f,0.075,2.0,2.05,2.09,177.0,-0.1,960.2,-0.25881904510252157,0.9659258262890681,-0.3893781415452015,0.9210779895789526
training,2025-12-07T00:00:00+00:00,2025-12-06T18:00:00+00:00,2025-12-08T23:00:00+00:00,2025-12-09T04:00:00+05:00,48,47.0,60e1e8ba89562db413a8ac842da1b06c8d5bde39162551e08bd5e832646366a5,0.075,2.74,2.81,2.87,192.0,0.1,960.1,-0.25881904510252157,0.9659258262890681,-0.3893781415452015,0.9210779895789526
training,2025-12-08T00:00:00+00:00,2025-12-07T18:00:00+00:00,2025-12-09T00:00:00+00:00,2025-12-09T05:00:00+05:00,24,24.0,6e6f82eca3a0013d4ef79fe5b57278c035be65ed0721a234c1a7f551ec66e27f,0.024999999999999998,0.61,0.63,0.64,151.0,-1.0,959.8,0.0,1.0,-0.37347653741307074,0.9276396261490467
training,2025-12-07T00:00:00+00:00,2025-12-06T18:00:00+00:00,2025-12-09T00:00:00+00:00,2025-12-09T05:00:00+05:00,48,48.0,60e1e8ba89562db413a8ac842da1b06c8d5bde39162551e08bd5e832646366a5,0.024999999999999998,1.15,1.18,1.2,192.0,-0.7,959.6,0.0,1.0,-0.37347653741307074,0.9276396261490467
training,2025-12-08T00:00:00+00:00,2025-12-07T18:00:00+00:00,2025-12-09T01:00:00+00:00,2025-12-09T06:00:00+05:00,24,25.0,6e6f82eca3a0013d4ef79fe5b57278c035be65ed0721a234c1a7f551ec66e27f,0.011666666666666667,0.6,0.62,0.63,104.0,-1.7,959.6,0.25881904510252074,0.9659258262890683,-0.37347653741307074,0.9276396261490467
training,2025-12-07T00:00:00+00:00,2025-12-06T18:00:00+00:00,2025-12-09T01:00:00+00:00,2025-12-09T06:00:00+05:00,48,49.0,60e1e8ba89562db413a8ac842da1b06c8d5bde39162551e08bd5e832646366a5,0.011666666666666667,0.42,0.43,0.44,339.0,-1.5,959.5,0.25881904510252074,0.9659258262890683,-0.37347653741307074,0.9276396261490467
training,2025-12-08T00:00:00+00:00,2025-12-07T18:00:00+00:00,2025-12-09T02:00:00+00:00,2025-12-09T07:00:00+05:00,24,26.0,6e6f82eca3a0013d4ef79fe5b57278c035be65ed0721a234c1a7f551ec66e27f,0.01,2.27,2.33,2.37,65.0,-2.0,959.7,0.49999999999999994,0.8660254037844387,-0.37347653741307074,0.9276396261490467
training,2025-12-07T00:00:00+00:00,2025-12-06T18:00:00+00:00,2025-12-09T02:00:00+00:00,2025-12-09T07:00:00+05:00,48,50.0,60e1e8ba89562db413a8ac842da1b06c8d5bde39162551e08bd5e832646366a5,0.01,1.33,1.37,1.39,66.0,-1.4,959.5,0.49999999999999994,0.8660254037844387,-0.37347653741307074,0.9276396261490467
training,2025-12-08T06:00:00+00:00,2025-12-08T00:00:00+00:00,2025-12-09T03:00:00+00:00,2025-12-09T08:00:00+05:00,24,21.0,6c53512d74d0fcb7906ce9b638802abf9448b554707488013e4a3582d66b9b63,0.01,3.83,3.93,4.01,78.0,-2.1,959.5,0.7071067811865476,0.7071067811865476,-0.37347653741307074,0.9276396261490467
training,2025-12-07T06:00:00+00:00,2025-12-07T00:00:00+00:00,2025-12-09T03:00:00+00:00,2025-12-09T08:00:00+05:00,48,45.0,fdbbf1a56c014d05a9c2adaa824b2be1ba4523f1afe7cc817fbbd6d2ab083b32,0.01,3.64,3.73,3.81,72.0,-3.5,959.4,0.7071067811865476,0.7071067811865476,-0.37347653741307074,0.9276396261490467
training,2025-12-08T06:00:00+00:00,2025-12-08T00:00:00+00:00,2025-12-09T04:00:00+00:00,2025-12-09T09:00:00+05:00,24,22.0,6c53512d74d0fcb7906ce9b638802abf9448b554707488013e4a3582d66b9b63,0.155,5.63,5.78,5.9,74.0,0.2,959.5,0.8660254037844386,0.5000000000000001,-0.37347653741307074,0.9276396261490467
training,2025-12-07T06:00:00+00:00,2025-12-07T00:00:00+00:00,2025-12-09T04:00:00+00:00,2025-12-09T09:00:00+05:00,48,46.0,fdbbf1a56c014d05a9c2adaa824b2be1ba4523f1afe7cc817fbbd6d2ab083b32,0.155,5.73,5.88,6.0,64.0,-0.4,959.9,0.8660254037844386,0.5000000000000001,-0.37347653741307074,0.9276396261490467
training,2025-12-08T06:00:00+00:00,2025-12-08T00:00:00+00:00,2025-12-09T05:00:00+00:00,2025-12-09T10:00:00+05:00,24,23.0,6c53512d74d0fcb7906ce9b638802abf9448b554707488013e4a3582d66b9b63,0.7999999999999999,7.0,7.18,7.33,66.0,1.5,959.1,0.9659258262890683,0.25881904510252074,-0.37347653741307074,0.9276396261490467
training,2025-12-07T06:00:00+00:00,2025-12-07T00:00:00+00:00,2025-12-09T05:00:00+00:00,2025-12-09T10:00:00+05:00,48,47.0,fdbbf1a56c014d05a9c2adaa824b2be1ba4523f1afe7cc817fbbd6d2ab083b32,0.7999999999999999,7.37,7.57,7.72,61.0,1.3,959.3,0.9659258262890683,0.25881904510252074,-0.37347653741307074,0.9276396261490467
training,2025-12-08T06:00:00+00:00,2025-12-08T00:00:00+00:00,2025-12-09T06:00:00+00:00,2025-12-09T11:00:00+05:00,24,24.0,6c53512d74d0fcb7906ce9b638802abf9448b554707488013e4a3582d66b9b63,0.9083333333333333,7.95,8.16,8.32,60.0,2.5,958.6,1.0,6.123233995736766e-17,-0.37347653741307074,0.9276396261490467
training,2025-12-07T06:00:00+00:00,2025-12-07T00:00:00+00:00,2025-12-09T06:00:00+00:00,2025-12-09T11:00:00+05:00,48,48.0,fdbbf1a56c014d05a9c2adaa824b2be1ba4523f1afe7cc817fbbd6d2ab083b32,0.9083333333333333,8.84,9.07,9.26,57.0,2.6,958.3,1.0,6.123233995736766e-17,-0.37347653741307074,0.9276396261490467
training,2025-12-08T06:00:00+00:00,2025-12-08T00:00:00+00:00,2025-12-09T07:00:00+00:00,2025-12-09T12:00:00+05:00,24,25.0,6c53512d74d0fcb7906ce9b638802abf9448b554707488013e4a3582d66b9b63,0.9716666666666667,9.53,9.78,9.98,61.0,3.5,957.3,0.9659258262890683,-0.25881904510252063,-0.37347653741307074,0.9276396261490467
training,2025-12-07T06:00:00+00:00,2025-12-07T00:00:00+00:00,2025-12-09T07:00:00+00:00,2025-12-09T12:00:00+05:00,48,49.0,fdbbf1a56c014d05a9c2adaa824b2be1ba4523f1afe7cc817fbbd6d2ab083b32,0.9716666666666667,10.17,10.44,10.65,59.0,3.3,957.0,0.9659258262890683,-0.25881904510252063,-0.37347653741307074,0.9276396261490467
training,2025-12-08T06:00:00+00:00,2025-12-08T00:00:00+00:00,2025-12-09T08:00:00+00:00,2025-12-09T13:00:00+05:00,24,26.0,6c53512d74d0fcb7906ce9b638802abf9448b554707488013e4a3582d66b9b63,0.9700000000000001,9.89,10.15,10.36,63.0,3.8,956.7,0.8660254037844387,-0.4999999999999998,-0.37347653741307074,0.9276396261490467
training,2025-12-07T06:00:00+00:00,2025-12-07T00:00:00+00:00,2025-12-09T08:00:00+00:00,2025-12-09T13:00:00+05:00,48,50.0,fdbbf1a56c014d05a9c2adaa824b2be1ba4523f1afe7cc817fbbd6d2ab083b32,0.9700000000000001,9.39,9.64,9.84,57.0,3.3,956.4,0.8660254037844387,-0.4999999999999998,-0.37347653741307074,0.9276396261490467
training,2025-12-08T12:00:00+00:00,2025-12-08T06:00:00+00:00,2025-12-09T09:00:00+00:00,2025-12-09T14:00:00+05:00,24,21.0,d6b5ea905f0a638a8cab8ba7f67c36240703986b6780724af35c567d4abbd2a0,0.9633333333333333,9.45,9.69,9.89,66.0,3.8,956.3,0.7071067811865476,-0.7071067811865475,-0.37347653741307074,0.9276396261490467
training,2025-12-07T12:00:00+00:00,2025-12-07T06:00:00+00:00,2025-12-09T09:00:00+00:00,2025-12-09T14:00:00+05:00,48,45.0,64b5ff4232dcfe5e44bda298e8dfb0dc1421455a5534962d9a4de8d831f14089,0.9633333333333333,9.02,9.26,9.45,63.0,4.0,955.2,0.7071067811865476,-0.7071067811865475,-0.37347653741307074,0.9276396261490467
training,2025-12-08T12:00:00+00:00,2025-12-08T06:00:00+00:00,2025-12-09T10:00:00+00:00,2025-12-09T15:00:00+05:00,24,22.0,d6b5ea905f0a638a8cab8ba7f67c36240703986b6780724af35c567d4abbd2a0,0.9683333333333333,8.99,9.22,9.41,71.0,3.2,956.0,0.49999999999999994,-0.8660254037844387,-0.37347653741307074,0.9276396261490467
training,2025-12-07T12:00:00+00:00,2025-12-07T06:00:00+00:00,2025-12-09T10:00:00+00:00,2025-12-09T15:00:00+05:00,48,46.0,64b5ff4232dcfe5e44bda298e8dfb0dc1421455a5534962d9a4de8d831f14089,0.9683333333333333,8.19,8.4,8.58,67.0,3.5,954.7,0.49999999999999994,-0.8660254037844387,-0.37347653741307074,0.9276396261490467
training,2025-12-08T12:00:00+00:00,2025-12-08T06:00:00+00:00,2025-12-09T11:00:00+00:00,2025-12-09T16:00:00+05:00,24,23.0,d6b5ea905f0a638a8cab8ba7f67c36240703986b6780724af35c567d4abbd2a0,0.9533333333333333,8.31,8.53,8.71,74.0,2.2,955.2,0.258819045102521,-0.9659258262890682,-0.37347653741307074,0.9276396261490467
training,2025-12-07T12:00:00+00:00,2025-12-07T06:00:00+00:00,2025-12-09T11:00:00+00:00,2025-12-09T16:00:00+05:00,48,47.0,64b5ff4232dcfe5e44bda298e8dfb0dc1421455a5534962d9a4de8d831f14089,0.9533333333333333,7.35,7.54,7.7,70.0,2.2,954.2,0.258819045102521,-0.9659258262890682,-0.37347653741307074,0.9276396261490467
training,2025-12-08T12:00:00+00:00,2025-12-08T06:00:00+00:00,2025-12-09T12:00:00+00:00,2025-12-09T17:00:00+05:00,24,24.0,d6b5ea905f0a638a8cab8ba7f67c36240703986b6780724af35c567d4abbd2a0,0.9533333333333333,7.88,8.08,8.25,71.0,1.5,954.8,1.2246467991473532e-16,-1.0,-0.37347653741307074,0.9276396261490467
training,2025-12-07T12:00:00+00:00,2025-12-07T06:00:00+00:00,2025-12-09T12:00:00+00:00,2025-12-09T17:00:00+05:00,48,48.0,64b5ff4232dcfe5e44bda298e8dfb0dc1421455a5534962d9a4de8d831f14089,0.9533333333333333,5.4,5.54,5.66,68.0,0.7,954.2,1.2246467991473532e-16,-1.0,-0.37347653741307074,0.9276396261490467
training,2025-12-08T12:00:00+00:00,2025-12-08T06:00:00+00:00,2025-12-09T13:00:00+00:00,2025-12-09T18:00:00+05:00,24,25.0,d6b5ea905f0a638a8cab8ba7f67c36240703986b6780724af35c567d4abbd2a0,0.9,6.73,6.91,7.05,71.0,1.1,954.5,-0.2588190451025208,-0.9659258262890683,-0.37347653741307074,0.9276396261490467
training,2025-12-07T12:00:00+00:00,2025-12-07T06:00:00+00:00,2025-12-09T13:00:00+00:00,2025-12-09T18:00:00+05:00,48,49.0,64b5ff4232dcfe5e44bda298e8dfb0dc1421455a5534962d9a4de8d831f14089,0.9,1.34,1.37,1.4,80.0,0.1,955.0,-0.2588190451025208,-0.9659258262890683,-0.37347653741307074,0.9276396261490467
training,2025-12-08T12:00:00+00:00,2025-12-08T06:00:00+00:00,2025-12-09T14:00:00+00:00,2025-12-09T19:00:00+05:00,24,26.0,d6b5ea905f0a638a8cab8ba7f67c36240703986b6780724af35c567d4abbd2a0,0.9366666666666666,5.26,5.4,5.51,74.0,0.4,954.1,-0.4999999999999997,-0.8660254037844388,-0.37347653741307074,0.9276396261490467
training,2025-12-07T12:00:00+00:00,2025-12-07T06:00:00+00:00,2025-12-09T14:00:00+00:00,2025-12-09T19:00:00+05:00,48,50.0,64b5ff4232dcfe5e44bda298e8dfb0dc1421455a5534962d9a4de8d831f14089,0.9366666666666666,4.71,4.83,4.93,246.0,0.0,955.9,-0.4999999999999997,-0.8660254037844388,-0.37347653741307074,0.9276396261490467
training,2025-12-08T18:00:00+00:00,2025-12-08T12:00:00+00:00,2025-12-09T15:00:00+00:00,2025-12-09T20:00:00+05:00,24,21.0,9277164960a8b31953dfd39c7a82c340e70fe164bb348c82dde5b612b80820e0,0.8649999999999999,4.17,4.27,4.36,84.0,0.1,953.1,-0.7071067811865471,-0.7071067811865479,-0.37347653741307074,0.9276396261490467
training,2025-12-07T18:00:00+00:00,2025-12-07T12:00:00+00:00,2025-12-09T15:00:00+00:00,2025-12-09T20:00:00+05:00,48,45.0,4d4037adf0ae306aeb6f5284cbf6cf517de5d198fa6a3cfbabb57880ab11e7be,0.8649999999999999,4.11,4.21,4.3,228.0,0.2,954.5,-0.7071067811865471,-0.7071067811865479,-0.37347653741307074,0.9276396261490467
training,2025-12-08T18:00:00+00:00,2025-12-08T12:00:00+00:00,2025-12-09T16:00:00+00:00,2025-12-09T21:00:00+05:00,24,22.0,9277164960a8b31953dfd39c7a82c340e70fe164bb348c82dde5b612b80820e0,0.5466666666666666,2.92,3.0,3.06,91.0,0.0,952.7,-0.8660254037844385,-0.5000000000000004,-0.37347653741307074,0.9276396261490467
training,2025-12-07T18:00:00+00:00,2025-12-07T12:00:00+00:00,2025-12-09T16:00:00+00:00,2025-12-09T21:00:00+05:00,48,46.0,4d4037adf0ae306aeb6f5284cbf6cf517de5d198fa6a3cfbabb57880ab11e7be,0.5466666666666666,4.37,4.48,4.57,231.0,0.4,954.5,-0.8660254037844385,-0.5000000000000004,-0.37347653741307074,0.9276396261490467
training,2025-12-08T18:00:00+00:00,2025-12-08T12:00:00+00:00,2025-12-09T17:00:00+00:00,2025-12-09T22:00:00+05:00,24,23.0,9277164960a8b31953dfd39c7a82c340e70fe164bb348c82dde5b612b80820e0,0.145,1.43,1.47,1.5,100.0,-0.7,952.4,-0.9659258262890683,-0.25881904510252063,-0.37347653741307074,0.9276396261490467
training,2025-12-07T18:00:00+00:00,2025-12-07T12:00:00+00:00,2025-12-09T17:00:00+00:00,2025-12-09T22:00:00+05:00,48,47.0,4d4037adf0ae306aeb6f5284cbf6cf517de5d198fa6a3cfbabb57880ab11e7be,0.145,5.73,5.88,6.0,252.0,0.4,955.0,-0.9659258262890683,-0.25881904510252063,-0.37347653741307074,0.9276396261490467
training,2025-12-08T18:00:00+00:00,2025-12-08T12:00:00+00:00,2025-12-09T18:00:00+00:00,2025-12-09T23:00:00+05:00,24,24.0,9277164960a8b31953dfd39c7a82c340e70fe164bb348c82dde5b612b80820e0,0.04,1.61,1.65,1.68,256.0,-0.4,953.0,-1.0,-1.8369701987210297e-16,-0.37347653741307074,0.9276396261490467
training,2025-12-07T18:00:00+00:00,2025-12-07T12:00:00+00:00,2025-12-09T18:00:00+00:00,2025-12-09T23:00:00+05:00,48,48.0,4d4037adf0ae306aeb6f5284cbf6cf517de5d198fa6a3cfbabb57880ab11e7be,0.04,6.41,6.57,6.71,257.0,-0.1,955.7,-1.0,-1.8369701987210297e-16,-0.37347653741307074,0.9276396261490467
training,2025-12-08T18:00:00+00:00,2025-12-08T12:00:00+00:00,2025-12-09T19:00:00+00:00,2025-12-10T00:00:00+05:00,24,25.0,9277164960a8b31953dfd39c7a82c340e70fe164bb348c82dde5b612b80820e0,0.33166666666666667,7.47,7.66,7.82,263.0,0.3,954.3,-0.9659258262890684,0.2588190451025203,-0.37347653741307074,0.9276396261490467
training,2025-12-07T18:00:00+00:00,2025-12-07T12:00:00+00:00,2025-12-09T19:00:00+00:00,2025-12-10T00:00:00+05:00,48,49.0,4d4037adf0ae306aeb6f5284cbf6cf517de5d198fa6a3cfbabb57880ab11e7be,0.33166666666666667,7.64,7.84,8.01,251.0,-0.1,956.4,-0.9659258262890684,0.2588190451025203,-0.37347653741307074,0.9276396261490467
training,2025-12-08T18:00:00+00:00,2025-12-08T12:00:00+00:00,2025-12-09T20:00:00+00:00,2025-12-10T01:00:00+05:00,24,26.0,9277164960a8b31953dfd39c7a82c340e70fe164bb348c82dde5b612b80820e0,0.6516666666666667,7.49,7.69,7.85,256.0,0.4,955.1,-0.8660254037844386,0.5000000000000001,-0.37347653741307074,0.9276396261490467
training,2025-12-07T18:00:00+00:00,2025-12-07T12:00:00+00:00,2025-12-09T20:00:00+00:00,2025-12-10T01:00:00+05:00,48,50.0,4d4037adf0ae306aeb6f5284cbf6cf517de5d198fa6a3cfbabb57880ab11e7be,0.6516666666666667,10.28,10.55,10.77,256.0,0.2,956.7,-0.8660254037844386,0.5000000000000001,-0.37347653741307074,0.9276396261490467
training,2025-12-09T00:00:00+00:00,2025-12-08T18:00:00+00:00,2025-12-09T21:00:00+00:00,2025-12-10T02:00:00+05:00,24,21.0,4b864309c17a0fc37b1e3de642f2cc140653dcb2a45ddbff09e9fad6374fdbb3,0.7916666666666666,8.09,8.3,8.47,257.0,0.3,955.7,-0.7071067811865477,0.7071067811865474,-0.37347653741307074,0.9276396261490467
training,2025-12-08T00:00:00+00:00,2025-12-07T18:00:00+00:00,2025-12-09T21:00:00+00:00,2025-12-10T02:00:00+05:00,48,45.0,6e6f82eca3a0013d4ef79fe5b57278c035be65ed0721a234c1a7f551ec66e27f,0.7916666666666666,9.99,10.25,10.46,260.0,0.1,957.1,-0.7071067811865477,0.7071067811865474,-0.37347653741307074,0.9276396261490467
training,2025-12-09T00:00:00+00:00,2025-12-08T18:00:00+00:00,2025-12-09T22:00:00+00:00,2025-12-10T03:00:00+05:00,24,22.0,4b864309c17a0fc37b1e3de642f2cc140653dcb2a45ddbff09e9fad6374fdbb3,0.9433333333333334,9.97,10.23,10.44,258.0,0.2,956.1,-0.5000000000000004,0.8660254037844384,-0.37347653741307074,0.9276396261490467
training,2025-12-08T00:00:00+00:00,2025-12-07T18:00:00+00:00,2025-12-09T22:00:00+00:00,2025-12-10T03:00:00+05:00,48,46.0,6e6f82eca3a0013d4ef79fe5b57278c035be65ed0721a234c1a7f551ec66e27f,0.9433333333333334,13.68,14.04,14.33,262.0,-0.3,958.2,-0.5000000000000004,0.8660254037844384,-0.37347653741307074,0.9276396261490467
training,2025-12-09T00:00:00+00:00,2025-12-08T18:00:00+00:00,2025-12-09T23:00:00+00:00,2025-12-10T04:00:00+05:00,24,23.0,4b864309c17a0fc37b1e3de642f2cc140653dcb2a45ddbff09e9fad6374fdbb3,0.9783333333333334,12.5,12.83,13.09,259.0,-0.3,957.1,-0.25881904510252157,0.9659258262890681,-0.37347653741307074,0.9276396261490467
training,2025-12-08T00:00:00+00:00,2025-12-07T18:00:00+00:00,2025-12-09T23:00:00+00:00,2025-12-10T04:00:00+05:00,48,47.0,6e6f82eca3a0013d4ef79fe5b57278c035be65ed0721a234c1a7f551ec66e27f,0.9783333333333334,12.62,12.95,13.21,265.0,-1.1,959.5,-0.25881904510252157,0.9659258262890681,-0.37347653741307074,0.9276396261490467
training,2025-12-09T00:00:00+00:00,2025-12-08T18:00:00+00:00,2025-12-10T00:00:00+00:00,2025-12-10T05:00:00+05:00,24,24.0,4b864309c17a0fc37b1e3de642f2cc140653dcb2a45ddbff09e9fad6374fdbb3,0.975,12.08,12.4,12.65,261.0,-1.0,958.3,0.0,1.0,-0.3574644155648614,0.9339267592294762
training,2025-12-08T00:00:00+00:00,2025-12-07T18:00:00+00:00,2025-12-10T00:00:00+00:00,2025-12-10T05:00:00+05:00,48,48.0,6e6f82eca3a0013d4ef79fe5b57278c035be65ed0721a234c1a7f551ec66e27f,0.975,11.79,12.09,12.34,279.0,-1.9,960.5,0.0,1.0,-0.3574644155648614,0.9339267592294762
training,2025-12-09T00:00:00+00:00,2025-12-08T18:00:00+00:00,2025-12-10T01:00:00+00:00,2025-12-10T06:00:00+05:00,24,25.0,4b864309c17a0fc37b1e3de642f2cc140653dcb2a45ddbff09e9fad6374fdbb3,0.968,11.26,11.55,11.79,270.0,-1.3,959.3,0.25881904510252074,0.9659258262890683,-0.3574644155648614,0.9339267592294762
training,2025-12-08T00:00:00+00:00,2025-12-07T18:00:00+00:00,2025-12-10T01:00:00+00:00,2025-12-10T06:00:00+05:00,48,49.0,6e6f82eca3a0013d4ef79fe5b57278c035be65ed0721a234c1a7f551ec66e27f,0.968,11.65,11.95,12.2,279.0,-3.0,961.7,0.25881904510252074,0.9659258262890683,-0.3574644155648614,0.9339267592294762
training,2025-12-09T06:00:00+00:00,2025-12-09T00:00:00+00:00,2025-12-10T05:00:00+00:00,2025-12-10T10:00:00+05:00,24,23.0,f596838e701368a3613bb4d86a3f8f4c4bc0402a7ecc4941e8768c30a3d3235b,0.6416666666666667,10.43,10.7,10.92,269.0,-4.2,964.0,0.9659258262890683,0.25881904510252074,-0.3574644155648614,0.9339267592294762
training,2025-12-08T06:00:00+00:00,2025-12-08T00:00:00+00:00,2025-12-10T05:00:00+00:00,2025-12-10T10:00:00+05:00,48,47.0,6c53512d74d0fcb7906ce9b638802abf9448b554707488013e4a3582d66b9b63,0.6416666666666667,10.98,11.26,11.5,273.0,-4.1,964.8,0.9659258262890683,0.25881904510252074,-0.3574644155648614,0.9339267592294762
training,2025-12-09T06:00:00+00:00,2025-12-09T00:00:00+00:00,2025-12-10T06:00:00+00:00,2025-12-10T11:00:00+05:00,24,24.0,f596838e701368a3613bb4d86a3f8f4c4bc0402a7ecc4941e8768c30a3d3235b,0.93,10.21,10.47,10.69,274.0,-4.7,964.5,1.0,6.123233995736766e-17,-0.3574644155648614,0.9339267592294762
training,2025-12-08T06:00:00+00:00,2025-12-08T00:00:00+00:00,2025-12-10T06:00:00+00:00,2025-12-10T11:00:00+05:00,48,48.0,6c53512d74d0fcb7906ce9b638802abf9448b554707488013e4a3582d66b9b63,0.93,10.71,10.99,11.22,277.0,-4.8,965.3,1.0,6.123233995736766e-17,-0.3574644155648614,0.9339267592294762
training,2025-12-09T06:00:00+00:00,2025-12-09T00:00:00+00:00,2025-12-10T07:00:00+00:00,2025-12-10T12:00:00+05:00,24,25.0,f596838e701368a3613bb4d86a3f8f4c4bc0402a7ecc4941e8768c30a3d3235b,0.9466666666666667,10.08,10.34,10.56,275.0,-5.1,964.5,0.9659258262890683,-0.25881904510252063,-0.3574644155648614,0.9339267592294762
training,2025-12-08T06:00:00+00:00,2025-12-08T00:00:00+00:00,2025-12-10T07:00:00+00:00,2025-12-10T12:00:00+05:00,48,49.0,6c53512d74d0fcb7906ce9b638802abf9448b554707488013e4a3582d66b9b63,0.9466666666666667,10.89,11.17,11.4,281.0,-5.2,965.6,0.9659258262890683,-0.25881904510252063,-0.3574644155648614,0.9339267592294762
training,2025-12-09T06:00:00+00:00,2025-12-09T00:00:00+00:00,2025-12-10T08:00:00+00:00,2025-12-10T13:00:00+05:00,24,26.0,f596838e701368a3613bb4d86a3f8f4c4bc0402a7ecc4941e8768c30a3d3235b,0.9466666666666667,10.23,10.5,10.71,280.0,-5.3,965.1,0.8660254037844387,-0.4999999999999998,-0.3574644155648614,0.9339267592294762
training,2025-12-08T06:00:00+00:00,2025-12-08T00:00:00+00:00,2025-12-10T08:00:00+00:00,2025-12-10T13:00:00+05:00,48,50.0,6c53512d74d0fcb7906ce9b638802abf9448b554707488013e4a3582d66b9b63,0.9466666666666667,10.45,10.72,10.94,285.0,-5.3,966.4,0.8660254037844387,-0.4999999999999998,-0.3574644155648614,0.9339267592294762
training,2025-12-09T12:00:00+00:00,2025-12-09T06:00:00+00:00,2025-12-10T09:00:00+00:00,2025-12-10T14:00:00+05:00,24,21.0,f7e0639d5216d5cd63e46489f87ecd2520525997a63d3d583a0a92f80be15962,0.9616666666666666,10.41,10.68,10.9,281.0,-4.7,965.5,0.7071067811865476,-0.7071067811865475,-0.3574644155648614,0.9339267592294762
training,2025-12-08T12:00:00+00:00,2025-12-08T06:00:00+00:00,2025-12-10T09:00:00+00:00,2025-12-10T14:00:00+05:00,48,45.0,d6b5ea905f0a638a8cab8ba7f67c36240703986b6780724af35c567d4abbd2a0,0.9616666666666666,10.5,10.77,10.99,283.0,-5.0,965.9,0.7071067811865476,-0.7071067811865475,-0.3574644155648614,0.9339267592294762
training,2025-12-09T12:00:00+00:00,2025-12-09T06:00:00+00:00,2025-12-10T10:00:00+00:00,2025-12-10T15:00:00+05:00,24,22.0,f7e0639d5216d5cd63e46489f87ecd2520525997a63d3d583a0a92f80be15962,0.9700000000000001,11.06,11.35,11.59,279.0,-5.1,966.7,0.49999999999999994,-0.8660254037844387,-0.3574644155648614,0.9339267592294762
training,2025-12-08T12:00:00+00:00,2025-12-08T06:00:00+00:00,2025-12-10T10:00:00+00:00,2025-12-10T15:00:00+05:00,48,46.0,d6b5ea905f0a638a8cab8ba7f67c36240703986b6780724af35c567d4abbd2a0,0.9700000000000001,9.88,10.14,10.35,284.0,-5.2,967.3,0.49999999999999994,-0.8660254037844387,-0.3574644155648614,0.9339267592294762
training,2025-12-09T12:00:00+00:00,2025-12-09T06:00:00+00:00,2025-12-10T11:00:00+00:00,2025-12-10T16:00:00+05:00,24,23.0,f7e0639d5216d5cd63e46489f87ecd2520525997a63d3d583a0a92f80be15962,0.9733333333333333,11.86,12.17,12.42,286.0,-6.0,968.4,0.258819045102521,-0.9659258262890682,-0.3574644155648614,0.9339267592294762
training,2025-12-08T12:00:00+00:00,2025-12-08T06:00:00+00:00,2025-12-10T11:00:00+00:00,2025-12-10T16:00:00+05:00,48,47.0,d6b5ea905f0a638a8cab8ba7f67c36240703986b6780724af35c567d4abbd2a0,0.9733333333333333,10.36,10.63,10.85,286.0,-5.7,968.5,0.258819045102521,-0.9659258262890682,-0.3574644155648614,0.9339267592294762
training,2025-12-09T12:00:00+00:00,2025-12-09T06:00:00+00:00,2025-12-10T12:00:00+00:00,2025-12-10T17:00:00+05:00,24,24.0,f7e0639d5216d5cd63e46489f87ecd2520525997a63d3d583a0a92f80be15962,0.9733333333333333,13.29,13.63,13.91,281.0,-6.9,970.3,1.2246467991473532e-16,-1.0,-0.3574644155648614,0.9339267592294762
training,2025-12-08T12:00:00+00:00,2025-12-08T06:00:00+00:00,2025-12-10T12:00:00+00:00,2025-12-10T17:00:00+05:00,48,48.0,d6b5ea905f0a638a8cab8ba7f67c36240703986b6780724af35c567d4abbd2a0,0.9733333333333333,11.33,11.62,11.86,292.0,-6.5,970.2,1.2246467991473532e-16,-1.0,-0.3574644155648614,0.9339267592294762
training,2025-12-09T12:00:00+00:00,2025-12-09T06:00:00+00:00,2025-12-10T13:00:00+00:00,2025-12-10T18:00:00+05:00,24,25.0,f7e0639d5216d5cd63e46489f87ecd2520525997a63d3d583a0a92f80be15962,0.9550000000000001,13.36,13.71,13.99,272.0,-7.7,972.1,-0.2588190451025208,-0.9659258262890683,-0.3574644155648614,0.9339267592294762
training,2025-12-08T12:00:00+00:00,2025-12-08T06:00:00+00:00,2025-12-10T13:00:00+00:00,2025-12-10T18:00:00+05:00,48,49.0,d6b5ea905f0a638a8cab8ba7f67c36240703986b6780724af35c567d4abbd2a0,0.9550000000000001,13.01,13.34,13.62,286.0,-7.1,971.8,-0.2588190451025208,-0.9659258262890683,-0.3574644155648614,0.9339267592294762
training,2025-12-09T12:00:00+00:00,2025-12-09T06:00:00+00:00,2025-12-10T14:00:00+00:00,2025-12-10T19:00:00+05:00,24,26.0,f7e0639d5216d5cd63e46489f87ecd2520525997a63d3d583a0a92f80be15962,0.98,12.05,12.36,12.61,268.0,-8.5,973.5,-0.4999999999999997,-0.8660254037844388,-0.3574644155648614,0.9339267592294762
training,2025-12-08T12:00:00+00:00,2025-12-08T06:00:00+00:00,2025-12-10T14:00:00+00:00,2025-12-10T19:00:00+05:00,48,50.0,d6b5ea905f0a638a8cab8ba7f67c36240703986b6780724af35c567d4abbd2a0,0.98,12.78,13.11,13.38,279.0,-7.8,973.2,-0.4999999999999997,-0.8660254037844388,-0.3574644155648614,0.9339267592294762
training,2025-12-09T18:00:00+00:00,2025-12-09T12:00:00+00:00,2025-12-10T15:00:00+00:00,2025-12-10T20:00:00+05:00,24,21.0,14960dbe5bbef6c28dafe522bdf66047bb13a71b26960a321e1b0c15a59d6e57,0.98,11.89,12.2,12.45,265.0,-9.6,974.4,-0.7071067811865471,-0.7071067811865479,-0.3574644155648614,0.9339267592294762
training,2025-12-08T18:00:00+00:00,2025-12-08T12:00:00+00:00,2025-12-10T15:00:00+00:00,2025-12-10T20:00:00+05:00,48,45.0,9277164960a8b31953dfd39c7a82c340e70fe164bb348c82dde5b612b80820e0,0.98,11.16,11.45,11.69,269.0,-9.6,974.4,-0.7071067811865471,-0.7071067811865479,-0.3574644155648614,0.9339267592294762
training,2025-12-09T18:00:00+00:00,2025-12-09T12:00:00+00:00,2025-12-10T16:00:00+00:00,2025-12-10T21:00:00+05:00,24,22.0,14960dbe5bbef6c28dafe522bdf66047bb13a71b26960a321e1b0c15a59d6e57,0.98,10.66,10.94,11.17,261.0,-10.5,975.3,-0.8660254037844385,-0.5000000000000004,-0.3574644155648614,0.9339267592294762
training,2025-12-08T18:00:00+00:00,2025-12-08T12:00:00+00:00,2025-12-10T16:00:00+00:00,2025-12-10T21:00:00+05:00,48,46.0,9277164960a8b31953dfd39c7a82c340e70fe164bb348c82dde5b612b80820e0,0.98,10.1,10.36,10.57,260.0,-10.2,975.0,-0.8660254037844385,-0.5000000000000004,-0.3574644155648614,0.9339267592294762
training,2025-12-09T18:00:00+00:00,2025-12-09T12:00:00+00:00,2025-12-10T17:00:00+00:00,2025-12-10T22:00:00+05:00,24,23.0,14960dbe5bbef6c28dafe522bdf66047bb13a71b26960a321e1b0c15a59d6e57,0.98,9.0,9.23,9.42,255.0,-11.2,975.8,-0.9659258262890683,-0.25881904510252063,-0.3574644155648614,0.9339267592294762
training,2025-12-08T18:00:00+00:00,2025-12-08T12:00:00+00:00,2025-12-10T17:00:00+00:00,2025-12-10T22:00:00+05:00,48,47.0,9277164960a8b31953dfd39c7a82c340e70fe164bb348c82dde5b612b80820e0,0.98,8.9,9.13,9.32,248.0,-10.8,975.2,-0.9659258262890683,-0.25881904510252063,-0.3574644155648614,0.9339267592294762
training,2025-12-09T18:00:00+00:00,2025-12-09T12:00:00+00:00,2025-12-10T18:00:00+00:00,2025-12-10T23:00:00+05:00,24,24.0,14960dbe5bbef6c28dafe522bdf66047bb13a71b26960a321e1b0c15a59d6e57,0.9700000000000001,8.75,8.98,9.17,247.0,-12.1,975.8,-1.0,-1.8369701987210297e-16,-0.3574644155648614,0.9339267592294762
training,2025-12-08T18:00:00+00:00,2025-12-08T12:00:00+00:00,2025-12-10T18:00:00+00:00,2025-12-10T23:00:00+05:00,48,48.0,9277164960a8b31953dfd39c7a82c340e70fe164bb348c82dde5b612b80820e0,0.9700000000000001,7.76,7.96,8.12,233.0,-11.1,975.2,-1.0,-1.8369701987210297e-16,-0.3574644155648614,0.9339267592294762
training,2025-12-09T18:00:00+00:00,2025-12-09T12:00:00+00:00,2025-12-10T19:00:00+00:00,2025-12-11T00:00:00+05:00,24,25.0,14960dbe5bbef6c28dafe522bdf66047bb13a71b26960a321e1b0c15a59d6e57,0.9433333333333334,7.98,8.19,8.36,234.0,-12.8,975.8,-0.9659258262890684,0.2588190451025203,-0.3574644155648614,0.9339267592294762
training,2025-12-08T18:00:00+00:00,2025-12-08T12:00:00+00:00,2025-12-10T19:00:00+00:00,2025-12-11T00:00:00+05:00,48,49.0,9277164960a8b31953dfd39c7a82c340e70fe164bb348c82dde5b612b80820e0,0.9433333333333334,7.08,7.26,7.41,229.0,-10.9,975.3,-0.9659258262890684,0.2588190451025203,-0.3574644155648614,0.9339267592294762
training,2025-12-09T18:00:00+00:00,2025-12-09T12:00:00+00:00,2025-12-10T20:00:00+00:00,2025-12-11T01:00:00+05:00,24,26.0,14960dbe5bbef6c28dafe522bdf66047bb13a71b26960a321e1b0c15a59d6e57,0.48833333333333334,8.21,8.43,8.6,222.0,-12.1,975.4,-0.8660254037844386,0.5000000000000001,-0.3574644155648614,0.9339267592294762
training,2025-12-08T18:00:00+00:00,2025-12-08T12:00:00+00:00,2025-12-10T20:00:00+00:00,2025-12-11T01:00:00+05:00,48,50.0,9277164960a8b31953dfd39c7a82c340e70fe164bb348c82dde5b612b80820e0,0.48833333333333334,7.51,7.71,7.87,224.0,-11.1,975.3,-0.8660254037844386,0.5000000000000001,-0.3574644155648614,0.9339267592294762
training,2025-12-10T00:00:00+00:00,2025-12-09T18:00:00+00:00,2025-12-10T21:00:00+00:00,2025-12-11T02:00:00+05:00,24,21.0,48be01db0e9264e482e1afdb7aaaff4b7f8b0b7e092f158043478cc663837bf4,0.35333333333333333,6.58,6.75,6.89,225.0,-10.6,973.9,-0.7071067811865477,0.7071067811865474,-0.3574644155648614,0.9339267592294762
training,2025-12-09T00:00:00+00:00,2025-12-08T18:00:00+00:00,2025-12-10T21:00:00+00:00,2025-12-11T02:00:00+05:00,48,45.0,4b864309c17a0fc37b1e3de642f2cc140653dcb2a45ddbff09e9fad6374fdbb3,0.35333333333333333,7.63,7.82,7.99,219.0,-11.1,974.9,-0.7071067811865477,0.7071067811865474,-0.3574644155648614,0.9339267592294762
training,2025-12-10T00:00:00+00:00,2025-12-09T18:00:00+00:00,2025-12-10T22:00:00+00:00,2025-12-11T03:00:00+05:00,24,22.0,48be01db0e9264e482e1afdb7aaaff4b7f8b0b7e092f158043478cc663837bf4,0.08833333333333333,6.03,6.18,6.31,219.0,-10.0,973.3,-0.5000000000000004,0.8660254037844384,-0.3574644155648614,0.9339267592294762
training,2025-12-09T00:00:00+00:00,2025-12-08T18:00:00+00:00,2025-12-10T22:00:00+00:00,2025-12-11T03:00:00+05:00,48,46.0,4b864309c17a0fc37b1e3de642f2cc140653dcb2a45ddbff09e9fad6374fdbb3,0.08833333333333333,7.22,7.41,7.56,215.0,-10.5,974.2,-0.5000000000000004,0.8660254037844384,-0.3574644155648614,0.9339267592294762
training,2025-12-10T00:00:00+00:00,2025-12-09T18:00:00+00:00,2025-12-10T23:00:00+00:00,2025-12-11T04:00:00+05:00,24,23.0,48be01db0e9264e482e1afdb7aaaff4b7f8b0b7e092f158043478cc663837bf4,0.005,4.86,4.99,5.09,218.0,-9.6,973.0,-0.25881904510252157,0.9659258262890681,-0.3574644155648614,0.9339267592294762
training,2025-12-09T00:00:00+00:00,2025-12-08T18:00:00+00:00,2025-12-10T23:00:00+00:00,2025-12-11T04:00:00+05:00,48,47.0,4b864309c17a0fc37b1e3de642f2cc140653dcb2a45ddbff09e9fad6374fdbb3,0.005,6.27,6.43,6.56,210.0,-10.3,973.6,-0.25881904510252157,0.9659258262890681,-0.3574644155648614,0.9339267592294762
training,2025-12-10T00:00:00+00:00,2025-12-09T18:00:00+00:00,2025-12-11T00:00:00+00:00,2025-12-11T05:00:00+05:00,24,24.0,48be01db0e9264e482e1afdb7aaaff4b7f8b0b7e092f158043478cc663837bf4,0.008333333333333333,3.16,3.24,3.31,218.0,-9.8,973.2,0.0,1.0,-0.34134651424503615,0.9399375283564133
training,2025-12-09T00:00:00+00:00,2025-12-08T18:00:00+00:00,2025-12-11T00:00:00+00:00,2025-12-11T05:00:00+05:00,48,48.0,4b864309c17a0fc37b1e3de642f2cc140653dcb2a45ddbff09e9fad6374fdbb3,0.008333333333333333,4.49,4.61,4.71,204.0,-11.0,973.4,0.0,1.0,-0.34134651424503615,0.9399375283564133
training,2025-12-10T00:00:00+00:00,2025-12-09T18:00:00+00:00,2025-12-11T01:00:00+00:00,2025-12-11T06:00:00+05:00,24,25.0,48be01db0e9264e482e1afdb7aaaff4b7f8b0b7e092f158043478cc663837bf4,0.034999999999999996,1.24,1.27,1.3,191.0,-10.0,973.2,0.25881904510252074,0.9659258262890683,-0.34134651424503615,0.9399375283564133
training,2025-12-09T00:00:00+00:00,2025-12-08T18:00:00+00:00,2025-12-11T01:00:00+00:00,2025-12-11T06:00:00+05:00,48,49.0,4b864309c17a0fc37b1e3de642f2cc140653dcb2a45ddbff09e9fad6374fdbb3,0.034999999999999996,1.82,1.87,1.91,196.0,-13.2,973.0,0.25881904510252074,0.9659258262890683,-0.34134651424503615,0.9399375283564133
training,2025-12-10T00:00:00+00:00,2025-12-09T18:00:00+00:00,2025-12-11T02:00:00+00:00,2025-12-11T07:00:00+05:00,24,26.0,48be01db0e9264e482e1afdb7aaaff4b7f8b0b7e092f158043478cc663837bf4,0.01,3.19,3.27,3.34,67.0,-11.6,972.9,0.49999999999999994,0.8660254037844387,-0.34134651424503615,0.9399375283564133
training,2025-12-09T00:00:00+00:00,2025-12-08T18:00:00+00:00,2025-12-11T02:00:00+00:00,2025-12-11T07:00:00+05:00,48,50.0,4b864309c17a0fc37b1e3de642f2cc140653dcb2a45ddbff09e9fad6374fdbb3,0.01,3.12,3.2,3.27,56.0,-13.9,973.4,0.49999999999999994,0.8660254037844387,-0.34134651424503615,0.9399375283564133
training,2025-12-10T06:00:00+00:00,2025-12-10T00:00:00+00:00,2025-12-11T03:00:00+00:00,2025-12-11T08:00:00+05:00,24,21.0,8713563c1e4a9e1a7a2af51f426017cd2959f1407861021ef2f1f8b4a4398d0d,0.3283333333333333,8.16,8.37,8.54,65.0,-12.3,974.6,0.7071067811865476,0.7071067811865476,-0.34134651424503615,0.9399375283564133
training,2025-12-09T06:00:00+00:00,2025-12-09T00:00:00+00:00,2025-12-11T03:00:00+00:00,2025-12-11T08:00:00+05:00,48,45.0,f596838e701368a3613bb4d86a3f8f4c4bc0402a7ecc4941e8768c30a3d3235b,0.3283333333333333,7.97,8.17,8.34,67.0,-11.9,975.6,0.7071067811865476,0.7071067811865476,-0.34134651424503615,0.9399375283564133
training,2025-12-10T06:00:00+00:00,2025-12-10T00:00:00+00:00,2025-12-11T04:00:00+00:00,2025-12-11T09:00:00+05:00,24,22.0,8713563c1e4a9e1a7a2af51f426017cd2959f1407861021ef2f1f8b4a4398d0d,0.98,8.9,9.13,9.32,65.0,-10.5,974.6,0.8660254037844386,0.5000000000000001,-0.34134651424503615,0.9399375283564133
training,2025-12-09T06:00:00+00:00,2025-12-09T00:00:00+00:00,2025-12-11T04:00:00+00:00,2025-12-11T09:00:00+05:00,48,46.0,f596838e701368a3613bb4d86a3f8f4c4bc0402a7ecc4941e8768c30a3d3235b,0.98,8.87,9.1,9.29,64.0,-10.9,975.7,0.8660254037844386,0.5000000000000001,-0.34134651424503615,0.9399375283564133
training,2025-12-10T06:00:00+00:00,2025-12-10T00:00:00+00:00,2025-12-11T05:00:00+00:00,2025-12-11T10:00:00+05:00,24,23.0,8713563c1e4a9e1a7a2af51f426017cd2959f1407861021ef2f1f8b4a4398d0d,0.9,10.27,10.54,10.75,62.0,-8.4,974.0,0.9659258262890683,0.25881904510252074,-0.34134651424503615,0.9399375283564133
training,2025-12-09T06:00:00+00:00,2025-12-09T00:00:00+00:00,2025-12-11T05:00:00+00:00,2025-12-11T10:00:00+05:00,48,47.0,f596838e701368a3613bb4d86a3f8f4c4bc0402a7ecc4941e8768c30a3d3235b,0.9,9.55,9.8,10.0,61.0,-9.1,974.9,0.9659258262890683,0.25881904510252074,-0.34134651424503615,0.9399375283564133
training,2025-12-10T06:00:00+00:00,2025-12-10T00:00:00+00:00,2025-12-11T06:00:00+00:00,2025-12-11T11:00:00+05:00,24,24.0,8713563c1e4a9e1a7a2af51f426017cd2959f1407861021ef2f1f8b4a4398d0d,0.30666666666666664,11.86,12.16,12.42,63.0,-7.0,973.0,1.0,6.123233995736766e-17,-0.34134651424503615,0.9399375283564133
training,2025-12-09T06:00:00+00:00,2025-12-09T00:00:00+00:00,2025-12-11T06:00:00+00:00,2025-12-11T11:00:00+05:00,48,48.0,f596838e701368a3613bb4d86a3f8f4c4bc0402a7ecc4941e8768c30a3d3235b,0.30666666666666664,10.6,10.87,11.1,61.0,-7.6,974.1,1.0,6.123233995736766e-17,-0.34134651424503615,0.9399375283564133
training,2025-12-10T06:00:00+00:00,2025-12-10T00:00:00+00:00,2025-12-11T07:00:00+00:00,2025-12-11T12:00:00+05:00,24,25.0,8713563c1e4a9e1a7a2af51f426017cd2959f1407861021ef2f1f8b4a4398d0d,0.9783333333333334,12.44,12.76,13.03,66.0,-5.7,972.0,0.9659258262890683,-0.25881904510252063,-0.34134651424503615,0.9399375283564133
training,2025-12-09T06:00:00+00:00,2025-12-09T00:00:00+00:00,2025-12-11T07:00:00+00:00,2025-12-11T12:00:00+05:00,48,49.0,f596838e701368a3613bb4d86a3f8f4c4bc0402a7ecc4941e8768c30a3d3235b,0.9783333333333334,11.08,11.37,11.6,66.0,-6.2,973.0,0.9659258262890683,-0.25881904510252063,-0.34134651424503615,0.9399375283564133
training,2025-12-10T06:00:00+00:00,2025-12-10T00:00:00+00:00,2025-12-11T08:00:00+00:00,2025-12-11T13:00:00+05:00,24,26.0,8713563c1e4a9e1a7a2af51f426017cd2959f1407861021ef2f1f8b4a4398d0d,0.975,12.19,12.51,12.77,74.0,-5.4,971.3,0.8660254037844387,-0.4999999999999998,-0.34134651424503615,0.9399375283564133
training,2025-12-09T06:00:00+00:00,2025-12-09T00:00:00+00:00,2025-12-11T08:00:00+00:00,2025-12-11T13:00:00+05:00,48,50.0,f596838e701368a3613bb4d86a3f8f4c4bc0402a7ecc4941e8768c30a3d3235b,0.975,10.65,10.93,11.16,70.0,-5.8,971.9,0.8660254037844387,-0.4999999999999998,-0.34134651424503615,0.9399375283564133
training,2025-12-10T12:00:00+00:00,2025-12-10T06:00:00+00:00,2025-12-11T09:00:00+00:00,2025-12-11T14:00:00+05:00,24,21.0,a307a71558868a5ffd06aca8b8d1e21d44105567fc46d715386c6e877818a9de,0.22,11.93,12.24,12.49,81.0,-5.2,970.4,0.7071067811865476,-0.7071067811865475,-0.34134651424503615,0.9399375283564133
training,2025-12-09T12:00:00+00:00,2025-12-09T06:00:00+00:00,2025-12-11T09:00:00+00:00,2025-12-11T14:00:00+05:00,48,45.0,f7e0639d5216d5cd63e46489f87ecd2520525997a63d3d583a0a92f80be15962,0.22,11.2,11.49,11.73,78.0,-5.3,970.6,0.7071067811865476,-0.7071067811865475,-0.34134651424503615,0.9399375283564133
training,2025-12-10T12:00:00+00:00,2025-12-10T06:00:00+00:00,2025-12-11T11:00:00+00:00,2025-12-11T16:00:00+05:00,24,23.0,a307a71558868a5ffd06aca8b8d1e21d44105567fc46d715386c6e877818a9de,0.3675,11.51,11.81,12.05,84.0,-6.5,969.3,0.258819045102521,-0.9659258262890682,-0.34134651424503615,0.9399375283564133
training,2025-12-09T12:00:00+00:00,2025-12-09T06:00:00+00:00,2025-12-11T11:00:00+00:00,2025-12-11T16:00:00+05:00,48,47.0,f7e0639d5216d5cd63e46489f87ecd2520525997a63d3d583a0a92f80be15962,0.3675,11.83,12.14,12.39,81.0,-6.8,969.1,0.258819045102521,-0.9659258262890682,-0.34134651424503615,0.9399375283564133
training,2025-12-10T12:00:00+00:00,2025-12-10T06:00:00+00:00,2025-12-11T12:00:00+00:00,2025-12-11T17:00:00+05:00,24,24.0,a307a71558868a5ffd06aca8b8d1e21d44105567fc46d715386c6e877818a9de,0.98,11.62,11.92,12.17,84.0,-7.0,968.7,1.2246467991473532e-16,-1.0,-0.34134651424503615,0.9399375283564133
training,2025-12-09T12:00:00+00:00,2025-12-09T06:00:00+00:00,2025-12-11T12:00:00+00:00,2025-12-11T17:00:00+05:00,48,48.0,f7e0639d5216d5cd63e46489f87ecd2520525997a63d3d583a0a92f80be15962,0.98,12.15,12.47,12.72,82.0,-7.5,968.7,1.2246467991473532e-16,-1.0,-0.34134651424503615,0.9399375283564133
training,2025-12-10T12:00:00+00:00,2025-12-10T06:00:00+00:00,2025-12-11T13:00:00+00:00,2025-12-11T18:00:00+05:00,24,25.0,a307a71558868a5ffd06aca8b8d1e21d44105567fc46d715386c6e877818a9de,0.9733333333333333,11.46,11.75,12.0,82.0,-7.4,967.8,-0.2588190451025208,-0.9659258262890683,-0.34134651424503615,0.9399375283564133
training,2025-12-09T12:00:00+00:00,2025-12-09T06:00:00+00:00,2025-12-11T13:00:00+00:00,2025-12-11T18:00:00+05:00,48,49.0,f7e0639d5216d5cd63e46489f87ecd2520525997a63d3d583a0a92f80be15962,0.9733333333333333,12.27,12.59,12.85,82.0,-7.7,968.1,-0.2588190451025208,-0.9659258262890683,-0.34134651424503615,0.9399375283564133
training,2025-12-10T12:00:00+00:00,2025-12-10T06:00:00+00:00,2025-12-11T14:00:00+00:00,2025-12-11T19:00:00+05:00,24,26.0,a307a71558868a5ffd06aca8b8d1e21d44105567fc46d715386c6e877818a9de,0.975,11.52,11.82,12.06,78.0,-7.5,967.1,-0.4999999999999997,-0.8660254037844388,-0.34134651424503615,0.9399375283564133
training,2025-12-09T12:00:00+00:00,2025-12-09T06:00:00+00:00,2025-12-11T14:00:00+00:00,2025-12-11T19:00:00+05:00,48,50.0,f7e0639d5216d5cd63e46489f87ecd2520525997a63d3d583a0a92f80be15962,0.975,11.93,12.24,12.49,81.0,-7.8,967.4,-0.4999999999999997,-0.8660254037844388,-0.34134651424503615,0.9399375283564133
training,2025-12-10T18:00:00+00:00,2025-12-10T12:00:00+00:00,2025-12-11T15:00:00+00:00,2025-12-11T20:00:00+05:00,24,21.0,20460a9d7647e21f0c5a35e95492b24e98fd66e8801f53304f8f50fc46166bf7,0.9766666666666666,11.3,11.6,11.84,77.0,-7.4,966.1,-0.7071067811865471,-0.7071067811865479,-0.34134651424503615,0.9399375283564133
training,2025-12-09T18:00:00+00:00,2025-12-09T12:00:00+00:00,2025-12-11T15:00:00+00:00,2025-12-11T20:00:00+05:00,48,45.0,14960dbe5bbef6c28dafe522bdf66047bb13a71b26960a321e1b0c15a59d6e57,0.9766666666666666,11.62,11.93,12.17,78.0,-7.6,967.0,-0.7071067811865471,-0.7071067811865479,-0.34134651424503615,0.9399375283564133
training,2025-12-10T18:00:00+00:00,2025-12-10T12:00:00+00:00,2025-12-11T16:00:00+00:00,2025-12-11T21:00:00+05:00,24,22.0,20460a9d7647e21f0c5a35e95492b24e98fd66e8801f53304f8f50fc46166bf7,0.98,11.34,11.63,11.87,77.0,-7.7,965.2,-0.8660254037844385,-0.5000000000000004,-0.34134651424503615,0.9399375283564133
training,2025-12-09T18:00:00+00:00,2025-12-09T12:00:00+00:00,2025-12-11T16:00:00+00:00,2025-12-11T21:00:00+05:00,48,46.0,14960dbe5bbef6c28dafe522bdf66047bb13a71b26960a321e1b0c15a59d6e57,0.98,11.66,11.96,12.21,77.0,-8.0,966.0,-0.8660254037844385,-0.5000000000000004,-0.34134651424503615,0.9399375283564133
training,2025-12-10T18:00:00+00:00,2025-12-10T12:00:00+00:00,2025-12-11T17:00:00+00:00,2025-12-11T22:00:00+05:00,24,23.0,20460a9d7647e21f0c5a35e95492b24e98fd66e8801f53304f8f50fc46166bf7,0.9783333333333334,10.98,11.27,11.5,77.0,-7.9,964.0,-0.9659258262890683,-0.25881904510252063,-0.34134651424503615,0.9399375283564133
training,2025-12-09T18:00:00+00:00,2025-12-09T12:00:00+00:00,2025-12-11T17:00:00+00:00,2025-12-11T22:00:00+05:00,48,47.0,14960dbe5bbef6c28dafe522bdf66047bb13a71b26960a321e1b0c15a59d6e57,0.9783333333333334,11.72,12.02,12.27,79.0,-8.0,964.9,-0.9659258262890683,-0.25881904510252063,-0.34134651424503615,0.9399375283564133
training,2025-12-10T18:00:00+00:00,2025-12-10T12:00:00+00:00,2025-12-11T18:00:00+00:00,2025-12-11T23:00:00+05:00,24,24.0,20460a9d7647e21f0c5a35e95492b24e98fd66e8801f53304f8f50fc46166bf7,0.98,11.02,11.3,11.54,77.0,-8.1,962.7,-1.0,-1.8369701987210297e-16,-0.34134651424503615,0.9399375283564133
training,2025-12-09T18:00:00+00:00,2025-12-09T12:00:00+00:00,2025-12-11T18:00:00+00:00,2025-12-11T23:00:00+05:00,48,48.0,14960dbe5bbef6c28dafe522bdf66047bb13a71b26960a321e1b0c15a59d6e57,0.98,11.45,11.75,11.99,78.0,-8.1,963.6,-1.0,-1.8369701987210297e-16,-0.34134651424503615,0.9399375283564133
training,2025-12-10T18:00:00+00:00,2025-12-10T12:00:00+00:00,2025-12-11T19:00:00+00:00,2025-12-12T00:00:00+05:00,24,25.0,20460a9d7647e21f0c5a35e95492b24e98fd66e8801f53304f8f50fc46166bf7,0.98,11.1,11.39,11.62,76.0,-7.7,961.7,-0.9659258262890684,0.2588190451025203,-0.34134651424503615,0.9399375283564133
training,2025-12-09T18:00:00+00:00,2025-12-09T12:00:00+00:00,2025-12-11T19:00:00+00:00,2025-12-12T00:00:00+05:00,48,49.0,14960dbe5bbef6c28dafe522bdf66047bb13a71b26960a321e1b0c15a59d6e57,0.98,11.08,11.36,11.6,75.0,-8.2,962.4,-0.9659258262890684,0.2588190451025203,-0.34134651424503615,0.9399375283564133
training,2025-12-10T18:00:00+00:00,2025-12-10T12:00:00+00:00,2025-12-11T20:00:00+00:00,2025-12-12T01:00:00+05:00,24,26.0,20460a9d7647e21f0c5a35e95492b24e98fd66e8801f53304f8f50fc46166bf7,0.98,11.08,11.37,11.6,74.0,-7.5,960.7,-0.8660254037844386,0.5000000000000001,-0.34134651424503615,0.9399375283564133
training,2025-12-09T18:00:00+00:00,2025-12-09T12:00:00+00:00,2025-12-11T20:00:00+00:00,2025-12-12T01:00:00+05:00,48,50.0,14960dbe5bbef6c28dafe522bdf66047bb13a71b26960a321e1b0c15a59d6e57,0.98,11.17,11.46,11.7,75.0,-8.0,961.3,-0.8660254037844386,0.5000000000000001,-0.34134651424503615,0.9399375283564133
training,2025-12-11T00:00:00+00:00,2025-12-10T18:00:00+00:00,2025-12-11T21:00:00+00:00,2025-12-12T02:00:00+05:00,24,21.0,ca7f71118168095c453ab50359ca07109b5031bbeb63980e716df649b08025eb,0.98,11.12,11.41,11.64,74.0,-6.8,959.7,-0.7071067811865477,0.7071067811865474,-0.34134651424503615,0.9399375283564133
training,2025-12-10T00:00:00+00:00,2025-12-09T18:00:00+00:00,2025-12-11T21:00:00+00:00,2025-12-12T02:00:00+05:00,48,45.0,48be01db0e9264e482e1afdb7aaaff4b7f8b0b7e092f158043478cc663837bf4,0.98,10.88,11.16,11.4,73.0,-6.6,960.1,-0.7071067811865477,0.7071067811865474,-0.34134651424503615,0.9399375283564133
training,2025-12-11T00:00:00+00:00,2025-12-10T18:00:00+00:00,2025-12-11T22:00:00+00:00,2025-12-12T03:00:00+05:00,24,22.0,ca7f71118168095c453ab50359ca07109b5031bbeb63980e716df649b08025eb,0.98,10.58,10.85,11.07,70.0,-6.5,958.8,-0.5000000000000004,0.8660254037844384,-0.34134651424503615,0.9399375283564133
training,2025-12-10T00:00:00+00:00,2025-12-09T18:00:00+00:00,2025-12-11T22:00:00+00:00,2025-12-12T03:00:00+05:00,48,46.0,48be01db0e9264e482e1afdb7aaaff4b7f8b0b7e092f158043478cc663837bf4,0.98,10.67,10.94,11.17,70.0,-6.7,959.1,-0.5000000000000004,0.8660254037844384,-0.34134651424503615,0.9399375283564133
training,2025-12-11T00:00:00+00:00,2025-12-10T18:00:00+00:00,2025-12-11T23:00:00+00:00,2025-12-12T04:00:00+05:00,24,23.0,ca7f71118168095c453ab50359ca07109b5031bbeb63980e716df649b08025eb,0.98,10.41,10.68,10.9,68.0,-6.4,958.2,-0.25881904510252157,0.9659258262890681,-0.34134651424503615,0.9399375283564133
training,2025-12-10T00:00:00+00:00,2025-12-09T18:00:00+00:00,2025-12-11T23:00:00+00:00,2025-12-12T04:00:00+05:00,48,47.0,48be01db0e9264e482e1afdb7aaaff4b7f8b0b7e092f158043478cc663837bf4,0.98,10.15,10.42,10.63,69.0,-6.5,958.5,-0.25881904510252157,0.9659258262890681,-0.34134651424503615,0.9399375283564133
training,2025-12-11T00:00:00+00:00,2025-12-10T18:00:00+00:00,2025-12-12T00:00:00+00:00,2025-12-12T05:00:00+05:00,24,24.0,ca7f71118168095c453ab50359ca07109b5031bbeb63980e716df649b08025eb,0.9783333333333334,9.71,9.96,10.17,71.0,-6.0,958.2,0.0,1.0,-0.3251276029999093,0.9456701548465688
training,2025-12-10T00:00:00+00:00,2025-12-09T18:00:00+00:00,2025-12-12T00:00:00+00:00,2025-12-12T05:00:00+05:00,48,48.0,48be01db0e9264e482e1afdb7aaaff4b7f8b0b7e092f158043478cc663837bf4,0.9783333333333334,10.09,10.35,10.57,69.0,-6.2,958.2,0.0,1.0,-0.3251276029999093,0.9456701548465688
training,2025-12-11T00:00:00+00:00,2025-12-10T18:00:00+00:00,2025-12-12T01:00:00+00:00,2025-12-12T06:00:00+05:00,24,25.0,ca7f71118168095c453ab50359ca07109b5031bbeb63980e716df649b08025eb,0.98,8.91,9.14,9.33,71.0,-5.5,957.9,0.25881904510252074,0.9659258262890683,-0.3251276029999093,0.9456701548465688
training,2025-12-10T00:00:00+00:00,2025-12-09T18:00:00+00:00,2025-12-12T01:00:00+00:00,2025-12-12T06:00:00+05:00,48,49.0,48be01db0e9264e482e1afdb7aaaff4b7f8b0b7e092f158043478cc663837bf4,0.98,9.88,10.14,10.35,70.0,-5.9,958.1,0.25881904510252074,0.9659258262890683,-0.3251276029999093,0.9456701548465688
training,2025-12-11T00:00:00+00:00,2025-12-10T18:00:00+00:00,2025-12-12T02:00:00+00:00,2025-12-12T07:00:00+05:00,24,26.0,ca7f71118168095c453ab50359ca07109b5031bbeb63980e716df649b08025eb,0.9733333333333333,8.38,8.59,8.77,66.0,-6.3,957.4,0.49999999999999994,0.8660254037844387,-0.3251276029999093,0.9456701548465688
training,2025-12-10T00:00:00+00:00,2025-12-09T18:00:00+00:00,2025-12-12T02:00:00+00:00,2025-12-12T07:00:00+05:00,48,50.0,48be01db0e9264e482e1afdb7aaaff4b7f8b0b7e092f158043478cc663837bf4,0.9733333333333333,9.54,9.79,9.99,70.0,-5.4,957.8,0.49999999999999994,0.8660254037844387,-0.3251276029999093,0.9456701548465688
training,2025-12-11T06:00:00+00:00,2025-12-11T00:00:00+00:00,2025-12-12T03:00:00+00:00,2025-12-12T08:00:00+05:00,24,21.0,ea112ffe3bccb19d93458c0b0f9b616c8d00bd0b98910493155567ddf4f6050e,0.978,9.83,10.09,10.3,65.0,-4.8,956.8,0.7071067811865476,0.7071067811865476,-0.3251276029999093,0.9456701548465688
training,2025-12-10T06:00:00+00:00,2025-12-10T00:00:00+00:00,2025-12-12T03:00:00+00:00,2025-12-12T08:00:00+05:00,48,45.0,8713563c1e4a9e1a7a2af51f426017cd2959f1407861021ef2f1f8b4a4398d0d,0.978,10.46,10.73,10.96,64.0,-6.0,957.1,0.7071067811865476,0.7071067811865476,-0.3251276029999093,0.9456701548465688
training,2025-12-11T06:00:00+00:00,2025-12-11T00:00:00+00:00,2025-12-12T04:00:00+00:00,2025-12-12T09:00:00+05:00,24,22.0,ea112ffe3bccb19d93458c0b0f9b616c8d00bd0b98910493155567ddf4f6050e,0.9783333333333334,9.8,10.06,10.26,68.0,-3.6,956.4,0.8660254037844386,0.5000000000000001,-0.3251276029999093,0.9456701548465688
training,2025-12-10T06:00:00+00:00,2025-12-10T00:00:00+00:00,2025-12-12T04:00:00+00:00,2025-12-12T09:00:00+05:00,48,46.0,8713563c1e4a9e1a7a2af51f426017cd2959f1407861021ef2f1f8b4a4398d0d,0.9783333333333334,10.98,11.27,11.5,63.0,-3.5,957.2,0.8660254037844386,0.5000000000000001,-0.3251276029999093,0.9456701548465688
training,2025-12-11T06:00:00+00:00,2025-12-11T00:00:00+00:00,2025-12-12T05:00:00+00:00,2025-12-12T10:00:00+05:00,24,23.0,ea112ffe3bccb19d93458c0b0f9b616c8d00bd0b98910493155567ddf4f6050e,0.98,9.6,9.84,10.05,65.0,-1.3,955.6,0.9659258262890683,0.25881904510252074,-0.3251276029999093,0.9456701548465688
training,2025-12-10T06:00:00+00:00,2025-12-10T00:00:00+00:00,2025-12-12T05:00:00+00:00,2025-12-12T10:00:00+05:00,48,47.0,8713563c1e4a9e1a7a2af51f426017cd2959f1407861021ef2f1f8b4a4398d0d,0.98,10.53,10.8,11.02,67.0,-1.3,956.5,0.9659258262890683,0.25881904510252074,-0.3251276029999093,0.9456701548465688
training,2025-12-11T06:00:00+00:00,2025-12-11T00:00:00+00:00,2025-12-12T06:00:00+00:00,2025-12-12T11:00:00+05:00,24,24.0,ea112ffe3bccb19d93458c0b0f9b616c8d00bd0b98910493155567ddf4f6050e,0.9766666666666666,10.55,10.83,11.05,67.0,0.5,954.9,1.0,6.123233995736766e-17,-0.3251276029999093,0.9456701548465688
training,2025-12-10T06:00:00+00:00,2025-12-10T00:00:00+00:00,2025-12-12T06:00:00+00:00,2025-12-12T11:00:00+05:00,48,48.0,8713563c1e4a9e1a7a2af51f426017cd2959f1407861021ef2f1f8b4a4398d0d,0.9766666666666666,10.73,11.01,11.24,69.0,0.2,955.4,1.0,6.123233995736766e-17,-0.3251276029999093,0.9456701548465688
training,2025-12-11T06:00:00+00:00,2025-12-11T00:00:00+00:00,2025-12-12T07:00:00+00:00,2025-12-12T12:00:00+05:00,24,25.0,ea112ffe3bccb19d93458c0b0f9b616c8d00bd0b98910493155567ddf4f6050e,0.9766666666666666,10.59,10.87,11.09,70.0,1.2,953.4,0.9659258262890683,-0.25881904510252063,-0.3251276029999093,0.9456701548465688
training,2025-12-10T06:00:00+00:00,2025-12-10T00:00:00+00:00,2025-12-12T07:00:00+00:00,2025-12-12T12:00:00+05:00,48,49.0,8713563c1e4a9e1a7a2af51f426017cd2959f1407861021ef2f1f8b4a4398d0d,0.9766666666666666,11.04,11.33,11.56,68.0,1.7,954.5,0.9659258262890683,-0.25881904510252063,-0.3251276029999093,0.9456701548465688
training,2025-12-11T06:00:00+00:00,2025-12-11T00:00:00+00:00,2025-12-12T08:00:00+00:00,2025-12-12T13:00:00+05:00,24,26.0,ea112ffe3bccb19d93458c0b0f9b616c8d00bd0b98910493155567ddf4f6050e,0.9716666666666667,9.65,9.9,10.1,72.0,2.2,952.2,0.8660254037844387,-0.4999999999999998,-0.3251276029999093,0.9456701548465688
training,2025-12-10T06:00:00+00:00,2025-12-10T00:00:00+00:00,2025-12-12T08:00:00+00:00,2025-12-12T13:00:00+05:00,48,50.0,8713563c1e4a9e1a7a2af51f426017cd2959f1407861021ef2f1f8b4a4398d0d,0.9716666666666667,10.14,10.4,10.62,72.0,2.6,953.4,0.8660254037844387,-0.4999999999999998,-0.3251276029999093,0.9456701548465688
training,2025-12-11T12:00:00+00:00,2025-12-11T06:00:00+00:00,2025-12-12T09:00:00+00:00,2025-12-12T14:00:00+05:00,24,21.0,0ab7b47377c78de9870e58a775ebcff23a3c6522fa30109fb62e2181eb52fcd5,0.9783333333333334,9.66,9.91,10.12,71.0,2.3,951.5,0.7071067811865476,-0.7071067811865475,-0.3251276029999093,0.9456701548465688
training,2025-12-10T12:00:00+00:00,2025-12-10T06:00:00+00:00,2025-12-12T09:00:00+00:00,2025-12-12T14:00:00+05:00,48,45.0,a307a71558868a5ffd06aca8b8d1e21d44105567fc46d715386c6e877818a9de,0.9783333333333334,9.79,10.04,10.25,71.0,2.1,952.1,0.7071067811865476,-0.7071067811865475,-0.3251276029999093,0.9456701548465688
training,2025-12-11T12:00:00+00:00,2025-12-11T06:00:00+00:00,2025-12-12T10:00:00+00:00,2025-12-12T15:00:00+05:00,24,22.0,0ab7b47377c78de9870e58a775ebcff23a3c6522fa30109fb62e2181eb52fcd5,0.975,9.74,9.99,10.2,71.0,1.0,951.0,0.49999999999999994,-0.8660254037844387,-0.3251276029999093,0.9456701548465688
training,2025-12-10T12:00:00+00:00,2025-12-10T06:00:00+00:00,2025-12-12T10:00:00+00:00,2025-12-12T15:00:00+05:00,48,46.0,a307a71558868a5ffd06aca8b8d1e21d44105567fc46d715386c6e877818a9de,0.975,9.59,9.83,10.04,72.0,1.4,951.3,0.49999999999999994,-0.8660254037844387,-0.3251276029999093,0.9456701548465688
training,2025-12-11T12:00:00+00:00,2025-12-11T06:00:00+00:00,2025-12-12T11:00:00+00:00,2025-12-12T16:00:00+05:00,24,23.0,0ab7b47377c78de9870e58a775ebcff23a3c6522fa30109fb62e2181eb52fcd5,0.975,9.56,9.8,10.01,71.0,-0.7,950.3,0.258819045102521,-0.9659258262890682,-0.3251276029999093,0.9456701548465688
training,2025-12-10T12:00:00+00:00,2025-12-10T06:00:00+00:00,2025-12-12T11:00:00+00:00,2025-12-12T16:00:00+05:00,48,47.0,a307a71558868a5ffd06aca8b8d1e21d44105567fc46d715386c6e877818a9de,0.975,9.27,9.51,9.71,69.0,-0.2,950.3,0.258819045102521,-0.9659258262890682,-0.3251276029999093,0.9456701548465688
training,2025-12-11T12:00:00+00:00,2025-12-11T06:00:00+00:00,2025-12-12T12:00:00+00:00,2025-12-12T17:00:00+05:00,24,24.0,0ab7b47377c78de9870e58a775ebcff23a3c6522fa30109fb62e2181eb52fcd5,0.9733333333333333,8.77,9.0,9.18,71.0,-1.9,950.0,1.2246467991473532e-16,-1.0,-0.3251276029999093,0.9456701548465688
training,2025-12-10T12:00:00+00:00,2025-12-10T06:00:00+00:00,2025-12-12T12:00:00+00:00,2025-12-12T17:00:00+05:00,48,48.0,a307a71558868a5ffd06aca8b8d1e21d44105567fc46d715386c6e877818a9de,0.9733333333333333,8.82,9.05,9.23,73.0,-1.8,949.5,1.2246467991473532e-16,-1.0,-0.3251276029999093,0.9456701548465688
training,2025-12-11T12:00:00+00:00,2025-12-11T06:00:00+00:00,2025-12-12T13:00:00+00:00,2025-12-12T18:00:00+05:00,24,25.0,0ab7b47377c78de9870e58a775ebcff23a3c6522fa30109fb62e2181eb52fcd5,0.9716666666666667,8.6,8.82,9.01,72.0,-2.5,949.4,-0.2588190451025208,-0.9659258262890683,-0.3251276029999093,0.9456701548465688
training,2025-12-10T12:00:00+00:00,2025-12-10T06:00:00+00:00,2025-12-12T13:00:00+00:00,2025-12-12T18:00:00+05:00,48,49.0,a307a71558868a5ffd06aca8b8d1e21d44105567fc46d715386c6e877818a9de,0.9716666666666667,9.2,9.44,9.63,71.0,-2.3,948.9,-0.2588190451025208,-0.9659258262890683,-0.3251276029999093,0.9456701548465688
training,2025-12-11T12:00:00+00:00,2025-12-11T06:00:00+00:00,2025-12-12T14:00:00+00:00,2025-12-12T19:00:00+05:00,24,26.0,0ab7b47377c78de9870e58a775ebcff23a3c6522fa30109fb62e2181eb52fcd5,0.98,9.11,9.35,9.54,72.0,-2.4,948.6,-0.4999999999999997,-0.8660254037844388,-0.3251276029999093,0.9456701548465688
training,2025-12-10T12:00:00+00:00,2025-12-10T06:00:00+00:00,2025-12-12T14:00:00+00:00,2025-12-12T19:00:00+05:00,48,50.0,a307a71558868a5ffd06aca8b8d1e21d44105567fc46d715386c6e877818a9de,0.98,9.28,9.52,9.72,72.0,-2.1,948.1,-0.4999999999999997,-0.8660254037844388,-0.3251276029999093,0.9456701548465688
training,2025-12-11T18:00:00+00:00,2025-12-11T12:00:00+00:00,2025-12-12T15:00:00+00:00,2025-12-12T20:00:00+05:00,24,21.0,d348749a84d327358a7e7380617cb581cea423889f9f17464b8e82902444100b,0.9766666666666666,9.1,9.34,9.53,76.0,-2.3,947.9,-0.7071067811865471,-0.7071067811865479,-0.3251276029999093,0.9456701548465688
training,2025-12-10T18:00:00+00:00,2025-12-10T12:00:00+00:00,2025-12-12T15:00:00+00:00,2025-12-12T20:00:00+05:00,48,45.0,20460a9d7647e21f0c5a35e95492b24e98fd66e8801f53304f8f50fc46166bf7,0.9766666666666666,9.31,9.55,9.75,70.0,-1.9,947.8,-0.7071067811865471,-0.7071067811865479,-0.3251276029999093,0.9456701548465688
training,2025-12-11T18:00:00+00:00,2025-12-11T12:00:00+00:00,2025-12-12T16:00:00+00:00,2025-12-12T21:00:00+05:00,24,22.0,d348749a84d327358a7e7380617cb581cea423889f9f17464b8e82902444100b,0.98,9.37,9.61,9.81,74.0,-1.6,947.2,-0.8660254037844385,-0.5000000000000004,-0.3251276029999093,0.9456701548465688
training,2025-12-10T18:00:00+00:00,2025-12-10T12:00:00+00:00,2025-12-12T16:00:00+00:00,2025-12-12T21:00:00+05:00,48,46.0,20460a9d7647e21f0c5a35e95492b24e98fd66e8801f53304f8f50fc46166bf7,0.98,9.58,9.83,10.03,74.0,-1.4,947.2,-0.8660254037844385,-0.5000000000000004,-0.3251276029999093,0.9456701548465688
training,2025-12-11T18:00:00+00:00,2025-12-11T12:00:00+00:00,2025-12-12T17:00:00+00:00,2025-12-12T22:00:00+05:00,24,23.0,d348749a84d327358a7e7380617cb581cea423889f9f17464b8e82902444100b,0.98,9.99,10.25,10.47,74.0,-0.4,946.8,-0.9659258262890683,-0.25881904510252063,-0.3251276029999093,0.9456701548465688
training,2025-12-10T18:00:00+00:00,2025-12-10T12:00:00+00:00,2025-12-12T17:00:00+00:00,2025-12-12T22:00:00+05:00,48,47.0,20460a9d7647e21f0c5a35e95492b24e98fd66e8801f53304f8f50fc46166bf7,0.98,9.84,10.1,10.3,74.0,-0.9,946.2,-0.9659258262890683,-0.25881904510252063,-0.3251276029999093,0.9456701548465688
training,2025-12-11T18:00:00+00:00,2025-12-11T12:00:00+00:00,2025-12-12T18:00:00+00:00,2025-12-12T23:00:00+05:00,24,24.0,d348749a84d327358a7e7380617cb581cea423889f9f17464b8e82902444100b,0.98,9.23,9.47,9.67,70.0,0.1,946.4,-1.0,-1.8369701987210297e-16,-0.3251276029999093,0.9456701548465688
training,2025-12-10T18:00:00+00:00,2025-12-10T12:00:00+00:00,2025-12-12T18:00:00+00:00,2025-12-12T23:00:00+05:00,48,48.0,20460a9d7647e21f0c5a35e95492b24e98fd66e8801f53304f8f50fc46166bf7,0.98,9.41,9.66,9.86,69.0,0.1,946.1,-1.0,-1.8369701987210297e-16,-0.3251276029999093,0.9456701548465688
training,2025-12-11T18:00:00+00:00,2025-12-11T12:00:00+00:00,2025-12-12T19:00:00+00:00,2025-12-13T00:00:00+05:00,24,25.0,d348749a84d327358a7e7380617cb581cea423889f9f17464b8e82902444100b,0.9783333333333334,7.72,7.92,8.09,58.0,-0.9,946.7,-0.9659258262890684,0.2588190451025203,-0.3251276029999093,0.9456701548465688
training,2025-12-10T18:00:00+00:00,2025-12-10T12:00:00+00:00,2025-12-12T19:00:00+00:00,2025-12-13T00:00:00+05:00,48,49.0,20460a9d7647e21f0c5a35e95492b24e98fd66e8801f53304f8f50fc46166bf7,0.9783333333333334,7.76,7.96,8.13,64.0,-0.4,946.5,-0.9659258262890684,0.2588190451025203,-0.3251276029999093,0.9456701548465688
training,2025-12-11T18:00:00+00:00,2025-12-11T12:00:00+00:00,2025-12-12T20:00:00+00:00,2025-12-13T01:00:00+05:00,24,26.0,d348749a84d327358a7e7380617cb581cea423889f9f17464b8e82902444100b,0.9583333333333334,2.83,2.9,2.96,93.0,-0.7,948.0,-0.8660254037844386,0.5000000000000001,-0.3251276029999093,0.9456701548465688
training,2025-12-10T18:00:00+00:00,2025-12-10T12:00:00+00:00,2025-12-12T20:00:00+00:00,2025-12-13T01:00:00+05:00,48,50.0,20460a9d7647e21f0c5a35e95492b24e98fd66e8801f53304f8f50fc46166bf7,0.9583333333333334,5.23,5.37,5.48,63.0,-0.2,947.6,-0.8660254037844386,0.5000000000000001,-0.3251276029999093,0.9456701548465688
training,2025-12-12T00:00:00+00:00,2025-12-11T18:00:00+00:00,2025-12-12T21:00:00+00:00,2025-12-13T02:00:00+05:00,24,21.0,1a4d536120693f69e4449cdf08371bbc6f99d84bf48296fa0e49f064d086c6c3,0.5116666666666666,0.99,1.01,1.03,171.0,0.1,948.5,-0.7071067811865477,0.7071067811865474,-0.3251276029999093,0.9456701548465688
training,2025-12-11T00:00:00+00:00,2025-12-10T18:00:00+00:00,2025-12-12T21:00:00+00:00,2025-12-13T02:00:00+05:00,48,45.0,ca7f71118168095c453ab50359ca07109b5031bbeb63980e716df649b08025eb,0.5116666666666666,5.58,5.73,5.85,65.0,-0.6,946.7,-0.7071067811865477,0.7071067811865474,-0.3251276029999093,0.9456701548465688
training,2025-12-12T00:00:00+00:00,2025-12-11T18:00:00+00:00,2025-12-12T22:00:00+00:00,2025-12-13T03:00:00+05:00,24,22.0,1a4d536120693f69e4449cdf08371bbc6f99d84bf48296fa0e49f064d086c6c3,0.18000000000000002,1.54,1.58,1.61,162.0,1.0,948.5,-0.5000000000000004,0.8660254037844384,-0.3251276029999093,0.9456701548465688
training,2025-12-11T00:00:00+00:00,2025-12-10T18:00:00+00:00,2025-12-12T22:00:00+00:00,2025-12-13T03:00:00+05:00,48,46.0,ca7f71118168095c453ab50359ca07109b5031bbeb63980e716df649b08025eb,0.18000000000000002,2.18,2.24,2.29,66.0,-1.1,947.8,-0.5000000000000004,0.8660254037844384,-0.3251276029999093,0.9456701548465688
training,2025-12-12T00:00:00+00:00,2025-12-11T18:00:00+00:00,2025-12-12T23:00:00+00:00,2025-12-13T04:00:00+05:00,24,23.0,1a4d536120693f69e4449cdf08371bbc6f99d84bf48296fa0e49f064d086c6c3,0.05333333333333334,3.29,3.37,3.44,220.0,2.1,948.9,-0.25881904510252157,0.9659258262890681,-0.3251276029999093,0.9456701548465688
training,2025-12-11T00:00:00+00:00,2025-12-10T18:00:00+00:00,2025-12-12T23:00:00+00:00,2025-12-13T04:00:00+05:00,48,47.0,ca7f71118168095c453ab50359ca07109b5031bbeb63980e716df649b08025eb,0.05333333333333334,2.91,2.98,3.04,220.0,0.4,948.9,-0.25881904510252157,0.9659258262890681,-0.3251276029999093,0.9456701548465688
training,2025-12-12T00:00:00+00:00,2025-12-11T18:00:00+00:00,2025-12-13T00:00:00+00:00,2025-12-13T05:00:00+05:00,24,24.0,1a4d536120693f69e4449cdf08371bbc6f99d84bf48296fa0e49f064d086c6c3,0.011666666666666667,4.28,4.39,4.48,240.0,2.4,949.3,0.0,1.0,-0.30881248126625377,0.9511229423235357
training,2025-12-11T00:00:00+00:00,2025-12-10T18:00:00+00:00,2025-12-13T00:00:00+00:00,2025-12-13T05:00:00+05:00,48,48.0,ca7f71118168095c453ab50359ca07109b5031bbeb63980e716df649b08025eb,0.011666666666666667,4.7,4.83,4.93,236.0,0.6,949.5,0.0,1.0,-0.30881248126625377,0.9511229423235357
training,2025-12-12T00:00:00+00:00,2025-12-11T18:00:00+00:00,2025-12-13T01:00:00+00:00,2025-12-13T06:00:00+05:00,24,25.0,1a4d536120693f69e4449cdf08371bbc6f99d84bf48296fa0e49f064d086c6c3,0.011666666666666667,4.55,4.67,4.76,253.0,0.2,949.7,0.25881904510252074,0.9659258262890683,-0.30881248126625377,0.9511229423235357
training,2025-12-11T00:00:00+00:00,2025-12-10T18:00:00+00:00,2025-12-13T01:00:00+00:00,2025-12-13T06:00:00+05:00,48,49.0,ca7f71118168095c453ab50359ca07109b5031bbeb63980e716df649b08025eb,0.011666666666666667,4.07,4.17,4.26,236.0,0.9,950.0,0.25881904510252074,0.9659258262890683,-0.30881248126625377,0.9511229423235357
training,2025-12-12T00:00:00+00:00,2025-12-11T18:00:00+00:00,2025-12-13T02:00:00+00:00,2025-12-13T07:00:00+05:00,24,26.0,1a4d536120693f69e4449cdf08371bbc6f99d84bf48296fa0e49f064d086c6c3,0.023333333333333334,4.36,4.47,4.57,245.0,0.7,950.5,0.49999999999999994,0.8660254037844387,-0.30881248126625377,0.9511229423235357
training,2025-12-11T00:00:00+00:00,2025-12-10T18:00:00+00:00,2025-12-13T02:00:00+00:00,2025-12-13T07:00:00+05:00,48,50.0,ca7f71118168095c453ab50359ca07109b5031bbeb63980e716df649b08025eb,0.023333333333333334,2.93,3.01,3.07,234.0,1.9,950.6,0.49999999999999994,0.8660254037844387,-0.30881248126625377,0.9511229423235357
training,2025-12-12T06:00:00+00:00,2025-12-12T00:00:00+00:00,2025-12-13T03:00:00+00:00,2025-12-13T08:00:00+05:00,24,21.0,9f083b80d23f5846545b916266b6bd77b3a403c6d935782902217498004d3b82,0.008333333333333333,1.13,1.15,1.18,265.0,2.1,950.0,0.7071067811865476,0.7071067811865476,-0.30881248126625377,0.9511229423235357
training,2025-12-11T06:00:00+00:00,2025-12-11T00:00:00+00:00,2025-12-13T03:00:00+00:00,2025-12-13T08:00:00+05:00,48,45.0,ea112ffe3bccb19d93458c0b0f9b616c8d00bd0b98910493155567ddf4f6050e,0.008333333333333333,2.01,2.06,2.1,76.0,3.1,949.5,0.7071067811865476,0.7071067811865476,-0.30881248126625377,0.9511229423235357
training,2025-12-12T06:00:00+00:00,2025-12-12T00:00:00+00:00,2025-12-13T04:00:00+00:00,2025-12-13T09:00:00+05:00,24,22.0,9f083b80d23f5846545b916266b6bd77b3a403c6d935782902217498004d3b82,0.06333333333333334,0.18,0.18,0.18,146.0,2.3,950.0,0.8660254037844386,0.5000000000000001,-0.30881248126625377,0.9511229423235357
training,2025-12-11T06:00:00+00:00,2025-12-11T00:00:00+00:00,2025-12-13T04:00:00+00:00,2025-12-13T09:00:00+05:00,48,46.0,ea112ffe3bccb19d93458c0b0f9b616c8d00bd0b98910493155567ddf4f6050e,0.06333333333333334,1.75,1.79,1.83,150.0,4.3,949.7,0.8660254037844386,0.5000000000000001,-0.30881248126625377,0.9511229423235357
training,2025-12-12T06:00:00+00:00,2025-12-12T00:00:00+00:00,2025-12-13T05:00:00+00:00,2025-12-13T10:00:00+05:00,24,23.0,9f083b80d23f5846545b916266b6bd77b3a403c6d935782902217498004d3b82,0.185,1.11,1.14,1.16,61.0,4.5,950.3,0.9659258262890683,0.25881904510252074,-0.30881248126625377,0.9511229423235357
training,2025-12-11T06:00:00+00:00,2025-12-11T00:00:00+00:00,2025-12-13T05:00:00+00:00,2025-12-13T10:00:00+05:00,48,47.0,ea112ffe3bccb19d93458c0b0f9b616c8d00bd0b98910493155567ddf4f6050e,0.185,3.99,4.09,4.18,57.0,4.2,949.2,0.9659258262890683,0.25881904510252074,-0.30881248126625377,0.9511229423235357
training,2025-12-12T06:00:00+00:00,2025-12-12T00:00:00+00:00,2025-12-13T06:00:00+00:00,2025-12-13T11:00:00+05:00,24,24.0,9f083b80d23f5846545b916266b6bd77b3a403c6d935782902217498004d3b82,0.049999999999999996,2.23,2.29,2.34,58.0,5.3,950.2,1.0,6.123233995736766e-17,-0.30881248126625377,0.9511229423235357
training,2025-12-11T06:00:00+00:00,2025-12-11T00:00:00+00:00,2025-12-13T06:00:00+00:00,2025-12-13T11:00:00+05:00,48,48.0,ea112ffe3bccb19d93458c0b0f9b616c8d00bd0b98910493155567ddf4f6050e,0.049999999999999996,5.43,5.58,5.69,57.0,4.0,949.3,1.0,6.123233995736766e-17,-0.30881248126625377,0.9511229423235357
training,2025-12-12T06:00:00+00:00,2025-12-12T00:00:00+00:00,2025-12-13T07:00:00+00:00,2025-12-13T12:00:00+05:00,24,25.0,9f083b80d23f5846545b916266b6bd77b3a403c6d935782902217498004d3b82,0.2916666666666667,2.64,2.71,2.77,85.0,5.5,950.0,0.9659258262890683,-0.25881904510252063,-0.30881248126625377,0.9511229423235357
training,2025-12-11T06:00:00+00:00,2025-12-11T00:00:00+00:00,2025-12-13T07:00:00+00:00,2025-12-13T12:00:00+05:00,48,49.0,ea112ffe3bccb19d93458c0b0f9b616c8d00bd0b98910493155567ddf4f6050e,0.2916666666666667,4.01,4.11,4.2,53.0,5.4,949.7,0.9659258262890683,-0.25881904510252063,-0.30881248126625377,0.9511229423235357
training,2025-12-12T06:00:00+00:00,2025-12-12T00:00:00+00:00,2025-12-13T08:00:00+00:00,2025-12-13T13:00:00+05:00,24,26.0,9f083b80d23f5846545b916266b6bd77b3a403c6d935782902217498004d3b82,0.395,3.67,3.76,3.84,67.0,5.7,949.5,0.8660254037844387,-0.4999999999999998,-0.30881248126625377,0.9511229423235357
training,2025-12-11T06:00:00+00:00,2025-12-11T00:00:00+00:00,2025-12-13T08:00:00+00:00,2025-12-13T13:00:00+05:00,48,50.0,ea112ffe3bccb19d93458c0b0f9b616c8d00bd0b98910493155567ddf4f6050e,0.395,3.97,4.07,4.16,76.0,5.2,949.3,0.8660254037844387,-0.4999999999999998,-0.30881248126625377,0.9511229423235357
training,2025-12-12T12:00:00+00:00,2025-12-12T06:00:00+00:00,2025-12-13T09:00:00+00:00,2025-12-13T14:00:00+05:00,24,21.0,7e5ed7b50215529b091ae6235c4ea0af7f55fb9d397ed8173fc659c1d9d596c4,0.44166666666666665,6.26,6.42,6.55,63.0,4.7,949.1,0.7071067811865476,-0.7071067811865475,-0.30881248126625377,0.9511229423235357
training,2025-12-11T12:00:00+00:00,2025-12-11T06:00:00+00:00,2025-12-13T09:00:00+00:00,2025-12-13T14:00:00+05:00,48,45.0,0ab7b47377c78de9870e58a775ebcff23a3c6522fa30109fb62e2181eb52fcd5,0.44166666666666665,6.9,7.08,7.23,54.0,4.8,947.7,0.7071067811865476,-0.7071067811865475,-0.30881248126625377,0.9511229423235357
training,2025-12-12T12:00:00+00:00,2025-12-12T06:00:00+00:00,2025-12-13T10:00:00+00:00,2025-12-13T15:00:00+05:00,24,22.0,7e5ed7b50215529b091ae6235c4ea0af7f55fb9d397ed8173fc659c1d9d596c4,0.5033333333333333,5.79,5.94,6.07,51.0,2.9,949.7,0.49999999999999994,-0.8660254037844387,-0.30881248126625377,0.9511229423235357
training,2025-12-11T12:00:00+00:00,2025-12-11T06:00:00+00:00,2025-12-13T10:00:00+00:00,2025-12-13T15:00:00+05:00,48,46.0,0ab7b47377c78de9870e58a775ebcff23a3c6522fa30109fb62e2181eb52fcd5,0.5033333333333333,7.22,7.41,7.56,55.0,4.8,948.1,0.49999999999999994,-0.8660254037844387,-0.30881248126625377,0.9511229423235357
training,2025-12-12T12:00:00+00:00,2025-12-12T06:00:00+00:00,2025-12-13T11:00:00+00:00,2025-12-13T16:00:00+05:00,24,23.0,7e5ed7b50215529b091ae6235c4ea0af7f55fb9d397ed8173fc659c1d9d596c4,0.7583333333333333,3.25,3.34,3.41,81.0,1.4,949.9,0.258819045102521,-0.9659258262890682,-0.30881248126625377,0.9511229423235357
training,2025-12-11T12:00:00+00:00,2025-12-11T06:00:00+00:00,2025-12-13T11:00:00+00:00,2025-12-13T16:00:00+05:00,48,47.0,0ab7b47377c78de9870e58a775ebcff23a3c6522fa30109fb62e2181eb52fcd5,0.7583333333333333,6.89,7.07,7.21,64.0,2.8,948.2,0.258819045102521,-0.9659258262890682,-0.30881248126625377,0.9511229423235357
training,2025-12-12T12:00:00+00:00,2025-12-12T06:00:00+00:00,2025-12-13T12:00:00+00:00,2025-12-13T17:00:00+05:00,24,24.0,7e5ed7b50215529b091ae6235c4ea0af7f55fb9d397ed8173fc659c1d9d596c4,0.93,1.76,1.81,1.84,104.0,1.0,949.4,1.2246467991473532e-16,-1.0,-0.30881248126625377,0.9511229423235357
training,2025-12-11T12:00:00+00:00,2025-12-11T06:00:00+00:00,2025-12-13T12:00:00+00:00,2025-12-13T17:00:00+05:00,48,48.0,0ab7b47377c78de9870e58a775ebcff23a3c6522fa30109fb62e2181eb52fcd5,0.93,5.71,5.86,5.98,65.0,1.3,948.3,1.2246467991473532e-16,-1.0,-0.30881248126625377,0.9511229423235357
training,2025-12-12T12:00:00+00:00,2025-12-12T06:00:00+00:00,2025-12-13T13:00:00+00:00,2025-12-13T18:00:00+05:00,24,25.0,7e5ed7b50215529b091ae6235c4ea0af7f55fb9d397ed8173fc659c1d9d596c4,0.9216666666666667,2.57,2.64,2.7,71.0,0.6,948.4,-0.2588190451025208,-0.9659258262890683,-0.30881248126625377,0.9511229423235357
training,2025-12-11T12:00:00+00:00,2025-12-11T06:00:00+00:00,2025-12-13T13:00:00+00:00,2025-12-13T18:00:00+05:00,48,49.0,0ab7b47377c78de9870e58a775ebcff23a3c6522fa30109fb62e2181eb52fcd5,0.9216666666666667,3.29,3.37,3.44,75.0,1.0,948.4,-0.2588190451025208,-0.9659258262890683,-0.30881248126625377,0.9511229423235357
training,2025-12-12T12:00:00+00:00,2025-12-12T06:00:00+00:00,2025-12-13T14:00:00+00:00,2025-12-13T19:00:00+05:00,24,26.0,7e5ed7b50215529b091ae6235c4ea0af7f55fb9d397ed8173fc659c1d9d596c4,0.875,4.93,5.06,5.16,62.0,-0.6,947.6,-0.4999999999999997,-0.8660254037844388,-0.30881248126625377,0.9511229423235357
training,2025-12-11T12:00:00+00:00,2025-12-11T06:00:00+00:00,2025-12-13T14:00:00+00:00,2025-12-13T19:00:00+05:00,48,50.0,0ab7b47377c78de9870e58a775ebcff23a3c6522fa30109fb62e2181eb52fcd5,0.875,2.47,2.53,2.59,68.0,1.2,948.4,-0.4999999999999997,-0.8660254037844388,-0.30881248126625377,0.9511229423235357
training,2025-12-12T18:00:00+00:00,2025-12-12T12:00:00+00:00,2025-12-13T15:00:00+00:00,2025-12-13T20:00:00+05:00,24,21.0,4b6572d256fab8166b709bf7690f6ac1c965e4f6b60a9ec4d386d3f726c434a1,0.975,1.69,1.73,1.77,136.0,0.6,946.8,-0.7071067811865471,-0.7071067811865479,-0.30881248126625377,0.9511229423235357
training,2025-12-11T18:00:00+00:00,2025-12-11T12:00:00+00:00,2025-12-13T15:00:00+00:00,2025-12-13T20:00:00+05:00,48,45.0,d348749a84d327358a7e7380617cb581cea423889f9f17464b8e82902444100b,0.975,3.11,3.19,3.26,73.0,0.7,947.6,-0.7071067811865471,-0.7071067811865479,-0.30881248126625377,0.9511229423235357
training,2025-12-12T18:00:00+00:00,2025-12-12T12:00:00+00:00,2025-12-13T16:00:00+00:00,2025-12-13T21:00:00+05:00,24,22.0,4b6572d256fab8166b709bf7690f6ac1c965e4f6b60a9ec4d386d3f726c434a1,0.9383333333333334,2.51,2.58,2.63,72.0,0.9,945.9,-0.8660254037844385,-0.5000000000000004,-0.30881248126625377,0.9511229423235357
training,2025-12-11T18:00:00+00:00,2025-12-11T12:00:00+00:00,2025-12-13T16:00:00+00:00,2025-12-13T21:00:00+05:00,48,46.0,d348749a84d327358a7e7380617cb581cea423889f9f17464b8e82902444100b,0.9383333333333334,4.29,4.4,4.49,69.0,0.8,946.5,-0.8660254037844385,-0.5000000000000004,-0.30881248126625377,0.9511229423235357
training,2025-12-12T18:00:00+00:00,2025-12-12T12:00:00+00:00,2025-12-13T17:00:00+00:00,2025-12-13T22:00:00+05:00,24,23.0,4b6572d256fab8166b709bf7690f6ac1c965e4f6b60a9ec4d386d3f726c434a1,0.8450000000000001,4.36,4.47,4.56,63.0,0.7,945.2,-0.9659258262890683,-0.25881904510252063,-0.30881248126625377,0.9511229423235357
training,2025-12-11T18:00:00+00:00,2025-12-11T12:00:00+00:00,2025-12-13T17:00:00+00:00,2025-12-13T22:00:00+05:00,48,47.0,d348749a84d327358a7e7380617cb581cea423889f9f17464b8e82902444100b,0.8450000000000001,4.53,4.65,4.74,71.0,0.6,945.6,-0.9659258262890683,-0.25881904510252063,-0.30881248126625377,0.9511229423235357
training,2025-12-12T18:00:00+00:00,2025-12-12T12:00:00+00:00,2025-12-13T18:00:00+00:00,2025-12-13T23:00:00+05:00,24,24.0,4b6572d256fab8166b709bf7690f6ac1c965e4f6b60a9ec4d386d3f726c434a1,0.315,3.84,3.94,4.02,61.0,0.6,944.8,-1.0,-1.8369701987210297e-16,-0.30881248126625377,0.9511229423235357
training,2025-12-11T18:00:00+00:00,2025-12-11T12:00:00+00:00,2025-12-13T18:00:00+00:00,2025-12-13T23:00:00+05:00,48,48.0,d348749a84d327358a7e7380617cb581cea423889f9f17464b8e82902444100b,0.315,5.3,5.44,5.55,66.0,-0.2,944.7,-1.0,-1.8369701987210297e-16,-0.30881248126625377,0.9511229423235357
training,2025-12-12T18:00:00+00:00,2025-12-12T12:00:00+00:00,2025-12-13T19:00:00+00:00,2025-12-14T00:00:00+05:00,24,25.0,4b6572d256fab8166b709bf7690f6ac1c965e4f6b60a9ec4d386d3f726c434a1,0.26333333333333336,1.35,1.39,1.42,52.0,0.6,944.5,-0.9659258262890684,0.2588190451025203,-0.30881248126625377,0.9511229423235357
training,2025-12-11T18:00:00+00:00,2025-12-11T12:00:00+00:00,2025-12-13T19:00:00+00:00,2025-12-14T00:00:00+05:00,48,49.0,d348749a84d327358a7e7380617cb581cea423889f9f17464b8e82902444100b,0.26333333333333336,4.7,4.82,4.92,67.0,-0.6,944.4,-0.9659258262890684,0.2588190451025203,-0.30881248126625377,0.9511229423235357
training,2025-12-12T18:00:00+00:00,2025-12-12T12:00:00+00:00,2025-12-13T20:00:00+00:00,2025-12-14T01:00:00+05:00,24,26.0,4b6572d256fab8166b709bf7690f6ac1c965e4f6b60a9ec4d386d3f726c434a1,0.04833333333333333,6.09,6.25,6.38,263.0,0.4,945.9,-0.8660254037844386,0.5000000000000001,-0.30881248126625377,0.9511229423235357
training,2025-12-11T18:00:00+00:00,2025-12-11T12:00:00+00:00,2025-12-13T20:00:00+00:00,2025-12-14T01:00:00+05:00,48,50.0,d348749a84d327358a7e7380617cb581cea423889f9f17464b8e82902444100b,0.04833333333333333,2.19,2.25,2.29,69.0,-0.4,944.4,-0.8660254037844386,0.5000000000000001,-0.30881248126625377,0.9511229423235357
training,2025-12-13T00:00:00+00:00,2025-12-12T18:00:00+00:00,2025-12-13T21:00:00+00:00,2025-12-14T02:00:00+05:00,24,21.0,ecac2f7fb7f368d7ab777f8f3a62cc21338c6414a21fc450803d5809bbb29234,0.38666666666666666,6.09,6.25,6.38,258.0,-0.8,946.0,-0.7071067811865477,0.7071067811865474,-0.30881248126625377,0.9511229423235357
training,2025-12-12T00:00:00+00:00,2025-12-11T18:00:00+00:00,2025-12-13T21:00:00+00:00,2025-12-14T02:00:00+05:00,48,45.0,1a4d536120693f69e4449cdf08371bbc6f99d84bf48296fa0e49f064d086c6c3,0.38666666666666666,2.97,3.05,3.11,252.0,0.6,945.9,-0.7071067811865477,0.7071067811865474,-0.30881248126625377,0.9511229423235357
training,2025-12-13T00:00:00+00:00,2025-12-12T18:00:00+00:00,2025-12-13T22:00:00+00:00,2025-12-14T03:00:00+05:00,24,22.0,ecac2f7fb7f368d7ab777f8f3a62cc21338c6414a21fc450803d5809bbb29234,0.7016666666666667,5.28,5.41,5.52,227.0,-0.2,946.4,-0.5000000000000004,0.8660254037844384,-0.30881248126625377,0.9511229423235357
training,2025-12-12T00:00:00+00:00,2025-12-11T18:00:00+00:00,2025-12-13T22:00:00+00:00,2025-12-14T03:00:00+05:00,48,46.0,1a4d536120693f69e4449cdf08371bbc6f99d84bf48296fa0e49f064d086c6c3,0.7016666666666667,4.1,4.21,4.29,250.0,-0.2,945.6,-0.5000000000000004,0.8660254037844384,-0.30881248126625377,0.9511229423235357
training,2025-12-13T00:00:00+00:00,2025-12-12T18:00:00+00:00,2025-12-13T23:00:00+00:00,2025-12-14T04:00:00+05:00,24,23.0,ecac2f7fb7f368d7ab777f8f3a62cc21338c6414a21fc450803d5809bbb29234,0.6316666666666667,4.93,5.06,5.16,224.0,0.7,946.1,-0.25881904510252157,0.9659258262890681,-0.30881248126625377,0.9511229423235357
training,2025-12-12T00:00:00+00:00,2025-12-11T18:00:00+00:00,2025-12-13T23:00:00+00:00,2025-12-14T04:00:00+05:00,48,47.0,1a4d536120693f69e4449cdf08371bbc6f99d84bf48296fa0e49f064d086c6c3,0.6316666666666667,5.16,5.3,5.41,251.0,-0.8,946.1,-0.25881904510252157,0.9659258262890681,-0.30881248126625377,0.9511229423235357
training,2025-12-13T00:00:00+00:00,2025-12-12T18:00:00+00:00,2025-12-14T00:00:00+00:00,2025-12-14T05:00:00+05:00,24,24.0,ecac2f7fb7f368d7ab777f8f3a62cc21338c6414a21fc450803d5809bbb29234,0.375,4.13,4.24,4.33,232.0,0.3,946.1,0.0,1.0,-0.29240597695107734,0.9562942772197719
training,2025-12-12T00:00:00+00:00,2025-12-11T18:00:00+00:00,2025-12-14T00:00:00+00:00,2025-12-14T05:00:00+05:00,48,48.0,1a4d536120693f69e4449cdf08371bbc6f99d84bf48296fa0e49f064d086c6c3,0.375,6.95,7.13,7.28,230.0,0.3,947.2,0.0,1.0,-0.29240597695107734,0.9562942772197719
training,2025-12-13T00:00:00+00:00,2025-12-12T18:00:00+00:00,2025-12-14T01:00:00+00:00,2025-12-14T06:00:00+05:00,24,25.0,ecac2f7fb7f368d7ab777f8f3a62cc21338c6414a21fc450803d5809bbb29234,0.30833333333333335,4.8,4.92,5.03,235.0,0.9,946.7,0.25881904510252074,0.9659258262890683,-0.29240597695107734,0.9562942772197719
training,2025-12-12T00:00:00+00:00,2025-12-11T18:00:00+00:00,2025-12-14T01:00:00+00:00,2025-12-14T06:00:00+05:00,48,49.0,1a4d536120693f69e4449cdf08371bbc6f99d84bf48296fa0e49f064d086c6c3,0.30833333333333335,6.69,6.87,7.01,228.0,0.4,947.6,0.25881904510252074,0.9659258262890683,-0.29240597695107734,0.9562942772197719
training,2025-12-13T00:00:00+00:00,2025-12-12T18:00:00+00:00,2025-12-14T02:00:00+00:00,2025-12-14T07:00:00+05:00,24,26.0,ecac2f7fb7f368d7ab777f8f3a62cc21338c6414a21fc450803d5809bbb29234,0.36000000000000004,5.58,5.73,5.85,236.0,0.6,947.1,0.49999999999999994,0.8660254037844387,-0.29240597695107734,0.9562942772197719
training,2025-12-12T00:00:00+00:00,2025-12-11T18:00:00+00:00,2025-12-14T02:00:00+00:00,2025-12-14T07:00:00+05:00,48,50.0,1a4d536120693f69e4449cdf08371bbc6f99d84bf48296fa0e49f064d086c6c3,0.36000000000000004,5.46,5.6,5.72,237.0,0.2,948.0,0.49999999999999994,0.8660254037844387,-0.29240597695107734,0.9562942772197719
training,2025-12-13T06:00:00+00:00,2025-12-13T00:00:00+00:00,2025-12-14T03:00:00+00:00,2025-12-14T08:00:00+05:00,24,21.0,5a91c28ac486382f0c69f3ff13781c2c8df7485c7acd6204d4b6c39cbb74aa4d,0.68,6.3,6.47,6.6,251.0,1.6,948.7,0.7071067811865476,0.7071067811865476,-0.29240597695107734,0.9562942772197719
training,2025-12-12T06:00:00+00:00,2025-12-12T00:00:00+00:00,2025-12-14T03:00:00+00:00,2025-12-14T08:00:00+05:00,48,45.0,9f083b80d23f5846545b916266b6bd77b3a403c6d935782902217498004d3b82,0.68,5.91,6.06,6.19,238.0,0.9,947.8,0.7071067811865476,0.7071067811865476,-0.29240597695107734,0.9562942772197719
training,2025-12-13T06:00:00+00:00,2025-12-13T00:00:00+00:00,2025-12-14T04:00:00+00:00,2025-12-14T09:00:00+05:00,24,22.0,5a91c28ac486382f0c69f3ff13781c2c8df7485c7acd6204d4b6c39cbb74aa4d,0.755,6.76,6.93,7.08,244.0,2.7,949.5,0.8660254037844386,0.5000000000000001,-0.29240597695107734,0.9562942772197719
training,2025-12-12T06:00:00+00:00,2025-12-12T00:00:00+00:00,2025-12-14T04:00:00+00:00,2025-12-14T09:00:00+05:00,48,46.0,9f083b80d23f5846545b916266b6bd77b3a403c6d935782902217498004d3b82,0.755,5.06,5.19,5.29,236.0,2.5,949.0,0.8660254037844386,0.5000000000000001,-0.29240597695107734,0.9562942772197719
training,2025-12-13T06:00:00+00:00,2025-12-13T00:00:00+00:00,2025-12-14T05:00:00+00:00,2025-12-14T10:00:00+05:00,24,23.0,5a91c28ac486382f0c69f3ff13781c2c8df7485c7acd6204d4b6c39cbb74aa4d,0.7716666666666666,6.26,6.42,6.56,238.0,3.8,949.8,0.9659258262890683,0.25881904510252074,-0.29240597695107734,0.9562942772197719
training,2025-12-12T06:00:00+00:00,2025-12-12T00:00:00+00:00,2025-12-14T05:00:00+00:00,2025-12-14T10:00:00+05:00,48,47.0,9f083b80d23f5846545b916266b6bd77b3a403c6d935782902217498004d3b82,0.7716666666666666,3.84,3.94,4.02,230.0,3.5,949.1,0.9659258262890683,0.25881904510252074,-0.29240597695107734,0.9562942772197719
training,2025-12-13T06:00:00+00:00,2025-12-13T00:00:00+00:00,2025-12-14T06:00:00+00:00,2025-12-14T11:00:00+05:00,24,24.0,5a91c28ac486382f0c69f3ff13781c2c8df7485c7acd6204d4b6c39cbb74aa4d,0.8916666666666666,6.42,6.59,6.72,240.0,4.7,949.9,1.0,6.123233995736766e-17,-0.29240597695107734,0.9562942772197719
training,2025-12-12T06:00:00+00:00,2025-12-12T00:00:00+00:00,2025-12-14T06:00:00+00:00,2025-12-14T11:00:00+05:00,48,48.0,9f083b80d23f5846545b916266b6bd77b3a403c6d935782902217498004d3b82,0.8916666666666666,6.3,6.47,6.6,251.0,4.6,950.0,1.0,6.123233995736766e-17,-0.29240597695107734,0.9562942772197719
training,2025-12-13T06:00:00+00:00,2025-12-13T00:00:00+00:00,2025-12-14T07:00:00+00:00,2025-12-14T12:00:00+05:00,24,25.0,5a91c28ac486382f0c69f3ff13781c2c8df7485c7acd6204d4b6c39cbb74aa4d,0.9700000000000001,5.33,5.47,5.58,234.0,5.3,949.4,0.9659258262890683,-0.25881904510252063,-0.29240597695107734,0.9562942772197719
training,2025-12-12T06:00:00+00:00,2025-12-12T00:00:00+00:00,2025-12-14T07:00:00+00:00,2025-12-14T12:00:00+05:00,48,49.0,9f083b80d23f5846545b916266b6bd77b3a403c6d935782902217498004d3b82,0.9700000000000001,6.98,7.16,7.31,241.0,4.4,950.2,0.9659258262890683,-0.25881904510252063,-0.29240597695107734,0.9562942772197719
training,2025-12-13T06:00:00+00:00,2025-12-13T00:00:00+00:00,2025-12-14T08:00:00+00:00,2025-12-14T13:00:00+05:00,24,26.0,5a91c28ac486382f0c69f3ff13781c2c8df7485c7acd6204d4b6c39cbb74aa4d,0.9733333333333333,4.99,5.12,5.23,238.0,5.7,949.4,0.8660254037844387,-0.4999999999999998,-0.29240597695107734,0.9562942772197719
training,2025-12-12T06:00:00+00:00,2025-12-12T00:00:00+00:00,2025-12-14T08:00:00+00:00,2025-12-14T13:00:00+05:00,48,50.0,9f083b80d23f5846545b916266b6bd77b3a403c6d935782902217498004d3b82,0.9733333333333333,5.23,5.36,5.48,219.0,4.2,949.7,0.8660254037844387,-0.4999999999999998,-0.29240597695107734,0.9562942772197719
training,2025-12-13T12:00:00+00:00,2025-12-13T06:00:00+00:00,2025-12-14T09:00:00+00:00,2025-12-14T14:00:00+05:00,24,21.0,b0fcd629310c7c7cb98129c877c6f5edf135bd70345b40561bf993a4300f0544,0.7383333333333333,3.37,3.46,3.53,233.0,5.3,949.6,0.7071067811865476,-0.7071067811865475,-0.29240597695107734,0.9562942772197719
training,2025-12-12T12:00:00+00:00,2025-12-12T06:00:00+00:00,2025-12-14T09:00:00+00:00,2025-12-14T14:00:00+05:00,48,45.0,7e5ed7b50215529b091ae6235c4ea0af7f55fb9d397ed8173fc659c1d9d596c4,0.7383333333333333,3.08,3.16,3.22,241.0,5.6,949.6,0.7071067811865476,-0.7071067811865475,-0.29240597695107734,0.9562942772197719
training,2025-12-13T12:00:00+00:00,2025-12-13T06:00:00+00:00,2025-12-14T10:00:00+00:00,2025-12-14T15:00:00+05:00,24,22.0,b0fcd629310c7c7cb98129c877c6f5edf135bd70345b40561bf993a4300f0544,0.2966666666666667,1.53,1.57,1.6,243.0,4.0,949.7,0.49999999999999994,-0.8660254037844387,-0.29240597695107734,0.9562942772197719
training,2025-12-12T12:00:00+00:00,2025-12-12T06:00:00+00:00,2025-12-14T10:00:00+00:00,2025-12-14T15:00:00+05:00,48,46.0,7e5ed7b50215529b091ae6235c4ea0af7f55fb9d397ed8173fc659c1d9d596c4,0.2966666666666667,1.66,1.7,1.74,272.0,4.4,949.7,0.49999999999999994,-0.8660254037844387,-0.29240597695107734,0.9562942772197719
training,2025-12-13T12:00:00+00:00,2025-12-13T06:00:00+00:00,2025-12-14T11:00:00+00:00,2025-12-14T16:00:00+05:00,24,23.0,b0fcd629310c7c7cb98129c877c6f5edf135bd70345b40561bf993a4300f0544,0.024999999999999998,1.47,1.5,1.53,356.0,1.4,949.6,0.258819045102521,-0.9659258262890682,-0.29240597695107734,0.9562942772197719
training,2025-12-12T12:00:00+00:00,2025-12-12T06:00:00+00:00,2025-12-14T11:00:00+00:00,2025-12-14T16:00:00+05:00,48,47.0,7e5ed7b50215529b091ae6235c4ea0af7f55fb9d397ed8173fc659c1d9d596c4,0.024999999999999998,2.71,2.78,2.83,23.0,1.0,949.4,0.258819045102521,-0.9659258262890682,-0.29240597695107734,0.9562942772197719
training,2025-12-13T12:00:00+00:00,2025-12-13T06:00:00+00:00,2025-12-14T12:00:00+00:00,2025-12-14T17:00:00+05:00,24,24.0,b0fcd629310c7c7cb98129c877c6f5edf135bd70345b40561bf993a4300f0544,0.03,3.66,3.75,3.83,48.0,-0.1,950.1,1.2246467991473532e-16,-1.0,-0.29240597695107734,0.9562942772197719
training,2025-12-12T12:00:00+00:00,2025-12-12T06:00:00+00:00,2025-12-14T12:00:00+00:00,2025-12-14T17:00:00+05:00,48,48.0,7e5ed7b50215529b091ae6235c4ea0af7f55fb9d397ed8173fc659c1d9d596c4,0.03,5.53,5.67,5.79,60.0,0.6,949.9,1.2246467991473532e-16,-1.0,-0.29240597695107734,0.9562942772197719
training,2025-12-13T12:00:00+00:00,2025-12-13T06:00:00+00:00,2025-12-14T13:00:00+00:00,2025-12-14T18:00:00+05:00,24,25.0,b0fcd629310c7c7cb98129c877c6f5edf135bd70345b40561bf993a4300f0544,0.24166666666666667,5.93,6.08,6.21,68.0,0.9,950.4,-0.2588190451025208,-0.9659258262890683,-0.29240597695107734,0.9562942772197719
training,2025-12-12T12:00:00+00:00,2025-12-12T06:00:00+00:00,2025-12-14T13:00:00+00:00,2025-12-14T18:00:00+05:00,48,49.0,7e5ed7b50215529b091ae6235c4ea0af7f55fb9d397ed8173fc659c1d9d596c4,0.24166666666666667,6.95,7.13,7.28,65.0,1.2,950.0,-0.2588190451025208,-0.9659258262890683,-0.29240597695107734,0.9562942772197719
training,2025-12-13T12:00:00+00:00,2025-12-13T06:00:00+00:00,2025-12-14T14:00:00+00:00,2025-12-14T19:00:00+05:00,24,26.0,b0fcd629310c7c7cb98129c877c6f5edf135bd70345b40561bf993a4300f0544,0.8683333333333333,6.91,7.09,7.24,68.0,0.7,950.1,-0.4999999999999997,-0.8660254037844388,-0.29240597695107734,0.9562942772197719
training,2025-12-12T12:00:00+00:00,2025-12-12T06:00:00+00:00,2025-12-14T14:00:00+00:00,2025-12-14T19:00:00+05:00,48,50.0,7e5ed7b50215529b091ae6235c4ea0af7f55fb9d397ed8173fc659c1d9d596c4,0.8683333333333333,7.26,7.45,7.6,64.0,0.5,949.5,-0.4999999999999997,-0.8660254037844388,-0.29240597695107734,0.9562942772197719
training,2025-12-13T18:00:00+00:00,2025-12-13T12:00:00+00:00,2025-12-14T15:00:00+00:00,2025-12-14T20:00:00+05:00,24,21.0,22994c56765a93697808b1cb65ad3c93103ca2dedd60f8dd05c2412f0248d26d,0.9783333333333334,7.65,7.85,8.01,64.0,-0.1,950.3,-0.7071067811865471,-0.7071067811865479,-0.29240597695107734,0.9562942772197719
training,2025-12-12T18:00:00+00:00,2025-12-12T12:00:00+00:00,2025-12-14T15:00:00+00:00,2025-12-14T20:00:00+05:00,48,45.0,4b6572d256fab8166b709bf7690f6ac1c965e4f6b60a9ec4d386d3f726c434a1,0.9783333333333334,7.3,7.49,7.65,63.0,-0.3,949.0,-0.7071067811865471,-0.7071067811865479,-0.29240597695107734,0.9562942772197719
training,2025-12-13T18:00:00+00:00,2025-12-13T12:00:00+00:00,2025-12-14T16:00:00+00:00,2025-12-14T21:00:00+05:00,24,22.0,22994c56765a93697808b1cb65ad3c93103ca2dedd60f8dd05c2412f0248d26d,0.9733333333333333,8.44,8.65,8.83,64.0,-0.3,949.5,-0.8660254037844385,-0.5000000000000004,-0.29240597695107734,0.9562942772197719
training,2025-12-12T18:00:00+00:00,2025-12-12T12:00:00+00:00,2025-12-14T16:00:00+00:00,2025-12-14T21:00:00+05:00,48,46.0,4b6572d256fab8166b709bf7690f6ac1c965e4f6b60a9ec4d386d3f726c434a1,0.9733333333333333,7.64,7.84,8.0,67.0,-1.1,948.6,-0.8660254037844385,-0.5000000000000004,-0.29240597695107734,0.9562942772197719
training,2025-12-13T18:00:00+00:00,2025-12-13T12:00:00+00:00,2025-12-14T17:00:00+00:00,2025-12-14T22:00:00+05:00,24,23.0,22994c56765a93697808b1cb65ad3c93103ca2dedd60f8dd05c2412f0248d26d,0.9783333333333334,9.33,9.57,9.77,63.0,-0.5,948.8,-0.9659258262890683,-0.25881904510252063,-0.29240597695107734,0.9562942772197719
training,2025-12-12T18:00:00+00:00,2025-12-12T12:00:00+00:00,2025-12-14T17:00:00+00:00,2025-12-14T22:00:00+05:00,48,47.0,4b6572d256fab8166b709bf7690f6ac1c965e4f6b60a9ec4d386d3f726c434a1,0.9783333333333334,8.34,8.55,8.73,67.0,-1.4,948.2,-0.9659258262890683,-0.25881904510252063,-0.29240597695107734,0.9562942772197719
training,2025-12-13T18:00:00+00:00,2025-12-13T12:00:00+00:00,2025-12-14T18:00:00+00:00,2025-12-14T23:00:00+05:00,24,24.0,22994c56765a93697808b1cb65ad3c93103ca2dedd60f8dd05c2412f0248d26d,0.98,10.0,10.26,10.47,66.0,-0.6,948.1,-1.0,-1.8369701987210297e-16,-0.29240597695107734,0.9562942772197719
training,2025-12-12T18:00:00+00:00,2025-12-12T12:00:00+00:00,2025-12-14T18:00:00+00:00,2025-12-14T23:00:00+05:00,48,48.0,4b6572d256fab8166b709bf7690f6ac1c965e4f6b60a9ec4d386d3f726c434a1,0.98,8.93,9.17,9.36,67.0,-1.5,947.5,-1.0,-1.8369701987210297e-16,-0.29240597695107734,0.9562942772197719
training,2025-12-13T18:00:00+00:00,2025-12-13T12:00:00+00:00,2025-12-14T19:00:00+00:00,2025-12-15T00:00:00+05:00,24,25.0,22994c56765a93697808b1cb65ad3c93103ca2dedd60f8dd05c2412f0248d26d,0.9783333333333334,10.31,10.58,10.79,69.0,-0.7,947.5,-0.9659258262890684,0.2588190451025203,-0.29240597695107734,0.9562942772197719
training,2025-12-12T18:00:00+00:00,2025-12-12T12:00:00+00:00,2025-12-14T19:00:00+00:00,2025-12-15T00:00:00+05:00,48,49.0,4b6572d256fab8166b709bf7690f6ac1c965e4f6b60a9ec4d386d3f726c434a1,0.9783333333333334,9.59,9.84,10.05,68.0,-1.0,947.0,-0.9659258262890684,0.2588190451025203,-0.29240597695107734,0.9562942772197719
training,2025-12-13T18:00:00+00:00,2025-12-13T12:00:00+00:00,2025-12-14T20:00:00+00:00,2025-12-15T01:00:00+05:00,24,26.0,22994c56765a93697808b1cb65ad3c93103ca2dedd60f8dd05c2412f0248d26d,0.955,10.92,11.2,11.43,74.0,-0.4,947.0,-0.8660254037844386,0.5000000000000001,-0.29240597695107734,0.9562942772197719
training,2025-12-12T18:00:00+00:00,2025-12-12T12:00:00+00:00,2025-12-14T20:00:00+00:00,2025-12-15T01:00:00+05:00,48,50.0,4b6572d256fab8166b709bf7690f6ac1c965e4f6b60a9ec4d386d3f726c434a1,0.955,10.04,10.3,10.51,70.0,-0.9,946.3,-0.8660254037844386,0.5000000000000001,-0.29240597695107734,0.9562942772197719
training,2025-12-14T00:00:00+00:00,2025-12-13T18:00:00+00:00,2025-12-14T21:00:00+00:00,2025-12-15T02:00:00+05:00,24,21.0,d80dbf8815f1c8595054dff82b32ce3b92332d1a86d566089ff5fdfc474aa848,0.9133333333333332,9.65,9.91,10.11,80.0,0.1,946.9,-0.7071067811865477,0.7071067811865474,-0.29240597695107734,0.9562942772197719
training,2025-12-13T00:00:00+00:00,2025-12-12T18:00:00+00:00,2025-12-14T21:00:00+00:00,2025-12-15T02:00:00+05:00,48,45.0,ecac2f7fb7f368d7ab777f8f3a62cc21338c6414a21fc450803d5809bbb29234,0.9133333333333332,9.62,9.87,10.08,75.0,-0.3,945.6,-0.7071067811865477,0.7071067811865474,-0.29240597695107734,0.9562942772197719
training,2025-12-14T00:00:00+00:00,2025-12-13T18:00:00+00:00,2025-12-14T22:00:00+00:00,2025-12-15T03:00:00+05:00,24,22.0,d80dbf8815f1c8595054dff82b32ce3b92332d1a86d566089ff5fdfc474aa848,0.5216666666666666,8.99,9.22,9.41,83.0,0.0,946.8,-0.5000000000000004,0.8660254037844384,-0.29240597695107734,0.9562942772197719
training,2025-12-13T00:00:00+00:00,2025-12-12T18:00:00+00:00,2025-12-14T22:00:00+00:00,2025-12-15T03:00:00+05:00,48,46.0,ecac2f7fb7f368d7ab777f8f3a62cc21338c6414a21fc450803d5809bbb29234,0.5216666666666666,9.47,9.71,9.91,75.0,-0.3,945.5,-0.5000000000000004,0.8660254037844384,-0.29240597695107734,0.9562942772197719
training,2025-12-14T00:00:00+00:00,2025-12-13T18:00:00+00:00,2025-12-14T23:00:00+00:00,2025-12-15T04:00:00+05:00,24,23.0,d80dbf8815f1c8595054dff82b32ce3b92332d1a86d566089ff5fdfc474aa848,0.19833333333333333,7.3,7.48,7.64,67.0,0.3,947.8,-0.25881904510252157,0.9659258262890681,-0.29240597695107734,0.9562942772197719
training,2025-12-13T00:00:00+00:00,2025-12-12T18:00:00+00:00,2025-12-14T23:00:00+00:00,2025-12-15T04:00:00+05:00,48,47.0,ecac2f7fb7f368d7ab777f8f3a62cc21338c6414a21fc450803d5809bbb29234,0.19833333333333333,8.56,8.78,8.97,74.0,-0.6,945.9,-0.25881904510252157,0.9659258262890681,-0.29240597695107734,0.9562942772197719
training,2025-12-14T00:00:00+00:00,2025-12-13T18:00:00+00:00,2025-12-15T00:00:00+00:00,2025-12-15T05:00:00+05:00,24,24.0,d80dbf8815f1c8595054dff82b32ce3b92332d1a86d566089ff5fdfc474aa848,0.016666666666666666,4.93,5.06,5.16,245.0,-0.4,953.0,0.0,1.0,-0.27591294500296043,0.9611826292540837
training,2025-12-13T00:00:00+00:00,2025-12-12T18:00:00+00:00,2025-12-15T00:00:00+00:00,2025-12-15T05:00:00+05:00,48,48.0,ecac2f7fb7f368d7ab777f8f3a62cc21338c6414a21fc450803d5809bbb29234,0.016666666666666666,6.78,6.95,7.1,260.0,-1.1,950.3,0.0,1.0,-0.27591294500296043,0.9611826292540837
training,2025-12-14T00:00:00+00:00,2025-12-13T18:00:00+00:00,2025-12-15T01:00:00+00:00,2025-12-15T06:00:00+05:00,24,25.0,d80dbf8815f1c8595054dff82b32ce3b92332d1a86d566089ff5fdfc474aa848,0.021666666666666667,7.64,7.84,8.0,210.0,-0.4,952.8,0.25881904510252074,0.9659258262890683,-0.27591294500296043,0.9611826292540837
training,2025-12-13T00:00:00+00:00,2025-12-12T18:00:00+00:00,2025-12-15T01:00:00+00:00,2025-12-15T06:00:00+05:00,48,49.0,ecac2f7fb7f368d7ab777f8f3a62cc21338c6414a21fc450803d5809bbb29234,0.021666666666666667,8.85,9.08,9.27,253.0,0.6,953.0,0.25881904510252074,0.9659258262890683,-0.27591294500296043,0.9611826292540837
training,2025-12-14T00:00:00+00:00,2025-12-13T18:00:00+00:00,2025-12-15T02:00:00+00:00,2025-12-15T07:00:00+05:00,24,26.0,d80dbf8815f1c8595054dff82b32ce3b92332d1a86d566089ff5fdfc474aa848,0.6566666666666666,7.4,7.6,7.75,249.0,-0.1,955.3,0.49999999999999994,0.8660254037844387,-0.27591294500296043,0.9611826292540837
training,2025-12-13T00:00:00+00:00,2025-12-12T18:00:00+00:00,2025-12-15T02:00:00+00:00,2025-12-15T07:00:00+05:00,48,50.0,ecac2f7fb7f368d7ab777f8f3a62cc21338c6414a21fc450803d5809bbb29234,0.6566666666666666,10.72,11.0,11.23,270.0,1.5,955.4,0.49999999999999994,0.8660254037844387,-0.27591294500296043,0.9611826292540837
training,2025-12-14T06:00:00+00:00,2025-12-14T00:00:00+00:00,2025-12-15T03:00:00+00:00,2025-12-15T08:00:00+05:00,24,21.0,84d4f046e785facd1e777985ec37b01ee316c92be24e34340e77221f0d8f1e5c,0.5833333333333334,7.85,8.05,8.22,243.0,1.8,956.1,0.7071067811865476,0.7071067811865476,-0.27591294500296043,0.9611826292540837
training,2025-12-13T06:00:00+00:00,2025-12-13T00:00:00+00:00,2025-12-15T03:00:00+00:00,2025-12-15T08:00:00+05:00,48,45.0,5a91c28ac486382f0c69f3ff13781c2c8df7485c7acd6204d4b6c39cbb74aa4d,0.5833333333333334,11.49,11.79,12.03,242.0,1.3,956.8,0.7071067811865476,0.7071067811865476,-0.27591294500296043,0.9611826292540837
training,2025-12-14T06:00:00+00:00,2025-12-14T00:00:00+00:00,2025-12-15T04:00:00+00:00,2025-12-15T09:00:00+05:00,24,22.0,84d4f046e785facd1e777985ec37b01ee316c92be24e34340e77221f0d8f1e5c,0.7566666666666667,7.9,8.1,8.27,257.0,1.9,957.2,0.8660254037844386,0.5000000000000001,-0.27591294500296043,0.9611826292540837
training,2025-12-13T06:00:00+00:00,2025-12-13T00:00:00+00:00,2025-12-15T04:00:00+00:00,2025-12-15T09:00:00+05:00,48,46.0,5a91c28ac486382f0c69f3ff13781c2c8df7485c7acd6204d4b6c39cbb74aa4d,0.7566666666666667,11.75,12.05,12.3,244.0,2.1,957.8,0.8660254037844386,0.5000000000000001,-0.27591294500296043,0.9611826292540837
training,2025-12-14T06:00:00+00:00,2025-12-14T00:00:00+00:00,2025-12-15T05:00:00+00:00,2025-12-15T10:00:00+05:00,24,23.0,84d4f046e785facd1e777985ec37b01ee316c92be24e34340e77221f0d8f1e5c,0.98,9.87,10.13,10.34,245.0,2.3,957.8,0.9659258262890683,0.25881904510252074,-0.27591294500296043,0.9611826292540837
training,2025-12-13T06:00:00+00:00,2025-12-13T00:00:00+00:00,2025-12-15T05:00:00+00:00,2025-12-15T10:00:00+05:00,48,47.0,5a91c28ac486382f0c69f3ff13781c2c8df7485c7acd6204d4b6c39cbb74aa4d,0.98,11.2,11.49,11.73,244.0,3.1,958.6,0.9659258262890683,0.25881904510252074,-0.27591294500296043,0.9611826292540837
training,2025-12-14T06:00:00+00:00,2025-12-14T00:00:00+00:00,2025-12-15T06:00:00+00:00,2025-12-15T11:00:00+05:00,24,24.0,84d4f046e785facd1e777985ec37b01ee316c92be24e34340e77221f0d8f1e5c,0.9700000000000001,11.86,12.16,12.42,253.0,3.9,958.5,1.0,6.123233995736766e-17,-0.27591294500296043,0.9611826292540837
training,2025-12-13T06:00:00+00:00,2025-12-13T00:00:00+00:00,2025-12-15T06:00:00+00:00,2025-12-15T11:00:00+05:00,48,48.0,5a91c28ac486382f0c69f3ff13781c2c8df7485c7acd6204d4b6c39cbb74aa4d,0.9700000000000001,12.02,12.33,12.59,251.0,3.5,959.2,1.0,6.123233995736766e-17,-0.27591294500296043,0.9611826292540837
training,2025-12-14T06:00:00+00:00,2025-12-14T00:00:00+00:00,2025-12-15T07:00:00+00:00,2025-12-15T12:00:00+05:00,24,25.0,84d4f046e785facd1e777985ec37b01ee316c92be24e34340e77221f0d8f1e5c,0.9716666666666667,11.12,11.4,11.64,247.0,2.9,958.4,0.9659258262890683,-0.25881904510252063,-0.27591294500296043,0.9611826292540837
training,2025-12-13T06:00:00+00:00,2025-12-13T00:00:00+00:00,2025-12-15T07:00:00+00:00,2025-12-15T12:00:00+05:00,48,49.0,5a91c28ac486382f0c69f3ff13781c2c8df7485c7acd6204d4b6c39cbb74aa4d,0.9716666666666667,11.53,11.83,12.07,244.0,3.1,959.4,0.9659258262890683,-0.25881904510252063,-0.27591294500296043,0.9611826292540837
training,2025-12-14T06:00:00+00:00,2025-12-14T00:00:00+00:00,2025-12-15T08:00:00+00:00,2025-12-15T13:00:00+05:00,24,26.0,84d4f046e785facd1e777985ec37b01ee316c92be24e34340e77221f0d8f1e5c,0.975,10.34,10.61,10.83,238.0,2.7,958.9,0.8660254037844387,-0.4999999999999998,-0.27591294500296043,0.9611826292540837
training,2025-12-13T06:00:00+00:00,2025-12-13T00:00:00+00:00,2025-12-15T08:00:00+00:00,2025-12-15T13:00:00+05:00,48,50.0,5a91c28ac486382f0c69f3ff13781c2c8df7485c7acd6204d4b6c39cbb74aa4d,0.975,11.47,11.77,12.02,241.0,2.8,959.7,0.8660254037844387,-0.4999999999999998,-0.27591294500296043,0.9611826292540837
training,2025-12-14T12:00:00+00:00,2025-12-14T06:00:00+00:00,2025-12-15T09:00:00+00:00,2025-12-15T14:00:00+05:00,24,21.0,78e64501606c9e144e9eb6803ae326d27ab98053e40870cdc0f5a7267d765a67,0.9766666666666666,11.4,11.7,11.94,231.0,1.4,960.3,0.7071067811865476,-0.7071067811865475,-0.27591294500296043,0.9611826292540837
training,2025-12-13T12:00:00+00:00,2025-12-13T06:00:00+00:00,2025-12-15T09:00:00+00:00,2025-12-15T14:00:00+05:00,48,45.0,b0fcd629310c7c7cb98129c877c6f5edf135bd70345b40561bf993a4300f0544,0.9766666666666666,12.03,12.34,12.6,237.0,1.6,960.3,0.7071067811865476,-0.7071067811865475,-0.27591294500296043,0.9611826292540837
training,2025-12-14T12:00:00+00:00,2025-12-14T06:00:00+00:00,2025-12-15T10:00:00+00:00,2025-12-15T15:00:00+05:00,24,22.0,78e64501606c9e144e9eb6803ae326d27ab98053e40870cdc0f5a7267d765a67,0.9716666666666667,12.86,13.2,13.47,240.0,0.8,961.1,0.49999999999999994,-0.8660254037844387,-0.27591294500296043,0.9611826292540837
training,2025-12-13T12:00:00+00:00,2025-12-13T06:00:00+00:00,2025-12-15T10:00:00+00:00,2025-12-15T15:00:00+05:00,48,46.0,b0fcd629310c7c7cb98129c877c6f5edf135bd70345b40561bf993a4300f0544,0.9716666666666667,12.61,12.94,13.21,241.0,0.8,961.3,0.49999999999999994,-0.8660254037844387,-0.27591294500296043,0.9611826292540837
training,2025-12-14T12:00:00+00:00,2025-12-14T06:00:00+00:00,2025-12-15T11:00:00+00:00,2025-12-15T16:00:00+05:00,24,23.0,78e64501606c9e144e9eb6803ae326d27ab98053e40870cdc0f5a7267d765a67,0.9733333333333333,12.47,12.79,13.05,238.0,-0.6,961.8,0.258819045102521,-0.9659258262890682,-0.27591294500296043,0.9611826292540837
training,2025-12-13T12:00:00+00:00,2025-12-13T06:00:00+00:00,2025-12-15T11:00:00+00:00,2025-12-15T16:00:00+05:00,48,47.0,b0fcd629310c7c7cb98129c877c6f5edf135bd70345b40561bf993a4300f0544,0.9733333333333333,12.42,12.74,13.01,240.0,-0.4,961.9,0.258819045102521,-0.9659258262890682,-0.27591294500296043,0.9611826292540837
training,2025-12-14T12:00:00+00:00,2025-12-14T06:00:00+00:00,2025-12-15T12:00:00+00:00,2025-12-15T17:00:00+05:00,24,24.0,78e64501606c9e144e9eb6803ae326d27ab98053e40870cdc0f5a7267d765a67,0.9716666666666667,11.41,11.71,11.95,233.0,-1.4,962.3,1.2246467991473532e-16,-1.0,-0.27591294500296043,0.9611826292540837
training,2025-12-13T12:00:00+00:00,2025-12-13T06:00:00+00:00,2025-12-15T12:00:00+00:00,2025-12-15T17:00:00+05:00,48,48.0,b0fcd629310c7c7cb98129c877c6f5edf135bd70345b40561bf993a4300f0544,0.9716666666666667,11.47,11.76,12.01,235.0,-1.3,962.5,1.2246467991473532e-16,-1.0,-0.27591294500296043,0.9611826292540837
training,2025-12-14T12:00:00+00:00,2025-12-14T06:00:00+00:00,2025-12-15T13:00:00+00:00,2025-12-15T18:00:00+05:00,24,25.0,78e64501606c9e144e9eb6803ae326d27ab98053e40870cdc0f5a7267d765a67,0.9733333333333333,10.47,10.74,10.96,231.0,-1.5,962.8,-0.2588190451025208,-0.9659258262890683,-0.27591294500296043,0.9611826292540837
training,2025-12-13T12:00:00+00:00,2025-12-13T06:00:00+00:00,2025-12-15T13:00:00+00:00,2025-12-15T18:00:00+05:00,48,49.0,b0fcd629310c7c7cb98129c877c6f5edf135bd70345b40561bf993a4300f0544,0.9733333333333333,10.66,10.94,11.17,234.0,-1.7,963.1,-0.2588190451025208,-0.9659258262890683,-0.27591294500296043,0.9611826292540837
training,2025-12-14T12:00:00+00:00,2025-12-14T06:00:00+00:00,2025-12-15T14:00:00+00:00,2025-12-15T19:00:00+05:00,24,26.0,78e64501606c9e144e9eb6803ae326d27ab98053e40870cdc0f5a7267d765a67,0.9783333333333334,9.18,9.41,9.61,228.0,-1.7,962.9,-0.4999999999999997,-0.8660254037844388,-0.27591294500296043,0.9611826292540837
training,2025-12-13T12:00:00+00:00,2025-12-13T06:00:00+00:00,2025-12-15T14:00:00+00:00,2025-12-15T19:00:00+05:00,48,50.0,b0fcd629310c7c7cb98129c877c6f5edf135bd70345b40561bf993a4300f0544,0.9783333333333334,9.8,10.06,10.26,228.0,-2.0,963.4,-0.4999999999999997,-0.8660254037844388,-0.27591294500296043,0.9611826292540837
training,2025-12-14T18:00:00+00:00,2025-12-14T12:00:00+00:00,2025-12-15T15:00:00+00:00,2025-12-15T20:00:00+05:00,24,21.0,37521888652441871dc65329d62fe033209f0290143c8e8db8834db5e708931a,0.9700000000000001,8.24,8.45,8.63,227.0,-0.7,963.1,-0.7071067811865471,-0.7071067811865479,-0.27591294500296043,0.9611826292540837
training,2025-12-13T18:00:00+00:00,2025-12-13T12:00:00+00:00,2025-12-15T15:00:00+00:00,2025-12-15T20:00:00+05:00,48,45.0,22994c56765a93697808b1cb65ad3c93103ca2dedd60f8dd05c2412f0248d26d,0.9700000000000001,7.59,7.79,7.95,222.0,-1.6,963.3,-0.7071067811865471,-0.7071067811865479,-0.27591294500296043,0.9611826292540837
training,2025-12-14T18:00:00+00:00,2025-12-14T12:00:00+00:00,2025-12-15T16:00:00+00:00,2025-12-15T21:00:00+05:00,24,22.0,37521888652441871dc65329d62fe033209f0290143c8e8db8834db5e708931a,0.48333333333333334,6.54,6.71,6.85,220.0,-0.4,962.9,-0.8660254037844385,-0.5000000000000004,-0.27591294500296043,0.9611826292540837
training,2025-12-13T18:00:00+00:00,2025-12-13T12:00:00+00:00,2025-12-15T16:00:00+00:00,2025-12-15T21:00:00+05:00,48,46.0,22994c56765a93697808b1cb65ad3c93103ca2dedd60f8dd05c2412f0248d26d,0.48333333333333334,5.84,5.99,6.11,218.0,-2.2,963.1,-0.8660254037844385,-0.5000000000000004,-0.27591294500296043,0.9611826292540837
training,2025-12-14T18:00:00+00:00,2025-12-14T12:00:00+00:00,2025-12-15T17:00:00+00:00,2025-12-15T22:00:00+05:00,24,23.0,37521888652441871dc65329d62fe033209f0290143c8e8db8834db5e708931a,0.041666666666666664,5.01,5.14,5.24,221.0,-0.6,962.6,-0.9659258262890683,-0.25881904510252063,-0.27591294500296043,0.9611826292540837
training,2025-12-13T18:00:00+00:00,2025-12-13T12:00:00+00:00,2025-12-15T17:00:00+00:00,2025-12-15T22:00:00+05:00,48,47.0,22994c56765a93697808b1cb65ad3c93103ca2dedd60f8dd05c2412f0248d26d,0.041666666666666664,3.56,3.65,3.73,221.0,-2.9,962.8,-0.9659258262890683,-0.25881904510252063,-0.27591294500296043,0.9611826292540837
training,2025-12-14T18:00:00+00:00,2025-12-14T12:00:00+00:00,2025-12-15T18:00:00+00:00,2025-12-15T23:00:00+05:00,24,24.0,37521888652441871dc65329d62fe033209f0290143c8e8db8834db5e708931a,0.024999999999999998,2.79,2.87,2.92,241.0,-1.2,962.4,-1.0,-1.8369701987210297e-16,-0.27591294500296043,0.9611826292540837
training,2025-12-13T18:00:00+00:00,2025-12-13T12:00:00+00:00,2025-12-15T18:00:00+00:00,2025-12-15T23:00:00+05:00,48,48.0,22994c56765a93697808b1cb65ad3c93103ca2dedd60f8dd05c2412f0248d26d,0.024999999999999998,1.24,1.27,1.3,281.0,-4.0,962.4,-1.0,-1.8369701987210297e-16,-0.27591294500296043,0.9611826292540837
training,2025-12-14T18:00:00+00:00,2025-12-14T12:00:00+00:00,2025-12-15T19:00:00+00:00,2025-12-16T00:00:00+05:00,24,25.0,37521888652441871dc65329d62fe033209f0290143c8e8db8834db5e708931a,0.01,1.2,1.23,1.26,291.0,-1.6,962.5,-0.9659258262890684,0.2588190451025203,-0.27591294500296043,0.9611826292540837
training,2025-12-13T18:00:00+00:00,2025-12-13T12:00:00+00:00,2025-12-15T19:00:00+00:00,2025-12-16T00:00:00+05:00,48,49.0,22994c56765a93697808b1cb65ad3c93103ca2dedd60f8dd05c2412f0248d26d,0.01,1.77,1.82,1.86,21.0,-3.9,962.6,-0.9659258262890684,0.2588190451025203,-0.27591294500296043,0.9611826292540837
training,2025-12-14T18:00:00+00:00,2025-12-14T12:00:00+00:00,2025-12-15T20:00:00+00:00,2025-12-16T01:00:00+05:00,24,26.0,37521888652441871dc65329d62fe033209f0290143c8e8db8834db5e708931a,0.01,0.35,0.36,0.37,34.0,-2.5,962.4,-0.8660254037844386,0.5000000000000001,-0.27591294500296043,0.9611826292540837
training,2025-12-13T18:00:00+00:00,2025-12-13T12:00:00+00:00,2025-12-15T20:00:00+00:00,2025-12-16T01:00:00+05:00,48,50.0,22994c56765a93697808b1cb65ad3c93103ca2dedd60f8dd05c2412f0248d26d,0.01,2.45,2.51,2.56,55.0,-3.7,962.5,-0.8660254037844386,0.5000000000000001,-0.27591294500296043,0.9611826292540837
training,2025-12-15T00:00:00+00:00,2025-12-14T18:00:00+00:00,2025-12-15T21:00:00+00:00,2025-12-16T02:00:00+05:00,24,21.0,d289c5fbdbcfbf7be0df3f28aa1ec69433d0b72ff571e8c13b6c82814a027c5b,0.008333333333333333,0.73,0.75,0.77,53.0,-3.0,962.0,-0.7071067811865477,0.7071067811865474,-0.27591294500296043,0.9611826292540837
training,2025-12-14T00:00:00+00:00,2025-12-13T18:00:00+00:00,2025-12-15T21:00:00+00:00,2025-12-16T02:00:00+05:00,48,45.0,d80dbf8815f1c8595054dff82b32ce3b92332d1a86d566089ff5fdfc474aa848,0.008333333333333333,2.92,3.0,3.06,66.0,-3.8,962.0,-0.7071067811865477,0.7071067811865474,-0.27591294500296043,0.9611826292540837
training,2025-12-15T00:00:00+00:00,2025-12-14T18:00:00+00:00,2025-12-15T22:00:00+00:00,2025-12-16T03:00:00+05:00,24,22.0,d289c5fbdbcfbf7be0df3f28aa1ec69433d0b72ff571e8c13b6c82814a027c5b,0.05666666666666667,1.0,1.03,1.05,43.0,-2.9,962.2,-0.5000000000000004,0.8660254037844384,-0.27591294500296043,0.9611826292540837
training,2025-12-14T00:00:00+00:00,2025-12-13T18:00:00+00:00,2025-12-15T22:00:00+00:00,2025-12-16T03:00:00+05:00,48,46.0,d80dbf8815f1c8595054dff82b32ce3b92332d1a86d566089ff5fdfc474aa848,0.05666666666666667,3.89,3.99,4.07,60.0,-4.1,961.9,-0.5000000000000004,0.8660254037844384,-0.27591294500296043,0.9611826292540837
training,2025-12-15T00:00:00+00:00,2025-12-14T18:00:00+00:00,2025-12-15T23:00:00+00:00,2025-12-16T04:00:00+05:00,24,23.0,d289c5fbdbcfbf7be0df3f28aa1ec69433d0b72ff571e8c13b6c82814a027c5b,0.049999999999999996,1.31,1.34,1.37,63.0,-2.7,962.4,-0.25881904510252157,0.9659258262890681,-0.27591294500296043,0.9611826292540837
training,2025-12-14T00:00:00+00:00,2025-12-13T18:00:00+00:00,2025-12-15T23:00:00+00:00,2025-12-16T04:00:00+05:00,48,47.0,d80dbf8815f1c8595054dff82b32ce3b92332d1a86d566089ff5fdfc474aa848,0.049999999999999996,3.97,4.07,4.15,62.0,-4.0,961.6,-0.25881904510252157,0.9659258262890681,-0.27591294500296043,0.9611826292540837
training,2025-12-15T00:00:00+00:00,2025-12-14T18:00:00+00:00,2025-12-16T00:00:00+00:00,2025-12-16T05:00:00+05:00,24,24.0,d289c5fbdbcfbf7be0df3f28aa1ec69433d0b72ff571e8c13b6c82814a027c5b,0.31,1.98,2.04,2.08,62.0,-2.7,962.3,0.0,1.0,-0.2593382659754056,0.9657865518844574
training,2025-12-14T00:00:00+00:00,2025-12-13T18:00:00+00:00,2025-12-16T00:00:00+00:00,2025-12-16T05:00:00+05:00,48,48.0,d80dbf8815f1c8595054dff82b32ce3b92332d1a86d566089ff5fdfc474aa848,0.31,3.88,3.99,4.07,70.0,-3.5,961.4,0.0,1.0,-0.2593382659754056,0.9657865518844574
training,2025-12-15T00:00:00+00:00,2025-12-14T18:00:00+00:00,2025-12-16T01:00:00+00:00,2025-12-16T06:00:00+05:00,24,25.0,d289c5fbdbcfbf7be0df3f28aa1ec69433d0b72ff571e8c13b6c82814a027c5b,0.4066666666666667,2.99,3.07,3.13,74.0,-2.7,961.8,0.25881904510252074,0.9659258262890683,-0.2593382659754056,0.9657865518844574
training,2025-12-14T00:00:00+00:00,2025-12-13T18:00:00+00:00,2025-12-16T01:00:00+00:00,2025-12-16T06:00:00+05:00,48,49.0,d80dbf8815f1c8595054dff82b32ce3b92332d1a86d566089ff5fdfc474aa848,0.4066666666666667,4.21,4.32,4.41,70.0,-3.5,961.4,0.25881904510252074,0.9659258262890683,-0.2593382659754056,0.9657865518844574
training,2025-12-15T00:00:00+00:00,2025-12-14T18:00:00+00:00,2025-12-16T02:00:00+00:00,2025-12-16T07:00:00+05:00,24,26.0,d289c5fbdbcfbf7be0df3f28aa1ec69433d0b72ff571e8c13b6c82814a027c5b,0.6733333333333333,4.05,4.16,4.24,72.0,-3.3,961.2,0.49999999999999994,0.8660254037844387,-0.2593382659754056,0.9657865518844574
training,2025-12-14T00:00:00+00:00,2025-12-13T18:00:00+00:00,2025-12-16T02:00:00+00:00,2025-12-16T07:00:00+05:00,48,50.0,d80dbf8815f1c8595054dff82b32ce3b92332d1a86d566089ff5fdfc474aa848,0.6733333333333333,4.53,4.65,4.74,71.0,-3.7,961.2,0.49999999999999994,0.8660254037844387,-0.2593382659754056,0.9657865518844574
training,2025-12-15T06:00:00+00:00,2025-12-15T00:00:00+00:00,2025-12-16T03:00:00+00:00,2025-12-16T08:00:00+05:00,24,21.0,841ea4376654f10f641f1346c3ff0e15df6d99b202d69ef97ce38fad56005f30,0.9683333333333333,5.09,5.22,5.33,70.0,-2.1,960.9,0.7071067811865476,0.7071067811865476,-0.2593382659754056,0.9657865518844574
training,2025-12-14T06:00:00+00:00,2025-12-14T00:00:00+00:00,2025-12-16T03:00:00+00:00,2025-12-16T08:00:00+05:00,48,45.0,84d4f046e785facd1e777985ec37b01ee316c92be24e34340e77221f0d8f1e5c,0.9683333333333333,3.06,3.14,3.21,76.0,-2.5,961.4,0.7071067811865476,0.7071067811865476,-0.2593382659754056,0.9657865518844574
training,2025-12-15T06:00:00+00:00,2025-12-15T00:00:00+00:00,2025-12-16T04:00:00+00:00,2025-12-16T09:00:00+05:00,24,22.0,841ea4376654f10f641f1346c3ff0e15df6d99b202d69ef97ce38fad56005f30,0.9700000000000001,5.9,6.05,6.18,68.0,0.6,960.8,0.8660254037844386,0.5000000000000001,-0.2593382659754056,0.9657865518844574
training,2025-12-14T06:00:00+00:00,2025-12-14T00:00:00+00:00,2025-12-16T04:00:00+00:00,2025-12-16T09:00:00+05:00,48,46.0,84d4f046e785facd1e777985ec37b01ee316c92be24e34340e77221f0d8f1e5c,0.9700000000000001,3.61,3.7,3.78,71.0,-0.2,961.8,0.8660254037844386,0.5000000000000001,-0.2593382659754056,0.9657865518844574
training,2025-12-15T06:00:00+00:00,2025-12-15T00:00:00+00:00,2025-12-16T05:00:00+00:00,2025-12-16T10:00:00+05:00,24,23.0,841ea4376654f10f641f1346c3ff0e15df6d99b202d69ef97ce38fad56005f30,0.9266666666666666,5.69,5.84,5.96,63.0,2.8,960.6,0.9659258262890683,0.25881904510252074,-0.2593382659754056,0.9657865518844574
training,2025-12-14T06:00:00+00:00,2025-12-14T00:00:00+00:00,2025-12-16T05:00:00+00:00,2025-12-16T10:00:00+05:00,48,47.0,84d4f046e785facd1e777985ec37b01ee316c92be24e34340e77221f0d8f1e5c,0.9266666666666666,3.36,3.45,3.52,71.0,2.1,961.6,0.9659258262890683,0.25881904510252074,-0.2593382659754056,0.9657865518844574
training,2025-12-15T06:00:00+00:00,2025-12-15T00:00:00+00:00,2025-12-16T06:00:00+00:00,2025-12-16T11:00:00+05:00,24,24.0,841ea4376654f10f641f1346c3ff0e15df6d99b202d69ef97ce38fad56005f30,0.9716666666666667,6.39,6.55,6.69,64.0,3.9,959.9,1.0,6.123233995736766e-17,-0.2593382659754056,0.9657865518844574
training,2025-12-14T06:00:00+00:00,2025-12-14T00:00:00+00:00,2025-12-16T06:00:00+00:00,2025-12-16T11:00:00+05:00,48,48.0,84d4f046e785facd1e777985ec37b01ee316c92be24e34340e77221f0d8f1e5c,0.9716666666666667,3.75,3.85,3.93,65.0,3.3,961.1,1.0,6.123233995736766e-17,-0.2593382659754056,0.9657865518844574
training,2025-12-15T06:00:00+00:00,2025-12-15T00:00:00+00:00,2025-12-16T07:00:00+00:00,2025-12-16T12:00:00+05:00,24,25.0,841ea4376654f10f641f1346c3ff0e15df6d99b202d69ef97ce38fad56005f30,0.965,6.41,6.57,6.71,63.0,4.7,958.8,0.9659258262890683,-0.25881904510252063,-0.2593382659754056,0.9657865518844574
training,2025-12-14T06:00:00+00:00,2025-12-14T00:00:00+00:00,2025-12-16T07:00:00+00:00,2025-12-16T12:00:00+05:00,48,49.0,84d4f046e785facd1e777985ec37b01ee316c92be24e34340e77221f0d8f1e5c,0.965,3.49,3.58,3.65,65.0,4.2,960.4,0.9659258262890683,-0.25881904510252063,-0.2593382659754056,0.9657865518844574
training,2025-12-15T06:00:00+00:00,2025-12-15T00:00:00+00:00,2025-12-16T08:00:00+00:00,2025-12-16T13:00:00+05:00,24,26.0,841ea4376654f10f641f1346c3ff0e15df6d99b202d69ef97ce38fad56005f30,0.945,5.37,5.51,5.62,61.0,5.1,958.7,0.8660254037844387,-0.4999999999999998,-0.2593382659754056,0.9657865518844574
training,2025-12-14T06:00:00+00:00,2025-12-14T00:00:00+00:00,2025-12-16T08:00:00+00:00,2025-12-16T13:00:00+05:00,48,50.0,84d4f046e785facd1e777985ec37b01ee316c92be24e34340e77221f0d8f1e5c,0.945,2.62,2.69,2.74,66.0,4.3,959.9,0.8660254037844387,-0.4999999999999998,-0.2593382659754056,0.9657865518844574
training,2025-12-15T12:00:00+00:00,2025-12-15T06:00:00+00:00,2025-12-16T09:00:00+00:00,2025-12-16T14:00:00+05:00,24,21.0,7cb9344152bf4cdb99599f8f8e82ba591d8c21534644f39d7bf1edc99cc94aa5,0.9566666666666667,4.21,4.32,4.41,62.0,4.9,958.0,0.7071067811865476,-0.7071067811865475,-0.2593382659754056,0.9657865518844574
training,2025-12-14T12:00:00+00:00,2025-12-14T06:00:00+00:00,2025-12-16T09:00:00+00:00,2025-12-16T14:00:00+05:00,48,45.0,78e64501606c9e144e9eb6803ae326d27ab98053e40870cdc0f5a7267d765a67,0.9566666666666667,4.26,4.37,4.46,59.0,4.3,959.5,0.7071067811865476,-0.7071067811865475,-0.2593382659754056,0.9657865518844574
training,2025-12-15T12:00:00+00:00,2025-12-15T06:00:00+00:00,2025-12-16T10:00:00+00:00,2025-12-16T15:00:00+05:00,24,22.0,7cb9344152bf4cdb99599f8f8e82ba591d8c21534644f39d7bf1edc99cc94aa5,0.9016666666666667,2.88,2.96,3.02,71.0,3.4,958.3,0.49999999999999994,-0.8660254037844387,-0.2593382659754056,0.9657865518844574
training,2025-12-14T12:00:00+00:00,2025-12-14T06:00:00+00:00,2025-12-16T10:00:00+00:00,2025-12-16T15:00:00+05:00,48,46.0,78e64501606c9e144e9eb6803ae326d27ab98053e40870cdc0f5a7267d765a67,0.9016666666666667,4.11,4.22,4.31,59.0,3.2,959.4,0.49999999999999994,-0.8660254037844387,-0.2593382659754056,0.9657865518844574
training,2025-12-15T12:00:00+00:00,2025-12-15T06:00:00+00:00,2025-12-16T11:00:00+00:00,2025-12-16T16:00:00+05:00,24,23.0,7cb9344152bf4cdb99599f8f8e82ba591d8c21534644f39d7bf1edc99cc94aa5,0.7583333333333333,3.25,3.34,3.41,73.0,0.6,957.7,0.258819045102521,-0.9659258262890682,-0.2593382659754056,0.9657865518844574
training,2025-12-14T12:00:00+00:00,2025-12-14T06:00:00+00:00,2025-12-16T11:00:00+00:00,2025-12-16T16:00:00+05:00,48,47.0,78e64501606c9e144e9eb6803ae326d27ab98053e40870cdc0f5a7267d765a67,0.7583333333333333,4.12,4.23,4.31,64.0,-0.1,959.1,0.258819045102521,-0.9659258262890682,-0.2593382659754056,0.9657865518844574
training,2025-12-15T12:00:00+00:00,2025-12-15T06:00:00+00:00,2025-12-16T12:00:00+00:00,2025-12-16T17:00:00+05:00,24,24.0,7cb9344152bf4cdb99599f8f8e82ba591d8c21534644f39d7bf1edc99cc94aa5,0.4666666666666666,4.04,4.14,4.23,67.0,-0.2,957.1,1.2246467991473532e-16,-1.0,-0.2593382659754056,0.9657865518844574
training,2025-12-14T12:00:00+00:00,2025-12-14T06:00:00+00:00,2025-12-16T12:00:00+00:00,2025-12-16T17:00:00+05:00,48,48.0,78e64501606c9e144e9eb6803ae326d27ab98053e40870cdc0f5a7267d765a67,0.4666666666666666,3.87,3.97,4.05,71.0,-1.2,958.8,1.2246467991473532e-16,-1.0,-0.2593382659754056,0.9657865518844574
training,2025-12-15T12:00:00+00:00,2025-12-15T06:00:00+00:00,2025-12-16T13:00:00+00:00,2025-12-16T18:00:00+05:00,24,25.0,7cb9344152bf4cdb99599f8f8e82ba591d8c21534644f39d7bf1edc99cc94aa5,0.06166666666666667,4.13,4.24,4.33,71.0,-0.7,956.5,-0.2588190451025208,-0.9659258262890683,-0.2593382659754056,0.9657865518844574
training,2025-12-14T12:00:00+00:00,2025-12-14T06:00:00+00:00,2025-12-16T13:00:00+00:00,2025-12-16T18:00:00+05:00,48,49.0,78e64501606c9e144e9eb6803ae326d27ab98053e40870cdc0f5a7267d765a67,0.06166666666666667,4.34,4.46,4.55,67.0,-1.9,958.1,-0.2588190451025208,-0.9659258262890683,-0.2593382659754056,0.9657865518844574
training,2025-12-15T12:00:00+00:00,2025-12-15T06:00:00+00:00,2025-12-16T14:00:00+00:00,2025-12-16T19:00:00+05:00,24,26.0,7cb9344152bf4cdb99599f8f8e82ba591d8c21534644f39d7bf1edc99cc94aa5,0.011666666666666667,3.64,3.74,3.81,74.0,-0.8,955.9,-0.4999999999999997,-0.8660254037844388,-0.2593382659754056,0.9657865518844574
training,2025-12-14T12:00:00+00:00,2025-12-14T06:00:00+00:00,2025-12-16T14:00:00+00:00,2025-12-16T19:00:00+05:00,48,50.0,78e64501606c9e144e9eb6803ae326d27ab98053e40870cdc0f5a7267d765a67,0.011666666666666667,5.38,5.52,5.64,63.0,-2.0,957.3,-0.4999999999999997,-0.8660254037844388,-0.2593382659754056,0.9657865518844574
training,2025-12-15T18:00:00+00:00,2025-12-15T12:00:00+00:00,2025-12-16T15:00:00+00:00,2025-12-16T20:00:00+05:00,24,21.0,0605597c23e6afe836d78b416cb1cb1a35ed96721fae7d4426db0f2b7a884074,0.015,3.64,3.73,3.81,70.0,-1.4,955.1,-0.7071067811865471,-0.7071067811865479,-0.2593382659754056,0.9657865518844574
training,2025-12-14T18:00:00+00:00,2025-12-14T12:00:00+00:00,2025-12-16T15:00:00+00:00,2025-12-16T20:00:00+05:00,48,45.0,37521888652441871dc65329d62fe033209f0290143c8e8db8834db5e708931a,0.015,5.52,5.66,5.78,62.0,-1.9,955.9,-0.7071067811865471,-0.7071067811865479,-0.2593382659754056,0.9657865518844574
training,2025-12-15T18:00:00+00:00,2025-12-15T12:00:00+00:00,2025-12-16T16:00:00+00:00,2025-12-16T21:00:00+05:00,24,22.0,0605597c23e6afe836d78b416cb1cb1a35ed96721fae7d4426db0f2b7a884074,0.08333333333333333,3.36,3.44,3.52,64.0,-1.1,955.2,-0.8660254037844385,-0.5000000000000004,-0.2593382659754056,0.9657865518844574
training,2025-12-14T18:00:00+00:00,2025-12-14T12:00:00+00:00,2025-12-16T16:00:00+00:00,2025-12-16T21:00:00+05:00,48,46.0,37521888652441871dc65329d62fe033209f0290143c8e8db8834db5e708931a,0.08333333333333333,5.71,5.86,5.98,63.0,-1.8,955.3,-0.8660254037844385,-0.5000000000000004,-0.2593382659754056,0.9657865518844574
training,2025-12-15T18:00:00+00:00,2025-12-15T12:00:00+00:00,2025-12-16T17:00:00+00:00,2025-12-16T22:00:00+05:00,24,23.0,0605597c23e6afe836d78b416cb1cb1a35ed96721fae7d4426db0f2b7a884074,0.008333333333333333,2.89,2.96,3.02,78.0,-0.7,955.2,-0.9659258262890683,-0.25881904510252063,-0.2593382659754056,0.9657865518844574
training,2025-12-14T18:00:00+00:00,2025-12-14T12:00:00+00:00,2025-12-16T17:00:00+00:00,2025-12-16T22:00:00+05:00,48,47.0,37521888652441871dc65329d62fe033209f0290143c8e8db8834db5e708931a,0.008333333333333333,5.17,5.3,5.41,62.0,-1.8,954.9,-0.9659258262890683,-0.25881904510252063,-0.2593382659754056,0.9657865518844574
training,2025-12-15T18:00:00+00:00,2025-12-15T12:00:00+00:00,2025-12-16T18:00:00+00:00,2025-12-16T23:00:00+05:00,24,24.0,0605597c23e6afe836d78b416cb1cb1a35ed96721fae7d4426db0f2b7a884074,0.008333333333333333,2.98,3.05,3.12,69.0,-0.9,954.8,-1.0,-1.8369701987210297e-16,-0.2593382659754056,0.9657865518844574
training,2025-12-14T18:00:00+00:00,2025-12-14T12:00:00+00:00,2025-12-16T18:00:00+00:00,2025-12-16T23:00:00+05:00,48,48.0,37521888652441871dc65329d62fe033209f0290143c8e8db8834db5e708931a,0.008333333333333333,4.51,4.63,4.73,62.0,-2.2,954.9,-1.0,-1.8369701987210297e-16,-0.2593382659754056,0.9657865518844574
training,2025-12-15T18:00:00+00:00,2025-12-15T12:00:00+00:00,2025-12-16T19:00:00+00:00,2025-12-17T00:00:00+05:00,24,25.0,0605597c23e6afe836d78b416cb1cb1a35ed96721fae7d4426db0f2b7a884074,0.01,3.48,3.57,3.64,59.0,-1.3,954.7,-0.9659258262890684,0.2588190451025203,-0.2593382659754056,0.9657865518844574
training,2025-12-14T18:00:00+00:00,2025-12-14T12:00:00+00:00,2025-12-16T19:00:00+00:00,2025-12-17T00:00:00+05:00,48,49.0,37521888652441871dc65329d62fe033209f0290143c8e8db8834db5e708931a,0.01,2.82,2.9,2.96,69.0,-2.7,954.8,-0.9659258262890684,0.2588190451025203,-0.2593382659754056,0.9657865518844574
training,2025-12-15T18:00:00+00:00,2025-12-15T12:00:00+00:00,2025-12-16T20:00:00+00:00,2025-12-17T01:00:00+05:00,24,26.0,0605597c23e6afe836d78b416cb1cb1a35ed96721fae7d4426db0f2b7a884074,0.01,2.27,2.32,2.37,71.0,-1.0,954.9,-0.8660254037844386,0.5000000000000001,-0.2593382659754056,0.9657865518844574
training,2025-12-14T18:00:00+00:00,2025-12-14T12:00:00+00:00,2025-12-16T20:00:00+00:00,2025-12-17T01:00:00+05:00,48,50.0,37521888652441871dc65329d62fe033209f0290143c8e8db8834db5e708931a,0.01,2.53,2.6,2.65,67.0,-2.8,954.4,-0.8660254037844386,0.5000000000000001,-0.2593382659754056,0.9657865518844574
training,2025-12-16T00:00:00+00:00,2025-12-15T18:00:00+00:00,2025-12-16T21:00:00+00:00,2025-12-17T02:00:00+05:00,24,21.0,92da1ac54da50990f6402f26e341ee2284d51d9484bf1878078d0451361dacb0,0.085,1.42,1.46,1.49,68.0,-0.2,955.1,-0.7071067811865477,0.7071067811865474,-0.2593382659754056,0.9657865518844574
training,2025-12-15T00:00:00+00:00,2025-12-14T18:00:00+00:00,2025-12-16T21:00:00+00:00,2025-12-17T02:00:00+05:00,48,45.0,d289c5fbdbcfbf7be0df3f28aa1ec69433d0b72ff571e8c13b6c82814a027c5b,0.085,3.97,4.07,4.15,64.0,-2.6,955.4,-0.7071067811865477,0.7071067811865474,-0.2593382659754056,0.9657865518844574
training,2025-12-16T00:00:00+00:00,2025-12-15T18:00:00+00:00,2025-12-16T22:00:00+00:00,2025-12-17T03:00:00+05:00,24,22.0,92da1ac54da50990f6402f26e341ee2284d51d9484bf1878078d0451361dacb0,0.16166666666666665,0.77,0.79,0.81,145.0,-0.7,954.8,-0.5000000000000004,0.8660254037844384,-0.2593382659754056,0.9657865518844574
training,2025-12-15T00:00:00+00:00,2025-12-14T18:00:00+00:00,2025-12-16T22:00:00+00:00,2025-12-17T03:00:00+05:00,48,46.0,d289c5fbdbcfbf7be0df3f28aa1ec69433d0b72ff571e8c13b6c82814a027c5b,0.16166666666666665,3.17,3.25,3.32,67.0,-2.8,955.2,-0.5000000000000004,0.8660254037844384,-0.2593382659754056,0.9657865518844574
training,2025-12-16T00:00:00+00:00,2025-12-15T18:00:00+00:00,2025-12-16T23:00:00+00:00,2025-12-17T04:00:00+05:00,24,23.0,92da1ac54da50990f6402f26e341ee2284d51d9484bf1878078d0451361dacb0,0.008333333333333333,2.7,2.77,2.82,229.0,-0.9,954.9,-0.25881904510252157,0.9659258262890681,-0.2593382659754056,0.9657865518844574
training,2025-12-15T00:00:00+00:00,2025-12-14T18:00:00+00:00,2025-12-16T23:00:00+00:00,2025-12-17T04:00:00+05:00,48,47.0,d289c5fbdbcfbf7be0df3f28aa1ec69433d0b72ff571e8c13b6c82814a027c5b,0.008333333333333333,0.93,0.95,0.97,90.0,-3.0,955.5,-0.25881904510252157,0.9659258262890681,-0.2593382659754056,0.9657865518844574
training,2025-12-16T00:00:00+00:00,2025-12-15T18:00:00+00:00,2025-12-17T00:00:00+00:00,2025-12-17T05:00:00+05:00,24,24.0,92da1ac54da50990f6402f26e341ee2284d51d9484bf1878078d0451361dacb0,0.01,5.34,5.48,5.59,249.0,0.3,955.7,0.0,1.0,-0.2426868445825954,0.9701046827361175
training,2025-12-15T00:00:00+00:00,2025-12-14T18:00:00+00:00,2025-12-17T00:00:00+00:00,2025-12-17T05:00:00+05:00,48,48.0,d289c5fbdbcfbf7be0df3f28aa1ec69433d0b72ff571e8c13b6c82814a027c5b,0.01,2.01,2.06,2.1,209.0,-2.3,955.9,0.0,1.0,-0.2426868445825954,0.9701046827361175
training,2025-12-16T00:00:00+00:00,2025-12-15T18:00:00+00:00,2025-12-17T01:00:00+00:00,2025-12-17T06:00:00+05:00,24,25.0,92da1ac54da50990f6402f26e341ee2284d51d9484bf1878078d0451361dacb0,0.07,4.84,4.97,5.07,241.0,0.5,956.2,0.25881904510252074,0.9659258262890683,-0.2426868445825954,0.9701046827361175
training,2025-12-15T00:00:00+00:00,2025-12-14T18:00:00+00:00,2025-12-17T01:00:00+00:00,2025-12-17T06:00:00+05:00,48,49.0,d289c5fbdbcfbf7be0df3f28aa1ec69433d0b72ff571e8c13b6c82814a027c5b,0.07,2.92,3.0,3.06,237.0,-2.2,956.0,0.25881904510252074,0.9659258262890683,-0.2426868445825954,0.9701046827361175
training,2025-12-16T00:00:00+00:00,2025-12-15T18:00:00+00:00,2025-12-17T02:00:00+00:00,2025-12-17T07:00:00+05:00,24,26.0,92da1ac54da50990f6402f26e341ee2284d51d9484bf1878078d0451361dacb0,0.10833333333333334,4.24,4.35,4.44,248.0,0.6,956.5,0.49999999999999994,0.8660254037844387,-0.2426868445825954,0.9701046827361175
training,2025-12-15T00:00:00+00:00,2025-12-14T18:00:00+00:00,2025-12-17T02:00:00+00:00,2025-12-17T07:00:00+05:00,48,50.0,d289c5fbdbcfbf7be0df3f28aa1ec69433d0b72ff571e8c13b6c82814a027c5b,0.10833333333333334,3.04,3.11,3.18,251.0,-2.5,956.3,0.49999999999999994,0.8660254037844387,-0.2426868445825954,0.9701046827361175
training,2025-12-16T06:00:00+00:00,2025-12-16T00:00:00+00:00,2025-12-17T03:00:00+00:00,2025-12-17T08:00:00+05:00,24,21.0,cec765f6bd5561ddb3f752f2e064e1ea39b68303acce8c341e35f1c8a0e295ab,0.12833333333333333,4.56,4.68,4.77,245.0,1.5,956.1,0.7071067811865476,0.7071067811865476,-0.2426868445825954,0.9701046827361175
training,2025-12-15T06:00:00+00:00,2025-12-15T00:00:00+00:00,2025-12-17T03:00:00+00:00,2025-12-17T08:00:00+05:00,48,45.0,841ea4376654f10f641f1346c3ff0e15df6d99b202d69ef97ce38fad56005f30,0.12833333333333333,1.4,1.43,1.46,245.0,0.4,956.2,0.7071067811865476,0.7071067811865476,-0.2426868445825954,0.9701046827361175
training,2025-12-16T06:00:00+00:00,2025-12-16T00:00:00+00:00,2025-12-17T04:00:00+00:00,2025-12-17T09:00:00+05:00,24,22.0,cec765f6bd5561ddb3f752f2e064e1ea39b68303acce8c341e35f1c8a0e295ab,0.055,4.03,4.14,4.22,245.0,2.8,956.7,0.8660254037844386,0.5000000000000001,-0.2426868445825954,0.9701046827361175
training,2025-12-15T06:00:00+00:00,2025-12-15T00:00:00+00:00,2025-12-17T04:00:00+00:00,2025-12-17T09:00:00+05:00,48,46.0,841ea4376654f10f641f1346c3ff0e15df6d99b202d69ef97ce38fad56005f30,0.055,1.29,1.32,1.35,217.0,2.0,956.6,0.8660254037844386,0.5000000000000001,-0.2426868445825954,0.9701046827361175
training,2025-12-16T06:00:00+00:00,2025-12-16T00:00:00+00:00,2025-12-17T05:00:00+00:00,2025-12-17T10:00:00+05:00,24,23.0,cec765f6bd5561ddb3f752f2e064e1ea39b68303acce8c341e35f1c8a0e295ab,0.01,4.58,4.7,4.79,242.0,4.2,957.2,0.9659258262890683,0.25881904510252074,-0.2426868445825954,0.9701046827361175
training,2025-12-15T06:00:00+00:00,2025-12-15T00:00:00+00:00,2025-12-17T05:00:00+00:00,2025-12-17T10:00:00+05:00,48,47.0,841ea4376654f10f641f1346c3ff0e15df6d99b202d69ef97ce38fad56005f30,0.01,1.32,1.35,1.38,231.0,2.8,956.5,0.9659258262890683,0.25881904510252074,-0.2426868445825954,0.9701046827361175
training,2025-12-16T06:00:00+00:00,2025-12-16T00:00:00+00:00,2025-12-17T06:00:00+00:00,2025-12-17T11:00:00+05:00,24,24.0,cec765f6bd5561ddb3f752f2e064e1ea39b68303acce8c341e35f1c8a0e295ab,0.008333333333333333,4.34,4.45,4.54,244.0,5.0,957.1,1.0,6.123233995736766e-17,-0.2426868445825954,0.9701046827361175
training,2025-12-15T06:00:00+00:00,2025-12-15T00:00:00+00:00,2025-12-17T06:00:00+00:00,2025-12-17T11:00:00+05:00,48,48.0,841ea4376654f10f641f1346c3ff0e15df6d99b202d69ef97ce38fad56005f30,0.008333333333333333,1.39,1.42,1.45,219.0,3.7,956.3,1.0,6.123233995736766e-17,-0.2426868445825954,0.9701046827361175
training,2025-12-16T06:00:00+00:00,2025-12-16T00:00:00+00:00,2025-12-17T07:00:00+00:00,2025-12-17T12:00:00+05:00,24,25.0,cec765f6bd5561ddb3f752f2e064e1ea39b68303acce8c341e35f1c8a0e295ab,0.01,4.27,4.38,4.47,235.0,4.8,956.9,0.9659258262890683,-0.25881904510252063,-0.2426868445825954,0.9701046827361175
training,2025-12-15T06:00:00+00:00,2025-12-15T00:00:00+00:00,2025-12-17T07:00:00+00:00,2025-12-17T12:00:00+05:00,48,49.0,841ea4376654f10f641f1346c3ff0e15df6d99b202d69ef97ce38fad56005f30,0.01,1.96,2.01,2.05,251.0,3.3,956.3,0.9659258262890683,-0.25881904510252063,-0.2426868445825954,0.9701046827361175
training,2025-12-16T06:00:00+00:00,2025-12-16T00:00:00+00:00,2025-12-17T08:00:00+00:00,2025-12-17T13:00:00+05:00,24,26.0,cec765f6bd5561ddb3f752f2e064e1ea39b68303acce8c341e35f1c8a0e295ab,0.01,4.73,4.85,4.95,233.0,4.6,957.1,0.8660254037844387,-0.4999999999999998,-0.2426868445825954,0.9701046827361175
training,2025-12-15T06:00:00+00:00,2025-12-15T00:00:00+00:00,2025-12-17T08:00:00+00:00,2025-12-17T13:00:00+05:00,48,50.0,841ea4376654f10f641f1346c3ff0e15df6d99b202d69ef97ce38fad56005f30,0.01,3.25,3.33,3.4,234.0,3.2,956.6,0.8660254037844387,-0.4999999999999998,-0.2426868445825954,0.9701046827361175
training,2025-12-16T12:00:00+00:00,2025-12-16T06:00:00+00:00,2025-12-17T09:00:00+00:00,2025-12-17T14:00:00+05:00,24,21.0,4508d8bda82e9424cd3b57cbca0be82940112b8afc287e887e1c538abe183bc3,0.01,6.38,6.55,6.68,237.0,3.4,956.9,0.7071067811865476,-0.7071067811865475,-0.2426868445825954,0.9701046827361175
training,2025-12-15T12:00:00+00:00,2025-12-15T06:00:00+00:00,2025-12-17T09:00:00+00:00,2025-12-17T14:00:00+05:00,48,45.0,7cb9344152bf4cdb99599f8f8e82ba591d8c21534644f39d7bf1edc99cc94aa5,0.01,1.29,1.32,1.35,241.0,4.2,956.7,0.7071067811865476,-0.7071067811865475,-0.2426868445825954,0.9701046827361175
training,2025-12-16T12:00:00+00:00,2025-12-16T06:00:00+00:00,2025-12-17T10:00:00+00:00,2025-12-17T15:00:00+05:00,24,22.0,4508d8bda82e9424cd3b57cbca0be82940112b8afc287e887e1c538abe183bc3,0.01,8.02,8.22,8.39,240.0,2.1,957.7,0.49999999999999994,-0.8660254037844387,-0.2426868445825954,0.9701046827361175
training,2025-12-15T12:00:00+00:00,2025-12-15T06:00:00+00:00,2025-12-17T10:00:00+00:00,2025-12-17T15:00:00+05:00,48,46.0,7cb9344152bf4cdb99599f8f8e82ba591d8c21534644f39d7bf1edc99cc94aa5,0.01,3.75,3.85,3.93,254.0,2.6,957.1,0.49999999999999994,-0.8660254037844387,-0.2426868445825954,0.9701046827361175
training,2025-12-16T12:00:00+00:00,2025-12-16T06:00:00+00:00,2025-12-17T11:00:00+00:00,2025-12-17T16:00:00+05:00,24,23.0,4508d8bda82e9424cd3b57cbca0be82940112b8afc287e887e1c538abe183bc3,0.01,7.42,7.62,7.77,238.0,1.4,958.0,0.258819045102521,-0.9659258262890682,-0.2426868445825954,0.9701046827361175
training,2025-12-15T12:00:00+00:00,2025-12-15T06:00:00+00:00,2025-12-17T11:00:00+00:00,2025-12-17T16:00:00+05:00,48,47.0,7cb9344152bf4cdb99599f8f8e82ba591d8c21534644f39d7bf1edc99cc94aa5,0.01,4.82,4.94,5.04,234.0,2.0,957.5,0.258819045102521,-0.9659258262890682,-0.2426868445825954,0.9701046827361175
training,2025-12-16T12:00:00+00:00,2025-12-16T06:00:00+00:00,2025-12-17T12:00:00+00:00,2025-12-17T17:00:00+05:00,24,24.0,4508d8bda82e9424cd3b57cbca0be82940112b8afc287e887e1c538abe183bc3,0.06333333333333334,8.07,8.28,8.45,233.0,1.2,958.5,1.2246467991473532e-16,-1.0,-0.2426868445825954,0.9701046827361175
training,2025-12-15T12:00:00+00:00,2025-12-15T06:00:00+00:00,2025-12-17T12:00:00+00:00,2025-12-17T17:00:00+05:00,48,48.0,7cb9344152bf4cdb99599f8f8e82ba591d8c21534644f39d7bf1edc99cc94aa5,0.06333333333333334,5.55,5.69,5.81,234.0,1.9,957.7,1.2246467991473532e-16,-1.0,-0.2426868445825954,0.9701046827361175
training,2025-12-16T12:00:00+00:00,2025-12-16T06:00:00+00:00,2025-12-17T13:00:00+00:00,2025-12-17T18:00:00+05:00,24,25.0,4508d8bda82e9424cd3b57cbca0be82940112b8afc287e887e1c538abe183bc3,0.25166666666666665,8.07,8.28,8.45,242.0,1.2,958.9,-0.2588190451025208,-0.9659258262890683,-0.2426868445825954,0.9701046827361175
training,2025-12-15T12:00:00+00:00,2025-12-15T06:00:00+00:00,2025-12-17T13:00:00+00:00,2025-12-17T18:00:00+05:00,48,49.0,7cb9344152bf4cdb99599f8f8e82ba591d8c21534644f39d7bf1edc99cc94aa5,0.25166666666666665,5.63,5.77,5.89,238.0,1.8,957.9,-0.2588190451025208,-0.9659258262890683,-0.2426868445825954,0.9701046827361175
training,2025-12-16T12:00:00+00:00,2025-12-16T06:00:00+00:00,2025-12-17T14:00:00+00:00,2025-12-17T19:00:00+05:00,24,26.0,4508d8bda82e9424cd3b57cbca0be82940112b8afc287e887e1c538abe183bc3,0.25666666666666665,7.85,8.06,8.22,241.0,0.9,958.7,-0.4999999999999997,-0.8660254037844388,-0.2426868445825954,0.9701046827361175
training,2025-12-15T12:00:00+00:00,2025-12-15T06:00:00+00:00,2025-12-17T14:00:00+00:00,2025-12-17T19:00:00+05:00,48,50.0,7cb9344152bf4cdb99599f8f8e82ba591d8c21534644f39d7bf1edc99cc94aa5,0.25666666666666665,5.22,5.35,5.46,237.0,1.7,957.9,-0.4999999999999997,-0.8660254037844388,-0.2426868445825954,0.9701046827361175
training,2025-12-16T18:00:00+00:00,2025-12-16T12:00:00+00:00,2025-12-17T15:00:00+00:00,2025-12-17T20:00:00+05:00,24,21.0,96d578afb34ea328ce833a839a270bb9ab2af3bb349bd73a224efb635cf92103,0.405,8.18,8.39,8.57,241.0,1.0,958.5,-0.7071067811865471,-0.7071067811865479,-0.2426868445825954,0.9701046827361175
training,2025-12-15T18:00:00+00:00,2025-12-15T12:00:00+00:00,2025-12-17T15:00:00+00:00,2025-12-17T20:00:00+05:00,48,45.0,0605597c23e6afe836d78b416cb1cb1a35ed96721fae7d4426db0f2b7a884074,0.405,5.44,5.58,5.7,234.0,1.4,958.7,-0.7071067811865471,-0.7071067811865479,-0.2426868445825954,0.9701046827361175
training,2025-12-16T18:00:00+00:00,2025-12-16T12:00:00+00:00,2025-12-17T16:00:00+00:00,2025-12-17T21:00:00+05:00,24,22.0,96d578afb34ea328ce833a839a270bb9ab2af3bb349bd73a224efb635cf92103,0.4283333333333333,7.99,8.2,8.37,235.0,1.0,958.5,-0.8660254037844385,-0.5000000000000004,-0.2426868445825954,0.9701046827361175
training,2025-12-15T18:00:00+00:00,2025-12-15T12:00:00+00:00,2025-12-17T16:00:00+00:00,2025-12-17T21:00:00+05:00,48,46.0,0605597c23e6afe836d78b416cb1cb1a35ed96721fae7d4426db0f2b7a884074,0.4283333333333333,5.34,5.48,5.6,227.0,1.3,958.7,-0.8660254037844385,-0.5000000000000004,-0.2426868445825954,0.9701046827361175
training,2025-12-16T18:00:00+00:00,2025-12-16T12:00:00+00:00,2025-12-17T17:00:00+00:00,2025-12-17T22:00:00+05:00,24,23.0,96d578afb34ea328ce833a839a270bb9ab2af3bb349bd73a224efb635cf92103,0.5133333333333333,7.21,7.4,7.55,234.0,1.0,958.9,-0.9659258262890683,-0.25881904510252063,-0.2426868445825954,0.9701046827361175
training,2025-12-15T18:00:00+00:00,2025-12-15T12:00:00+00:00,2025-12-17T17:00:00+00:00,2025-12-17T22:00:00+05:00,48,47.0,0605597c23e6afe836d78b416cb1cb1a35ed96721fae7d4426db0f2b7a884074,0.5133333333333333,4.55,4.67,4.76,224.0,1.4,958.7,-0.9659258262890683,-0.25881904510252063,-0.2426868445825954,0.9701046827361175
training,2025-12-16T18:00:00+00:00,2025-12-16T12:00:00+00:00,2025-12-17T18:00:00+00:00,2025-12-17T23:00:00+05:00,24,24.0,96d578afb34ea328ce833a839a270bb9ab2af3bb349bd73a224efb635cf92103,0.7116666666666666,6.55,6.72,6.86,233.0,0.8,958.9,-1.0,-1.8369701987210297e-16,-0.2426868445825954,0.9701046827361175
training,2025-12-15T18:00:00+00:00,2025-12-15T12:00:00+00:00,2025-12-17T18:00:00+00:00,2025-12-17T23:00:00+05:00,48,48.0,0605597c23e6afe836d78b416cb1cb1a35ed96721fae7d4426db0f2b7a884074,0.7116666666666666,3.41,3.5,3.57,226.0,1.1,958.5,-1.0,-1.8369701987210297e-16,-0.2426868445825954,0.9701046827361175
training,2025-12-16T18:00:00+00:00,2025-12-16T12:00:00+00:00,2025-12-17T19:00:00+00:00,2025-12-18T00:00:00+05:00,24,25.0,96d578afb34ea328ce833a839a270bb9ab2af3bb349bd73a224efb635cf92103,0.835,5.61,5.76,5.88,237.0,0.5,958.9,-0.9659258262890684,0.2588190451025203,-0.2426868445825954,0.9701046827361175
training,2025-12-15T18:00:00+00:00,2025-12-15T12:00:00+00:00,2025-12-17T19:00:00+00:00,2025-12-18T00:00:00+05:00,48,49.0,0605597c23e6afe836d78b416cb1cb1a35ed96721fae7d4426db0f2b7a884074,0.835,2.42,2.48,2.54,230.0,1.0,958.3,-0.9659258262890684,0.2588190451025203,-0.2426868445825954,0.9701046827361175
training,2025-12-16T18:00:00+00:00,2025-12-16T12:00:00+00:00,2025-12-17T20:00:00+00:00,2025-12-18T01:00:00+05:00,24,26.0,96d578afb34ea328ce833a839a270bb9ab2af3bb349bd73a224efb635cf92103,0.6533333333333333,5.12,5.26,5.36,230.0,0.2,958.6,-0.8660254037844386,0.5000000000000001,-0.2426868445825954,0.9701046827361175
training,2025-12-15T18:00:00+00:00,2025-12-15T12:00:00+00:00,2025-12-17T20:00:00+00:00,2025-12-18T01:00:00+05:00,48,50.0,0605597c23e6afe836d78b416cb1cb1a35ed96721fae7d4426db0f2b7a884074,0.6533333333333333,2.0,2.06,2.1,229.0,0.9,958.0,-0.8660254037844386,0.5000000000000001,-0.2426868445825954,0.9701046827361175
training,2025-12-17T00:00:00+00:00,2025-12-16T18:00:00+00:00,2025-12-17T21:00:00+00:00,2025-12-18T02:00:00+05:00,24,21.0,968d5ae654f1f86c561e7e9b48cfda33c7ecb814d51f67570cbef49a78a8e591,0.5883333333333334,4.03,4.14,4.22,226.0,0.3,958.3,-0.7071067811865477,0.7071067811865474,-0.2426868445825954,0.9701046827361175
training,2025-12-16T00:00:00+00:00,2025-12-15T18:00:00+00:00,2025-12-17T21:00:00+00:00,2025-12-18T02:00:00+05:00,48,45.0,92da1ac54da50990f6402f26e341ee2284d51d9484bf1878078d0451361dacb0,0.5883333333333334,2.79,2.87,2.93,227.0,0.2,958.1,-0.7071067811865477,0.7071067811865474,-0.2426868445825954,0.9701046827361175
training,2025-12-17T00:00:00+00:00,2025-12-16T18:00:00+00:00,2025-12-17T22:00:00+00:00,2025-12-18T03:00:00+05:00,24,22.0,968d5ae654f1f86c561e7e9b48cfda33c7ecb814d51f67570cbef49a78a8e591,0.38000000000000006,3.33,3.41,3.48,238.0,0.1,957.7,-0.5000000000000004,0.8660254037844384,-0.2426868445825954,0.9701046827361175
training,2025-12-16T00:00:00+00:00,2025-12-15T18:00:00+00:00,2025-12-17T22:00:00+00:00,2025-12-18T03:00:00+05:00,48,46.0,92da1ac54da50990f6402f26e341ee2284d51d9484bf1878078d0451361dacb0,0.38000000000000006,2.29,2.35,2.4,241.0,-0.1,957.7,-0.5000000000000004,0.8660254037844384,-0.2426868445825954,0.9701046827361175
training,2025-12-17T00:00:00+00:00,2025-12-16T18:00:00+00:00,2025-12-17T23:00:00+00:00,2025-12-18T04:00:00+05:00,24,23.0,968d5ae654f1f86c561e7e9b48cfda33c7ecb814d51f67570cbef49a78a8e591,0.45333333333333337,3.1,3.18,3.25,240.0,-0.1,957.5,-0.25881904510252157,0.9659258262890681,-0.2426868445825954,0.9701046827361175
training,2025-12-16T00:00:00+00:00,2025-12-15T18:00:00+00:00,2025-12-17T23:00:00+00:00,2025-12-18T04:00:00+05:00,48,47.0,92da1ac54da50990f6402f26e341ee2284d51d9484bf1878078d0451361dacb0,0.45333333333333337,1.77,1.82,1.86,238.0,-0.2,957.4,-0.25881904510252157,0.9659258262890681,-0.2426868445825954,0.9701046827361175
training,2025-12-17T00:00:00+00:00,2025-12-16T18:00:00+00:00,2025-12-18T00:00:00+00:00,2025-12-18T05:00:00+05:00,24,24.0,968d5ae654f1f86c561e7e9b48cfda33c7ecb814d51f67570cbef49a78a8e591,0.61,2.83,2.9,2.96,238.0,-0.4,957.4,0.0,1.0,-0.22596360824801906,0.974135744004672
training,2025-12-16T00:00:00+00:00,2025-12-15T18:00:00+00:00,2025-12-18T00:00:00+00:00,2025-12-18T05:00:00+05:00,48,48.0,92da1ac54da50990f6402f26e341ee2284d51d9484bf1878078d0451361dacb0,0.61,0.85,0.87,0.89,257.0,-0.2,957.2,0.0,1.0,-0.22596360824801906,0.974135744004672
training,2025-12-17T00:00:00+00:00,2025-12-16T18:00:00+00:00,2025-12-18T01:00:00+00:00,2025-12-18T06:00:00+05:00,24,25.0,968d5ae654f1f86c561e7e9b48cfda33c7ecb814d51f67570cbef49a78a8e591,0.4633333333333334,3.1,3.18,3.24,246.0,-0.3,957.6,0.25881904510252074,0.9659258262890683,-0.22596360824801906,0.974135744004672
training,2025-12-16T00:00:00+00:00,2025-12-15T18:00:00+00:00,2025-12-18T01:00:00+00:00,2025-12-18T06:00:00+05:00,48,49.0,92da1ac54da50990f6402f26e341ee2284d51d9484bf1878078d0451361dacb0,0.4633333333333334,0.62,0.64,0.65,315.0,-0.5,957.3,0.25881904510252074,0.9659258262890683,-0.22596360824801906,0.974135744004672
training,2025-12-17T00:00:00+00:00,2025-12-16T18:00:00+00:00,2025-12-18T02:00:00+00:00,2025-12-18T07:00:00+05:00,24,26.0,968d5ae654f1f86c561e7e9b48cfda33c7ecb814d51f67570cbef49a78a8e591,0.21333333333333335,3.01,3.09,3.16,236.0,-0.7,957.8,0.49999999999999994,0.8660254037844387,-0.22596360824801906,0.974135744004672
training,2025-12-16T00:00:00+00:00,2025-12-15T18:00:00+00:00,2025-12-18T02:00:00+00:00,2025-12-18T07:00:00+05:00,48,50.0,92da1ac54da50990f6402f26e341ee2284d51d9484bf1878078d0451361dacb0,0.21333333333333335,0.61,0.63,0.64,29.0,-0.7,957.3,0.49999999999999994,0.8660254037844387,-0.22596360824801906,0.974135744004672
training,2025-12-17T06:00:00+00:00,2025-12-17T00:00:00+00:00,2025-12-18T03:00:00+00:00,2025-12-18T08:00:00+05:00,24,21.0,23b1fe44d8b13f9a608186d673f27e8a6604ae47bb80a3d228cc0220b2195342,0.18000000000000002,3.5,3.59,3.67,235.0,-0.2,958.4,0.7071067811865476,0.7071067811865476,-0.22596360824801906,0.974135744004672
training,2025-12-16T06:00:00+00:00,2025-12-16T00:00:00+00:00,2025-12-18T03:00:00+00:00,2025-12-18T08:00:00+05:00,48,45.0,cec765f6bd5561ddb3f752f2e064e1ea39b68303acce8c341e35f1c8a0e295ab,0.18000000000000002,2.24,2.3,2.35,243.0,-0.5,958.2,0.7071067811865476,0.7071067811865476,-0.22596360824801906,0.974135744004672
training,2025-12-17T06:00:00+00:00,2025-12-17T00:00:00+00:00,2025-12-18T04:00:00+00:00,2025-12-18T09:00:00+05:00,24,22.0,23b1fe44d8b13f9a608186d673f27e8a6604ae47bb80a3d228cc0220b2195342,0.17333333333333334,3.73,3.83,3.91,234.0,0.3,958.9,0.8660254037844386,0.5000000000000001,-0.22596360824801906,0.974135744004672
training,2025-12-16T06:00:00+00:00,2025-12-16T00:00:00+00:00,2025-12-18T04:00:00+00:00,2025-12-18T09:00:00+05:00,48,46.0,cec765f6bd5561ddb3f752f2e064e1ea39b68303acce8c341e35f1c8a0e295ab,0.17333333333333334,2.74,2.81,2.87,265.0,0.5,958.8,0.8660254037844386,0.5000000000000001,-0.22596360824801906,0.974135744004672
training,2025-12-17T06:00:00+00:00,2025-12-17T00:00:00+00:00,2025-12-18T05:00:00+00:00,2025-12-18T10:00:00+05:00,24,23.0,23b1fe44d8b13f9a608186d673f27e8a6604ae47bb80a3d228cc0220b2195342,0.18166666666666667,3.54,3.64,3.71,238.0,0.6,959.3,0.9659258262890683,0.25881904510252074,-0.22596360824801906,0.974135744004672
training,2025-12-16T06:00:00+00:00,2025-12-16T00:00:00+00:00,2025-12-18T05:00:00+00:00,2025-12-18T10:00:00+05:00,48,47.0,cec765f6bd5561ddb3f752f2e064e1ea39b68303acce8c341e35f1c8a0e295ab,0.18166666666666667,1.71,1.76,1.79,255.0,0.8,958.8,0.9659258262890683,0.25881904510252074,-0.22596360824801906,0.974135744004672
training,2025-12-17T06:00:00+00:00,2025-12-17T00:00:00+00:00,2025-12-18T06:00:00+00:00,2025-12-18T11:00:00+05:00,24,24.0,23b1fe44d8b13f9a608186d673f27e8a6604ae47bb80a3d228cc0220b2195342,0.145,4.27,4.38,4.47,244.0,0.7,959.3,1.0,6.123233995736766e-17,-0.22596360824801906,0.974135744004672
training,2025-12-16T06:00:00+00:00,2025-12-16T00:00:00+00:00,2025-12-18T06:00:00+00:00,2025-12-18T11:00:00+05:00,48,48.0,cec765f6bd5561ddb3f752f2e064e1ea39b68303acce8c341e35f1c8a0e295ab,0.145,1.86,1.91,1.95,264.0,1.4,958.8,1.0,6.123233995736766e-17,-0.22596360824801906,0.974135744004672
training,2025-12-17T06:00:00+00:00,2025-12-17T00:00:00+00:00,2025-12-18T07:00:00+00:00,2025-12-18T12:00:00+05:00,24,25.0,23b1fe44d8b13f9a608186d673f27e8a6604ae47bb80a3d228cc0220b2195342,0.27,5.37,5.51,5.62,246.0,0.8,959.3,0.9659258262890683,-0.25881904510252063,-0.22596360824801906,0.974135744004672
training,2025-12-16T06:00:00+00:00,2025-12-16T00:00:00+00:00,2025-12-18T07:00:00+00:00,2025-12-18T12:00:00+05:00,48,49.0,cec765f6bd5561ddb3f752f2e064e1ea39b68303acce8c341e35f1c8a0e295ab,0.27,2.94,3.02,3.08,251.0,1.8,958.3,0.9659258262890683,-0.25881904510252063,-0.22596360824801906,0.974135744004672
training,2025-12-17T06:00:00+00:00,2025-12-17T00:00:00+00:00,2025-12-18T08:00:00+00:00,2025-12-18T13:00:00+05:00,24,26.0,23b1fe44d8b13f9a608186d673f27e8a6604ae47bb80a3d228cc0220b2195342,0.695,6.25,6.41,6.54,247.0,0.9,959.4,0.8660254037844387,-0.4999999999999998,-0.22596360824801906,0.974135744004672
training,2025-12-16T06:00:00+00:00,2025-12-16T00:00:00+00:00,2025-12-18T08:00:00+00:00,2025-12-18T13:00:00+05:00,48,50.0,cec765f6bd5561ddb3f752f2e064e1ea39b68303acce8c341e35f1c8a0e295ab,0.695,4.86,4.98,5.08,251.0,2.3,958.7,0.8660254037844387,-0.4999999999999998,-0.22596360824801906,0.974135744004672
training,2025-12-17T12:00:00+00:00,2025-12-17T06:00:00+00:00,2025-12-18T09:00:00+00:00,2025-12-18T14:00:00+05:00,24,21.0,7ccdab0d1260c06e9262fb87c1ac702c8aded6344775110f8c4070618b18985c,0.68,7.25,7.44,7.59,238.0,0.6,960.2,0.7071067811865476,-0.7071067811865475,-0.22596360824801906,0.974135744004672
training,2025-12-16T12:00:00+00:00,2025-12-16T06:00:00+00:00,2025-12-18T09:00:00+00:00,2025-12-18T14:00:00+05:00,48,45.0,4508d8bda82e9424cd3b57cbca0be82940112b8afc287e887e1c538abe183bc3,0.68,5.89,6.04,6.16,244.0,1.3,959.4,0.7071067811865476,-0.7071067811865475,-0.22596360824801906,0.974135744004672
training,2025-12-17T12:00:00+00:00,2025-12-17T06:00:00+00:00,2025-12-18T10:00:00+00:00,2025-12-18T15:00:00+05:00,24,22.0,7ccdab0d1260c06e9262fb87c1ac702c8aded6344775110f8c4070618b18985c,0.8833333333333333,7.68,7.88,8.04,236.0,0.2,961.0,0.49999999999999994,-0.8660254037844387,-0.22596360824801906,0.974135744004672
training,2025-12-16T12:00:00+00:00,2025-12-16T06:00:00+00:00,2025-12-18T10:00:00+00:00,2025-12-18T15:00:00+05:00,48,46.0,4508d8bda82e9424cd3b57cbca0be82940112b8afc287e887e1c538abe183bc3,0.8833333333333333,7.5,7.69,7.85,244.0,0.6,960.3,0.49999999999999994,-0.8660254037844387,-0.22596360824801906,0.974135744004672
training,2025-12-17T12:00:00+00:00,2025-12-17T06:00:00+00:00,2025-12-18T11:00:00+00:00,2025-12-18T16:00:00+05:00,24,23.0,7ccdab0d1260c06e9262fb87c1ac702c8aded6344775110f8c4070618b18985c,0.8966666666666666,8.94,9.17,9.36,243.0,-0.2,961.8,0.258819045102521,-0.9659258262890682,-0.22596360824801906,0.974135744004672
training,2025-12-16T12:00:00+00:00,2025-12-16T06:00:00+00:00,2025-12-18T11:00:00+00:00,2025-12-18T16:00:00+05:00,48,47.0,4508d8bda82e9424cd3b57cbca0be82940112b8afc287e887e1c538abe183bc3,0.8966666666666666,8.89,9.13,9.31,245.0,-0.1,961.1,0.258819045102521,-0.9659258262890682,-0.22596360824801906,0.974135744004672
training,2025-12-17T12:00:00+00:00,2025-12-17T06:00:00+00:00,2025-12-18T12:00:00+00:00,2025-12-18T17:00:00+05:00,24,24.0,7ccdab0d1260c06e9262fb87c1ac702c8aded6344775110f8c4070618b18985c,0.9333333333333332,9.25,9.49,9.68,242.0,-0.5,962.6,1.2246467991473532e-16,-1.0,-0.22596360824801906,0.974135744004672
training,2025-12-16T12:00:00+00:00,2025-12-16T06:00:00+00:00,2025-12-18T12:00:00+00:00,2025-12-18T17:00:00+05:00,48,48.0,4508d8bda82e9424cd3b57cbca0be82940112b8afc287e887e1c538abe183bc3,0.9333333333333332,9.75,10.01,10.21,246.0,-0.3,962.2,1.2246467991473532e-16,-1.0,-0.22596360824801906,0.974135744004672
training,2025-12-17T12:00:00+00:00,2025-12-17T06:00:00+00:00,2025-12-18T13:00:00+00:00,2025-12-18T18:00:00+05:00,24,25.0,7ccdab0d1260c06e9262fb87c1ac702c8aded6344775110f8c4070618b18985c,0.945,9.64,9.89,10.09,242.0,-0.8,963.4,-0.2588190451025208,-0.9659258262890683,-0.22596360824801906,0.974135744004672
training,2025-12-16T12:00:00+00:00,2025-12-16T06:00:00+00:00,2025-12-18T13:00:00+00:00,2025-12-18T18:00:00+05:00,48,49.0,4508d8bda82e9424cd3b57cbca0be82940112b8afc287e887e1c538abe183bc3,0.945,9.9,10.16,10.37,249.0,-0.6,963.3,-0.2588190451025208,-0.9659258262890683,-0.22596360824801906,0.974135744004672
training,2025-12-17T12:00:00+00:00,2025-12-17T06:00:00+00:00,2025-12-18T14:00:00+00:00,2025-12-18T19:00:00+05:00,24,26.0,7ccdab0d1260c06e9262fb87c1ac702c8aded6344775110f8c4070618b18985c,0.975,9.9,10.16,10.37,245.0,-1.1,964.0,-0.4999999999999997,-0.8660254037844388,-0.22596360824801906,0.974135744004672
training,2025-12-16T12:00:00+00:00,2025-12-16T06:00:00+00:00,2025-12-18T14:00:00+00:00,2025-12-18T19:00:00+05:00,48,50.0,4508d8bda82e9424cd3b57cbca0be82940112b8afc287e887e1c538abe183bc3,0.975,9.44,9.68,9.88,248.0,-0.9,964.1,-0.4999999999999997,-0.8660254037844388,-0.22596360824801906,0.974135744004672
training,2025-12-17T18:00:00+00:00,2025-12-17T12:00:00+00:00,2025-12-18T15:00:00+00:00,2025-12-18T20:00:00+05:00,24,21.0,54ce044ba44f6f4d16e9cfe66a988753671083b7319b04c417b16ad26a7a2c26,0.9683333333333333,9.72,9.97,10.18,244.0,-1.5,965.7,-0.7071067811865471,-0.7071067811865479,-0.22596360824801906,0.974135744004672
training,2025-12-16T18:00:00+00:00,2025-12-16T12:00:00+00:00,2025-12-18T15:00:00+00:00,2025-12-18T20:00:00+05:00,48,45.0,96d578afb34ea328ce833a839a270bb9ab2af3bb349bd73a224efb635cf92103,0.9683333333333333,9.37,9.62,9.81,244.0,-1.1,964.9,-0.7071067811865471,-0.7071067811865479,-0.22596360824801906,0.974135744004672
training,2025-12-17T18:00:00+00:00,2025-12-17T12:00:00+00:00,2025-12-18T16:00:00+00:00,2025-12-18T21:00:00+05:00,24,22.0,54ce044ba44f6f4d16e9cfe66a988753671083b7319b04c417b16ad26a7a2c26,0.9766666666666666,9.37,9.62,9.82,242.0,-1.9,966.3,-0.8660254037844385,-0.5000000000000004,-0.22596360824801906,0.974135744004672
training,2025-12-16T18:00:00+00:00,2025-12-16T12:00:00+00:00,2025-12-18T16:00:00+00:00,2025-12-18T21:00:00+05:00,48,46.0,96d578afb34ea328ce833a839a270bb9ab2af3bb349bd73a224efb635cf92103,0.9766666666666666,9.21,9.45,9.65,240.0,-1.3,965.4,-0.8660254037844385,-0.5000000000000004,-0.22596360824801906,0.974135744004672
training,2025-12-17T18:00:00+00:00,2025-12-17T12:00:00+00:00,2025-12-18T17:00:00+00:00,2025-12-18T22:00:00+05:00,24,23.0,54ce044ba44f6f4d16e9cfe66a988753671083b7319b04c417b16ad26a7a2c26,0.9333333333333332,8.86,9.09,9.28,240.0,-2.0,967.0,-0.9659258262890683,-0.25881904510252063,-0.22596360824801906,0.974135744004672
training,2025-12-16T18:00:00+00:00,2025-12-16T12:00:00+00:00,2025-12-18T17:00:00+00:00,2025-12-18T22:00:00+05:00,48,47.0,96d578afb34ea328ce833a839a270bb9ab2af3bb349bd73a224efb635cf92103,0.9333333333333332,8.37,8.58,8.76,236.0,-1.4,966.0,-0.9659258262890683,-0.25881904510252063,-0.22596360824801906,0.974135744004672
training,2025-12-17T18:00:00+00:00,2025-12-17T12:00:00+00:00,2025-12-18T18:00:00+00:00,2025-12-18T23:00:00+05:00,24,24.0,54ce044ba44f6f4d16e9cfe66a988753671083b7319b04c417b16ad26a7a2c26,0.9633333333333334,7.99,8.2,8.37,237.0,-2.2,967.4,-1.0,-1.8369701987210297e-16,-0.22596360824801906,0.974135744004672
training,2025-12-16T18:00:00+00:00,2025-12-16T12:00:00+00:00,2025-12-18T18:00:00+00:00,2025-12-18T23:00:00+05:00,48,48.0,96d578afb34ea328ce833a839a270bb9ab2af3bb349bd73a224efb635cf92103,0.9633333333333334,7.56,7.75,7.91,236.0,-1.8,966.3,-1.0,-1.8369701987210297e-16,-0.22596360824801906,0.974135744004672
training,2025-12-17T18:00:00+00:00,2025-12-17T12:00:00+00:00,2025-12-18T19:00:00+00:00,2025-12-19T00:00:00+05:00,24,25.0,54ce044ba44f6f4d16e9cfe66a988753671083b7319b04c417b16ad26a7a2c26,0.7583333333333333,7.51,7.7,7.86,234.0,-2.6,967.4,-0.9659258262890684,0.2588190451025203,-0.22596360824801906,0.974135744004672
training,2025-12-16T18:00:00+00:00,2025-12-16T12:00:00+00:00,2025-12-18T19:00:00+00:00,2025-12-19T00:00:00+05:00,48,49.0,96d578afb34ea328ce833a839a270bb9ab2af3bb349bd73a224efb635cf92103,0.7583333333333333,7.3,7.49,7.65,230.0,-1.9,966.3,-0.9659258262890684,0.2588190451025203,-0.22596360824801906,0.974135744004672
training,2025-12-17T18:00:00+00:00,2025-12-17T12:00:00+00:00,2025-12-18T20:00:00+00:00,2025-12-19T01:00:00+05:00,24,26.0,54ce044ba44f6f4d16e9cfe66a988753671083b7319b04c417b16ad26a7a2c26,0.975,7.39,7.58,7.73,228.0,-2.6,967.4,-0.8660254037844386,0.5000000000000001,-0.22596360824801906,0.974135744004672
training,2025-12-16T18:00:00+00:00,2025-12-16T12:00:00+00:00,2025-12-18T20:00:00+00:00,2025-12-19T01:00:00+05:00,48,50.0,96d578afb34ea328ce833a839a270bb9ab2af3bb349bd73a224efb635cf92103,0.975,7.1,7.28,7.43,225.0,-1.6,966.3,-0.8660254037844386,0.5000000000000001,-0.22596360824801906,0.974135744004672
training,2025-12-18T00:00:00+00:00,2025-12-17T18:00:00+00:00,2025-12-18T21:00:00+00:00,2025-12-19T02:00:00+05:00,24,21.0,ffd2c5c00119b17bc1ac0e82fee8a8709dbea8326b55466399a4fdafbee40f97,0.98,7.21,7.39,7.55,231.0,-2.5,967.5,-0.7071067811865477,0.7071067811865474,-0.22596360824801906,0.974135744004672
training,2025-12-17T00:00:00+00:00,2025-12-16T18:00:00+00:00,2025-12-18T21:00:00+00:00,2025-12-19T02:00:00+05:00,48,45.0,968d5ae654f1f86c561e7e9b48cfda33c7ecb814d51f67570cbef49a78a8e591,0.98,6.88,7.06,7.2,229.0,-1.6,967.2,-0.7071067811865477,0.7071067811865474,-0.22596360824801906,0.974135744004672
training,2025-12-18T00:00:00+00:00,2025-12-17T18:00:00+00:00,2025-12-18T22:00:00+00:00,2025-12-19T03:00:00+05:00,24,22.0,ffd2c5c00119b17bc1ac0e82fee8a8709dbea8326b55466399a4fdafbee40f97,0.9533333333333333,6.89,7.07,7.22,235.0,-2.4,967.4,-0.5000000000000004,0.8660254037844384,-0.22596360824801906,0.974135744004672
training,2025-12-17T00:00:00+00:00,2025-12-16T18:00:00+00:00,2025-12-18T22:00:00+00:00,2025-12-19T03:00:00+05:00,48,46.0,968d5ae654f1f86c561e7e9b48cfda33c7ecb814d51f67570cbef49a78a8e591,0.9533333333333333,6.35,6.51,6.65,223.0,-1.5,967.0,-0.5000000000000004,0.8660254037844384,-0.22596360824801906,0.974135744004672
training,2025-12-18T00:00:00+00:00,2025-12-17T18:00:00+00:00,2025-12-18T23:00:00+00:00,2025-12-19T04:00:00+05:00,24,23.0,ffd2c5c00119b17bc1ac0e82fee8a8709dbea8326b55466399a4fdafbee40f97,0.9133333333333332,6.56,6.73,6.87,232.0,-2.2,967.4,-0.25881904510252157,0.9659258262890681,-0.22596360824801906,0.974135744004672
training,2025-12-17T00:00:00+00:00,2025-12-16T18:00:00+00:00,2025-12-18T23:00:00+00:00,2025-12-19T04:00:00+05:00,48,47.0,968d5ae654f1f86c561e7e9b48cfda33c7ecb814d51f67570cbef49a78a8e591,0.9133333333333332,5.3,5.44,5.55,219.0,-1.7,966.8,-0.25881904510252157,0.9659258262890681,-0.22596360824801906,0.974135744004672
training,2025-12-18T00:00:00+00:00,2025-12-17T18:00:00+00:00,2025-12-19T00:00:00+00:00,2025-12-19T05:00:00+05:00,24,24.0,ffd2c5c00119b17bc1ac0e82fee8a8709dbea8326b55466399a4fdafbee40f97,0.615,5.83,5.98,6.1,227.0,-2.0,967.4,0.0,1.0,-0.20917350564635637,0.9778785428342386
training,2025-12-17T00:00:00+00:00,2025-12-16T18:00:00+00:00,2025-12-19T00:00:00+00:00,2025-12-19T05:00:00+05:00,48,48.0,968d5ae654f1f86c561e7e9b48cfda33c7ecb814d51f67570cbef49a78a8e591,0.615,4.04,4.15,4.23,221.0,-1.7,966.6,0.0,1.0,-0.20917350564635637,0.9778785428342386
training,2025-12-18T00:00:00+00:00,2025-12-17T18:00:00+00:00,2025-12-19T01:00:00+00:00,2025-12-19T06:00:00+05:00,24,25.0,ffd2c5c00119b17bc1ac0e82fee8a8709dbea8326b55466399a4fdafbee40f97,0.15666666666666668,3.99,4.09,4.18,231.0,-1.6,967.6,0.25881904510252074,0.9659258262890683,-0.20917350564635637,0.9778785428342386
training,2025-12-17T00:00:00+00:00,2025-12-16T18:00:00+00:00,2025-12-19T01:00:00+00:00,2025-12-19T06:00:00+05:00,48,49.0,968d5ae654f1f86c561e7e9b48cfda33c7ecb814d51f67570cbef49a78a8e591,0.15666666666666668,2.96,3.04,3.1,225.0,-1.9,966.4,0.25881904510252074,0.9659258262890683,-0.20917350564635637,0.9778785428342386
training,2025-12-18T00:00:00+00:00,2025-12-17T18:00:00+00:00,2025-12-19T02:00:00+00:00,2025-12-19T07:00:00+05:00,24,26.0,ffd2c5c00119b17bc1ac0e82fee8a8709dbea8326b55466399a4fdafbee40f97,0.008333333333333333,1.92,1.97,2.01,243.0,-1.8,967.9,0.49999999999999994,0.8660254037844387,-0.20917350564635637,0.9778785428342386
training,2025-12-17T00:00:00+00:00,2025-12-16T18:00:00+00:00,2025-12-19T02:00:00+00:00,2025-12-19T07:00:00+05:00,48,50.0,968d5ae654f1f86c561e7e9b48cfda33c7ecb814d51f67570cbef49a78a8e591,0.008333333333333333,1.98,2.04,2.08,245.0,-2.7,966.0,0.49999999999999994,0.8660254037844387,-0.20917350564635637,0.9778785428342386
training,2025-12-18T06:00:00+00:00,2025-12-18T00:00:00+00:00,2025-12-19T03:00:00+00:00,2025-12-19T08:00:00+05:00,24,21.0,93d6342513acf82c745ed7fae5e4eb837df8829d51f405e9e5812ec04a7ada7d,0.011666666666666667,1.17,1.2,1.23,358.0,-2.0,968.3,0.7071067811865476,0.7071067811865476,-0.20917350564635637,0.9778785428342386
training,2025-12-17T06:00:00+00:00,2025-12-17T00:00:00+00:00,2025-12-19T03:00:00+00:00,2025-12-19T08:00:00+05:00,48,45.0,23b1fe44d8b13f9a608186d673f27e8a6604ae47bb80a3d228cc0220b2195342,0.011666666666666667,2.84,2.91,2.97,35.0,-2.8,967.3,0.7071067811865476,0.7071067811865476,-0.20917350564635637,0.9778785428342386
training,2025-12-18T06:00:00+00:00,2025-12-18T00:00:00+00:00,2025-12-19T04:00:00+00:00,2025-12-19T09:00:00+05:00,24,22.0,93d6342513acf82c745ed7fae5e4eb837df8829d51f405e9e5812ec04a7ada7d,0.02666666666666667,3.41,3.5,3.57,47.0,-2.0,968.9,0.8660254037844386,0.5000000000000001,-0.20917350564635637,0.9778785428342386
training,2025-12-17T06:00:00+00:00,2025-12-17T00:00:00+00:00,2025-12-19T04:00:00+00:00,2025-12-19T09:00:00+05:00,48,46.0,23b1fe44d8b13f9a608186d673f27e8a6604ae47bb80a3d228cc0220b2195342,0.02666666666666667,4.5,4.62,4.72,59.0,-3.3,967.8,0.8660254037844386,0.5000000000000001,-0.20917350564635637,0.9778785428342386
training,2025-12-18T06:00:00+00:00,2025-12-18T00:00:00+00:00,2025-12-19T05:00:00+00:00,2025-12-19T10:00:00+05:00,24,23.0,93d6342513acf82c745ed7fae5e4eb837df8829d51f405e9e5812ec04a7ada7d,0.01,3.84,3.94,4.03,60.0,-1.5,968.9,0.9659258262890683,0.25881904510252074,-0.20917350564635637,0.9778785428342386
training,2025-12-17T06:00:00+00:00,2025-12-17T00:00:00+00:00,2025-12-19T05:00:00+00:00,2025-12-19T10:00:00+05:00,48,47.0,23b1fe44d8b13f9a608186d673f27e8a6604ae47bb80a3d228cc0220b2195342,0.01,4.06,4.16,4.25,57.0,-3.0,967.8,0.9659258262890683,0.25881904510252074,-0.20917350564635637,0.9778785428342386
training,2025-12-18T06:00:00+00:00,2025-12-18T00:00:00+00:00,2025-12-19T06:00:00+00:00,2025-12-19T11:00:00+05:00,24,24.0,93d6342513acf82c745ed7fae5e4eb837df8829d51f405e9e5812ec04a7ada7d,0.09999999999999999,4.62,4.74,4.84,57.0,-1.2,968.1,1.0,6.123233995736766e-17,-0.20917350564635637,0.9778785428342386
training,2025-12-17T06:00:00+00:00,2025-12-17T00:00:00+00:00,2025-12-19T06:00:00+00:00,2025-12-19T11:00:00+05:00,48,48.0,23b1fe44d8b13f9a608186d673f27e8a6604ae47bb80a3d228cc0220b2195342,0.09999999999999999,4.61,4.72,4.82,51.0,-1.9,967.4,1.0,6.123233995736766e-17,-0.20917350564635637,0.9778785428342386
training,2025-12-18T06:00:00+00:00,2025-12-18T00:00:00+00:00,2025-12-19T07:00:00+00:00,2025-12-19T12:00:00+05:00,24,25.0,93d6342513acf82c745ed7fae5e4eb837df8829d51f405e9e5812ec04a7ada7d,0.26833333333333337,6.02,6.17,6.3,58.0,0.2,967.1,0.9659258262890683,-0.25881904510252063,-0.20917350564635637,0.9778785428342386
training,2025-12-17T06:00:00+00:00,2025-12-17T00:00:00+00:00,2025-12-19T07:00:00+00:00,2025-12-19T12:00:00+05:00,48,49.0,23b1fe44d8b13f9a608186d673f27e8a6604ae47bb80a3d228cc0220b2195342,0.26833333333333337,5.56,5.7,5.82,52.0,-0.6,966.7,0.9659258262890683,-0.25881904510252063,-0.20917350564635637,0.9778785428342386
training,2025-12-18T06:00:00+00:00,2025-12-18T00:00:00+00:00,2025-12-19T08:00:00+00:00,2025-12-19T13:00:00+05:00,24,26.0,93d6342513acf82c745ed7fae5e4eb837df8829d51f405e9e5812ec04a7ada7d,0.51,7.04,7.23,7.37,57.0,0.8,966.3,0.8660254037844387,-0.4999999999999998,-0.20917350564635637,0.9778785428342386
training,2025-12-17T06:00:00+00:00,2025-12-17T00:00:00+00:00,2025-12-19T08:00:00+00:00,2025-12-19T13:00:00+05:00,48,50.0,23b1fe44d8b13f9a608186d673f27e8a6604ae47bb80a3d228cc0220b2195342,0.51,5.96,6.11,6.24,51.0,-0.1,966.0,0.8660254037844387,-0.4999999999999998,-0.20917350564635637,0.9778785428342386
training,2025-12-18T12:00:00+00:00,2025-12-18T06:00:00+00:00,2025-12-19T09:00:00+00:00,2025-12-19T14:00:00+05:00,24,21.0,0099499e1ab9a719b07738a4fdb9ca3fbdaf72bfd97e14630e00cc8ba9625d4f,0.7616666666666667,7.64,7.84,8.0,58.0,1.2,965.8,0.7071067811865476,-0.7071067811865475,-0.20917350564635637,0.9778785428342386
training,2025-12-17T12:00:00+00:00,2025-12-17T06:00:00+00:00,2025-12-19T09:00:00+00:00,2025-12-19T14:00:00+05:00,48,45.0,7ccdab0d1260c06e9262fb87c1ac702c8aded6344775110f8c4070618b18985c,0.7616666666666667,6.43,6.6,6.74,53.0,0.2,965.4,0.7071067811865476,-0.7071067811865475,-0.20917350564635637,0.9778785428342386
training,2025-12-18T12:00:00+00:00,2025-12-18T06:00:00+00:00,2025-12-19T10:00:00+00:00,2025-12-19T15:00:00+05:00,24,22.0,0099499e1ab9a719b07738a4fdb9ca3fbdaf72bfd97e14630e00cc8ba9625d4f,0.8983333333333333,7.9,8.1,8.27,61.0,0.7,965.5,0.49999999999999994,-0.8660254037844387,-0.20917350564635637,0.9778785428342386
training,2025-12-17T12:00:00+00:00,2025-12-17T06:00:00+00:00,2025-12-19T10:00:00+00:00,2025-12-19T15:00:00+05:00,48,46.0,7ccdab0d1260c06e9262fb87c1ac702c8aded6344775110f8c4070618b18985c,0.8983333333333333,7.3,7.49,7.65,59.0,-0.3,964.8,0.49999999999999994,-0.8660254037844387,-0.20917350564635637,0.9778785428342386
training,2025-12-18T12:00:00+00:00,2025-12-18T06:00:00+00:00,2025-12-19T11:00:00+00:00,2025-12-19T16:00:00+05:00,24,23.0,0099499e1ab9a719b07738a4fdb9ca3fbdaf72bfd97e14630e00cc8ba9625d4f,0.9666666666666667,7.36,7.55,7.71,67.0,-0.5,964.9,0.258819045102521,-0.9659258262890682,-0.20917350564635637,0.9778785428342386
training,2025-12-17T12:00:00+00:00,2025-12-17T06:00:00+00:00,2025-12-19T11:00:00+00:00,2025-12-19T16:00:00+05:00,48,47.0,7ccdab0d1260c06e9262fb87c1ac702c8aded6344775110f8c4070618b18985c,0.9666666666666667,7.3,7.49,7.64,59.0,-1.0,964.6,0.258819045102521,-0.9659258262890682,-0.20917350564635637,0.9778785428342386
training,2025-12-18T12:00:00+00:00,2025-12-18T06:00:00+00:00,2025-12-19T12:00:00+00:00,2025-12-19T17:00:00+05:00,24,24.0,0099499e1ab9a719b07738a4fdb9ca3fbdaf72bfd97e14630e00cc8ba9625d4f,0.975,7.14,7.32,7.47,72.0,-1.5,964.1,1.2246467991473532e-16,-1.0,-0.20917350564635637,0.9778785428342386
training,2025-12-17T12:00:00+00:00,2025-12-17T06:00:00+00:00,2025-12-19T12:00:00+00:00,2025-12-19T17:00:00+05:00,48,48.0,7ccdab0d1260c06e9262fb87c1ac702c8aded6344775110f8c4070618b18985c,0.975,7.27,7.46,7.61,67.0,-1.4,964.3,1.2246467991473532e-16,-1.0,-0.20917350564635637,0.9778785428342386
training,2025-12-18T12:00:00+00:00,2025-12-18T06:00:00+00:00,2025-12-19T13:00:00+00:00,2025-12-19T18:00:00+05:00,24,25.0,0099499e1ab9a719b07738a4fdb9ca3fbdaf72bfd97e14630e00cc8ba9625d4f,0.9783333333333334,7.63,7.82,7.99,75.0,-2.2,963.5,-0.2588190451025208,-0.9659258262890683,-0.20917350564635637,0.9778785428342386
training,2025-12-17T12:00:00+00:00,2025-12-17T06:00:00+00:00,2025-12-19T13:00:00+00:00,2025-12-19T18:00:00+05:00,48,49.0,7ccdab0d1260c06e9262fb87c1ac702c8aded6344775110f8c4070618b18985c,0.9783333333333334,7.16,7.35,7.5,67.0,-2.1,963.7,-0.2588190451025208,-0.9659258262890683,-0.20917350564635637,0.9778785428342386
training,2025-12-18T12:00:00+00:00,2025-12-18T06:00:00+00:00,2025-12-19T14:00:00+00:00,2025-12-19T19:00:00+05:00,24,26.0,0099499e1ab9a719b07738a4fdb9ca3fbdaf72bfd97e14630e00cc8ba9625d4f,0.98,7.92,8.13,8.29,76.0,-2.1,962.9,-0.4999999999999997,-0.8660254037844388,-0.20917350564635637,0.9778785428342386
training,2025-12-17T12:00:00+00:00,2025-12-17T06:00:00+00:00,2025-12-19T14:00:00+00:00,2025-12-19T19:00:00+05:00,48,50.0,7ccdab0d1260c06e9262fb87c1ac702c8aded6344775110f8c4070618b18985c,0.98,7.54,7.73,7.89,72.0,-2.7,962.6,-0.4999999999999997,-0.8660254037844388,-0.20917350564635637,0.9778785428342386
training,2025-12-18T18:00:00+00:00,2025-12-18T12:00:00+00:00,2025-12-19T15:00:00+00:00,2025-12-19T20:00:00+05:00,24,21.0,79db6902d9df7e0ff1b5a89f396b9bff913573ab9d7e75f89103715479ff7004,0.975,8.33,8.55,8.73,81.0,-1.5,962.3,-0.7071067811865471,-0.7071067811865479,-0.20917350564635637,0.9778785428342386
training,2025-12-17T18:00:00+00:00,2025-12-17T12:00:00+00:00,2025-12-19T15:00:00+00:00,2025-12-19T20:00:00+05:00,48,45.0,54ce044ba44f6f4d16e9cfe66a988753671083b7319b04c417b16ad26a7a2c26,0.975,7.26,7.45,7.61,78.0,-2.3,961.3,-0.7071067811865471,-0.7071067811865479,-0.20917350564635637,0.9778785428342386
training,2025-12-18T18:00:00+00:00,2025-12-18T12:00:00+00:00,2025-12-19T16:00:00+00:00,2025-12-19T21:00:00+05:00,24,22.0,79db6902d9df7e0ff1b5a89f396b9bff913573ab9d7e75f89103715479ff7004,0.895,8.25,8.47,8.64,83.0,-1.2,961.6,-0.8660254037844385,-0.5000000000000004,-0.20917350564635637,0.9778785428342386
training,2025-12-17T18:00:00+00:00,2025-12-17T12:00:00+00:00,2025-12-19T16:00:00+00:00,2025-12-19T21:00:00+05:00,48,46.0,54ce044ba44f6f4d16e9cfe66a988753671083b7319b04c417b16ad26a7a2c26,0.895,7.2,7.38,7.54,85.0,-2.0,960.6,-0.8660254037844385,-0.5000000000000004,-0.20917350564635637,0.9778785428342386
training,2025-12-18T18:00:00+00:00,2025-12-18T12:00:00+00:00,2025-12-19T17:00:00+00:00,2025-12-19T22:00:00+05:00,24,23.0,79db6902d9df7e0ff1b5a89f396b9bff913573ab9d7e75f89103715479ff7004,0.9716666666666667,8.07,8.28,8.45,82.0,-1.1,960.6,-0.9659258262890683,-0.25881904510252063,-0.20917350564635637,0.9778785428342386
training,2025-12-17T18:00:00+00:00,2025-12-17T12:00:00+00:00,2025-12-19T17:00:00+00:00,2025-12-19T22:00:00+05:00,48,47.0,54ce044ba44f6f4d16e9cfe66a988753671083b7319b04c417b16ad26a7a2c26,0.9716666666666667,6.92,7.1,7.25,90.0,-1.6,959.9,-0.9659258262890683,-0.25881904510252063,-0.20917350564635637,0.9778785428342386
training,2025-12-18T18:00:00+00:00,2025-12-18T12:00:00+00:00,2025-12-19T18:00:00+00:00,2025-12-19T23:00:00+05:00,24,24.0,79db6902d9df7e0ff1b5a89f396b9bff913573ab9d7e75f89103715479ff7004,0.9733333333333333,8.01,8.22,8.39,83.0,-1.4,959.4,-1.0,-1.8369701987210297e-16,-0.20917350564635637,0.9778785428342386
training,2025-12-17T18:00:00+00:00,2025-12-17T12:00:00+00:00,2025-12-19T18:00:00+00:00,2025-12-19T23:00:00+05:00,48,48.0,54ce044ba44f6f4d16e9cfe66a988753671083b7319b04c417b16ad26a7a2c26,0.9733333333333333,6.87,7.05,7.2,88.0,-1.6,958.5,-1.0,-1.8369701987210297e-16,-0.20917350564635637,0.9778785428342386
training,2025-12-18T18:00:00+00:00,2025-12-18T12:00:00+00:00,2025-12-19T19:00:00+00:00,2025-12-20T00:00:00+05:00,24,25.0,79db6902d9df7e0ff1b5a89f396b9bff913573ab9d7e75f89103715479ff7004,0.9783333333333334,8.07,8.28,8.45,80.0,-1.8,957.9,-0.9659258262890684,0.2588190451025203,-0.20917350564635637,0.9778785428342386
training,2025-12-17T18:00:00+00:00,2025-12-17T12:00:00+00:00,2025-12-19T19:00:00+00:00,2025-12-20T00:00:00+05:00,48,49.0,54ce044ba44f6f4d16e9cfe66a988753671083b7319b04c417b16ad26a7a2c26,0.9783333333333334,7.21,7.4,7.55,81.0,-1.9,957.1,-0.9659258262890684,0.2588190451025203,-0.20917350564635637,0.9778785428342386
training,2025-12-18T18:00:00+00:00,2025-12-18T12:00:00+00:00,2025-12-19T20:00:00+00:00,2025-12-20T01:00:00+05:00,24,26.0,79db6902d9df7e0ff1b5a89f396b9bff913573ab9d7e75f89103715479ff7004,0.9566666666666667,8.05,8.26,8.43,76.0,-2.2,956.5,-0.8660254037844386,0.5000000000000001,-0.20917350564635637,0.9778785428342386
training,2025-12-17T18:00:00+00:00,2025-12-17T12:00:00+00:00,2025-12-19T20:00:00+00:00,2025-12-20T01:00:00+05:00,48,50.0,54ce044ba44f6f4d16e9cfe66a988753671083b7319b04c417b16ad26a7a2c26,0.9566666666666667,7.43,7.62,7.78,78.0,-2.2,956.0,-0.8660254037844386,0.5000000000000001,-0.20917350564635637,0.9778785428342386
training,2025-12-19T00:00:00+00:00,2025-12-18T18:00:00+00:00,2025-12-19T21:00:00+00:00,2025-12-20T02:00:00+05:00,24,21.0,91f30afe3d3dddc8f715b81927051bc128726d671623e4ba70a1a38122d98120,0.9666666666666667,7.97,8.18,8.34,73.0,-2.5,955.6,-0.7071067811865477,0.7071067811865474,-0.20917350564635637,0.9778785428342386
training,2025-12-18T00:00:00+00:00,2025-12-17T18:00:00+00:00,2025-12-19T21:00:00+00:00,2025-12-20T02:00:00+05:00,48,45.0,ffd2c5c00119b17bc1ac0e82fee8a8709dbea8326b55466399a4fdafbee40f97,0.9666666666666667,7.43,7.63,7.79,76.0,-2.2,955.2,-0.7071067811865477,0.7071067811865474,-0.20917350564635637,0.9778785428342386
training,2025-12-19T00:00:00+00:00,2025-12-18T18:00:00+00:00,2025-12-19T22:00:00+00:00,2025-12-20T03:00:00+05:00,24,22.0,91f30afe3d3dddc8f715b81927051bc128726d671623e4ba70a1a38122d98120,0.9716666666666667,6.73,6.9,7.04,76.0,-2.3,954.7,-0.5000000000000004,0.8660254037844384,-0.20917350564635637,0.9778785428342386
training,2025-12-18T00:00:00+00:00,2025-12-17T18:00:00+00:00,2025-12-19T22:00:00+00:00,2025-12-20T03:00:00+05:00,48,46.0,ffd2c5c00119b17bc1ac0e82fee8a8709dbea8326b55466399a4fdafbee40f97,0.9716666666666667,6.75,6.92,7.07,75.0,-2.1,954.0,-0.5000000000000004,0.8660254037844384,-0.20917350564635637,0.9778785428342386
training,2025-12-19T00:00:00+00:00,2025-12-18T18:00:00+00:00,2025-12-19T23:00:00+00:00,2025-12-20T04:00:00+05:00,24,23.0,91f30afe3d3dddc8f715b81927051bc128726d671623e4ba70a1a38122d98120,0.8416666666666667,5.7,5.85,5.97,75.0,-2.5,953.8,-0.25881904510252157,0.9659258262890681,-0.20917350564635637,0.9778785428342386
training,2025-12-18T00:00:00+00:00,2025-12-17T18:00:00+00:00,2025-12-19T23:00:00+00:00,2025-12-20T04:00:00+05:00,48,47.0,ffd2c5c00119b17bc1ac0e82fee8a8709dbea8326b55466399a4fdafbee40f97,0.8416666666666667,6.15,6.31,6.44,75.0,-2.0,953.0,-0.25881904510252157,0.9659258262890681,-0.20917350564635637,0.9778785428342386
training,2025-12-19T00:00:00+00:00,2025-12-18T18:00:00+00:00,2025-12-20T00:00:00+00:00,2025-12-20T05:00:00+05:00,24,24.0,91f30afe3d3dddc8f715b81927051bc128726d671623e4ba70a1a38122d98120,0.535,5.21,5.35,5.46,76.0,-2.6,953.1,0.0,1.0,-0.19232150523909483,0.9813319716704275
training,2025-12-18T00:00:00+00:00,2025-12-17T18:00:00+00:00,2025-12-20T00:00:00+00:00,2025-12-20T05:00:00+05:00,48,48.0,ffd2c5c00119b17bc1ac0e82fee8a8709dbea8326b55466399a4fdafbee40f97,0.535,5.35,5.49,5.61,80.0,-1.8,952.3,0.0,1.0,-0.19232150523909483,0.9813319716704275
training,2025-12-19T00:00:00+00:00,2025-12-18T18:00:00+00:00,2025-12-20T01:00:00+00:00,2025-12-20T06:00:00+05:00,24,25.0,91f30afe3d3dddc8f715b81927051bc128726d671623e4ba70a1a38122d98120,0.11166666666666668,4.58,4.7,4.8,81.0,-2.2,952.6,0.25881904510252074,0.9659258262890683,-0.19232150523909483,0.9813319716704275
training,2025-12-18T00:00:00+00:00,2025-12-17T18:00:00+00:00,2025-12-20T01:00:00+00:00,2025-12-20T06:00:00+05:00,48,49.0,ffd2c5c00119b17bc1ac0e82fee8a8709dbea8326b55466399a4fdafbee40f97,0.11166666666666668,5.01,5.14,5.25,77.0,-1.9,951.8,0.25881904510252074,0.9659258262890683,-0.19232150523909483,0.9813319716704275
training,2025-12-19T00:00:00+00:00,2025-12-18T18:00:00+00:00,2025-12-20T02:00:00+00:00,2025-12-20T07:00:00+05:00,24,26.0,91f30afe3d3dddc8f715b81927051bc128726d671623e4ba70a1a38122d98120,0.08666666666666667,4.45,4.56,4.66,81.0,-2.6,951.9,0.49999999999999994,0.8660254037844387,-0.19232150523909483,0.9813319716704275
training,2025-12-18T00:00:00+00:00,2025-12-17T18:00:00+00:00,2025-12-20T02:00:00+00:00,2025-12-20T07:00:00+05:00,48,50.0,ffd2c5c00119b17bc1ac0e82fee8a8709dbea8326b55466399a4fdafbee40f97,0.08666666666666667,4.73,4.85,4.95,76.0,-1.9,951.1,0.49999999999999994,0.8660254037844387,-0.19232150523909483,0.9813319716704275
training,2025-12-19T06:00:00+00:00,2025-12-19T00:00:00+00:00,2025-12-20T03:00:00+00:00,2025-12-20T08:00:00+05:00,24,21.0,7071aae4cf6408636ac9b64f72902b9e0764abc3bd93eaa55ee55d7fabd65eb2,0.18500000000000003,4.68,4.8,4.9,76.0,-1.8,951.9,0.7071067811865476,0.7071067811865476,-0.19232150523909483,0.9813319716704275
training,2025-12-18T06:00:00+00:00,2025-12-18T00:00:00+00:00,2025-12-20T03:00:00+00:00,2025-12-20T08:00:00+05:00,48,45.0,93d6342513acf82c745ed7fae5e4eb837df8829d51f405e9e5812ec04a7ada7d,0.18500000000000003,4.52,4.64,4.73,74.0,-1.5,951.1,0.7071067811865476,0.7071067811865476,-0.19232150523909483,0.9813319716704275
training,2025-12-19T06:00:00+00:00,2025-12-19T00:00:00+00:00,2025-12-20T04:00:00+00:00,2025-12-20T09:00:00+05:00,24,22.0,7071aae4cf6408636ac9b64f72902b9e0764abc3bd93eaa55ee55d7fabd65eb2,0.125,4.69,4.82,4.91,75.0,-0.1,951.4,0.8660254037844386,0.5000000000000001,-0.19232150523909483,0.9813319716704275
training,2025-12-18T06:00:00+00:00,2025-12-18T00:00:00+00:00,2025-12-20T04:00:00+00:00,2025-12-20T09:00:00+05:00,48,46.0,93d6342513acf82c745ed7fae5e4eb837df8829d51f405e9e5812ec04a7ada7d,0.125,4.05,4.16,4.25,77.0,0.1,950.7,0.8660254037844386,0.5000000000000001,-0.19232150523909483,0.9813319716704275
training,2025-12-19T06:00:00+00:00,2025-12-19T00:00:00+00:00,2025-12-20T05:00:00+00:00,2025-12-20T10:00:00+05:00,24,23.0,7071aae4cf6408636ac9b64f72902b9e0764abc3bd93eaa55ee55d7fabd65eb2,0.13,4.62,4.74,4.84,65.0,1.9,950.8,0.9659258262890683,0.25881904510252074,-0.19232150523909483,0.9813319716704275
training,2025-12-18T06:00:00+00:00,2025-12-18T00:00:00+00:00,2025-12-20T05:00:00+00:00,2025-12-20T10:00:00+05:00,48,47.0,93d6342513acf82c745ed7fae5e4eb837df8829d51f405e9e5812ec04a7ada7d,0.13,4.36,4.47,4.57,62.0,2.2,950.4,0.9659258262890683,0.25881904510252074,-0.19232150523909483,0.9813319716704275
training,2025-12-19T06:00:00+00:00,2025-12-19T00:00:00+00:00,2025-12-20T06:00:00+00:00,2025-12-20T11:00:00+05:00,24,24.0,7071aae4cf6408636ac9b64f72902b9e0764abc3bd93eaa55ee55d7fabd65eb2,0.16666666666666666,5.61,5.76,5.87,56.0,2.8,949.8,1.0,6.123233995736766e-17,-0.19232150523909483,0.9813319716704275
training,2025-12-18T06:00:00+00:00,2025-12-18T00:00:00+00:00,2025-12-20T06:00:00+00:00,2025-12-20T11:00:00+05:00,48,48.0,93d6342513acf82c745ed7fae5e4eb837df8829d51f405e9e5812ec04a7ada7d,0.16666666666666666,5.77,5.92,6.04,53.0,3.5,949.4,1.0,6.123233995736766e-17,-0.19232150523909483,0.9813319716704275
training,2025-12-19T06:00:00+00:00,2025-12-19T00:00:00+00:00,2025-12-20T07:00:00+00:00,2025-12-20T12:00:00+05:00,24,25.0,7071aae4cf6408636ac9b64f72902b9e0764abc3bd93eaa55ee55d7fabd65eb2,0.2866666666666667,5.87,6.02,6.15,54.0,3.7,948.6,0.9659258262890683,-0.25881904510252063,-0.19232150523909483,0.9813319716704275
training,2025-12-18T06:00:00+00:00,2025-12-18T00:00:00+00:00,2025-12-20T07:00:00+00:00,2025-12-20T12:00:00+05:00,48,49.0,93d6342513acf82c745ed7fae5e4eb837df8829d51f405e9e5812ec04a7ada7d,0.2866666666666667,6.22,6.38,6.51,55.0,3.8,948.5,0.9659258262890683,-0.25881904510252063,-0.19232150523909483,0.9813319716704275
training,2025-12-19T06:00:00+00:00,2025-12-19T00:00:00+00:00,2025-12-20T08:00:00+00:00,2025-12-20T13:00:00+05:00,24,26.0,7071aae4cf6408636ac9b64f72902b9e0764abc3bd93eaa55ee55d7fabd65eb2,0.395,5.93,6.08,6.21,51.0,4.2,947.9,0.8660254037844387,-0.4999999999999998,-0.19232150523909483,0.9813319716704275
training,2025-12-18T06:00:00+00:00,2025-12-18T00:00:00+00:00,2025-12-20T08:00:00+00:00,2025-12-20T13:00:00+05:00,48,50.0,93d6342513acf82c745ed7fae5e4eb837df8829d51f405e9e5812ec04a7ada7d,0.395,6.02,6.17,6.3,50.0,4.3,947.8,0.8660254037844387,-0.4999999999999998,-0.19232150523909483,0.9813319716704275
training,2025-12-19T12:00:00+00:00,2025-12-19T06:00:00+00:00,2025-12-20T09:00:00+00:00,2025-12-20T14:00:00+05:00,24,21.0,315885149a00e66d3620a31ecd8e45eba60971f2ec4c54a285f000ba02d0ab7b,0.295,6.45,6.62,6.75,57.0,4.6,946.9,0.7071067811865476,-0.7071067811865475,-0.19232150523909483,0.9813319716704275
training,2025-12-18T12:00:00+00:00,2025-12-18T06:00:00+00:00,2025-12-20T09:00:00+00:00,2025-12-20T14:00:00+05:00,48,45.0,0099499e1ab9a719b07738a4fdb9ca3fbdaf72bfd97e14630e00cc8ba9625d4f,0.295,6.46,6.63,6.77,52.0,3.4,947.6,0.7071067811865476,-0.7071067811865475,-0.19232150523909483,0.9813319716704275
training,2025-12-19T12:00:00+00:00,2025-12-19T06:00:00+00:00,2025-12-20T10:00:00+00:00,2025-12-20T15:00:00+05:00,24,22.0,315885149a00e66d3620a31ecd8e45eba60971f2ec4c54a285f000ba02d0ab7b,0.26666666666666666,5.64,5.79,5.91,53.0,3.5,946.8,0.49999999999999994,-0.8660254037844387,-0.19232150523909483,0.9813319716704275
training,2025-12-18T12:00:00+00:00,2025-12-18T06:00:00+00:00,2025-12-20T10:00:00+00:00,2025-12-20T15:00:00+05:00,48,46.0,0099499e1ab9a719b07738a4fdb9ca3fbdaf72bfd97e14630e00cc8ba9625d4f,0.26666666666666666,5.42,5.56,5.68,55.0,2.6,947.2,0.49999999999999994,-0.8660254037844387,-0.19232150523909483,0.9813319716704275
training,2025-12-19T12:00:00+00:00,2025-12-19T06:00:00+00:00,2025-12-20T11:00:00+00:00,2025-12-20T16:00:00+05:00,24,23.0,315885149a00e66d3620a31ecd8e45eba60971f2ec4c54a285f000ba02d0ab7b,0.09000000000000001,4.07,4.18,4.27,53.0,1.3,946.6,0.258819045102521,-0.9659258262890682,-0.19232150523909483,0.9813319716704275
training,2025-12-18T12:00:00+00:00,2025-12-18T06:00:00+00:00,2025-12-20T11:00:00+00:00,2025-12-20T16:00:00+05:00,48,47.0,0099499e1ab9a719b07738a4fdb9ca3fbdaf72bfd97e14630e00cc8ba9625d4f,0.09000000000000001,4.8,4.92,5.03,57.0,1.0,946.9,0.258819045102521,-0.9659258262890682,-0.19232150523909483,0.9813319716704275
training,2025-12-19T12:00:00+00:00,2025-12-19T06:00:00+00:00,2025-12-20T12:00:00+00:00,2025-12-20T17:00:00+05:00,24,24.0,315885149a00e66d3620a31ecd8e45eba60971f2ec4c54a285f000ba02d0ab7b,0.01,0.28,0.28,0.29,135.0,0.9,947.4,1.2246467991473532e-16,-1.0,-0.19232150523909483,0.9813319716704275
training,2025-12-18T12:00:00+00:00,2025-12-18T06:00:00+00:00,2025-12-20T12:00:00+00:00,2025-12-20T17:00:00+05:00,48,48.0,0099499e1ab9a719b07738a4fdb9ca3fbdaf72bfd97e14630e00cc8ba9625d4f,0.01,2.22,2.28,2.33,64.0,0.4,947.8,1.2246467991473532e-16,-1.0,-0.19232150523909483,0.9813319716704275
training,2025-12-19T12:00:00+00:00,2025-12-19T06:00:00+00:00,2025-12-20T13:00:00+00:00,2025-12-20T18:00:00+05:00,24,25.0,315885149a00e66d3620a31ecd8e45eba60971f2ec4c54a285f000ba02d0ab7b,0.008333333333333333,4.27,4.38,4.47,253.0,0.5,947.8,-0.2588190451025208,-0.9659258262890683,-0.19232150523909483,0.9813319716704275
training,2025-12-18T12:00:00+00:00,2025-12-18T06:00:00+00:00,2025-12-20T13:00:00+00:00,2025-12-20T18:00:00+05:00,48,49.0,0099499e1ab9a719b07738a4fdb9ca3fbdaf72bfd97e14630e00cc8ba9625d4f,0.008333333333333333,3.82,3.92,4.0,240.0,0.4,948.4,-0.2588190451025208,-0.9659258262890683,-0.19232150523909483,0.9813319716704275
training,2025-12-19T12:00:00+00:00,2025-12-19T06:00:00+00:00,2025-12-20T14:00:00+00:00,2025-12-20T19:00:00+05:00,24,26.0,315885149a00e66d3620a31ecd8e45eba60971f2ec4c54a285f000ba02d0ab7b,0.01,6.17,6.33,6.46,249.0,-0.6,948.5,-0.4999999999999997,-0.8660254037844388,-0.19232150523909483,0.9813319716704275
training,2025-12-18T12:00:00+00:00,2025-12-18T06:00:00+00:00,2025-12-20T14:00:00+00:00,2025-12-20T19:00:00+05:00,48,50.0,0099499e1ab9a719b07738a4fdb9ca3fbdaf72bfd97e14630e00cc8ba9625d4f,0.01,5.38,5.52,5.64,258.0,-0.7,948.9,-0.4999999999999997,-0.8660254037844388,-0.19232150523909483,0.9813319716704275
training,2025-12-19T18:00:00+00:00,2025-12-19T12:00:00+00:00,2025-12-20T15:00:00+00:00,2025-12-20T20:00:00+05:00,24,21.0,f1926302c17d9707ba777b24d3a84aac4cb0b15347693ed3b45f40228cb4b0c8,0.01,5.31,5.45,5.56,248.0,-0.1,949.6,-0.7071067811865471,-0.7071067811865479,-0.19232150523909483,0.9813319716704275
training,2025-12-18T18:00:00+00:00,2025-12-18T12:00:00+00:00,2025-12-20T15:00:00+00:00,2025-12-20T20:00:00+05:00,48,45.0,79db6902d9df7e0ff1b5a89f396b9bff913573ab9d7e75f89103715479ff7004,0.01,6.17,6.33,6.46,241.0,-0.7,948.3,-0.7071067811865471,-0.7071067811865479,-0.19232150523909483,0.9813319716704275
training,2025-12-19T18:00:00+00:00,2025-12-19T12:00:00+00:00,2025-12-20T16:00:00+00:00,2025-12-20T21:00:00+05:00,24,22.0,f1926302c17d9707ba777b24d3a84aac4cb0b15347693ed3b45f40228cb4b0c8,0.01,4.39,4.5,4.6,240.0,-0.1,949.4,-0.8660254037844385,-0.5000000000000004,-0.19232150523909483,0.9813319716704275
training,2025-12-18T18:00:00+00:00,2025-12-18T12:00:00+00:00,2025-12-20T16:00:00+00:00,2025-12-20T21:00:00+05:00,48,46.0,79db6902d9df7e0ff1b5a89f396b9bff913573ab9d7e75f89103715479ff7004,0.01,5.69,5.84,5.96,243.0,-1.1,948.8,-0.8660254037844385,-0.5000000000000004,-0.19232150523909483,0.9813319716704275
training,2025-12-19T18:00:00+00:00,2025-12-19T12:00:00+00:00,2025-12-20T17:00:00+00:00,2025-12-20T22:00:00+05:00,24,23.0,f1926302c17d9707ba777b24d3a84aac4cb0b15347693ed3b45f40228cb4b0c8,0.008333333333333333,3.9,4.0,4.09,242.0,-0.1,949.5,-0.9659258262890683,-0.25881904510252063,-0.19232150523909483,0.9813319716704275
training,2025-12-18T18:00:00+00:00,2025-12-18T12:00:00+00:00,2025-12-20T17:00:00+00:00,2025-12-20T22:00:00+05:00,48,47.0,79db6902d9df7e0ff1b5a89f396b9bff913573ab9d7e75f89103715479ff7004,0.008333333333333333,5.41,5.55,5.67,225.0,-0.5,948.6,-0.9659258262890683,-0.25881904510252063,-0.19232150523909483,0.9813319716704275
training,2025-12-19T18:00:00+00:00,2025-12-19T12:00:00+00:00,2025-12-20T18:00:00+00:00,2025-12-20T23:00:00+05:00,24,24.0,f1926302c17d9707ba777b24d3a84aac4cb0b15347693ed3b45f40228cb4b0c8,0.06,4.23,4.34,4.43,235.0,-0.4,949.4,-1.0,-1.8369701987210297e-16,-0.19232150523909483,0.9813319716704275
training,2025-12-18T18:00:00+00:00,2025-12-18T12:00:00+00:00,2025-12-20T18:00:00+00:00,2025-12-20T23:00:00+05:00,48,48.0,79db6902d9df7e0ff1b5a89f396b9bff913573ab9d7e75f89103715479ff7004,0.06,5.8,5.95,6.08,238.0,-0.9,948.5,-1.0,-1.8369701987210297e-16,-0.19232150523909483,0.9813319716704275
training,2025-12-19T18:00:00+00:00,2025-12-19T12:00:00+00:00,2025-12-20T19:00:00+00:00,2025-12-21T00:00:00+05:00,24,25.0,f1926302c17d9707ba777b24d3a84aac4cb0b15347693ed3b45f40228cb4b0c8,0.03,5.17,5.3,5.41,244.0,-1.1,949.4,-0.9659258262890684,0.2588190451025203,-0.19232150523909483,0.9813319716704275
training,2025-12-18T18:00:00+00:00,2025-12-18T12:00:00+00:00,2025-12-20T19:00:00+00:00,2025-12-21T00:00:00+05:00,48,49.0,79db6902d9df7e0ff1b5a89f396b9bff913573ab9d7e75f89103715479ff7004,0.03,6.91,7.09,7.24,245.0,-0.8,949.2,-0.9659258262890684,0.2588190451025203,-0.19232150523909483,0.9813319716704275
training,2025-12-19T18:00:00+00:00,2025-12-19T12:00:00+00:00,2025-12-20T20:00:00+00:00,2025-12-21T01:00:00+05:00,24,26.0,f1926302c17d9707ba777b24d3a84aac4cb0b15347693ed3b45f40228cb4b0c8,0.08333333333333333,5.96,6.12,6.24,236.0,-0.9,949.6,-0.8660254037844386,0.5000000000000001,-0.19232150523909483,0.9813319716704275
training,2025-12-18T18:00:00+00:00,2025-12-18T12:00:00+00:00,2025-12-20T20:00:00+00:00,2025-12-21T01:00:00+05:00,48,50.0,79db6902d9df7e0ff1b5a89f396b9bff913573ab9d7e75f89103715479ff7004,0.08333333333333333,7.95,8.16,8.33,243.0,-0.9,949.8,-0.8660254037844386,0.5000000000000001,-0.19232150523909483,0.9813319716704275
training,2025-12-20T00:00:00+00:00,2025-12-19T18:00:00+00:00,2025-12-20T21:00:00+00:00,2025-12-21T02:00:00+05:00,24,21.0,3928e2da2ab0ccca8f653865d3cf8c38879e22cdd7fa60d6a0e25b5b7daec22e,0.30333333333333334,8.16,8.37,8.54,245.0,-0.9,950.4,-0.7071067811865477,0.7071067811865474,-0.19232150523909483,0.9813319716704275
training,2025-12-19T00:00:00+00:00,2025-12-18T18:00:00+00:00,2025-12-20T21:00:00+00:00,2025-12-21T02:00:00+05:00,48,45.0,91f30afe3d3dddc8f715b81927051bc128726d671623e4ba70a1a38122d98120,0.30333333333333334,9.57,9.82,10.02,244.0,-1.4,949.8,-0.7071067811865477,0.7071067811865474,-0.19232150523909483,0.9813319716704275
training,2025-12-20T00:00:00+00:00,2025-12-19T18:00:00+00:00,2025-12-20T22:00:00+00:00,2025-12-21T03:00:00+05:00,24,22.0,3928e2da2ab0ccca8f653865d3cf8c38879e22cdd7fa60d6a0e25b5b7daec22e,0.23,8.91,9.14,9.33,247.0,-1.0,950.5,-0.5000000000000004,0.8660254037844384,-0.19232150523909483,0.9813319716704275
training,2025-12-19T00:00:00+00:00,2025-12-18T18:00:00+00:00,2025-12-20T22:00:00+00:00,2025-12-21T03:00:00+05:00,48,46.0,91f30afe3d3dddc8f715b81927051bc128726d671623e4ba70a1a38122d98120,0.23,9.83,10.09,10.3,250.0,-0.9,950.1,-0.5000000000000004,0.8660254037844384,-0.19232150523909483,0.9813319716704275
training,2025-12-20T00:00:00+00:00,2025-12-19T18:00:00+00:00,2025-12-20T23:00:00+00:00,2025-12-21T04:00:00+05:00,24,23.0,3928e2da2ab0ccca8f653865d3cf8c38879e22cdd7fa60d6a0e25b5b7daec22e,0.7383333333333333,9.97,10.23,10.44,251.0,-0.9,951.3,-0.25881904510252157,0.9659258262890681,-0.19232150523909483,0.9813319716704275
training,2025-12-19T00:00:00+00:00,2025-12-18T18:00:00+00:00,2025-12-20T23:00:00+00:00,2025-12-21T04:00:00+05:00,48,47.0,91f30afe3d3dddc8f715b81927051bc128726d671623e4ba70a1a38122d98120,0.7383333333333333,10.13,10.39,10.6,248.0,-0.3,950.7,-0.25881904510252157,0.9659258262890681,-0.19232150523909483,0.9813319716704275
training,2025-12-20T00:00:00+00:00,2025-12-19T18:00:00+00:00,2025-12-21T00:00:00+00:00,2025-12-21T05:00:00+05:00,24,24.0,3928e2da2ab0ccca8f653865d3cf8c38879e22cdd7fa60d6a0e25b5b7daec22e,0.98,10.2,10.46,10.68,249.0,-0.9,952.2,0.0,1.0,-0.17541259380427843,0.9844950085880858
training,2025-12-19T00:00:00+00:00,2025-12-18T18:00:00+00:00,2025-12-21T00:00:00+00:00,2025-12-21T05:00:00+05:00,48,48.0,91f30afe3d3dddc8f715b81927051bc128726d671623e4ba70a1a38122d98120,0.98,11.18,11.47,11.7,248.0,-0.2,951.7,0.0,1.0,-0.17541259380427843,0.9844950085880858
training,2025-12-20T00:00:00+00:00,2025-12-19T18:00:00+00:00,2025-12-21T01:00:00+00:00,2025-12-21T06:00:00+05:00,24,25.0,3928e2da2ab0ccca8f653865d3cf8c38879e22cdd7fa60d6a0e25b5b7daec22e,0.8416666666666667,9.96,10.22,10.44,249.0,-0.4,952.8,0.25881904510252074,0.9659258262890683,-0.17541259380427843,0.9844950085880858
training,2025-12-19T00:00:00+00:00,2025-12-18T18:00:00+00:00,2025-12-21T01:00:00+00:00,2025-12-21T06:00:00+05:00,48,49.0,91f30afe3d3dddc8f715b81927051bc128726d671623e4ba70a1a38122d98120,0.8416666666666667,10.73,11.01,11.24,249.0,-0.1,952.7,0.25881904510252074,0.9659258262890683,-0.17541259380427843,0.9844950085880858
training,2025-12-20T00:00:00+00:00,2025-12-19T18:00:00+00:00,2025-12-21T02:00:00+00:00,2025-12-21T07:00:00+05:00,24,26.0,3928e2da2ab0ccca8f653865d3cf8c38879e22cdd7fa60d6a0e25b5b7daec22e,0.32,9.97,10.23,10.44,246.0,-0.4,953.7,0.49999999999999994,0.8660254037844387,-0.17541259380427843,0.9844950085880858
training,2025-12-19T00:00:00+00:00,2025-12-18T18:00:00+00:00,2025-12-21T02:00:00+00:00,2025-12-21T07:00:00+05:00,48,50.0,91f30afe3d3dddc8f715b81927051bc128726d671623e4ba70a1a38122d98120,0.32,9.83,10.09,10.3,250.0,-0.1,953.7,0.49999999999999994,0.8660254037844387,-0.17541259380427843,0.9844950085880858
training,2025-12-20T06:00:00+00:00,2025-12-20T00:00:00+00:00,2025-12-21T03:00:00+00:00,2025-12-21T08:00:00+05:00,24,21.0,e175b25c2a4fc2cb56488ed4508d8893a8380be934f947262f1cda73c8ae0369,0.31,9.16,9.4,9.59,249.0,-0.3,955.0,0.7071067811865476,0.7071067811865476,-0.17541259380427843,0.9844950085880858
training,2025-12-19T06:00:00+00:00,2025-12-19T00:00:00+00:00,2025-12-21T03:00:00+00:00,2025-12-21T08:00:00+05:00,48,45.0,7071aae4cf6408636ac9b64f72902b9e0764abc3bd93eaa55ee55d7fabd65eb2,0.31,9.04,9.28,9.47,247.0,-0.3,954.1,0.7071067811865476,0.7071067811865476,-0.17541259380427843,0.9844950085880858
training,2025-12-20T06:00:00+00:00,2025-12-20T00:00:00+00:00,2025-12-21T04:00:00+00:00,2025-12-21T09:00:00+05:00,24,22.0,e175b25c2a4fc2cb56488ed4508d8893a8380be934f947262f1cda73c8ae0369,0.32666666666666666,8.1,8.31,8.48,249.0,0.3,956.1,0.8660254037844386,0.5000000000000001,-0.17541259380427843,0.9844950085880858
training,2025-12-19T06:00:00+00:00,2025-12-19T00:00:00+00:00,2025-12-21T04:00:00+00:00,2025-12-21T09:00:00+05:00,48,46.0,7071aae4cf6408636ac9b64f72902b9e0764abc3bd93eaa55ee55d7fabd65eb2,0.32666666666666666,8.54,8.76,8.94,250.0,-0.1,955.0,0.8660254037844386,0.5000000000000001,-0.17541259380427843,0.9844950085880858
training,2025-12-20T06:00:00+00:00,2025-12-20T00:00:00+00:00,2025-12-21T05:00:00+00:00,2025-12-21T10:00:00+05:00,24,23.0,e175b25c2a4fc2cb56488ed4508d8893a8380be934f947262f1cda73c8ae0369,0.37833333333333335,7.64,7.84,8.01,251.0,0.7,956.5,0.9659258262890683,0.25881904510252074,-0.17541259380427843,0.9844950085880858
training,2025-12-19T06:00:00+00:00,2025-12-19T00:00:00+00:00,2025-12-21T05:00:00+00:00,2025-12-21T10:00:00+05:00,48,47.0,7071aae4cf6408636ac9b64f72902b9e0764abc3bd93eaa55ee55d7fabd65eb2,0.37833333333333335,8.11,8.32,8.49,253.0,0.1,955.7,0.9659258262890683,0.25881904510252074,-0.17541259380427843,0.9844950085880858
training,2025-12-20T06:00:00+00:00,2025-12-20T00:00:00+00:00,2025-12-21T06:00:00+00:00,2025-12-21T11:00:00+05:00,24,24.0,e175b25c2a4fc2cb56488ed4508d8893a8380be934f947262f1cda73c8ae0369,0.38833333333333336,7.42,7.61,7.77,250.0,0.4,956.8,1.0,6.123233995736766e-17,-0.17541259380427843,0.9844950085880858
training,2025-12-19T06:00:00+00:00,2025-12-19T00:00:00+00:00,2025-12-21T06:00:00+00:00,2025-12-21T11:00:00+05:00,48,48.0,7071aae4cf6408636ac9b64f72902b9e0764abc3bd93eaa55ee55d7fabd65eb2,0.38833333333333336,7.98,8.19,8.36,245.0,0.0,956.2,1.0,6.123233995736766e-17,-0.17541259380427843,0.9844950085880858
training,2025-12-20T06:00:00+00:00,2025-12-20T00:00:00+00:00,2025-12-21T07:00:00+00:00,2025-12-21T12:00:00+05:00,24,25.0,e175b25c2a4fc2cb56488ed4508d8893a8380be934f947262f1cda73c8ae0369,0.3233333333333333,6.9,7.08,7.23,252.0,0.3,956.9,0.9659258262890683,-0.25881904510252063,-0.17541259380427843,0.9844950085880858
training,2025-12-19T06:00:00+00:00,2025-12-19T00:00:00+00:00,2025-12-21T07:00:00+00:00,2025-12-21T12:00:00+05:00,48,49.0,7071aae4cf6408636ac9b64f72902b9e0764abc3bd93eaa55ee55d7fabd65eb2,0.3233333333333333,7.61,7.8,7.97,243.0,-0.1,956.4,0.9659258262890683,-0.25881904510252063,-0.17541259380427843,0.9844950085880858
training,2025-12-20T06:00:00+00:00,2025-12-20T00:00:00+00:00,2025-12-21T08:00:00+00:00,2025-12-21T13:00:00+05:00,24,26.0,e175b25c2a4fc2cb56488ed4508d8893a8380be934f947262f1cda73c8ae0369,0.35000000000000003,6.63,6.8,6.94,250.0,0.1,957.3,0.8660254037844387,-0.4999999999999998,-0.17541259380427843,0.9844950085880858
training,2025-12-19T06:00:00+00:00,2025-12-19T00:00:00+00:00,2025-12-21T08:00:00+00:00,2025-12-21T13:00:00+05:00,48,50.0,7071aae4cf6408636ac9b64f72902b9e0764abc3bd93eaa55ee55d7fabd65eb2,0.35000000000000003,7.42,7.62,7.77,238.0,0.2,957.1,0.8660254037844387,-0.4999999999999998,-0.17541259380427843,0.9844950085880858
training,2025-12-20T12:00:00+00:00,2025-12-20T06:00:00+00:00,2025-12-21T09:00:00+00:00,2025-12-21T14:00:00+05:00,24,21.0,2ce05d3850379bab52e285f6d546ce8889c1d2d79e0387b63565d7f58377a4bf,0.3116666666666667,5.56,5.7,5.82,242.0,-0.1,957.8,0.7071067811865476,-0.7071067811865475,-0.17541259380427843,0.9844950085880858
training,2025-12-19T12:00:00+00:00,2025-12-19T06:00:00+00:00,2025-12-21T09:00:00+00:00,2025-12-21T14:00:00+05:00,48,45.0,315885149a00e66d3620a31ecd8e45eba60971f2ec4c54a285f000ba02d0ab7b,0.3116666666666667,7.52,7.72,7.88,252.0,-0.6,958.2,0.7071067811865476,-0.7071067811865475,-0.17541259380427843,0.9844950085880858
training,2025-12-20T12:00:00+00:00,2025-12-20T06:00:00+00:00,2025-12-21T10:00:00+00:00,2025-12-21T15:00:00+05:00,24,22.0,2ce05d3850379bab52e285f6d546ce8889c1d2d79e0387b63565d7f58377a4bf,0.5216666666666666,5.29,5.42,5.53,237.0,-0.4,958.6,0.49999999999999994,-0.8660254037844387,-0.17541259380427843,0.9844950085880858
training,2025-12-19T12:00:00+00:00,2025-12-19T06:00:00+00:00,2025-12-21T10:00:00+00:00,2025-12-21T15:00:00+05:00,48,46.0,315885149a00e66d3620a31ecd8e45eba60971f2ec4c54a285f000ba02d0ab7b,0.5216666666666666,7.18,7.37,7.52,252.0,-0.8,959.1,0.49999999999999994,-0.8660254037844387,-0.17541259380427843,0.9844950085880858
training,2025-12-20T12:00:00+00:00,2025-12-20T06:00:00+00:00,2025-12-21T11:00:00+00:00,2025-12-21T16:00:00+05:00,24,23.0,2ce05d3850379bab52e285f6d546ce8889c1d2d79e0387b63565d7f58377a4bf,0.39999999999999997,6.25,6.41,6.54,237.0,-0.9,959.3,0.258819045102521,-0.9659258262890682,-0.17541259380427843,0.9844950085880858
training,2025-12-19T12:00:00+00:00,2025-12-19T06:00:00+00:00,2025-12-21T11:00:00+00:00,2025-12-21T16:00:00+05:00,48,47.0,315885149a00e66d3620a31ecd8e45eba60971f2ec4c54a285f000ba02d0ab7b,0.39999999999999997,7.2,7.39,7.54,249.0,-1.3,960.1,0.258819045102521,-0.9659258262890682,-0.17541259380427843,0.9844950085880858
training,2025-12-20T12:00:00+00:00,2025-12-20T06:00:00+00:00,2025-12-21T12:00:00+00:00,2025-12-21T17:00:00+05:00,24,24.0,2ce05d3850379bab52e285f6d546ce8889c1d2d79e0387b63565d7f58377a4bf,0.4683333333333333,6.55,6.72,6.86,241.0,-1.2,960.2,1.2246467991473532e-16,-1.0,-0.17541259380427843,0.9844950085880858
training,2025-12-19T12:00:00+00:00,2025-12-19T06:00:00+00:00,2025-12-21T12:00:00+00:00,2025-12-21T17:00:00+05:00,48,48.0,315885149a00e66d3620a31ecd8e45eba60971f2ec4c54a285f000ba02d0ab7b,0.4683333333333333,7.03,7.21,7.36,252.0,-1.5,961.2,1.2246467991473532e-16,-1.0,-0.17541259380427843,0.9844950085880858
training,2025-12-20T12:00:00+00:00,2025-12-20T06:00:00+00:00,2025-12-21T13:00:00+00:00,2025-12-21T18:00:00+05:00,24,25.0,2ce05d3850379bab52e285f6d546ce8889c1d2d79e0387b63565d7f58377a4bf,0.58,6.49,6.66,6.8,237.0,-1.8,960.8,-0.2588190451025208,-0.9659258262890683,-0.17541259380427843,0.9844950085880858
training,2025-12-19T12:00:00+00:00,2025-12-19T06:00:00+00:00,2025-12-21T13:00:00+00:00,2025-12-21T18:00:00+05:00,48,49.0,315885149a00e66d3620a31ecd8e45eba60971f2ec4c54a285f000ba02d0ab7b,0.58,6.95,7.13,7.28,248.0,-1.6,962.0,-0.2588190451025208,-0.9659258262890683,-0.17541259380427843,0.9844950085880858
training,2025-12-20T12:00:00+00:00,2025-12-20T06:00:00+00:00,2025-12-21T14:00:00+00:00,2025-12-21T19:00:00+05:00,24,26.0,2ce05d3850379bab52e285f6d546ce8889c1d2d79e0387b63565d7f58377a4bf,0.7666666666666666,6.51,6.68,6.82,233.0,-1.8,961.5,-0.4999999999999997,-0.8660254037844388,-0.17541259380427843,0.9844950085880858
training,2025-12-19T12:00:00+00:00,2025-12-19T06:00:00+00:00,2025-12-21T14:00:00+00:00,2025-12-21T19:00:00+05:00,48,50.0,315885149a00e66d3620a31ecd8e45eba60971f2ec4c54a285f000ba02d0ab7b,0.7666666666666666,6.93,7.11,7.26,244.0,-1.7,962.6,-0.4999999999999997,-0.8660254037844388,-0.17541259380427843,0.9844950085880858
training,2025-12-20T18:00:00+00:00,2025-12-20T12:00:00+00:00,2025-12-21T15:00:00+00:00,2025-12-21T20:00:00+05:00,24,21.0,b330c4ef08093f2c84d3ac4d3c42ad46c85a8758a2ae4e255fad47b84707eced,0.6833333333333332,7.55,7.75,7.91,246.0,-0.9,962.0,-0.7071067811865471,-0.7071067811865479,-0.17541259380427843,0.9844950085880858
training,2025-12-19T18:00:00+00:00,2025-12-19T12:00:00+00:00,2025-12-21T15:00:00+00:00,2025-12-21T20:00:00+05:00,48,45.0,f1926302c17d9707ba777b24d3a84aac4cb0b15347693ed3b45f40228cb4b0c8,0.6833333333333332,6.96,7.14,7.29,235.0,-2.0,962.9,-0.7071067811865471,-0.7071067811865479,-0.17541259380427843,0.9844950085880858
training,2025-12-20T18:00:00+00:00,2025-12-20T12:00:00+00:00,2025-12-21T16:00:00+00:00,2025-12-21T21:00:00+05:00,24,22.0,b330c4ef08093f2c84d3ac4d3c42ad46c85a8758a2ae4e255fad47b84707eced,0.62,6.99,7.17,7.32,249.0,-1.0,962.7,-0.8660254037844385,-0.5000000000000004,-0.17541259380427843,0.9844950085880858
training,2025-12-19T18:00:00+00:00,2025-12-19T12:00:00+00:00,2025-12-21T16:00:00+00:00,2025-12-21T21:00:00+05:00,48,46.0,f1926302c17d9707ba777b24d3a84aac4cb0b15347693ed3b45f40228cb4b0c8,0.62,6.48,6.65,6.79,227.0,-1.9,963.2,-0.8660254037844385,-0.5000000000000004,-0.17541259380427843,0.9844950085880858
training,2025-12-20T18:00:00+00:00,2025-12-20T12:00:00+00:00,2025-12-21T17:00:00+00:00,2025-12-21T22:00:00+05:00,24,23.0,b330c4ef08093f2c84d3ac4d3c42ad46c85a8758a2ae4e255fad47b84707eced,0.5083333333333333,6.62,6.8,6.94,248.0,-1.3,963.4,-0.9659258262890683,-0.25881904510252063,-0.17541259380427843,0.9844950085880858
training,2025-12-19T18:00:00+00:00,2025-12-19T12:00:00+00:00,2025-12-21T17:00:00+00:00,2025-12-21T22:00:00+05:00,48,47.0,f1926302c17d9707ba777b24d3a84aac4cb0b15347693ed3b45f40228cb4b0c8,0.5083333333333333,5.96,6.12,6.24,225.0,-1.8,963.8,-0.9659258262890683,-0.25881904510252063,-0.17541259380427843,0.9844950085880858
training,2025-12-20T18:00:00+00:00,2025-12-20T12:00:00+00:00,2025-12-21T18:00:00+00:00,2025-12-21T23:00:00+05:00,24,24.0,b330c4ef08093f2c84d3ac4d3c42ad46c85a8758a2ae4e255fad47b84707eced,0.58,6.64,6.81,6.95,238.0,-1.1,964.2,-1.0,-1.8369701987210297e-16,-0.17541259380427843,0.9844950085880858
training,2025-12-19T18:00:00+00:00,2025-12-19T12:00:00+00:00,2025-12-21T18:00:00+00:00,2025-12-21T23:00:00+05:00,48,48.0,f1926302c17d9707ba777b24d3a84aac4cb0b15347693ed3b45f40228cb4b0c8,0.58,5.17,5.3,5.41,225.0,-1.6,964.2,-1.0,-1.8369701987210297e-16,-0.17541259380427843,0.9844950085880858
training,2025-12-20T18:00:00+00:00,2025-12-20T12:00:00+00:00,2025-12-21T19:00:00+00:00,2025-12-22T00:00:00+05:00,24,25.0,b330c4ef08093f2c84d3ac4d3c42ad46c85a8758a2ae4e255fad47b84707eced,0.64,6.23,6.4,6.53,231.0,-1.0,964.4,-0.9659258262890684,0.2588190451025203,-0.17541259380427843,0.9844950085880858
training,2025-12-19T18:00:00+00:00,2025-12-19T12:00:00+00:00,2025-12-21T19:00:00+00:00,2025-12-22T00:00:00+05:00,48,49.0,f1926302c17d9707ba777b24d3a84aac4cb0b15347693ed3b45f40228cb4b0c8,0.64,4.58,4.7,4.8,218.0,-1.8,964.1,-0.9659258262890684,0.2588190451025203,-0.17541259380427843,0.9844950085880858
training,2025-12-20T18:00:00+00:00,2025-12-20T12:00:00+00:00,2025-12-21T20:00:00+00:00,2025-12-22T01:00:00+05:00,24,26.0,b330c4ef08093f2c84d3ac4d3c42ad46c85a8758a2ae4e255fad47b84707eced,0.46666666666666673,5.89,6.05,6.17,226.0,-0.7,964.5,-0.8660254037844386,0.5000000000000001,-0.17541259380427843,0.9844950085880858
training,2025-12-19T18:00:00+00:00,2025-12-19T12:00:00+00:00,2025-12-21T20:00:00+00:00,2025-12-22T01:00:00+05:00,48,50.0,f1926302c17d9707ba777b24d3a84aac4cb0b15347693ed3b45f40228cb4b0c8,0.46666666666666673,4.29,4.4,4.49,220.0,-1.7,964.2,-0.8660254037844386,0.5000000000000001,-0.17541259380427843,0.9844950085880858
training,2025-12-21T00:00:00+00:00,2025-12-20T18:00:00+00:00,2025-12-21T21:00:00+00:00,2025-12-22T02:00:00+05:00,24,21.0,30492c1ae850d06e5e39441491363862a539be9894b3d42c057fac702cb6eff2,0.17166666666666666,5.52,5.66,5.78,224.0,-0.2,965.0,-0.7071067811865477,0.7071067811865474,-0.17541259380427843,0.9844950085880858
training,2025-12-20T00:00:00+00:00,2025-12-19T18:00:00+00:00,2025-12-21T21:00:00+00:00,2025-12-22T02:00:00+05:00,48,45.0,3928e2da2ab0ccca8f653865d3cf8c38879e22cdd7fa60d6a0e25b5b7daec22e,0.17166666666666666,4.45,4.56,4.66,223.0,-1.6,964.3,-0.7071067811865477,0.7071067811865474,-0.17541259380427843,0.9844950085880858
training,2025-12-21T00:00:00+00:00,2025-12-20T18:00:00+00:00,2025-12-21T22:00:00+00:00,2025-12-22T03:00:00+05:00,24,22.0,30492c1ae850d06e5e39441491363862a539be9894b3d42c057fac702cb6eff2,0.01,4.66,4.78,4.88,223.0,0.1,965.2,-0.5000000000000004,0.8660254037844384,-0.17541259380427843,0.9844950085880858
training,2025-12-20T00:00:00+00:00,2025-12-19T18:00:00+00:00,2025-12-21T22:00:00+00:00,2025-12-22T03:00:00+05:00,48,46.0,3928e2da2ab0ccca8f653865d3cf8c38879e22cdd7fa60d6a0e25b5b7daec22e,0.01,2.88,2.95,3.01,231.0,-2.7,964.1,-0.5000000000000004,0.8660254037844384,-0.17541259380427843,0.9844950085880858
training,2025-12-21T00:00:00+00:00,2025-12-20T18:00:00+00:00,2025-12-21T23:00:00+00:00,2025-12-22T04:00:00+05:00,24,23.0,30492c1ae850d06e5e39441491363862a539be9894b3d42c057fac702cb6eff2,0.011666666666666667,3.1,3.18,3.25,225.0,-0.4,965.2,-0.25881904510252157,0.9659258262890681,-0.17541259380427843,0.9844950085880858
training,2025-12-20T00:00:00+00:00,2025-12-19T18:00:00+00:00,2025-12-21T23:00:00+00:00,2025-12-22T04:00:00+05:00,48,47.0,3928e2da2ab0ccca8f653865d3cf8c38879e22cdd7fa60d6a0e25b5b7daec22e,0.011666666666666667,1.7,1.75,1.78,283.0,-3.3,964.3,-0.25881904510252157,0.9659258262890681,-0.17541259380427843,0.9844950085880858
training,2025-12-21T00:00:00+00:00,2025-12-20T18:00:00+00:00,2025-12-22T00:00:00+00:00,2025-12-22T05:00:00+05:00,24,24.0,30492c1ae850d06e5e39441491363862a539be9894b3d42c057fac702cb6eff2,0.08666666666666667,1.69,1.73,1.77,213.0,-1.5,965.1,0.0,1.0,-0.15845177496083632,0.9873667175937016
training,2025-12-20T00:00:00+00:00,2025-12-19T18:00:00+00:00,2025-12-22T00:00:00+00:00,2025-12-22T05:00:00+05:00,48,48.0,3928e2da2ab0ccca8f653865d3cf8c38879e22cdd7fa60d6a0e25b5b7daec22e,0.08666666666666667,0.26,0.27,0.27,248.0,-3.4,964.8,0.0,1.0,-0.15845177496083632,0.9873667175937016
training,2025-12-21T00:00:00+00:00,2025-12-20T18:00:00+00:00,2025-12-22T01:00:00+00:00,2025-12-22T06:00:00+05:00,24,25.0,30492c1ae850d06e5e39441491363862a539be9894b3d42c057fac702cb6eff2,0.17,0.63,0.65,0.66,203.0,-1.8,965.0,0.25881904510252074,0.9659258262890683,-0.15845177496083632,0.9873667175937016
training,2025-12-20T00:00:00+00:00,2025-12-19T18:00:00+00:00,2025-12-22T01:00:00+00:00,2025-12-22T06:00:00+05:00,48,49.0,3928e2da2ab0ccca8f653865d3cf8c38879e22cdd7fa60d6a0e25b5b7daec22e,0.17,1.33,1.36,1.39,98.0,-4.1,964.9,0.25881904510252074,0.9659258262890683,-0.15845177496083632,0.9873667175937016
training,2025-12-21T00:00:00+00:00,2025-12-20T18:00:00+00:00,2025-12-22T02:00:00+00:00,2025-12-22T07:00:00+05:00,24,26.0,30492c1ae850d06e5e39441491363862a539be9894b3d42c057fac702cb6eff2,0.125,1.13,1.15,1.18,72.0,-2.6,965.1,0.49999999999999994,0.8660254037844387,-0.15845177496083632,0.9873667175937016
training,2025-12-20T00:00:00+00:00,2025-12-19T18:00:00+00:00,2025-12-22T02:00:00+00:00,2025-12-22T07:00:00+05:00,48,50.0,3928e2da2ab0ccca8f653865d3cf8c38879e22cdd7fa60d6a0e25b5b7daec22e,0.125,3.91,4.01,4.1,76.0,-4.8,965.2,0.49999999999999994,0.8660254037844387,-0.15845177496083632,0.9873667175937016
training,2025-12-21T06:00:00+00:00,2025-12-21T00:00:00+00:00,2025-12-22T03:00:00+00:00,2025-12-22T08:00:00+05:00,24,21.0,71e4dfc3917d4fb8e09e19b27b023cdae7dbdd78413ee73df766e6bacd6cb69a,0.145,4.42,4.54,4.63,76.0,-3.7,965.9,0.7071067811865476,0.7071067811865476,-0.15845177496083632,0.9873667175937016
training,2025-12-20T06:00:00+00:00,2025-12-20T00:00:00+00:00,2025-12-22T03:00:00+00:00,2025-12-22T08:00:00+05:00,48,45.0,e175b25c2a4fc2cb56488ed4508d8893a8380be934f947262f1cda73c8ae0369,0.145,5.15,5.28,5.39,73.0,-4.3,966.0,0.7071067811865476,0.7071067811865476,-0.15845177496083632,0.9873667175937016
training,2025-12-21T06:00:00+00:00,2025-12-21T00:00:00+00:00,2025-12-22T04:00:00+00:00,2025-12-22T09:00:00+05:00,24,22.0,71e4dfc3917d4fb8e09e19b27b023cdae7dbdd78413ee73df766e6bacd6cb69a,0.5333333333333333,5.33,5.47,5.58,67.0,-2.4,966.8,0.8660254037844386,0.5000000000000001,-0.15845177496083632,0.9873667175937016
training,2025-12-20T06:00:00+00:00,2025-12-20T00:00:00+00:00,2025-12-22T04:00:00+00:00,2025-12-22T09:00:00+05:00,48,46.0,e175b25c2a4fc2cb56488ed4508d8893a8380be934f947262f1cda73c8ae0369,0.5333333333333333,4.78,4.9,5.01,67.0,-2.8,966.6,0.8660254037844386,0.5000000000000001,-0.15845177496083632,0.9873667175937016
training,2025-12-21T06:00:00+00:00,2025-12-21T00:00:00+00:00,2025-12-22T05:00:00+00:00,2025-12-22T10:00:00+05:00,24,23.0,71e4dfc3917d4fb8e09e19b27b023cdae7dbdd78413ee73df766e6bacd6cb69a,0.96,5.49,5.64,5.75,65.0,-1.0,966.5,0.9659258262890683,0.25881904510252074,-0.15845177496083632,0.9873667175937016
training,2025-12-20T06:00:00+00:00,2025-12-20T00:00:00+00:00,2025-12-22T05:00:00+00:00,2025-12-22T10:00:00+05:00,48,47.0,e175b25c2a4fc2cb56488ed4508d8893a8380be934f947262f1cda73c8ae0369,0.96,5.24,5.37,5.48,66.0,-0.7,966.2,0.9659258262890683,0.25881904510252074,-0.15845177496083632,0.9873667175937016
training,2025-12-21T06:00:00+00:00,2025-12-21T00:00:00+00:00,2025-12-22T06:00:00+00:00,2025-12-22T11:00:00+05:00,24,24.0,71e4dfc3917d4fb8e09e19b27b023cdae7dbdd78413ee73df766e6bacd6cb69a,0.9700000000000001,6.83,7.01,7.15,66.0,0.7,965.8,1.0,6.123233995736766e-17,-0.15845177496083632,0.9873667175937016
training,2025-12-20T06:00:00+00:00,2025-12-20T00:00:00+00:00,2025-12-22T06:00:00+00:00,2025-12-22T11:00:00+05:00,48,48.0,e175b25c2a4fc2cb56488ed4508d8893a8380be934f947262f1cda73c8ae0369,0.9700000000000001,6.72,6.89,7.04,66.0,1.1,965.5,1.0,6.123233995736766e-17,-0.15845177496083632,0.9873667175937016
training,2025-12-21T06:00:00+00:00,2025-12-21T00:00:00+00:00,2025-12-22T07:00:00+00:00,2025-12-22T12:00:00+05:00,24,25.0,71e4dfc3917d4fb8e09e19b27b023cdae7dbdd78413ee73df766e6bacd6cb69a,0.9783333333333334,8.04,8.25,8.42,67.0,1.3,964.6,0.9659258262890683,-0.25881904510252063,-0.15845177496083632,0.9873667175937016
training,2025-12-20T06:00:00+00:00,2025-12-20T00:00:00+00:00,2025-12-22T07:00:00+00:00,2025-12-22T12:00:00+05:00,48,49.0,e175b25c2a4fc2cb56488ed4508d8893a8380be934f947262f1cda73c8ae0369,0.9783333333333334,7.7,7.9,8.06,68.0,2.3,964.6,0.9659258262890683,-0.25881904510252063,-0.15845177496083632,0.9873667175937016
training,2025-12-21T06:00:00+00:00,2025-12-21T00:00:00+00:00,2025-12-22T08:00:00+00:00,2025-12-22T13:00:00+05:00,24,26.0,71e4dfc3917d4fb8e09e19b27b023cdae7dbdd78413ee73df766e6bacd6cb69a,0.9716666666666667,7.96,8.16,8.33,70.0,1.5,964.0,0.8660254037844387,-0.4999999999999998,-0.15845177496083632,0.9873667175937016
training,2025-12-20T06:00:00+00:00,2025-12-20T00:00:00+00:00,2025-12-22T08:00:00+00:00,2025-12-22T13:00:00+05:00,48,50.0,e175b25c2a4fc2cb56488ed4508d8893a8380be934f947262f1cda73c8ae0369,0.9716666666666667,7.8,8.0,8.17,72.0,2.0,964.0,0.8660254037844387,-0.4999999999999998,-0.15845177496083632,0.9873667175937016
training,2025-12-21T12:00:00+00:00,2025-12-21T06:00:00+00:00,2025-12-22T09:00:00+00:00,2025-12-22T14:00:00+05:00,24,21.0,0f04f6317f367ac968abf316e08e906807b96b4edb09dbd93a0cd0642dac195c,0.98,7.46,7.66,7.81,70.0,1.2,963.6,0.7071067811865476,-0.7071067811865475,-0.15845177496083632,0.9873667175937016
training,2025-12-20T12:00:00+00:00,2025-12-20T06:00:00+00:00,2025-12-22T09:00:00+00:00,2025-12-22T14:00:00+05:00,48,45.0,2ce05d3850379bab52e285f6d546ce8889c1d2d79e0387b63565d7f58377a4bf,0.98,8.3,8.52,8.69,74.0,1.8,963.7,0.7071067811865476,-0.7071067811865475,-0.15845177496083632,0.9873667175937016
training,2025-12-21T12:00:00+00:00,2025-12-21T06:00:00+00:00,2025-12-22T10:00:00+00:00,2025-12-22T15:00:00+05:00,24,22.0,0f04f6317f367ac968abf316e08e906807b96b4edb09dbd93a0cd0642dac195c,0.9783333333333334,7.15,7.34,7.49,70.0,0.9,963.3,0.49999999999999994,-0.8660254037844387,-0.15845177496083632,0.9873667175937016
training,2025-12-20T12:00:00+00:00,2025-12-20T06:00:00+00:00,2025-12-22T10:00:00+00:00,2025-12-22T15:00:00+05:00,48,46.0,2ce05d3850379bab52e285f6d546ce8889c1d2d79e0387b63565d7f58377a4bf,0.9783333333333334,7.65,7.85,8.01,76.0,0.8,963.5,0.49999999999999994,-0.8660254037844387,-0.15845177496083632,0.9873667175937016
training,2025-12-21T12:00:00+00:00,2025-12-21T06:00:00+00:00,2025-12-22T11:00:00+00:00,2025-12-22T16:00:00+05:00,24,23.0,0f04f6317f367ac968abf316e08e906807b96b4edb09dbd93a0cd0642dac195c,0.9766666666666666,7.17,7.36,7.51,70.0,-0.6,962.9,0.258819045102521,-0.9659258262890682,-0.15845177496083632,0.9873667175937016
training,2025-12-20T12:00:00+00:00,2025-12-20T06:00:00+00:00,2025-12-22T11:00:00+00:00,2025-12-22T16:00:00+05:00,48,47.0,2ce05d3850379bab52e285f6d546ce8889c1d2d79e0387b63565d7f58377a4bf,0.9766666666666666,7.89,8.1,8.27,73.0,-0.3,963.0,0.258819045102521,-0.9659258262890682,-0.15845177496083632,0.9873667175937016
training,2025-12-21T12:00:00+00:00,2025-12-21T06:00:00+00:00,2025-12-22T12:00:00+00:00,2025-12-22T17:00:00+05:00,24,24.0,0f04f6317f367ac968abf316e08e906807b96b4edb09dbd93a0cd0642dac195c,0.9733333333333333,6.89,7.07,7.22,73.0,-1.8,962.6,1.2246467991473532e-16,-1.0,-0.15845177496083632,0.9873667175937016
training,2025-12-20T12:00:00+00:00,2025-12-20T06:00:00+00:00,2025-12-22T12:00:00+00:00,2025-12-22T17:00:00+05:00,48,48.0,2ce05d3850379bab52e285f6d546ce8889c1d2d79e0387b63565d7f58377a4bf,0.9733333333333333,8.18,8.4,8.57,72.0,-0.9,962.7,1.2246467991473532e-16,-1.0,-0.15845177496083632,0.9873667175937016
training,2025-12-21T12:00:00+00:00,2025-12-21T06:00:00+00:00,2025-12-22T13:00:00+00:00,2025-12-22T18:00:00+05:00,24,25.0,0f04f6317f367ac968abf316e08e906807b96b4edb09dbd93a0cd0642dac195c,0.9566666666666667,6.23,6.39,6.53,78.0,-2.4,962.4,-0.2588190451025208,-0.9659258262890683,-0.15845177496083632,0.9873667175937016
training,2025-12-20T12:00:00+00:00,2025-12-20T06:00:00+00:00,2025-12-22T13:00:00+00:00,2025-12-22T18:00:00+05:00,48,49.0,2ce05d3850379bab52e285f6d546ce8889c1d2d79e0387b63565d7f58377a4bf,0.9566666666666667,8.18,8.4,8.57,72.0,-1.3,962.3,-0.2588190451025208,-0.9659258262890683,-0.15845177496083632,0.9873667175937016
training,2025-12-21T12:00:00+00:00,2025-12-21T06:00:00+00:00,2025-12-22T14:00:00+00:00,2025-12-22T19:00:00+05:00,24,26.0,0f04f6317f367ac968abf316e08e906807b96b4edb09dbd93a0cd0642dac195c,0.5833333333333334,5.57,5.72,5.84,78.0,-2.2,962.2,-0.4999999999999997,-0.8660254037844388,-0.15845177496083632,0.9873667175937016
training,2025-12-20T12:00:00+00:00,2025-12-20T06:00:00+00:00,2025-12-22T14:00:00+00:00,2025-12-22T19:00:00+05:00,48,50.0,2ce05d3850379bab52e285f6d546ce8889c1d2d79e0387b63565d7f58377a4bf,0.5833333333333334,7.83,8.03,8.2,72.0,-1.5,961.9,-0.4999999999999997,-0.8660254037844388,-0.15845177496083632,0.9873667175937016
training,2025-12-21T18:00:00+00:00,2025-12-21T12:00:00+00:00,2025-12-22T15:00:00+00:00,2025-12-22T20:00:00+05:00,24,21.0,1d0147582321cbe5bba2db3c556c72b3ba9a07f4455c05f1d223afe27ba0f158,0.09833333333333333,4.3,4.41,4.51,77.0,-2.5,962.3,-0.7071067811865471,-0.7071067811865479,-0.15845177496083632,0.9873667175937016
training,2025-12-20T18:00:00+00:00,2025-12-20T12:00:00+00:00,2025-12-22T15:00:00+00:00,2025-12-22T20:00:00+05:00,48,45.0,b330c4ef08093f2c84d3ac4d3c42ad46c85a8758a2ae4e255fad47b84707eced,0.09833333333333333,6.12,6.28,6.41,73.0,-1.9,962.3,-0.7071067811865471,-0.7071067811865479,-0.15845177496083632,0.9873667175937016
training,2025-12-21T18:00:00+00:00,2025-12-21T12:00:00+00:00,2025-12-22T16:00:00+00:00,2025-12-22T21:00:00+05:00,24,22.0,1d0147582321cbe5bba2db3c556c72b3ba9a07f4455c05f1d223afe27ba0f158,0.13833333333333334,3.14,3.22,3.29,84.0,-3.9,961.8,-0.8660254037844385,-0.5000000000000004,-0.15845177496083632,0.9873667175937016
training,2025-12-20T18:00:00+00:00,2025-12-20T12:00:00+00:00,2025-12-22T16:00:00+00:00,2025-12-22T21:00:00+05:00,48,46.0,b330c4ef08093f2c84d3ac4d3c42ad46c85a8758a2ae4e255fad47b84707eced,0.13833333333333334,5.08,5.21,5.32,76.0,-2.6,962.0,-0.8660254037844385,-0.5000000000000004,-0.15845177496083632,0.9873667175937016
training,2025-12-21T18:00:00+00:00,2025-12-21T12:00:00+00:00,2025-12-22T17:00:00+00:00,2025-12-22T22:00:00+05:00,24,23.0,1d0147582321cbe5bba2db3c556c72b3ba9a07f4455c05f1d223afe27ba0f158,0.09833333333333333,1.71,1.76,1.79,105.0,-3.7,961.9,-0.9659258262890683,-0.25881904510252063,-0.15845177496083632,0.9873667175937016
training,2025-12-20T18:00:00+00:00,2025-12-20T12:00:00+00:00,2025-12-22T17:00:00+00:00,2025-12-22T22:00:00+05:00,48,47.0,b330c4ef08093f2c84d3ac4d3c42ad46c85a8758a2ae4e255fad47b84707eced,0.09833333333333333,4.38,4.49,4.58,82.0,-3.0,961.6,-0.9659258262890683,-0.25881904510252063,-0.15845177496083632,0.9873667175937016
training,2025-12-21T18:00:00+00:00,2025-12-21T12:00:00+00:00,2025-12-22T18:00:00+00:00,2025-12-22T23:00:00+05:00,24,24.0,1d0147582321cbe5bba2db3c556c72b3ba9a07f4455c05f1d223afe27ba0f158,0.06666666666666667,1.5,1.54,1.57,126.0,-3.1,961.8,-1.0,-1.8369701987210297e-16,-0.15845177496083632,0.9873667175937016
training,2025-12-20T18:00:00+00:00,2025-12-20T12:00:00+00:00,2025-12-22T18:00:00+00:00,2025-12-22T23:00:00+05:00,48,48.0,b330c4ef08093f2c84d3ac4d3c42ad46c85a8758a2ae4e255fad47b84707eced,0.06666666666666667,3.67,3.77,3.84,95.0,-3.6,961.2,-1.0,-1.8369701987210297e-16,-0.15845177496083632,0.9873667175937016
training,2025-12-21T18:00:00+00:00,2025-12-21T12:00:00+00:00,2025-12-22T19:00:00+00:00,2025-12-23T00:00:00+05:00,24,25.0,1d0147582321cbe5bba2db3c556c72b3ba9a07f4455c05f1d223afe27ba0f158,0.01,1.33,1.36,1.39,82.0,-4.3,961.0,-0.9659258262890684,0.2588190451025203,-0.15845177496083632,0.9873667175937016
training,2025-12-20T18:00:00+00:00,2025-12-20T12:00:00+00:00,2025-12-22T19:00:00+00:00,2025-12-23T00:00:00+05:00,48,49.0,b330c4ef08093f2c84d3ac4d3c42ad46c85a8758a2ae4e255fad47b84707eced,0.01,3.54,3.63,3.7,97.0,-3.8,960.8,-0.9659258262890684,0.2588190451025203,-0.15845177496083632,0.9873667175937016
training,2025-12-21T18:00:00+00:00,2025-12-21T12:00:00+00:00,2025-12-22T20:00:00+00:00,2025-12-23T01:00:00+05:00,24,26.0,1d0147582321cbe5bba2db3c556c72b3ba9a07f4455c05f1d223afe27ba0f158,0.01,0.8,0.82,0.84,38.0,-5.2,960.6,-0.8660254037844386,0.5000000000000001,-0.15845177496083632,0.9873667175937016
training,2025-12-20T18:00:00+00:00,2025-12-20T12:00:00+00:00,2025-12-22T20:00:00+00:00,2025-12-23T01:00:00+05:00,48,50.0,b330c4ef08093f2c84d3ac4d3c42ad46c85a8758a2ae4e255fad47b84707eced,0.01,3.13,3.21,3.28,95.0,-4.0,960.4,-0.8660254037844386,0.5000000000000001,-0.15845177496083632,0.9873667175937016
training,2025-12-22T00:00:00+00:00,2025-12-21T18:00:00+00:00,2025-12-22T21:00:00+00:00,2025-12-23T02:00:00+05:00,24,21.0,399c5e35c2937fb7c5761d1b5ca979520d06a5b800bfb4d2448c3ce802a93df6,0.01,0.48,0.49,0.5,246.0,-5.4,961.0,-0.7071067811865477,0.7071067811865474,-0.15845177496083632,0.9873667175937016
training,2025-12-21T00:00:00+00:00,2025-12-20T18:00:00+00:00,2025-12-22T21:00:00+00:00,2025-12-23T02:00:00+05:00,48,45.0,30492c1ae850d06e5e39441491363862a539be9894b3d42c057fac702cb6eff2,0.01,2.47,2.53,2.58,81.0,-4.2,960.2,-0.7071067811865477,0.7071067811865474,-0.15845177496083632,0.9873667175937016
training,2025-12-22T00:00:00+00:00,2025-12-21T18:00:00+00:00,2025-12-22T22:00:00+00:00,2025-12-23T03:00:00+05:00,24,22.0,399c5e35c2937fb7c5761d1b5ca979520d06a5b800bfb4d2448c3ce802a93df6,0.01,0.62,0.64,0.65,219.0,-6.3,960.7,-0.5000000000000004,0.8660254037844384,-0.15845177496083632,0.9873667175937016
training,2025-12-21T00:00:00+00:00,2025-12-20T18:00:00+00:00,2025-12-22T22:00:00+00:00,2025-12-23T03:00:00+05:00,48,46.0,30492c1ae850d06e5e39441491363862a539be9894b3d42c057fac702cb6eff2,0.01,1.75,1.8,1.83,77.0,-4.4,959.6,-0.5000000000000004,0.8660254037844384,-0.15845177496083632,0.9873667175937016
training,2025-12-22T00:00:00+00:00,2025-12-21T18:00:00+00:00,2025-12-22T23:00:00+00:00,2025-12-23T04:00:00+05:00,24,23.0,399c5e35c2937fb7c5761d1b5ca979520d06a5b800bfb4d2448c3ce802a93df6,0.008333333333333333,0.81,0.83,0.84,295.0,-5.6,960.4,-0.25881904510252157,0.9659258262890681,-0.15845177496083632,0.9873667175937016
training,2025-12-21T00:00:00+00:00,2025-12-20T18:00:00+00:00,2025-12-22T23:00:00+00:00,2025-12-23T04:00:00+05:00,48,47.0,30492c1ae850d06e5e39441491363862a539be9894b3d42c057fac702cb6eff2,0.008333333333333333,0.87,0.89,0.91,63.0,-4.9,959.3,-0.25881904510252157,0.9659258262890681,-0.15845177496083632,0.9873667175937016
training,2025-12-22T00:00:00+00:00,2025-12-21T18:00:00+00:00,2025-12-23T00:00:00+00:00,2025-12-23T05:00:00+05:00,24,24.0,399c5e35c2937fb7c5761d1b5ca979520d06a5b800bfb4d2448c3ce802a93df6,0.006666666666666667,1.85,1.9,1.94,272.0,-6.0,960.6,0.0,1.0,-0.14144406768794202,0.9899462489023779
training,2025-12-21T00:00:00+00:00,2025-12-20T18:00:00+00:00,2025-12-23T00:00:00+00:00,2025-12-23T05:00:00+05:00,48,48.0,30492c1ae850d06e5e39441491363862a539be9894b3d42c057fac702cb6eff2,0.006666666666666667,0.87,0.89,0.91,297.0,-5.4,959.6,0.0,1.0,-0.14144406768794202,0.9899462489023779
training,2025-12-22T00:00:00+00:00,2025-12-21T18:00:00+00:00,2025-12-23T01:00:00+00:00,2025-12-23T06:00:00+05:00,24,25.0,399c5e35c2937fb7c5761d1b5ca979520d06a5b800bfb4d2448c3ce802a93df6,0.01,2.36,2.42,2.47,263.0,-5.7,961.0,0.25881904510252074,0.9659258262890683,-0.14144406768794202,0.9899462489023779
training,2025-12-21T00:00:00+00:00,2025-12-20T18:00:00+00:00,2025-12-23T01:00:00+00:00,2025-12-23T06:00:00+05:00,48,49.0,30492c1ae850d06e5e39441491363862a539be9894b3d42c057fac702cb6eff2,0.01,1.81,1.86,1.89,265.0,-5.8,959.9,0.25881904510252074,0.9659258262890683,-0.14144406768794202,0.9899462489023779
training,2025-12-22T00:00:00+00:00,2025-12-21T18:00:00+00:00,2025-12-23T02:00:00+00:00,2025-12-23T07:00:00+05:00,24,26.0,399c5e35c2937fb7c5761d1b5ca979520d06a5b800bfb4d2448c3ce802a93df6,0.011666666666666667,2.06,2.11,2.16,263.0,-5.5,961.2,0.49999999999999994,0.8660254037844387,-0.14144406768794202,0.9899462489023779
training,2025-12-21T00:00:00+00:00,2025-12-20T18:00:00+00:00,2025-12-23T02:00:00+00:00,2025-12-23T07:00:00+05:00,48,50.0,30492c1ae850d06e5e39441491363862a539be9894b3d42c057fac702cb6eff2,0.011666666666666667,1.9,1.95,1.99,271.0,-6.2,959.9,0.49999999999999994,0.8660254037844387,-0.14144406768794202,0.9899462489023779
training,2025-12-22T06:00:00+00:00,2025-12-22T00:00:00+00:00,2025-12-23T03:00:00+00:00,2025-12-23T08:00:00+05:00,24,21.0,fb28684c5ca21f634c86ad8f511aa1f683dc2d8e58d232d6228b577364717419,0.021666666666666667,1.27,1.3,1.33,268.0,-5.0,962.1,0.7071067811865476,0.7071067811865476,-0.14144406768794202,0.9899462489023779
training,2025-12-21T06:00:00+00:00,2025-12-21T00:00:00+00:00,2025-12-23T03:00:00+00:00,2025-12-23T08:00:00+05:00,48,45.0,71e4dfc3917d4fb8e09e19b27b023cdae7dbdd78413ee73df766e6bacd6cb69a,0.021666666666666667,1.9,1.95,1.99,257.0,-5.8,961.0,0.7071067811865476,0.7071067811865476,-0.14144406768794202,0.9899462489023779
training,2025-12-22T06:00:00+00:00,2025-12-22T00:00:00+00:00,2025-12-23T04:00:00+00:00,2025-12-23T09:00:00+05:00,24,22.0,fb28684c5ca21f634c86ad8f511aa1f683dc2d8e58d232d6228b577364717419,0.01,0.94,0.96,0.98,231.0,-4.2,962.6,0.8660254037844386,0.5000000000000001,-0.14144406768794202,0.9899462489023779
training,2025-12-21T06:00:00+00:00,2025-12-21T00:00:00+00:00,2025-12-23T04:00:00+00:00,2025-12-23T09:00:00+05:00,48,46.0,71e4dfc3917d4fb8e09e19b27b023cdae7dbdd78413ee73df766e6bacd6cb69a,0.01,1.9,1.94,1.99,252.0,-4.3,961.8,0.8660254037844386,0.5000000000000001,-0.14144406768794202,0.9899462489023779
training,2025-12-22T06:00:00+00:00,2025-12-22T00:00:00+00:00,2025-12-23T05:00:00+00:00,2025-12-23T10:00:00+05:00,24,23.0,fb28684c5ca21f634c86ad8f511aa1f683dc2d8e58d232d6228b577364717419,0.01,0.85,0.87,0.89,257.0,-3.3,962.6,0.9659258262890683,0.25881904510252074,-0.14144406768794202,0.9899462489023779
training,2025-12-21T06:00:00+00:00,2025-12-21T00:00:00+00:00,2025-12-23T05:00:00+00:00,2025-12-23T10:00:00+05:00,48,47.0,71e4dfc3917d4fb8e09e19b27b023cdae7dbdd78413ee73df766e6bacd6cb69a,0.01,1.57,1.61,1.65,263.0,-2.9,962.0,0.9659258262890683,0.25881904510252074,-0.14144406768794202,0.9899462489023779
training,2025-12-22T06:00:00+00:00,2025-12-22T00:00:00+00:00,2025-12-23T06:00:00+00:00,2025-12-23T11:00:00+05:00,24,24.0,fb28684c5ca21f634c86ad8f511aa1f683dc2d8e58d232d6228b577364717419,0.01,1.39,1.42,1.45,280.0,-2.7,962.0,1.0,6.123233995736766e-17,-0.14144406768794202,0.9899462489023779
training,2025-12-21T06:00:00+00:00,2025-12-21T00:00:00+00:00,2025-12-23T06:00:00+00:00,2025-12-23T11:00:00+05:00,48,48.0,71e4dfc3917d4fb8e09e19b27b023cdae7dbdd78413ee73df766e6bacd6cb69a,0.01,1.71,1.75,1.79,273.0,-2.4,961.4,1.0,6.123233995736766e-17,-0.14144406768794202,0.9899462489023779
training,2025-12-22T06:00:00+00:00,2025-12-22T00:00:00+00:00,2025-12-23T07:00:00+00:00,2025-12-23T12:00:00+05:00,24,25.0,fb28684c5ca21f634c86ad8f511aa1f683dc2d8e58d232d6228b577364717419,0.01,1.96,2.02,2.06,277.0,-1.9,961.4,0.9659258262890683,-0.25881904510252063,-0.14144406768794202,0.9899462489023779
training,2025-12-21T06:00:00+00:00,2025-12-21T00:00:00+00:00,2025-12-23T07:00:00+00:00,2025-12-23T12:00:00+05:00,48,49.0,71e4dfc3917d4fb8e09e19b27b023cdae7dbdd78413ee73df766e6bacd6cb69a,0.01,2.0,2.06,2.1,274.0,-1.4,960.9,0.9659258262890683,-0.25881904510252063,-0.14144406768794202,0.9899462489023779
training,2025-12-22T06:00:00+00:00,2025-12-22T00:00:00+00:00,2025-12-23T08:00:00+00:00,2025-12-23T13:00:00+05:00,24,26.0,fb28684c5ca21f634c86ad8f511aa1f683dc2d8e58d232d6228b577364717419,0.01,2.15,2.2,2.25,267.0,-1.3,961.1,0.8660254037844387,-0.4999999999999998,-0.14144406768794202,0.9899462489023779
training,2025-12-21T06:00:00+00:00,2025-12-21T00:00:00+00:00,2025-12-23T08:00:00+00:00,2025-12-23T13:00:00+05:00,48,50.0,71e4dfc3917d4fb8e09e19b27b023cdae7dbdd78413ee73df766e6bacd6cb69a,0.01,2.22,2.28,2.32,261.0,-1.2,960.5,0.8660254037844387,-0.4999999999999998,-0.14144406768794202,0.9899462489023779
training,2025-12-22T12:00:00+00:00,2025-12-22T06:00:00+00:00,2025-12-23T09:00:00+00:00,2025-12-23T14:00:00+05:00,24,21.0,37890bd061d9e70af63102a4d07109afe2dd8bd355ae21d78df4baa1bec4b111,0.01,1.97,2.02,2.06,261.0,-1.6,960.7,0.7071067811865476,-0.7071067811865475,-0.14144406768794202,0.9899462489023779
training,2025-12-21T12:00:00+00:00,2025-12-21T06:00:00+00:00,2025-12-23T09:00:00+00:00,2025-12-23T14:00:00+05:00,48,45.0,0f04f6317f367ac968abf316e08e906807b96b4edb09dbd93a0cd0642dac195c,0.01,2.81,2.88,2.94,262.0,-1.3,960.6,0.7071067811865476,-0.7071067811865475,-0.14144406768794202,0.9899462489023779
training,2025-12-22T12:00:00+00:00,2025-12-22T06:00:00+00:00,2025-12-23T10:00:00+00:00,2025-12-23T15:00:00+05:00,24,22.0,37890bd061d9e70af63102a4d07109afe2dd8bd355ae21d78df4baa1bec4b111,0.01,2.2,2.25,2.3,267.0,-2.0,961.0,0.49999999999999994,-0.8660254037844387,-0.14144406768794202,0.9899462489023779
training,2025-12-21T12:00:00+00:00,2025-12-21T06:00:00+00:00,2025-12-23T10:00:00+00:00,2025-12-23T15:00:00+05:00,48,46.0,0f04f6317f367ac968abf316e08e906807b96b4edb09dbd93a0cd0642dac195c,0.01,2.94,3.01,3.08,264.0,-2.0,960.8,0.49999999999999994,-0.8660254037844387,-0.14144406768794202,0.9899462489023779
training,2025-12-22T12:00:00+00:00,2025-12-22T06:00:00+00:00,2025-12-23T11:00:00+00:00,2025-12-23T16:00:00+05:00,24,23.0,37890bd061d9e70af63102a4d07109afe2dd8bd355ae21d78df4baa1bec4b111,0.01,2.47,2.53,2.59,255.0,-2.6,961.4,0.258819045102521,-0.9659258262890682,-0.14144406768794202,0.9899462489023779
training,2025-12-21T12:00:00+00:00,2025-12-21T06:00:00+00:00,2025-12-23T11:00:00+00:00,2025-12-23T16:00:00+05:00,48,47.0,0f04f6317f367ac968abf316e08e906807b96b4edb09dbd93a0cd0642dac195c,0.01,2.44,2.5,2.55,258.0,-3.8,960.9,0.258819045102521,-0.9659258262890682,-0.14144406768794202,0.9899462489023779
training,2025-12-22T12:00:00+00:00,2025-12-22T06:00:00+00:00,2025-12-23T12:00:00+00:00,2025-12-23T17:00:00+05:00,24,24.0,37890bd061d9e70af63102a4d07109afe2dd8bd355ae21d78df4baa1bec4b111,0.01,2.24,2.29,2.34,250.0,-3.9,961.3,1.2246467991473532e-16,-1.0,-0.14144406768794202,0.9899462489023779
training,2025-12-21T12:00:00+00:00,2025-12-21T06:00:00+00:00,2025-12-23T12:00:00+00:00,2025-12-23T17:00:00+05:00,48,48.0,0f04f6317f367ac968abf316e08e906807b96b4edb09dbd93a0cd0642dac195c,0.01,2.29,2.35,2.4,258.0,-5.0,960.9,1.2246467991473532e-16,-1.0,-0.14144406768794202,0.9899462489023779
training,2025-12-22T12:00:00+00:00,2025-12-22T06:00:00+00:00,2025-12-23T13:00:00+00:00,2025-12-23T18:00:00+05:00,24,25.0,37890bd061d9e70af63102a4d07109afe2dd8bd355ae21d78df4baa1bec4b111,0.01,2.01,2.06,2.1,256.0,-4.7,961.3,-0.2588190451025208,-0.9659258262890683,-0.14144406768794202,0.9899462489023779
training,2025-12-21T12:00:00+00:00,2025-12-21T06:00:00+00:00,2025-12-23T13:00:00+00:00,2025-12-23T18:00:00+05:00,48,49.0,0f04f6317f367ac968abf316e08e906807b96b4edb09dbd93a0cd0642dac195c,0.01,2.15,2.2,2.25,267.0,-5.4,961.0,-0.2588190451025208,-0.9659258262890683,-0.14144406768794202,0.9899462489023779
training,2025-12-22T12:00:00+00:00,2025-12-22T06:00:00+00:00,2025-12-23T14:00:00+00:00,2025-12-23T19:00:00+05:00,24,26.0,37890bd061d9e70af63102a4d07109afe2dd8bd355ae21d78df4baa1bec4b111,0.01,1.96,2.01,2.05,264.0,-4.9,961.3,-0.4999999999999997,-0.8660254037844388,-0.14144406768794202,0.9899462489023779
training,2025-12-21T12:00:00+00:00,2025-12-21T06:00:00+00:00,2025-12-23T14:00:00+00:00,2025-12-23T19:00:00+05:00,48,50.0,0f04f6317f367ac968abf316e08e906807b96b4edb09dbd93a0cd0642dac195c,0.01,2.02,2.07,2.11,278.0,-5.8,961.1,-0.4999999999999997,-0.8660254037844388,-0.14144406768794202,0.9899462489023779
training,2025-12-22T18:00:00+00:00,2025-12-22T12:00:00+00:00,2025-12-23T15:00:00+00:00,2025-12-23T20:00:00+05:00,24,21.0,5e8debab974b296a0f6cc1423b3c5dff632f7b6285299fb24141980ca58c18c6,0.01,1.77,1.82,1.86,238.0,-4.7,961.7,-0.7071067811865471,-0.7071067811865479,-0.14144406768794202,0.9899462489023779
training,2025-12-21T18:00:00+00:00,2025-12-21T12:00:00+00:00,2025-12-23T15:00:00+00:00,2025-12-23T20:00:00+05:00,48,45.0,1d0147582321cbe5bba2db3c556c72b3ba9a07f4455c05f1d223afe27ba0f158,0.01,0.64,0.65,0.67,238.0,-5.1,961.5,-0.7071067811865471,-0.7071067811865479,-0.14144406768794202,0.9899462489023779
training,2025-12-22T18:00:00+00:00,2025-12-22T12:00:00+00:00,2025-12-23T16:00:00+00:00,2025-12-23T21:00:00+05:00,24,22.0,5e8debab974b296a0f6cc1423b3c5dff632f7b6285299fb24141980ca58c18c6,0.01,1.27,1.3,1.33,272.0,-4.4,961.8,-0.8660254037844385,-0.5000000000000004,-0.14144406768794202,0.9899462489023779
training,2025-12-21T18:00:00+00:00,2025-12-21T12:00:00+00:00,2025-12-23T16:00:00+00:00,2025-12-23T21:00:00+05:00,48,46.0,1d0147582321cbe5bba2db3c556c72b3ba9a07f4455c05f1d223afe27ba0f158,0.01,0.52,0.53,0.54,41.0,-4.8,961.3,-0.8660254037844385,-0.5000000000000004,-0.14144406768794202,0.9899462489023779
training,2025-12-22T18:00:00+00:00,2025-12-22T12:00:00+00:00,2025-12-23T17:00:00+00:00,2025-12-23T22:00:00+05:00,24,23.0,5e8debab974b296a0f6cc1423b3c5dff632f7b6285299fb24141980ca58c18c6,0.01,0.79,0.81,0.82,353.0,-4.3,961.7,-0.9659258262890683,-0.25881904510252063,-0.14144406768794202,0.9899462489023779
training,2025-12-21T18:00:00+00:00,2025-12-21T12:00:00+00:00,2025-12-23T17:00:00+00:00,2025-12-23T22:00:00+05:00,48,47.0,1d0147582321cbe5bba2db3c556c72b3ba9a07f4455c05f1d223afe27ba0f158,0.01,1.93,1.98,2.03,49.0,-5.0,961.2,-0.9659258262890683,-0.25881904510252063,-0.14144406768794202,0.9899462489023779
training,2025-12-22T18:00:00+00:00,2025-12-22T12:00:00+00:00,2025-12-23T18:00:00+00:00,2025-12-23T23:00:00+05:00,24,24.0,5e8debab974b296a0f6cc1423b3c5dff632f7b6285299fb24141980ca58c18c6,0.09166666666666667,2.0,2.06,2.1,49.0,-4.4,961.4,-1.0,-1.8369701987210297e-16,-0.14144406768794202,0.9899462489023779
training,2025-12-21T18:00:00+00:00,2025-12-21T12:00:00+00:00,2025-12-23T18:00:00+00:00,2025-12-23T23:00:00+05:00,48,48.0,1d0147582321cbe5bba2db3c556c72b3ba9a07f4455c05f1d223afe27ba0f158,0.09166666666666667,3.07,3.15,3.21,57.0,-5.3,960.8,-1.0,-1.8369701987210297e-16,-0.14144406768794202,0.9899462489023779
training,2025-12-22T18:00:00+00:00,2025-12-22T12:00:00+00:00,2025-12-23T19:00:00+00:00,2025-12-24T00:00:00+05:00,24,25.0,5e8debab974b296a0f6cc1423b3c5dff632f7b6285299fb24141980ca58c18c6,0.165,3.13,3.21,3.28,53.0,-4.8,961.1,-0.9659258262890684,0.2588190451025203,-0.14144406768794202,0.9899462489023779
training,2025-12-21T18:00:00+00:00,2025-12-21T12:00:00+00:00,2025-12-23T19:00:00+00:00,2025-12-24T00:00:00+05:00,48,49.0,1d0147582321cbe5bba2db3c556c72b3ba9a07f4455c05f1d223afe27ba0f158,0.165,4.01,4.11,4.2,63.0,-5.2,960.6,-0.9659258262890684,0.2588190451025203,-0.14144406768794202,0.9899462489023779
training,2025-12-22T18:00:00+00:00,2025-12-22T12:00:00+00:00,2025-12-23T20:00:00+00:00,2025-12-24T01:00:00+05:00,24,26.0,5e8debab974b296a0f6cc1423b3c5dff632f7b6285299fb24141980ca58c18c6,0.29333333333333333,3.54,3.63,3.7,60.0,-4.8,961.1,-0.8660254037844386,0.5000000000000001,-0.14144406768794202,0.9899462489023779
training,2025-12-21T18:00:00+00:00,2025-12-21T12:00:00+00:00,2025-12-23T20:00:00+00:00,2025-12-24T01:00:00+05:00,48,50.0,1d0147582321cbe5bba2db3c556c72b3ba9a07f4455c05f1d223afe27ba0f158,0.29333333333333333,4.05,4.15,4.24,59.0,-5.4,960.5,-0.8660254037844386,0.5000000000000001,-0.14144406768794202,0.9899462489023779
training,2025-12-23T00:00:00+00:00,2025-12-22T18:00:00+00:00,2025-12-23T21:00:00+00:00,2025-12-24T02:00:00+05:00,24,21.0,10d274dbf1230f0dc1c0e192ee46770289e4b579d345f0830d7bb51a61747a2c,0.7616666666666667,4.02,4.12,4.21,59.0,-4.7,961.1,-0.7071067811865477,0.7071067811865474,-0.14144406768794202,0.9899462489023779
training,2025-12-22T00:00:00+00:00,2025-12-21T18:00:00+00:00,2025-12-23T21:00:00+00:00,2025-12-24T02:00:00+05:00,48,45.0,399c5e35c2937fb7c5761d1b5ca979520d06a5b800bfb4d2448c3ce802a93df6,0.7616666666666667,4.25,4.36,4.45,58.0,-5.4,961.0,-0.7071067811865477,0.7071067811865474,-0.14144406768794202,0.9899462489023779
training,2025-12-23T00:00:00+00:00,2025-12-22T18:00:00+00:00,2025-12-23T22:00:00+00:00,2025-12-24T03:00:00+05:00,24,22.0,10d274dbf1230f0dc1c0e192ee46770289e4b579d345f0830d7bb51a61747a2c,0.6716666666666667,4.49,4.61,4.7,58.0,-4.7,961.3,-0.5000000000000004,0.8660254037844384,-0.14144406768794202,0.9899462489023779
training,2025-12-22T00:00:00+00:00,2025-12-21T18:00:00+00:00,2025-12-23T22:00:00+00:00,2025-12-24T03:00:00+05:00,48,46.0,399c5e35c2937fb7c5761d1b5ca979520d06a5b800bfb4d2448c3ce802a93df6,0.6716666666666667,3.73,3.83,3.91,61.0,-5.6,960.9,-0.5000000000000004,0.8660254037844384,-0.14144406768794202,0.9899462489023779
training,2025-12-23T00:00:00+00:00,2025-12-22T18:00:00+00:00,2025-12-23T23:00:00+00:00,2025-12-24T04:00:00+05:00,24,23.0,10d274dbf1230f0dc1c0e192ee46770289e4b579d345f0830d7bb51a61747a2c,0.6866666666666666,4.24,4.35,4.44,60.0,-4.9,961.4,-0.25881904510252157,0.9659258262890681,-0.14144406768794202,0.9899462489023779
training,2025-12-22T00:00:00+00:00,2025-12-21T18:00:00+00:00,2025-12-23T23:00:00+00:00,2025-12-24T04:00:00+05:00,48,47.0,399c5e35c2937fb7c5761d1b5ca979520d06a5b800bfb4d2448c3ce802a93df6,0.6866666666666666,3.77,3.87,3.95,63.0,-5.7,960.9,-0.25881904510252157,0.9659258262890681,-0.14144406768794202,0.9899462489023779
training,2025-12-23T00:00:00+00:00,2025-12-22T18:00:00+00:00,2025-12-24T00:00:00+00:00,2025-12-24T05:00:00+05:00,24,24.0,10d274dbf1230f0dc1c0e192ee46770289e4b579d345f0830d7bb51a61747a2c,0.8383333333333334,4.79,4.92,5.02,63.0,-5.0,961.6,0.0,1.0,-0.12439450483979998,0.9922328391893008
training,2025-12-22T00:00:00+00:00,2025-12-21T18:00:00+00:00,2025-12-24T00:00:00+00:00,2025-12-24T05:00:00+05:00,48,48.0,399c5e35c2937fb7c5761d1b5ca979520d06a5b800bfb4d2448c3ce802a93df6,0.8383333333333334,4.38,4.5,4.59,66.0,-6.2,960.9,0.0,1.0,-0.12439450483979998,0.9922328391893008
training,2025-12-23T00:00:00+00:00,2025-12-22T18:00:00+00:00,2025-12-24T01:00:00+00:00,2025-12-24T06:00:00+05:00,24,25.0,10d274dbf1230f0dc1c0e192ee46770289e4b579d345f0830d7bb51a61747a2c,0.935,4.97,5.1,5.2,64.0,-4.8,961.7,0.25881904510252074,0.9659258262890683,-0.12439450483979998,0.9922328391893008
training,2025-12-22T00:00:00+00:00,2025-12-21T18:00:00+00:00,2025-12-24T01:00:00+00:00,2025-12-24T06:00:00+05:00,48,49.0,399c5e35c2937fb7c5761d1b5ca979520d06a5b800bfb4d2448c3ce802a93df6,0.935,4.96,5.09,5.19,67.0,-6.1,961.1,0.25881904510252074,0.9659258262890683,-0.12439450483979998,0.9922328391893008
training,2025-12-23T00:00:00+00:00,2025-12-22T18:00:00+00:00,2025-12-24T02:00:00+00:00,2025-12-24T07:00:00+05:00,24,26.0,10d274dbf1230f0dc1c0e192ee46770289e4b579d345f0830d7bb51a61747a2c,0.6616666666666666,5.77,5.92,6.04,60.0,-4.9,961.9,0.49999999999999994,0.8660254037844387,-0.12439450483979998,0.9922328391893008
training,2025-12-22T00:00:00+00:00,2025-12-21T18:00:00+00:00,2025-12-24T02:00:00+00:00,2025-12-24T07:00:00+05:00,48,50.0,399c5e35c2937fb7c5761d1b5ca979520d06a5b800bfb4d2448c3ce802a93df6,0.6616666666666666,5.62,5.77,5.89,62.0,-6.0,961.4,0.49999999999999994,0.8660254037844387,-0.12439450483979998,0.9922328391893008
training,2025-12-23T06:00:00+00:00,2025-12-23T00:00:00+00:00,2025-12-24T03:00:00+00:00,2025-12-24T08:00:00+05:00,24,21.0,5068bb337fd06dcf820a25be63c9873c2348b44a7af4caa2a12f0ee9589da482,0.7783333333333333,5.92,6.07,6.2,60.0,-4.7,962.2,0.7071067811865476,0.7071067811865476,-0.12439450483979998,0.9922328391893008
training,2025-12-22T06:00:00+00:00,2025-12-22T00:00:00+00:00,2025-12-24T03:00:00+00:00,2025-12-24T08:00:00+05:00,48,45.0,fb28684c5ca21f634c86ad8f511aa1f683dc2d8e58d232d6228b577364717419,0.7783333333333333,6.13,6.29,6.42,62.0,-5.5,962.3,0.7071067811865476,0.7071067811865476,-0.12439450483979998,0.9922328391893008
training,2025-12-23T06:00:00+00:00,2025-12-23T00:00:00+00:00,2025-12-24T04:00:00+00:00,2025-12-24T09:00:00+05:00,24,22.0,5068bb337fd06dcf820a25be63c9873c2348b44a7af4caa2a12f0ee9589da482,0.5366666666666666,5.06,5.19,5.3,61.0,-3.5,962.9,0.8660254037844386,0.5000000000000001,-0.12439450483979998,0.9922328391893008
training,2025-12-22T06:00:00+00:00,2025-12-22T00:00:00+00:00,2025-12-24T04:00:00+00:00,2025-12-24T09:00:00+05:00,48,46.0,fb28684c5ca21f634c86ad8f511aa1f683dc2d8e58d232d6228b577364717419,0.5366666666666666,5.02,5.15,5.25,61.0,-3.8,963.0,0.8660254037844386,0.5000000000000001,-0.12439450483979998,0.9922328391893008
training,2025-12-23T06:00:00+00:00,2025-12-23T00:00:00+00:00,2025-12-24T05:00:00+00:00,2025-12-24T10:00:00+05:00,24,23.0,5068bb337fd06dcf820a25be63c9873c2348b44a7af4caa2a12f0ee9589da482,0.435,4.16,4.27,4.36,63.0,-2.1,963.1,0.9659258262890683,0.25881904510252074,-0.12439450483979998,0.9922328391893008
training,2025-12-22T06:00:00+00:00,2025-12-22T00:00:00+00:00,2025-12-24T05:00:00+00:00,2025-12-24T10:00:00+05:00,48,47.0,fb28684c5ca21f634c86ad8f511aa1f683dc2d8e58d232d6228b577364717419,0.435,4.6,4.72,4.82,63.0,-2.4,963.2,0.9659258262890683,0.25881904510252074,-0.12439450483979998,0.9922328391893008
training,2025-12-23T06:00:00+00:00,2025-12-23T00:00:00+00:00,2025-12-24T06:00:00+00:00,2025-12-24T11:00:00+05:00,24,24.0,5068bb337fd06dcf820a25be63c9873c2348b44a7af4caa2a12f0ee9589da482,0.265,4.63,4.75,4.85,60.0,-0.3,962.9,1.0,6.123233995736766e-17,-0.12439450483979998,0.9922328391893008
training,2025-12-22T06:00:00+00:00,2025-12-22T00:00:00+00:00,2025-12-24T06:00:00+00:00,2025-12-24T11:00:00+05:00,48,48.0,fb28684c5ca21f634c86ad8f511aa1f683dc2d8e58d232d6228b577364717419,0.265,4.71,4.83,4.93,63.0,-1.0,962.9,1.0,6.123233995736766e-17,-0.12439450483979998,0.9922328391893008
training,2025-12-23T06:00:00+00:00,2025-12-23T00:00:00+00:00,2025-12-24T07:00:00+00:00,2025-12-24T12:00:00+05:00,24,25.0,5068bb337fd06dcf820a25be63c9873c2348b44a7af4caa2a12f0ee9589da482,0.23,4.97,5.1,5.21,61.0,0.9,962.2,0.9659258262890683,-0.25881904510252063,-0.12439450483979998,0.9922328391893008
training,2025-12-22T06:00:00+00:00,2025-12-22T00:00:00+00:00,2025-12-24T07:00:00+00:00,2025-12-24T12:00:00+05:00,48,49.0,fb28684c5ca21f634c86ad8f511aa1f683dc2d8e58d232d6228b577364717419,0.23,4.64,4.76,4.86,63.0,0.6,962.3,0.9659258262890683,-0.25881904510252063,-0.12439450483979998,0.9922328391893008
training,2025-12-23T06:00:00+00:00,2025-12-23T00:00:00+00:00,2025-12-24T08:00:00+00:00,2025-12-24T13:00:00+05:00,24,26.0,5068bb337fd06dcf820a25be63c9873c2348b44a7af4caa2a12f0ee9589da482,0.25166666666666665,5.01,5.14,5.25,62.0,1.4,961.8,0.8660254037844387,-0.4999999999999998,-0.12439450483979998,0.9922328391893008
training,2025-12-22T06:00:00+00:00,2025-12-22T00:00:00+00:00,2025-12-24T08:00:00+00:00,2025-12-24T13:00:00+05:00,48,50.0,fb28684c5ca21f634c86ad8f511aa1f683dc2d8e58d232d6228b577364717419,0.25166666666666665,4.16,4.27,4.36,63.0,1.4,962.2,0.8660254037844387,-0.4999999999999998,-0.12439450483979998,0.9922328391893008
training,2025-12-23T12:00:00+00:00,2025-12-23T06:00:00+00:00,2025-12-24T09:00:00+00:00,2025-12-24T14:00:00+05:00,24,21.0,63cea71d9977240d5bae107b1a7b3035a972f6bbe8a6a96cc8694f31a73f68bc,0.2316666666666667,5.24,5.38,5.49,60.0,1.4,961.8,0.7071067811865476,-0.7071067811865475,-0.12439450483979998,0.9922328391893008
training,2025-12-22T12:00:00+00:00,2025-12-22T06:00:00+00:00,2025-12-24T09:00:00+00:00,2025-12-24T14:00:00+05:00,48,45.0,37890bd061d9e70af63102a4d07109afe2dd8bd355ae21d78df4baa1bec4b111,0.2316666666666667,4.49,4.61,4.7,61.0,1.5,961.6,0.7071067811865476,-0.7071067811865475,-0.12439450483979998,0.9922328391893008
training,2025-12-23T12:00:00+00:00,2025-12-23T06:00:00+00:00,2025-12-24T10:00:00+00:00,2025-12-24T15:00:00+05:00,24,22.0,63cea71d9977240d5bae107b1a7b3035a972f6bbe8a6a96cc8694f31a73f68bc,0.225,5.43,5.57,5.69,62.0,0.6,962.1,0.49999999999999994,-0.8660254037844387,-0.12439450483979998,0.9922328391893008
training,2025-12-22T12:00:00+00:00,2025-12-22T06:00:00+00:00,2025-12-24T10:00:00+00:00,2025-12-24T15:00:00+05:00,48,46.0,37890bd061d9e70af63102a4d07109afe2dd8bd355ae21d78df4baa1bec4b111,0.225,5.08,5.21,5.32,64.0,0.7,961.6,0.49999999999999994,-0.8660254037844387,-0.12439450483979998,0.9922328391893008
training,2025-12-23T12:00:00+00:00,2025-12-23T06:00:00+00:00,2025-12-24T11:00:00+00:00,2025-12-24T16:00:00+05:00,24,23.0,63cea71d9977240d5bae107b1a7b3035a972f6bbe8a6a96cc8694f31a73f68bc,0.2916666666666667,5.82,5.97,6.09,64.0,-1.2,962.0,0.258819045102521,-0.9659258262890682,-0.12439450483979998,0.9922328391893008
training,2025-12-22T12:00:00+00:00,2025-12-22T06:00:00+00:00,2025-12-24T11:00:00+00:00,2025-12-24T16:00:00+05:00,48,47.0,37890bd061d9e70af63102a4d07109afe2dd8bd355ae21d78df4baa1bec4b111,0.2916666666666667,5.34,5.48,5.6,66.0,-0.4,961.7,0.258819045102521,-0.9659258262890682,-0.12439450483979998,0.9922328391893008
training,2025-12-23T12:00:00+00:00,2025-12-23T06:00:00+00:00,2025-12-24T12:00:00+00:00,2025-12-24T17:00:00+05:00,24,24.0,63cea71d9977240d5bae107b1a7b3035a972f6bbe8a6a96cc8694f31a73f68bc,0.35333333333333333,5.98,6.14,6.26,71.0,-2.3,962.0,1.2246467991473532e-16,-1.0,-0.12439450483979998,0.9922328391893008
training,2025-12-22T12:00:00+00:00,2025-12-22T06:00:00+00:00,2025-12-24T12:00:00+00:00,2025-12-24T17:00:00+05:00,48,48.0,37890bd061d9e70af63102a4d07109afe2dd8bd355ae21d78df4baa1bec4b111,0.35333333333333333,5.48,5.62,5.74,66.0,-1.5,961.9,1.2246467991473532e-16,-1.0,-0.12439450483979998,0.9922328391893008
training,2025-12-23T12:00:00+00:00,2025-12-23T06:00:00+00:00,2025-12-24T13:00:00+00:00,2025-12-24T18:00:00+05:00,24,25.0,63cea71d9977240d5bae107b1a7b3035a972f6bbe8a6a96cc8694f31a73f68bc,0.2333333333333333,5.94,6.09,6.22,74.0,-2.1,962.1,-0.2588190451025208,-0.9659258262890683,-0.12439450483979998,0.9922328391893008
training,2025-12-22T12:00:00+00:00,2025-12-22T06:00:00+00:00,2025-12-24T13:00:00+00:00,2025-12-24T18:00:00+05:00,48,49.0,37890bd061d9e70af63102a4d07109afe2dd8bd355ae21d78df4baa1bec4b111,0.2333333333333333,5.69,5.84,5.96,70.0,-1.9,961.8,-0.2588190451025208,-0.9659258262890683,-0.12439450483979998,0.9922328391893008
training,2025-12-23T12:00:00+00:00,2025-12-23T06:00:00+00:00,2025-12-24T14:00:00+00:00,2025-12-24T19:00:00+05:00,24,26.0,63cea71d9977240d5bae107b1a7b3035a972f6bbe8a6a96cc8694f31a73f68bc,0.29333333333333333,6.31,6.47,6.6,73.0,-1.6,961.7,-0.4999999999999997,-0.8660254037844388,-0.12439450483979998,0.9922328391893008
training,2025-12-22T12:00:00+00:00,2025-12-22T06:00:00+00:00,2025-12-24T14:00:00+00:00,2025-12-24T19:00:00+05:00,48,50.0,37890bd061d9e70af63102a4d07109afe2dd8bd355ae21d78df4baa1bec4b111,0.29333333333333333,5.95,6.11,6.23,73.0,-1.8,961.7,-0.4999999999999997,-0.8660254037844388,-0.12439450483979998,0.9922328391893008
training,2025-12-23T18:00:00+00:00,2025-12-23T12:00:00+00:00,2025-12-24T15:00:00+00:00,2025-12-24T20:00:00+05:00,24,21.0,c905211f85144cd0875236ad85048725d5ba0bbf0bcf8f99a5e98b4d7497c700,0.48833333333333334,6.67,6.85,6.99,70.0,-1.5,961.1,-0.7071067811865471,-0.7071067811865479,-0.12439450483979998,0.9922328391893008
training,2025-12-22T18:00:00+00:00,2025-12-22T12:00:00+00:00,2025-12-24T15:00:00+00:00,2025-12-24T20:00:00+05:00,48,45.0,5e8debab974b296a0f6cc1423b3c5dff632f7b6285299fb24141980ca58c18c6,0.48833333333333334,6.63,6.8,6.94,72.0,-1.7,961.5,-0.7071067811865471,-0.7071067811865479,-0.12439450483979998,0.9922328391893008
training,2025-12-23T18:00:00+00:00,2025-12-23T12:00:00+00:00,2025-12-24T16:00:00+00:00,2025-12-24T21:00:00+05:00,24,22.0,c905211f85144cd0875236ad85048725d5ba0bbf0bcf8f99a5e98b4d7497c700,0.5316666666666666,7.39,7.58,7.74,65.0,-1.4,960.7,-0.8660254037844385,-0.5000000000000004,-0.12439450483979998,0.9922328391893008
training,2025-12-22T18:00:00+00:00,2025-12-22T12:00:00+00:00,2025-12-24T16:00:00+00:00,2025-12-24T21:00:00+05:00,48,46.0,5e8debab974b296a0f6cc1423b3c5dff632f7b6285299fb24141980ca58c18c6,0.5316666666666666,7.29,7.47,7.63,68.0,-1.8,960.9,-0.8660254037844385,-0.5000000000000004,-0.12439450483979998,0.9922328391893008
training,2025-12-23T18:00:00+00:00,2025-12-23T12:00:00+00:00,2025-12-24T17:00:00+00:00,2025-12-24T22:00:00+05:00,24,23.0,c905211f85144cd0875236ad85048725d5ba0bbf0bcf8f99a5e98b4d7497c700,0.38833333333333336,7.78,7.98,8.15,64.0,-1.8,960.1,-0.9659258262890683,-0.25881904510252063,-0.12439450483979998,0.9922328391893008
training,2025-12-22T18:00:00+00:00,2025-12-22T12:00:00+00:00,2025-12-24T17:00:00+00:00,2025-12-24T22:00:00+05:00,48,47.0,5e8debab974b296a0f6cc1423b3c5dff632f7b6285299fb24141980ca58c18c6,0.38833333333333336,7.44,7.63,7.79,66.0,-2.0,960.4,-0.9659258262890683,-0.25881904510252063,-0.12439450483979998,0.9922328391893008
training,2025-12-23T18:00:00+00:00,2025-12-23T12:00:00+00:00,2025-12-24T18:00:00+00:00,2025-12-24T23:00:00+05:00,24,24.0,c905211f85144cd0875236ad85048725d5ba0bbf0bcf8f99a5e98b4d7497c700,0.5016666666666667,7.52,7.72,7.87,63.0,-2.6,959.3,-1.0,-1.8369701987210297e-16,-0.12439450483979998,0.9922328391893008
training,2025-12-22T18:00:00+00:00,2025-12-22T12:00:00+00:00,2025-12-24T18:00:00+00:00,2025-12-24T23:00:00+05:00,48,48.0,5e8debab974b296a0f6cc1423b3c5dff632f7b6285299fb24141980ca58c18c6,0.5016666666666667,8.04,8.25,8.42,62.0,-2.5,959.7,-1.0,-1.8369701987210297e-16,-0.12439450483979998,0.9922328391893008
training,2025-12-23T18:00:00+00:00,2025-12-23T12:00:00+00:00,2025-12-24T19:00:00+00:00,2025-12-25T00:00:00+05:00,24,25.0,c905211f85144cd0875236ad85048725d5ba0bbf0bcf8f99a5e98b4d7497c700,0.4266666666666667,7.7,7.9,8.06,62.0,-3.1,958.9,-0.9659258262890684,0.2588190451025203,-0.12439450483979998,0.9922328391893008
training,2025-12-22T18:00:00+00:00,2025-12-22T12:00:00+00:00,2025-12-24T19:00:00+00:00,2025-12-25T00:00:00+05:00,48,49.0,5e8debab974b296a0f6cc1423b3c5dff632f7b6285299fb24141980ca58c18c6,0.4266666666666667,8.34,8.56,8.74,60.0,-3.1,959.1,-0.9659258262890684,0.2588190451025203,-0.12439450483979998,0.9922328391893008
training,2025-12-23T18:00:00+00:00,2025-12-23T12:00:00+00:00,2025-12-24T20:00:00+00:00,2025-12-25T01:00:00+05:00,24,26.0,c905211f85144cd0875236ad85048725d5ba0bbf0bcf8f99a5e98b4d7497c700,0.41333333333333333,7.98,8.18,8.35,64.0,-3.4,958.5,-0.8660254037844386,0.5000000000000001,-0.12439450483979998,0.9922328391893008
training,2025-12-22T18:00:00+00:00,2025-12-22T12:00:00+00:00,2025-12-24T20:00:00+00:00,2025-12-25T01:00:00+05:00,48,50.0,5e8debab974b296a0f6cc1423b3c5dff632f7b6285299fb24141980ca58c18c6,0.41333333333333333,8.46,8.68,8.86,62.0,-3.5,958.7,-0.8660254037844386,0.5000000000000001,-0.12439450483979998,0.9922328391893008
training,2025-12-24T00:00:00+00:00,2025-12-23T18:00:00+00:00,2025-12-24T21:00:00+00:00,2025-12-25T02:00:00+05:00,24,21.0,01bd26061dc9f080e6ae82ea199c597a48aeb828ae28273e06e164873890d3b6,0.6533333333333333,8.31,8.52,8.7,65.0,-3.6,957.7,-0.7071067811865477,0.7071067811865474,-0.12439450483979998,0.9922328391893008
training,2025-12-23T00:00:00+00:00,2025-12-22T18:00:00+00:00,2025-12-24T21:00:00+00:00,2025-12-25T02:00:00+05:00,48,45.0,10d274dbf1230f0dc1c0e192ee46770289e4b579d345f0830d7bb51a61747a2c,0.6533333333333333,8.78,9.01,9.2,63.0,-3.8,958.3,-0.7071067811865477,0.7071067811865474,-0.12439450483979998,0.9922328391893008
training,2025-12-24T00:00:00+00:00,2025-12-23T18:00:00+00:00,2025-12-24T22:00:00+00:00,2025-12-25T03:00:00+05:00,24,22.0,01bd26061dc9f080e6ae82ea199c597a48aeb828ae28273e06e164873890d3b6,0.58,8.58,8.8,8.99,67.0,-3.7,957.2,-0.5000000000000004,0.8660254037844384,-0.12439450483979998,0.9922328391893008
training,2025-12-23T00:00:00+00:00,2025-12-22T18:00:00+00:00,2025-12-24T22:00:00+00:00,2025-12-25T03:00:00+05:00,48,46.0,10d274dbf1230f0dc1c0e192ee46770289e4b579d345f0830d7bb51a61747a2c,0.58,8.96,9.19,9.38,65.0,-4.0,957.7,-0.5000000000000004,0.8660254037844384,-0.12439450483979998,0.9922328391893008
training,2025-12-24T00:00:00+00:00,2025-12-23T18:00:00+00:00,2025-12-24T23:00:00+00:00,2025-12-25T04:00:00+05:00,24,23.0,01bd26061dc9f080e6ae82ea199c597a48aeb828ae28273e06e164873890d3b6,0.63,8.65,8.88,9.06,67.0,-3.9,956.6,-0.25881904510252157,0.9659258262890681,-0.12439450483979998,0.9922328391893008
training,2025-12-23T00:00:00+00:00,2025-12-22T18:00:00+00:00,2025-12-24T23:00:00+00:00,2025-12-25T04:00:00+05:00,48,47.0,10d274dbf1230f0dc1c0e192ee46770289e4b579d345f0830d7bb51a61747a2c,0.63,8.91,9.14,9.33,67.0,-4.1,957.2,-0.25881904510252157,0.9659258262890681,-0.12439450483979998,0.9922328391893008
training,2025-12-24T00:00:00+00:00,2025-12-23T18:00:00+00:00,2025-12-25T00:00:00+00:00,2025-12-25T05:00:00+05:00,24,24.0,01bd26061dc9f080e6ae82ea199c597a48aeb828ae28273e06e164873890d3b6,0.5766666666666667,8.56,8.78,8.97,67.0,-4.0,956.3,0.0,1.0,-0.10730813165636247,0.9942258118156161
training,2025-12-23T00:00:00+00:00,2025-12-22T18:00:00+00:00,2025-12-25T00:00:00+00:00,2025-12-25T05:00:00+05:00,48,48.0,10d274dbf1230f0dc1c0e192ee46770289e4b579d345f0830d7bb51a61747a2c,0.5766666666666667,8.93,9.16,9.35,69.0,-4.2,956.9,0.0,1.0,-0.10730813165636247,0.9942258118156161
training,2025-12-24T00:00:00+00:00,2025-12-23T18:00:00+00:00,2025-12-25T01:00:00+00:00,2025-12-25T06:00:00+05:00,24,25.0,01bd26061dc9f080e6ae82ea199c597a48aeb828ae28273e06e164873890d3b6,0.47000000000000003,8.54,8.77,8.95,68.0,-4.1,956.1,0.25881904510252074,0.9659258262890683,-0.10730813165636247,0.9942258118156161
training,2025-12-23T00:00:00+00:00,2025-12-22T18:00:00+00:00,2025-12-25T01:00:00+00:00,2025-12-25T06:00:00+05:00,48,49.0,10d274dbf1230f0dc1c0e192ee46770289e4b579d345f0830d7bb51a61747a2c,0.47000000000000003,8.92,9.16,9.34,71.0,-4.2,956.7,0.25881904510252074,0.9659258262890683,-0.10730813165636247,0.9942258118156161
training,2025-12-24T00:00:00+00:00,2025-12-23T18:00:00+00:00,2025-12-25T02:00:00+00:00,2025-12-25T07:00:00+05:00,24,26.0,01bd26061dc9f080e6ae82ea199c597a48aeb828ae28273e06e164873890d3b6,0.46,8.61,8.83,9.01,69.0,-4.1,955.9,0.49999999999999994,0.8660254037844387,-0.10730813165636247,0.9942258118156161
training,2025-12-23T00:00:00+00:00,2025-12-22T18:00:00+00:00,2025-12-25T02:00:00+00:00,2025-12-25T07:00:00+05:00,48,50.0,10d274dbf1230f0dc1c0e192ee46770289e4b579d345f0830d7bb51a61747a2c,0.46,8.89,9.12,9.31,71.0,-4.3,956.3,0.49999999999999994,0.8660254037844387,-0.10730813165636247,0.9942258118156161
training,2025-12-24T06:00:00+00:00,2025-12-24T00:00:00+00:00,2025-12-25T03:00:00+00:00,2025-12-25T08:00:00+05:00,24,21.0,ebd38870dc8369bd809c923cc495bfbf823715b23caf130616bc7c24c420dec7,0.2733333333333334,8.75,8.98,9.17,72.0,-3.8,955.8,0.7071067811865476,0.7071067811865476,-0.10730813165636247,0.9942258118156161
training,2025-12-23T06:00:00+00:00,2025-12-23T00:00:00+00:00,2025-12-25T03:00:00+00:00,2025-12-25T08:00:00+05:00,48,45.0,5068bb337fd06dcf820a25be63c9873c2348b44a7af4caa2a12f0ee9589da482,0.2733333333333334,8.28,8.49,8.67,70.0,-4.0,955.8,0.7071067811865476,0.7071067811865476,-0.10730813165636247,0.9942258118156161
training,2025-12-24T06:00:00+00:00,2025-12-24T00:00:00+00:00,2025-12-25T04:00:00+00:00,2025-12-25T09:00:00+05:00,24,22.0,ebd38870dc8369bd809c923cc495bfbf823715b23caf130616bc7c24c420dec7,0.19833333333333333,8.86,9.09,9.28,72.0,-1.4,956.2,0.8660254037844386,0.5000000000000001,-0.10730813165636247,0.9942258118156161
training,2025-12-23T06:00:00+00:00,2025-12-23T00:00:00+00:00,2025-12-25T04:00:00+00:00,2025-12-25T09:00:00+05:00,48,46.0,5068bb337fd06dcf820a25be63c9873c2348b44a7af4caa2a12f0ee9589da482,0.19833333333333333,8.18,8.4,8.57,71.0,-1.5,956.1,0.8660254037844386,0.5000000000000001,-0.10730813165636247,0.9942258118156161
training,2025-12-24T06:00:00+00:00,2025-12-24T00:00:00+00:00,2025-12-25T05:00:00+00:00,2025-12-25T10:00:00+05:00,24,23.0,ebd38870dc8369bd809c923cc495bfbf823715b23caf130616bc7c24c420dec7,0.26666666666666666,8.12,8.33,8.51,70.0,1.9,956.1,0.9659258262890683,0.25881904510252074,-0.10730813165636247,0.9942258118156161
training,2025-12-23T06:00:00+00:00,2025-12-23T00:00:00+00:00,2025-12-25T05:00:00+00:00,2025-12-25T10:00:00+05:00,48,47.0,5068bb337fd06dcf820a25be63c9873c2348b44a7af4caa2a12f0ee9589da482,0.26666666666666666,8.62,8.85,9.03,74.0,2.7,956.1,0.9659258262890683,0.25881904510252074,-0.10730813165636247,0.9942258118156161
training,2025-12-24T06:00:00+00:00,2025-12-24T00:00:00+00:00,2025-12-25T06:00:00+00:00,2025-12-25T11:00:00+05:00,24,24.0,ebd38870dc8369bd809c923cc495bfbf823715b23caf130616bc7c24c420dec7,0.21333333333333335,8.31,8.52,8.7,65.0,3.6,955.6,1.0,6.123233995736766e-17,-0.10730813165636247,0.9942258118156161
training,2025-12-23T06:00:00+00:00,2025-12-23T00:00:00+00:00,2025-12-25T06:00:00+00:00,2025-12-25T11:00:00+05:00,48,48.0,5068bb337fd06dcf820a25be63c9873c2348b44a7af4caa2a12f0ee9589da482,0.21333333333333335,8.58,8.8,8.98,66.0,3.7,955.6,1.0,6.123233995736766e-17,-0.10730813165636247,0.9942258118156161
training,2025-12-24T06:00:00+00:00,2025-12-24T00:00:00+00:00,2025-12-25T07:00:00+00:00,2025-12-25T12:00:00+05:00,24,25.0,ebd38870dc8369bd809c923cc495bfbf823715b23caf130616bc7c24c420dec7,0.17,8.63,8.86,9.04,62.0,4.5,954.6,0.9659258262890683,-0.25881904510252063,-0.10730813165636247,0.9942258118156161
training,2025-12-23T06:00:00+00:00,2025-12-23T00:00:00+00:00,2025-12-25T07:00:00+00:00,2025-12-25T12:00:00+05:00,48,49.0,5068bb337fd06dcf820a25be63c9873c2348b44a7af4caa2a12f0ee9589da482,0.17,8.94,9.17,9.36,62.0,4.6,954.6,0.9659258262890683,-0.25881904510252063,-0.10730813165636247,0.9942258118156161
training,2025-12-24T06:00:00+00:00,2025-12-24T00:00:00+00:00,2025-12-25T08:00:00+00:00,2025-12-25T13:00:00+05:00,24,26.0,ebd38870dc8369bd809c923cc495bfbf823715b23caf130616bc7c24c420dec7,0.20833333333333334,8.52,8.74,8.92,64.0,5.0,953.7,0.8660254037844387,-0.4999999999999998,-0.10730813165636247,0.9942258118156161
training,2025-12-23T06:00:00+00:00,2025-12-23T00:00:00+00:00,2025-12-25T08:00:00+00:00,2025-12-25T13:00:00+05:00,48,50.0,5068bb337fd06dcf820a25be63c9873c2348b44a7af4caa2a12f0ee9589da482,0.20833333333333334,8.98,9.21,9.4,63.0,5.0,953.8,0.8660254037844387,-0.4999999999999998,-0.10730813165636247,0.9942258118156161
training,2025-12-24T12:00:00+00:00,2025-12-24T06:00:00+00:00,2025-12-25T09:00:00+00:00,2025-12-25T14:00:00+05:00,24,21.0,2d0621738aa8db8618a70215b3e16f8f4d1ef32f2a2f82ce8890e4a9bef5689c,0.18500000000000003,8.72,8.94,9.13,63.0,4.6,953.4,0.7071067811865476,-0.7071067811865475,-0.10730813165636247,0.9942258118156161
training,2025-12-23T12:00:00+00:00,2025-12-23T06:00:00+00:00,2025-12-25T09:00:00+00:00,2025-12-25T14:00:00+05:00,48,45.0,63cea71d9977240d5bae107b1a7b3035a972f6bbe8a6a96cc8694f31a73f68bc,0.18500000000000003,8.55,8.77,8.95,65.0,4.7,953.3,0.7071067811865476,-0.7071067811865475,-0.10730813165636247,0.9942258118156161
training,2025-12-24T12:00:00+00:00,2025-12-24T06:00:00+00:00,2025-12-25T10:00:00+00:00,2025-12-25T15:00:00+05:00,24,22.0,2d0621738aa8db8618a70215b3e16f8f4d1ef32f2a2f82ce8890e4a9bef5689c,0.24,8.4,8.62,8.8,66.0,3.5,953.1,0.49999999999999994,-0.8660254037844387,-0.10730813165636247,0.9942258118156161
training,2025-12-23T12:00:00+00:00,2025-12-23T06:00:00+00:00,2025-12-25T10:00:00+00:00,2025-12-25T15:00:00+05:00,48,46.0,63cea71d9977240d5bae107b1a7b3035a972f6bbe8a6a96cc8694f31a73f68bc,0.24,8.38,8.6,8.78,67.0,3.5,952.9,0.49999999999999994,-0.8660254037844387,-0.10730813165636247,0.9942258118156161
training,2025-12-24T12:00:00+00:00,2025-12-24T06:00:00+00:00,2025-12-25T11:00:00+00:00,2025-12-25T16:00:00+05:00,24,23.0,2d0621738aa8db8618a70215b3e16f8f4d1ef32f2a2f82ce8890e4a9bef5689c,0.22666666666666666,7.71,7.91,8.07,70.0,0.9,952.5,0.258819045102521,-0.9659258262890682,-0.10730813165636247,0.9942258118156161
training,2025-12-23T12:00:00+00:00,2025-12-23T06:00:00+00:00,2025-12-25T11:00:00+00:00,2025-12-25T16:00:00+05:00,48,47.0,63cea71d9977240d5bae107b1a7b3035a972f6bbe8a6a96cc8694f31a73f68bc,0.22666666666666666,7.91,8.11,8.28,71.0,0.9,952.0,0.258819045102521,-0.9659258262890682,-0.10730813165636247,0.9942258118156161
training,2025-12-24T12:00:00+00:00,2025-12-24T06:00:00+00:00,2025-12-25T12:00:00+00:00,2025-12-25T17:00:00+05:00,24,24.0,2d0621738aa8db8618a70215b3e16f8f4d1ef32f2a2f82ce8890e4a9bef5689c,0.125,7.41,7.61,7.76,72.0,-1.6,951.7,1.2246467991473532e-16,-1.0,-0.10730813165636247,0.9942258118156161
training,2025-12-23T12:00:00+00:00,2025-12-23T06:00:00+00:00,2025-12-25T12:00:00+00:00,2025-12-25T17:00:00+05:00,48,48.0,63cea71d9977240d5bae107b1a7b3035a972f6bbe8a6a96cc8694f31a73f68bc,0.125,7.59,7.79,7.95,74.0,-1.3,951.2,1.2246467991473532e-16,-1.0,-0.10730813165636247,0.9942258118156161
training,2025-12-24T12:00:00+00:00,2025-12-24T06:00:00+00:00,2025-12-25T13:00:00+00:00,2025-12-25T18:00:00+05:00,24,25.0,2d0621738aa8db8618a70215b3e16f8f4d1ef32f2a2f82ce8890e4a9bef5689c,0.19666666666666666,7.6,7.8,7.96,73.0,-2.4,950.9,-0.2588190451025208,-0.9659258262890683,-0.10730813165636247,0.9942258118156161
training,2025-12-23T12:00:00+00:00,2025-12-23T06:00:00+00:00,2025-12-25T13:00:00+00:00,2025-12-25T18:00:00+05:00,48,49.0,63cea71d9977240d5bae107b1a7b3035a972f6bbe8a6a96cc8694f31a73f68bc,0.19666666666666666,7.75,7.96,8.12,73.0,-1.9,950.5,-0.2588190451025208,-0.9659258262890683,-0.10730813165636247,0.9942258118156161
training,2025-12-24T12:00:00+00:00,2025-12-24T06:00:00+00:00,2025-12-25T14:00:00+00:00,2025-12-25T19:00:00+05:00,24,26.0,2d0621738aa8db8618a70215b3e16f8f4d1ef32f2a2f82ce8890e4a9bef5689c,0.38833333333333336,7.84,8.05,8.21,72.0,-2.5,950.2,-0.4999999999999997,-0.8660254037844388,-0.10730813165636247,0.9942258118156161
training,2025-12-23T12:00:00+00:00,2025-12-23T06:00:00+00:00,2025-12-25T14:00:00+00:00,2025-12-25T19:00:00+05:00,48,50.0,63cea71d9977240d5bae107b1a7b3035a972f6bbe8a6a96cc8694f31a73f68bc,0.38833333333333336,7.83,8.03,8.2,71.0,-1.8,950.1,-0.4999999999999997,-0.8660254037844388,-0.10730813165636247,0.9942258118156161
training,2025-12-24T18:00:00+00:00,2025-12-24T12:00:00+00:00,2025-12-25T15:00:00+00:00,2025-12-25T20:00:00+05:00,24,21.0,3d4289ad7b15c32a339c0570d92e0305fa5b35ada0a59600aceb4a82bf6d1097,0.6666666666666666,8.08,8.29,8.46,71.0,-1.8,949.7,-0.7071067811865471,-0.7071067811865479,-0.10730813165636247,0.9942258118156161
training,2025-12-23T18:00:00+00:00,2025-12-23T12:00:00+00:00,2025-12-25T15:00:00+00:00,2025-12-25T20:00:00+05:00,48,45.0,c905211f85144cd0875236ad85048725d5ba0bbf0bcf8f99a5e98b4d7497c700,0.6666666666666666,7.65,7.85,8.01,69.0,-1.9,949.4,-0.7071067811865471,-0.7071067811865479,-0.10730813165636247,0.9942258118156161
training,2025-12-24T18:00:00+00:00,2025-12-24T12:00:00+00:00,2025-12-25T16:00:00+00:00,2025-12-25T21:00:00+05:00,24,22.0,3d4289ad7b15c32a339c0570d92e0305fa5b35ada0a59600aceb4a82bf6d1097,0.7966666666666667,7.88,8.08,8.25,71.0,-1.8,949.5,-0.8660254037844385,-0.5000000000000004,-0.10730813165636247,0.9942258118156161
training,2025-12-23T18:00:00+00:00,2025-12-23T12:00:00+00:00,2025-12-25T16:00:00+00:00,2025-12-25T21:00:00+05:00,48,46.0,c905211f85144cd0875236ad85048725d5ba0bbf0bcf8f99a5e98b4d7497c700,0.7966666666666667,7.41,7.61,7.76,71.0,-2.1,949.1,-0.8660254037844385,-0.5000000000000004,-0.10730813165636247,0.9942258118156161
training,2025-12-24T18:00:00+00:00,2025-12-24T12:00:00+00:00,2025-12-25T17:00:00+00:00,2025-12-25T22:00:00+05:00,24,23.0,3d4289ad7b15c32a339c0570d92e0305fa5b35ada0a59600aceb4a82bf6d1097,0.43166666666666664,7.47,7.67,7.83,71.0,-2.2,949.0,-0.9659258262890683,-0.25881904510252063,-0.10730813165636247,0.9942258118156161
training,2025-12-23T18:00:00+00:00,2025-12-23T12:00:00+00:00,2025-12-25T17:00:00+00:00,2025-12-25T22:00:00+05:00,48,47.0,c905211f85144cd0875236ad85048725d5ba0bbf0bcf8f99a5e98b4d7497c700,0.43166666666666664,7.31,7.5,7.65,70.0,-2.2,948.7,-0.9659258262890683,-0.25881904510252063,-0.10730813165636247,0.9942258118156161
training,2025-12-24T18:00:00+00:00,2025-12-24T12:00:00+00:00,2025-12-25T18:00:00+00:00,2025-12-25T23:00:00+05:00,24,24.0,3d4289ad7b15c32a339c0570d92e0305fa5b35ada0a59600aceb4a82bf6d1097,0.215,7.1,7.29,7.44,71.0,-2.7,948.5,-1.0,-1.8369701987210297e-16,-0.10730813165636247,0.9942258118156161
training,2025-12-23T18:00:00+00:00,2025-12-23T12:00:00+00:00,2025-12-25T18:00:00+00:00,2025-12-25T23:00:00+05:00,48,48.0,c905211f85144cd0875236ad85048725d5ba0bbf0bcf8f99a5e98b4d7497c700,0.215,7.42,7.61,7.77,70.0,-2.4,948.5,-1.0,-1.8369701987210297e-16,-0.10730813165636247,0.9942258118156161
training,2025-12-24T18:00:00+00:00,2025-12-24T12:00:00+00:00,2025-12-25T19:00:00+00:00,2025-12-26T00:00:00+05:00,24,25.0,3d4289ad7b15c32a339c0570d92e0305fa5b35ada0a59600aceb4a82bf6d1097,0.295,7.03,7.21,7.36,72.0,-2.8,948.1,-0.9659258262890684,0.2588190451025203,-0.10730813165636247,0.9942258118156161
training,2025-12-23T18:00:00+00:00,2025-12-23T12:00:00+00:00,2025-12-25T19:00:00+00:00,2025-12-26T00:00:00+05:00,48,49.0,c905211f85144cd0875236ad85048725d5ba0bbf0bcf8f99a5e98b4d7497c700,0.295,7.17,7.36,7.51,70.0,-2.7,948.0,-0.9659258262890684,0.2588190451025203,-0.10730813165636247,0.9942258118156161
training,2025-12-24T18:00:00+00:00,2025-12-24T12:00:00+00:00,2025-12-25T20:00:00+00:00,2025-12-26T01:00:00+05:00,24,26.0,3d4289ad7b15c32a339c0570d92e0305fa5b35ada0a59600aceb4a82bf6d1097,0.465,7.21,7.4,7.55,71.0,-2.6,947.6,-0.8660254037844386,0.5000000000000001,-0.10730813165636247,0.9942258118156161
training,2025-12-23T18:00:00+00:00,2025-12-23T12:00:00+00:00,2025-12-25T20:00:00+00:00,2025-12-26T01:00:00+05:00,48,50.0,c905211f85144cd0875236ad85048725d5ba0bbf0bcf8f99a5e98b4d7497c700,0.465,6.41,6.57,6.71,68.0,-2.7,947.9,-0.8660254037844386,0.5000000000000001,-0.10730813165636247,0.9942258118156161
training,2025-12-25T00:00:00+00:00,2025-12-24T18:00:00+00:00,2025-12-25T21:00:00+00:00,2025-12-26T02:00:00+05:00,24,21.0,dcf5c7f89b9cb7b8d2243797890d4e41c700a5cacc108d17ce1a0403c80833e4,0.5316666666666666,6.7,6.87,7.01,69.0,-2.5,947.7,-0.7071067811865477,0.7071067811865474,-0.10730813165636247,0.9942258118156161
training,2025-12-24T00:00:00+00:00,2025-12-23T18:00:00+00:00,2025-12-25T21:00:00+00:00,2025-12-26T02:00:00+05:00,48,45.0,01bd26061dc9f080e6ae82ea199c597a48aeb828ae28273e06e164873890d3b6,0.5316666666666666,5.87,6.03,6.15,67.0,-2.8,948.1,-0.7071067811865477,0.7071067811865474,-0.10730813165636247,0.9942258118156161
training,2025-12-25T00:00:00+00:00,2025-12-24T18:00:00+00:00,2025-12-25T22:00:00+00:00,2025-12-26T03:00:00+05:00,24,22.0,dcf5c7f89b9cb7b8d2243797890d4e41c700a5cacc108d17ce1a0403c80833e4,0.25666666666666665,5.4,5.54,5.66,68.0,-3.3,947.6,-0.5000000000000004,0.8660254037844384,-0.10730813165636247,0.9942258118156161
training,2025-12-24T00:00:00+00:00,2025-12-23T18:00:00+00:00,2025-12-25T22:00:00+00:00,2025-12-26T03:00:00+05:00,48,46.0,01bd26061dc9f080e6ae82ea199c597a48aeb828ae28273e06e164873890d3b6,0.25666666666666665,3.82,3.92,4.0,67.0,-3.3,948.3,-0.5000000000000004,0.8660254037844384,-0.10730813165636247,0.9942258118156161
training,2025-12-25T00:00:00+00:00,2025-12-24T18:00:00+00:00,2025-12-25T23:00:00+00:00,2025-12-26T04:00:00+05:00,24,23.0,dcf5c7f89b9cb7b8d2243797890d4e41c700a5cacc108d17ce1a0403c80833e4,0.31833333333333336,3.3,3.39,3.46,68.0,-3.9,947.6,-0.25881904510252157,0.9659258262890681,-0.10730813165636247,0.9942258118156161
training,2025-12-24T00:00:00+00:00,2025-12-23T18:00:00+00:00,2025-12-25T23:00:00+00:00,2025-12-26T04:00:00+05:00,48,47.0,01bd26061dc9f080e6ae82ea199c597a48aeb828ae28273e06e164873890d3b6,0.31833333333333336,1.51,1.55,1.59,94.0,-3.6,948.5,-0.25881904510252157,0.9659258262890681,-0.10730813165636247,0.9942258118156161
training,2025-12-25T00:00:00+00:00,2025-12-24T18:00:00+00:00,2025-12-26T00:00:00+00:00,2025-12-26T05:00:00+05:00,24,24.0,dcf5c7f89b9cb7b8d2243797890d4e41c700a5cacc108d17ce1a0403c80833e4,0.20333333333333334,1.45,1.49,1.52,70.0,-4.0,948.1,0.0,1.0,-0.09019000427034513,0.9959245770286599
training,2025-12-24T00:00:00+00:00,2025-12-23T18:00:00+00:00,2025-12-26T00:00:00+00:00,2025-12-26T05:00:00+05:00,48,48.0,01bd26061dc9f080e6ae82ea199c597a48aeb828ae28273e06e164873890d3b6,0.20333333333333334,1.33,1.36,1.39,98.0,-4.0,948.6,0.0,1.0,-0.09019000427034513,0.9959245770286599
training,2025-12-25T00:00:00+00:00,2025-12-24T18:00:00+00:00,2025-12-26T01:00:00+00:00,2025-12-26T06:00:00+05:00,24,25.0,dcf5c7f89b9cb7b8d2243797890d4e41c700a5cacc108d17ce1a0403c80833e4,0.09666666666666668,1.93,1.98,2.02,111.0,-3.7,948.6,0.25881904510252074,0.9659258262890683,-0.09019000427034513,0.9959245770286599
training,2025-12-24T00:00:00+00:00,2025-12-23T18:00:00+00:00,2025-12-26T01:00:00+00:00,2025-12-26T06:00:00+05:00,48,49.0,01bd26061dc9f080e6ae82ea199c597a48aeb828ae28273e06e164873890d3b6,0.09666666666666668,1.53,1.57,1.6,127.0,-3.5,949.1,0.25881904510252074,0.9659258262890683,-0.09019000427034513,0.9959245770286599
training,2025-12-25T00:00:00+00:00,2025-12-24T18:00:00+00:00,2025-12-26T02:00:00+00:00,2025-12-26T07:00:00+05:00,24,26.0,dcf5c7f89b9cb7b8d2243797890d4e41c700a5cacc108d17ce1a0403c80833e4,0.04,1.81,1.86,1.89,166.0,-2.8,949.0,0.49999999999999994,0.8660254037844387,-0.09019000427034513,0.9959245770286599
training,2025-12-24T00:00:00+00:00,2025-12-23T18:00:00+00:00,2025-12-26T02:00:00+00:00,2025-12-26T07:00:00+05:00,48,50.0,01bd26061dc9f080e6ae82ea199c597a48aeb828ae28273e06e164873890d3b6,0.04,2.05,2.1,2.14,218.0,-1.9,950.1,0.49999999999999994,0.8660254037844387,-0.09019000427034513,0.9959245770286599
training,2025-12-25T06:00:00+00:00,2025-12-25T00:00:00+00:00,2025-12-26T03:00:00+00:00,2025-12-26T08:00:00+05:00,24,21.0,905a851861b2b2da12ea839454000cbd466f99e59bb37c3567e99db48b989cdd,0.021666666666666667,3.24,3.32,3.39,225.0,-1.8,949.7,0.7071067811865476,0.7071067811865476,-0.09019000427034513,0.9959245770286599
training,2025-12-24T06:00:00+00:00,2025-12-24T00:00:00+00:00,2025-12-26T03:00:00+00:00,2025-12-26T08:00:00+05:00,48,45.0,ebd38870dc8369bd809c923cc495bfbf823715b23caf130616bc7c24c420dec7,0.021666666666666667,4.34,4.45,4.54,243.0,-1.3,951.4,0.7071067811865476,0.7071067811865476,-0.09019000427034513,0.9959245770286599
training,2025-12-25T06:00:00+00:00,2025-12-25T00:00:00+00:00,2025-12-26T04:00:00+00:00,2025-12-26T09:00:00+05:00,24,22.0,905a851861b2b2da12ea839454000cbd466f99e59bb37c3567e99db48b989cdd,0.008333333333333333,5.89,6.04,6.17,231.0,1.8,951.5,0.8660254037844386,0.5000000000000001,-0.09019000427034513,0.9959245770286599
training,2025-12-24T06:00:00+00:00,2025-12-24T00:00:00+00:00,2025-12-26T04:00:00+00:00,2025-12-26T09:00:00+05:00,48,46.0,ebd38870dc8369bd809c923cc495bfbf823715b23caf130616bc7c24c420dec7,0.008333333333333333,4.65,4.77,4.87,235.0,0.7,952.8,0.8660254037844386,0.5000000000000001,-0.09019000427034513,0.9959245770286599
training,2025-12-25T06:00:00+00:00,2025-12-25T00:00:00+00:00,2025-12-26T05:00:00+00:00,2025-12-26T10:00:00+05:00,24,23.0,905a851861b2b2da12ea839454000cbd466f99e59bb37c3567e99db48b989cdd,0.01,6.08,6.24,6.37,254.0,3.8,953.0,0.9659258262890683,0.25881904510252074,-0.09019000427034513,0.9959245770286599
training,2025-12-24T06:00:00+00:00,2025-12-24T00:00:00+00:00,2025-12-26T05:00:00+00:00,2025-12-26T10:00:00+05:00,48,47.0,ebd38870dc8369bd809c923cc495bfbf823715b23caf130616bc7c24c420dec7,0.01,4.51,4.63,4.73,225.0,2.9,953.6,0.9659258262890683,0.25881904510252074,-0.09019000427034513,0.9959245770286599
training,2025-12-25T06:00:00+00:00,2025-12-25T00:00:00+00:00,2025-12-26T06:00:00+00:00,2025-12-26T11:00:00+05:00,24,24.0,905a851861b2b2da12ea839454000cbd466f99e59bb37c3567e99db48b989cdd,0.01,5.09,5.23,5.34,255.0,4.0,953.7,1.0,6.123233995736766e-17,-0.09019000427034513,0.9959245770286599
training,2025-12-24T06:00:00+00:00,2025-12-24T00:00:00+00:00,2025-12-26T06:00:00+00:00,2025-12-26T11:00:00+05:00,48,48.0,ebd38870dc8369bd809c923cc495bfbf823715b23caf130616bc7c24c420dec7,0.01,3.98,4.08,4.17,230.0,4.9,953.8,1.0,6.123233995736766e-17,-0.09019000427034513,0.9959245770286599
training,2025-12-25T06:00:00+00:00,2025-12-25T00:00:00+00:00,2025-12-26T07:00:00+00:00,2025-12-26T12:00:00+05:00,24,25.0,905a851861b2b2da12ea839454000cbd466f99e59bb37c3567e99db48b989cdd,0.01,4.27,4.39,4.48,241.0,5.3,953.7,0.9659258262890683,-0.25881904510252063,-0.09019000427034513,0.9959245770286599
training,2025-12-24T06:00:00+00:00,2025-12-24T00:00:00+00:00,2025-12-26T07:00:00+00:00,2025-12-26T12:00:00+05:00,48,49.0,ebd38870dc8369bd809c923cc495bfbf823715b23caf130616bc7c24c420dec7,0.01,4.51,4.63,4.72,244.0,6.0,953.6,0.9659258262890683,-0.25881904510252063,-0.09019000427034513,0.9959245770286599
training,2025-12-25T06:00:00+00:00,2025-12-25T00:00:00+00:00,2025-12-26T08:00:00+00:00,2025-12-26T13:00:00+05:00,24,26.0,905a851861b2b2da12ea839454000cbd466f99e59bb37c3567e99db48b989cdd,0.235,4.57,4.69,4.79,256.0,6.0,953.9,0.8660254037844387,-0.4999999999999998,-0.09019000427034513,0.9959245770286599
training,2025-12-24T06:00:00+00:00,2025-12-24T00:00:00+00:00,2025-12-26T08:00:00+00:00,2025-12-26T13:00:00+05:00,48,50.0,ebd38870dc8369bd809c923cc495bfbf823715b23caf130616bc7c24c420dec7,0.235,4.31,4.43,4.52,238.0,6.5,953.7,0.8660254037844387,-0.4999999999999998,-0.09019000427034513,0.9959245770286599
training,2025-12-25T12:00:00+00:00,2025-12-25T06:00:00+00:00,2025-12-26T09:00:00+00:00,2025-12-26T14:00:00+05:00,24,21.0,7533dd053dc0d3c4e0a92d49e38e6b0798f8d92db7dd07746e35bf87939ec334,0.7566666666666667,7.43,7.62,7.78,262.0,6.2,954.2,0.7071067811865476,-0.7071067811865475,-0.09019000427034513,0.9959245770286599
training,2025-12-24T12:00:00+00:00,2025-12-24T06:00:00+00:00,2025-12-26T09:00:00+00:00,2025-12-26T14:00:00+05:00,48,45.0,2d0621738aa8db8618a70215b3e16f8f4d1ef32f2a2f82ce8890e4a9bef5689c,0.7566666666666667,6.46,6.63,6.76,265.0,6.2,954.2,0.7071067811865476,-0.7071067811865475,-0.09019000427034513,0.9959245770286599
training,2025-12-25T12:00:00+00:00,2025-12-25T06:00:00+00:00,2025-12-26T10:00:00+00:00,2025-12-26T15:00:00+05:00,24,22.0,7533dd053dc0d3c4e0a92d49e38e6b0798f8d92db7dd07746e35bf87939ec334,0.01,7.67,7.87,8.03,262.0,4.3,955.5,0.49999999999999994,-0.8660254037844387,-0.09019000427034513,0.9959245770286599
training,2025-12-24T12:00:00+00:00,2025-12-24T06:00:00+00:00,2025-12-26T10:00:00+00:00,2025-12-26T15:00:00+05:00,48,46.0,2d0621738aa8db8618a70215b3e16f8f4d1ef32f2a2f82ce8890e4a9bef5689c,0.01,7.67,7.87,8.03,256.0,4.4,955.3,0.49999999999999994,-0.8660254037844387,-0.09019000427034513,0.9959245770286599
training,2025-12-25T12:00:00+00:00,2025-12-25T06:00:00+00:00,2025-12-26T11:00:00+00:00,2025-12-26T16:00:00+05:00,24,23.0,7533dd053dc0d3c4e0a92d49e38e6b0798f8d92db7dd07746e35bf87939ec334,0.01,8.03,8.24,8.41,260.0,3.2,956.7,0.258819045102521,-0.9659258262890682,-0.09019000427034513,0.9959245770286599
training,2025-12-24T12:00:00+00:00,2025-12-24T06:00:00+00:00,2025-12-26T11:00:00+00:00,2025-12-26T16:00:00+05:00,48,47.0,2d0621738aa8db8618a70215b3e16f8f4d1ef32f2a2f82ce8890e4a9bef5689c,0.01,7.03,7.21,7.36,252.0,3.3,956.1,0.258819045102521,-0.9659258262890682,-0.09019000427034513,0.9959245770286599
training,2025-12-25T12:00:00+00:00,2025-12-25T06:00:00+00:00,2025-12-26T12:00:00+00:00,2025-12-26T17:00:00+05:00,24,24.0,7533dd053dc0d3c4e0a92d49e38e6b0798f8d92db7dd07746e35bf87939ec334,0.9333333333333332,7.65,7.85,8.01,257.0,2.4,957.8,1.2246467991473532e-16,-1.0,-0.09019000427034513,0.9959245770286599
training,2025-12-24T12:00:00+00:00,2025-12-24T06:00:00+00:00,2025-12-26T12:00:00+00:00,2025-12-26T17:00:00+05:00,48,48.0,2d0621738aa8db8618a70215b3e16f8f4d1ef32f2a2f82ce8890e4a9bef5689c,0.9333333333333332,6.63,6.8,6.94,256.0,3.1,957.0,1.2246467991473532e-16,-1.0,-0.09019000427034513,0.9959245770286599
training,2025-12-25T12:00:00+00:00,2025-12-25T06:00:00+00:00,2025-12-26T13:00:00+00:00,2025-12-26T18:00:00+05:00,24,25.0,7533dd053dc0d3c4e0a92d49e38e6b0798f8d92db7dd07746e35bf87939ec334,0.9583333333333334,7.19,7.37,7.53,256.0,1.4,959.2,-0.2588190451025208,-0.9659258262890683,-0.09019000427034513,0.9959245770286599
training,2025-12-24T12:00:00+00:00,2025-12-24T06:00:00+00:00,2025-12-26T13:00:00+00:00,2025-12-26T18:00:00+05:00,48,49.0,2d0621738aa8db8618a70215b3e16f8f4d1ef32f2a2f82ce8890e4a9bef5689c,0.9583333333333334,6.77,6.95,7.09,263.0,2.6,958.3,-0.2588190451025208,-0.9659258262890683,-0.09019000427034513,0.9959245770286599
training,2025-12-25T12:00:00+00:00,2025-12-25T06:00:00+00:00,2025-12-26T14:00:00+00:00,2025-12-26T19:00:00+05:00,24,26.0,7533dd053dc0d3c4e0a92d49e38e6b0798f8d92db7dd07746e35bf87939ec334,0.7066666666666667,7.8,8.0,8.17,271.0,0.9,960.1,-0.4999999999999997,-0.8660254037844388,-0.09019000427034513,0.9959245770286599
training,2025-12-24T12:00:00+00:00,2025-12-24T06:00:00+00:00,2025-12-26T14:00:00+00:00,2025-12-26T19:00:00+05:00,48,50.0,2d0621738aa8db8618a70215b3e16f8f4d1ef32f2a2f82ce8890e4a9bef5689c,0.7066666666666667,6.98,7.16,7.31,262.0,1.9,959.5,-0.4999999999999997,-0.8660254037844388,-0.09019000427034513,0.9959245770286599
training,2025-12-25T18:00:00+00:00,2025-12-25T12:00:00+00:00,2025-12-26T15:00:00+00:00,2025-12-26T20:00:00+05:00,24,21.0,4ab761b5ab63d110b7c3276a586f1f956dc74473c3706aadb3dba1596bb9e26a,0.7916666666666666,6.86,7.04,7.18,251.0,0.5,960.6,-0.7071067811865471,-0.7071067811865479,-0.09019000427034513,0.9959245770286599
training,2025-12-24T18:00:00+00:00,2025-12-24T12:00:00+00:00,2025-12-26T15:00:00+00:00,2025-12-26T20:00:00+05:00,48,45.0,3d4289ad7b15c32a339c0570d92e0305fa5b35ada0a59600aceb4a82bf6d1097,0.7916666666666666,5.59,5.74,5.86,263.0,0.3,960.8,-0.7071067811865471,-0.7071067811865479,-0.09019000427034513,0.9959245770286599
training,2025-12-25T18:00:00+00:00,2025-12-25T12:00:00+00:00,2025-12-26T16:00:00+00:00,2025-12-26T21:00:00+05:00,24,22.0,4ab761b5ab63d110b7c3276a586f1f956dc74473c3706aadb3dba1596bb9e26a,0.39166666666666666,3.56,3.65,3.73,268.0,0.2,960.9,-0.8660254037844385,-0.5000000000000004,-0.09019000427034513,0.9959245770286599
training,2025-12-24T18:00:00+00:00,2025-12-24T12:00:00+00:00,2025-12-26T16:00:00+00:00,2025-12-26T21:00:00+05:00,48,46.0,3d4289ad7b15c32a339c0570d92e0305fa5b35ada0a59600aceb4a82bf6d1097,0.39166666666666666,4.73,4.85,4.95,262.0,-0.1,961.2,-0.8660254037844385,-0.5000000000000004,-0.09019000427034513,0.9959245770286599
training,2025-12-25T18:00:00+00:00,2025-12-25T12:00:00+00:00,2025-12-26T17:00:00+00:00,2025-12-26T22:00:00+05:00,24,23.0,4ab761b5ab63d110b7c3276a586f1f956dc74473c3706aadb3dba1596bb9e26a,0.32666666666666666,3.32,3.41,3.48,266.0,-1.4,960.9,-0.9659258262890683,-0.25881904510252063,-0.09019000427034513,0.9959245770286599
training,2025-12-24T18:00:00+00:00,2025-12-24T12:00:00+00:00,2025-12-26T17:00:00+00:00,2025-12-26T22:00:00+05:00,48,47.0,3d4289ad7b15c32a339c0570d92e0305fa5b35ada0a59600aceb4a82bf6d1097,0.32666666666666666,4.59,4.71,4.8,258.0,-0.4,961.4,-0.9659258262890683,-0.25881904510252063,-0.09019000427034513,0.9959245770286599
training,2025-12-25T18:00:00+00:00,2025-12-25T12:00:00+00:00,2025-12-26T18:00:00+00:00,2025-12-26T23:00:00+05:00,24,24.0,4ab761b5ab63d110b7c3276a586f1f956dc74473c3706aadb3dba1596bb9e26a,0.215,3.38,3.46,3.53,252.0,-0.7,961.1,-1.0,-1.8369701987210297e-16,-0.09019000427034513,0.9959245770286599
training,2025-12-24T18:00:00+00:00,2025-12-24T12:00:00+00:00,2025-12-26T18:00:00+00:00,2025-12-26T23:00:00+05:00,48,48.0,3d4289ad7b15c32a339c0570d92e0305fa5b35ada0a59600aceb4a82bf6d1097,0.215,5.0,5.13,5.24,232.0,-0.4,961.5,-1.0,-1.8369701987210297e-16,-0.09019000427034513,0.9959245770286599
training,2025-12-25T18:00:00+00:00,2025-12-25T12:00:00+00:00,2025-12-26T19:00:00+00:00,2025-12-27T00:00:00+05:00,24,25.0,4ab761b5ab63d110b7c3276a586f1f956dc74473c3706aadb3dba1596bb9e26a,0.25166666666666665,3.57,3.66,3.74,238.0,-0.8,960.9,-0.9659258262890684,0.2588190451025203,-0.09019000427034513,0.9959245770286599
training,2025-12-24T18:00:00+00:00,2025-12-24T12:00:00+00:00,2025-12-26T19:00:00+00:00,2025-12-27T00:00:00+05:00,48,49.0,3d4289ad7b15c32a339c0570d92e0305fa5b35ada0a59600aceb4a82bf6d1097,0.25166666666666665,4.41,4.52,4.61,232.0,-0.2,961.3,-0.9659258262890684,0.2588190451025203,-0.09019000427034513,0.9959245770286599
training,2025-12-25T18:00:00+00:00,2025-12-25T12:00:00+00:00,2025-12-26T20:00:00+00:00,2025-12-27T01:00:00+05:00,24,26.0,4ab761b5ab63d110b7c3276a586f1f956dc74473c3706aadb3dba1596bb9e26a,0.16666666666666666,3.89,3.99,4.08,236.0,-0.8,960.5,-0.8660254037844386,0.5000000000000001,-0.09019000427034513,0.9959245770286599
training,2025-12-24T18:00:00+00:00,2025-12-24T12:00:00+00:00,2025-12-26T20:00:00+00:00,2025-12-27T01:00:00+05:00,48,50.0,3d4289ad7b15c32a339c0570d92e0305fa5b35ada0a59600aceb4a82bf6d1097,0.16666666666666666,3.11,3.19,3.26,229.0,-0.3,960.8,-0.8660254037844386,0.5000000000000001,-0.09019000427034513,0.9959245770286599
training,2025-12-26T00:00:00+00:00,2025-12-25T18:00:00+00:00,2025-12-26T21:00:00+00:00,2025-12-27T02:00:00+05:00,24,21.0,538979141d74ae63f80f68efca04e45ce0dd5a37c11fc3fb59b95a9a7fcadb1a,0.19833333333333333,2.56,2.63,2.69,261.0,-1.2,959.7,-0.7071067811865477,0.7071067811865474,-0.09019000427034513,0.9959245770286599
training,2025-12-25T00:00:00+00:00,2025-12-24T18:00:00+00:00,2025-12-26T21:00:00+00:00,2025-12-27T02:00:00+05:00,48,45.0,dcf5c7f89b9cb7b8d2243797890d4e41c700a5cacc108d17ce1a0403c80833e4,0.19833333333333333,2.27,2.32,2.37,199.0,-1.0,960.6,-0.7071067811865477,0.7071067811865474,-0.09019000427034513,0.9959245770286599
training,2025-12-26T00:00:00+00:00,2025-12-25T18:00:00+00:00,2025-12-26T22:00:00+00:00,2025-12-27T03:00:00+05:00,24,22.0,538979141d74ae63f80f68efca04e45ce0dd5a37c11fc3fb59b95a9a7fcadb1a,0.125,1.86,1.91,1.95,275.0,-1.2,959.3,-0.5000000000000004,0.8660254037844384,-0.09019000427034513,0.9959245770286599
training,2025-12-25T00:00:00+00:00,2025-12-24T18:00:00+00:00,2025-12-26T22:00:00+00:00,2025-12-27T03:00:00+05:00,48,46.0,dcf5c7f89b9cb7b8d2243797890d4e41c700a5cacc108d17ce1a0403c80833e4,0.125,2.14,2.2,2.25,181.0,-1.1,960.0,-0.5000000000000004,0.8660254037844384,-0.09019000427034513,0.9959245770286599
training,2025-12-26T00:00:00+00:00,2025-12-25T18:00:00+00:00,2025-12-26T23:00:00+00:00,2025-12-27T04:00:00+05:00,24,23.0,538979141d74ae63f80f68efca04e45ce0dd5a37c11fc3fb59b95a9a7fcadb1a,0.013333333333333334,1.17,1.2,1.23,315.0,-1.6,958.6,-0.25881904510252157,0.9659258262890681,-0.09019000427034513,0.9959245770286599
training,2025-12-25T00:00:00+00:00,2025-12-24T18:00:00+00:00,2025-12-26T23:00:00+00:00,2025-12-27T04:00:00+05:00,48,47.0,dcf5c7f89b9cb7b8d2243797890d4e41c700a5cacc108d17ce1a0403c80833e4,0.013333333333333334,1.08,1.11,1.13,162.0,-1.4,959.3,-0.25881904510252157,0.9659258262890681,-0.09019000427034513,0.9959245770286599
training,2025-12-26T00:00:00+00:00,2025-12-25T18:00:00+00:00,2025-12-27T00:00:00+00:00,2025-12-27T05:00:00+05:00,24,24.0,538979141d74ae63f80f68efca04e45ce0dd5a37c11fc3fb59b95a9a7fcadb1a,0.03833333333333334,1.68,1.72,1.76,17.0,-1.7,958.3,0.0,1.0,-0.07304518821104743,0.9973286321364752
training,2025-12-25T00:00:00+00:00,2025-12-24T18:00:00+00:00,2025-12-27T00:00:00+00:00,2025-12-27T05:00:00+05:00,48,48.0,dcf5c7f89b9cb7b8d2243797890d4e41c700a5cacc108d17ce1a0403c80833e4,0.03833333333333334,1.26,1.29,1.32,54.0,-2.1,958.9,0.0,1.0,-0.07304518821104743,0.9973286321364752
training,2025-12-26T00:00:00+00:00,2025-12-25T18:00:00+00:00,2025-12-27T01:00:00+00:00,2025-12-27T06:00:00+05:00,24,25.0,538979141d74ae63f80f68efca04e45ce0dd5a37c11fc3fb59b95a9a7fcadb1a,0.12333333333333334,3.9,4.0,4.08,53.0,-2.3,958.0,0.25881904510252074,0.9659258262890683,-0.07304518821104743,0.9973286321364752
training,2025-12-25T00:00:00+00:00,2025-12-24T18:00:00+00:00,2025-12-27T01:00:00+00:00,2025-12-27T06:00:00+05:00,48,49.0,dcf5c7f89b9cb7b8d2243797890d4e41c700a5cacc108d17ce1a0403c80833e4,0.12333333333333334,3.94,4.04,4.12,68.0,-2.9,958.9,0.25881904510252074,0.9659258262890683,-0.07304518821104743,0.9973286321364752
training,2025-12-26T00:00:00+00:00,2025-12-25T18:00:00+00:00,2025-12-27T02:00:00+00:00,2025-12-27T07:00:00+05:00,24,26.0,538979141d74ae63f80f68efca04e45ce0dd5a37c11fc3fb59b95a9a7fcadb1a,0.215,5.8,5.95,6.07,64.0,-2.7,957.7,0.49999999999999994,0.8660254037844387,-0.07304518821104743,0.9973286321364752
training,2025-12-25T00:00:00+00:00,2025-12-24T18:00:00+00:00,2025-12-27T02:00:00+00:00,2025-12-27T07:00:00+05:00,48,50.0,dcf5c7f89b9cb7b8d2243797890d4e41c700a5cacc108d17ce1a0403c80833e4,0.215,5.66,5.8,5.92,67.0,-3.3,958.6,0.49999999999999994,0.8660254037844387,-0.07304518821104743,0.9973286321364752
training,2025-12-26T06:00:00+00:00,2025-12-26T00:00:00+00:00,2025-12-27T03:00:00+00:00,2025-12-27T08:00:00+05:00,24,21.0,c65dbe688bc6875e7706733005003c1bf6e2128374ac1c084d0fa9a0d72e11b9,0.19833333333333333,6.7,6.87,7.01,69.0,-1.9,957.6,0.7071067811865476,0.7071067811865476,-0.07304518821104743,0.9973286321364752
training,2025-12-25T06:00:00+00:00,2025-12-25T00:00:00+00:00,2025-12-27T03:00:00+00:00,2025-12-27T08:00:00+05:00,48,45.0,905a851861b2b2da12ea839454000cbd466f99e59bb37c3567e99db48b989cdd,0.19833333333333333,6.48,6.65,6.79,69.0,-2.9,958.4,0.7071067811865476,0.7071067811865476,-0.07304518821104743,0.9973286321364752
training,2025-12-26T06:00:00+00:00,2025-12-26T00:00:00+00:00,2025-12-27T04:00:00+00:00,2025-12-27T09:00:00+05:00,24,22.0,c65dbe688bc6875e7706733005003c1bf6e2128374ac1c084d0fa9a0d72e11b9,0.25666666666666665,8.39,8.61,8.79,63.0,-0.3,957.8,0.8660254037844386,0.5000000000000001,-0.07304518821104743,0.9973286321364752
training,2025-12-25T06:00:00+00:00,2025-12-25T00:00:00+00:00,2025-12-27T04:00:00+00:00,2025-12-27T09:00:00+05:00,48,46.0,905a851861b2b2da12ea839454000cbd466f99e59bb37c3567e99db48b989cdd,0.25666666666666665,8.16,8.37,8.54,65.0,-1.2,958.3,0.8660254037844386,0.5000000000000001,-0.07304518821104743,0.9973286321364752
training,2025-12-26T06:00:00+00:00,2025-12-26T00:00:00+00:00,2025-12-27T05:00:00+00:00,2025-12-27T10:00:00+05:00,24,23.0,c65dbe688bc6875e7706733005003c1bf6e2128374ac1c084d0fa9a0d72e11b9,0.61,8.17,8.38,8.55,60.0,1.1,957.8,0.9659258262890683,0.25881904510252074,-0.07304518821104743,0.9973286321364752
training,2025-12-25T06:00:00+00:00,2025-12-25T00:00:00+00:00,2025-12-27T05:00:00+00:00,2025-12-27T10:00:00+05:00,48,47.0,905a851861b2b2da12ea839454000cbd466f99e59bb37c3567e99db48b989cdd,0.61,8.55,8.78,8.96,61.0,1.0,958.2,0.9659258262890683,0.25881904510252074,-0.07304518821104743,0.9973286321364752
training,2025-12-26T06:00:00+00:00,2025-12-26T00:00:00+00:00,2025-12-27T06:00:00+00:00,2025-12-27T11:00:00+05:00,24,24.0,c65dbe688bc6875e7706733005003c1bf6e2128374ac1c084d0fa9a0d72e11b9,0.96,8.84,9.07,9.25,61.0,2.1,957.2,1.0,6.123233995736766e-17,-0.07304518821104743,0.9973286321364752
training,2025-12-25T06:00:00+00:00,2025-12-25T00:00:00+00:00,2025-12-27T06:00:00+00:00,2025-12-27T11:00:00+05:00,48,48.0,905a851861b2b2da12ea839454000cbd466f99e59bb37c3567e99db48b989cdd,0.96,8.97,9.2,9.39,61.0,2.0,957.6,1.0,6.123233995736766e-17,-0.07304518821104743,0.9973286321364752
training,2025-12-26T06:00:00+00:00,2025-12-26T00:00:00+00:00,2025-12-27T07:00:00+00:00,2025-12-27T12:00:00+05:00,24,25.0,c65dbe688bc6875e7706733005003c1bf6e2128374ac1c084d0fa9a0d72e11b9,0.945,8.98,9.21,9.4,63.0,3.0,956.1,0.9659258262890683,-0.25881904510252063,-0.07304518821104743,0.9973286321364752
training,2025-12-25T06:00:00+00:00,2025-12-25T00:00:00+00:00,2025-12-27T07:00:00+00:00,2025-12-27T12:00:00+05:00,48,49.0,905a851861b2b2da12ea839454000cbd466f99e59bb37c3567e99db48b989cdd,0.945,8.92,9.15,9.34,65.0,2.9,956.5,0.9659258262890683,-0.25881904510252063,-0.07304518821104743,0.9973286321364752
training,2025-12-26T06:00:00+00:00,2025-12-26T00:00:00+00:00,2025-12-27T08:00:00+00:00,2025-12-27T13:00:00+05:00,24,26.0,c65dbe688bc6875e7706733005003c1bf6e2128374ac1c084d0fa9a0d72e11b9,0.895,8.26,8.48,8.65,68.0,3.5,955.4,0.8660254037844387,-0.4999999999999998,-0.07304518821104743,0.9973286321364752
training,2025-12-25T06:00:00+00:00,2025-12-25T00:00:00+00:00,2025-12-27T08:00:00+00:00,2025-12-27T13:00:00+05:00,48,50.0,905a851861b2b2da12ea839454000cbd466f99e59bb37c3567e99db48b989cdd,0.895,8.39,8.61,8.79,69.0,3.3,955.9,0.8660254037844387,-0.4999999999999998,-0.07304518821104743,0.9973286321364752
training,2025-12-26T12:00:00+00:00,2025-12-26T06:00:00+00:00,2025-12-27T09:00:00+00:00,2025-12-27T14:00:00+05:00,24,21.0,ce6d101507f2aab69bb5ec02194328c504cc7bfcfd445c94bbb5a20aea816f59,0.89,7.96,8.16,8.33,70.0,3.3,955.0,0.7071067811865476,-0.7071067811865475,-0.07304518821104743,0.9973286321364752
training,2025-12-25T12:00:00+00:00,2025-12-25T06:00:00+00:00,2025-12-27T09:00:00+00:00,2025-12-27T14:00:00+05:00,48,45.0,7533dd053dc0d3c4e0a92d49e38e6b0798f8d92db7dd07746e35bf87939ec334,0.89,7.96,8.16,8.33,70.0,3.3,955.5,0.7071067811865476,-0.7071067811865475,-0.07304518821104743,0.9973286321364752
training,2025-12-26T12:00:00+00:00,2025-12-26T06:00:00+00:00,2025-12-27T10:00:00+00:00,2025-12-27T15:00:00+05:00,24,22.0,ce6d101507f2aab69bb5ec02194328c504cc7bfcfd445c94bbb5a20aea816f59,0.8983333333333333,7.43,7.62,7.78,72.0,2.7,955.0,0.49999999999999994,-0.8660254037844387,-0.07304518821104743,0.9973286321364752
training,2025-12-25T12:00:00+00:00,2025-12-25T06:00:00+00:00,2025-12-27T10:00:00+00:00,2025-12-27T15:00:00+05:00,48,46.0,7533dd053dc0d3c4e0a92d49e38e6b0798f8d92db7dd07746e35bf87939ec334,0.8983333333333333,7.54,7.73,7.89,72.0,2.5,955.1,0.49999999999999994,-0.8660254037844387,-0.07304518821104743,0.9973286321364752
training,2025-12-26T12:00:00+00:00,2025-12-26T06:00:00+00:00,2025-12-27T11:00:00+00:00,2025-12-27T16:00:00+05:00,24,23.0,ce6d101507f2aab69bb5ec02194328c504cc7bfcfd445c94bbb5a20aea816f59,0.8966666666666666,6.35,6.51,6.65,72.0,0.7,954.7,0.258819045102521,-0.9659258262890682,-0.07304518821104743,0.9973286321364752
training,2025-12-25T12:00:00+00:00,2025-12-25T06:00:00+00:00,2025-12-27T11:00:00+00:00,2025-12-27T16:00:00+05:00,48,47.0,7533dd053dc0d3c4e0a92d49e38e6b0798f8d92db7dd07746e35bf87939ec334,0.8966666666666666,6.9,7.08,7.23,72.0,0.3,954.7,0.258819045102521,-0.9659258262890682,-0.07304518821104743,0.9973286321364752
training,2025-12-26T12:00:00+00:00,2025-12-26T06:00:00+00:00,2025-12-27T12:00:00+00:00,2025-12-27T17:00:00+05:00,24,24.0,ce6d101507f2aab69bb5ec02194328c504cc7bfcfd445c94bbb5a20aea816f59,0.9550000000000001,5.31,5.45,5.56,75.0,-0.9,954.4,1.2246467991473532e-16,-1.0,-0.07304518821104743,0.9973286321364752
training,2025-12-25T12:00:00+00:00,2025-12-25T06:00:00+00:00,2025-12-27T12:00:00+00:00,2025-12-27T17:00:00+05:00,48,48.0,7533dd053dc0d3c4e0a92d49e38e6b0798f8d92db7dd07746e35bf87939ec334,0.9550000000000001,5.85,6.0,6.13,75.0,-1.4,954.5,1.2246467991473532e-16,-1.0,-0.07304518821104743,0.9973286321364752
training,2025-12-26T12:00:00+00:00,2025-12-26T06:00:00+00:00,2025-12-27T13:00:00+00:00,2025-12-27T18:00:00+05:00,24,25.0,ce6d101507f2aab69bb5ec02194328c504cc7bfcfd445c94bbb5a20aea816f59,0.8733333333333334,4.1,4.21,4.29,87.0,-2.0,954.1,-0.2588190451025208,-0.9659258262890683,-0.07304518821104743,0.9973286321364752
training,2025-12-25T12:00:00+00:00,2025-12-25T06:00:00+00:00,2025-12-27T13:00:00+00:00,2025-12-27T18:00:00+05:00,48,49.0,7533dd053dc0d3c4e0a92d49e38e6b0798f8d92db7dd07746e35bf87939ec334,0.8733333333333334,4.68,4.8,4.9,89.0,-2.4,954.4,-0.2588190451025208,-0.9659258262890683,-0.07304518821104743,0.9973286321364752
training,2025-12-26T12:00:00+00:00,2025-12-26T06:00:00+00:00,2025-12-27T14:00:00+00:00,2025-12-27T19:00:00+05:00,24,26.0,ce6d101507f2aab69bb5ec02194328c504cc7bfcfd445c94bbb5a20aea816f59,0.6816666666666666,3.42,3.51,3.58,94.0,-2.5,954.1,-0.4999999999999997,-0.8660254037844388,-0.07304518821104743,0.9973286321364752
training,2025-12-25T12:00:00+00:00,2025-12-25T06:00:00+00:00,2025-12-27T14:00:00+00:00,2025-12-27T19:00:00+05:00,48,50.0,7533dd053dc0d3c4e0a92d49e38e6b0798f8d92db7dd07746e35bf87939ec334,0.6816666666666666,4.05,4.15,4.24,91.0,-2.9,954.2,-0.4999999999999997,-0.8660254037844388,-0.07304518821104743,0.9973286321364752
training,2025-12-26T18:00:00+00:00,2025-12-26T12:00:00+00:00,2025-12-27T15:00:00+00:00,2025-12-27T20:00:00+05:00,24,21.0,276297b18c08282b4c865641c8dded84db60d5ec0779bcd0069fb154e8538a62,0.29333333333333333,3.34,3.42,3.49,78.0,-3.0,953.6,-0.7071067811865471,-0.7071067811865479,-0.07304518821104743,0.9973286321364752
training,2025-12-25T18:00:00+00:00,2025-12-25T12:00:00+00:00,2025-12-27T15:00:00+00:00,2025-12-27T20:00:00+05:00,48,45.0,4ab761b5ab63d110b7c3276a586f1f956dc74473c3706aadb3dba1596bb9e26a,0.29333333333333333,4.32,4.43,4.52,84.0,-3.1,953.2,-0.7071067811865471,-0.7071067811865479,-0.07304518821104743,0.9973286321364752
training,2025-12-26T18:00:00+00:00,2025-12-26T12:00:00+00:00,2025-12-27T16:00:00+00:00,2025-12-27T21:00:00+05:00,24,22.0,276297b18c08282b4c865641c8dded84db60d5ec0779bcd0069fb154e8538a62,0.11833333333333333,3.72,3.81,3.89,73.0,-3.0,953.5,-0.8660254037844385,-0.5000000000000004,-0.07304518821104743,0.9973286321364752
training,2025-12-25T18:00:00+00:00,2025-12-25T12:00:00+00:00,2025-12-27T16:00:00+00:00,2025-12-27T21:00:00+05:00,48,46.0,4ab761b5ab63d110b7c3276a586f1f956dc74473c3706aadb3dba1596bb9e26a,0.11833333333333333,4.76,4.89,4.99,76.0,-3.0,953.0,-0.8660254037844385,-0.5000000000000004,-0.07304518821104743,0.9973286321364752
training,2025-12-26T18:00:00+00:00,2025-12-26T12:00:00+00:00,2025-12-27T17:00:00+00:00,2025-12-27T22:00:00+05:00,24,23.0,276297b18c08282b4c865641c8dded84db60d5ec0779bcd0069fb154e8538a62,0.35833333333333334,4.24,4.35,4.44,73.0,-2.8,953.0,-0.9659258262890683,-0.25881904510252063,-0.07304518821104743,0.9973286321364752
training,2025-12-25T18:00:00+00:00,2025-12-25T12:00:00+00:00,2025-12-27T17:00:00+00:00,2025-12-27T22:00:00+05:00,48,47.0,4ab761b5ab63d110b7c3276a586f1f956dc74473c3706aadb3dba1596bb9e26a,0.35833333333333334,5.04,5.17,5.27,75.0,-2.9,952.7,-0.9659258262890683,-0.25881904510252063,-0.07304518821104743,0.9973286321364752
training,2025-12-26T18:00:00+00:00,2025-12-26T12:00:00+00:00,2025-12-27T18:00:00+00:00,2025-12-27T23:00:00+05:00,24,24.0,276297b18c08282b4c865641c8dded84db60d5ec0779bcd0069fb154e8538a62,0.25666666666666665,4.52,4.63,4.73,72.0,-3.0,952.5,-1.0,-1.8369701987210297e-16,-0.07304518821104743,0.9973286321364752
training,2025-12-25T18:00:00+00:00,2025-12-25T12:00:00+00:00,2025-12-27T18:00:00+00:00,2025-12-27T23:00:00+05:00,48,48.0,4ab761b5ab63d110b7c3276a586f1f956dc74473c3706aadb3dba1596bb9e26a,0.25666666666666665,5.41,5.55,5.67,73.0,-3.2,952.1,-1.0,-1.8369701987210297e-16,-0.07304518821104743,0.9973286321364752
training,2025-12-26T18:00:00+00:00,2025-12-26T12:00:00+00:00,2025-12-27T19:00:00+00:00,2025-12-28T00:00:00+05:00,24,25.0,276297b18c08282b4c865641c8dded84db60d5ec0779bcd0069fb154e8538a62,0.6833333333333332,5.01,5.14,5.25,72.0,-3.0,952.1,-0.9659258262890684,0.2588190451025203,-0.07304518821104743,0.9973286321364752
training,2025-12-25T18:00:00+00:00,2025-12-25T12:00:00+00:00,2025-12-27T19:00:00+00:00,2025-12-28T00:00:00+05:00,48,49.0,4ab761b5ab63d110b7c3276a586f1f956dc74473c3706aadb3dba1596bb9e26a,0.6833333333333332,5.88,6.03,6.15,70.0,-3.5,951.8,-0.9659258262890684,0.2588190451025203,-0.07304518821104743,0.9973286321364752
training,2025-12-26T18:00:00+00:00,2025-12-26T12:00:00+00:00,2025-12-27T20:00:00+00:00,2025-12-28T01:00:00+05:00,24,26.0,276297b18c08282b4c865641c8dded84db60d5ec0779bcd0069fb154e8538a62,0.5966666666666667,5.31,5.45,5.56,75.0,-2.4,951.9,-0.8660254037844386,0.5000000000000001,-0.07304518821104743,0.9973286321364752
training,2025-12-25T18:00:00+00:00,2025-12-25T12:00:00+00:00,2025-12-27T20:00:00+00:00,2025-12-28T01:00:00+05:00,48,50.0,4ab761b5ab63d110b7c3276a586f1f956dc74473c3706aadb3dba1596bb9e26a,0.5966666666666667,6.18,6.34,6.47,71.0,-3.3,951.6,-0.8660254037844386,0.5000000000000001,-0.07304518821104743,0.9973286321364752
training,2025-12-27T00:00:00+00:00,2025-12-26T18:00:00+00:00,2025-12-27T21:00:00+00:00,2025-12-28T02:00:00+05:00,24,21.0,26d6eaefa2412ac5467cb0550db3cbd05f308ede3f00eae3f00941acca760d94,0.8816666666666667,5.01,5.14,5.25,72.0,-3.2,951.7,-0.7071067811865477,0.7071067811865474,-0.07304518821104743,0.9973286321364752
training,2025-12-26T00:00:00+00:00,2025-12-25T18:00:00+00:00,2025-12-27T21:00:00+00:00,2025-12-28T02:00:00+05:00,48,45.0,538979141d74ae63f80f68efca04e45ce0dd5a37c11fc3fb59b95a9a7fcadb1a,0.8816666666666667,5.46,5.6,5.72,70.0,-3.5,951.7,-0.7071067811865477,0.7071067811865474,-0.07304518821104743,0.9973286321364752
training,2025-12-27T00:00:00+00:00,2025-12-26T18:00:00+00:00,2025-12-27T22:00:00+00:00,2025-12-28T03:00:00+05:00,24,22.0,26d6eaefa2412ac5467cb0550db3cbd05f308ede3f00eae3f00941acca760d94,0.875,5.29,5.43,5.54,70.0,-3.5,951.5,-0.5000000000000004,0.8660254037844384,-0.07304518821104743,0.9973286321364752
training,2025-12-26T00:00:00+00:00,2025-12-25T18:00:00+00:00,2025-12-27T22:00:00+00:00,2025-12-28T03:00:00+05:00,48,46.0,538979141d74ae63f80f68efca04e45ce0dd5a37c11fc3fb59b95a9a7fcadb1a,0.875,5.81,5.96,6.08,67.0,-4.0,951.4,-0.5000000000000004,0.8660254037844384,-0.07304518821104743,0.9973286321364752
training,2025-12-27T00:00:00+00:00,2025-12-26T18:00:00+00:00,2025-12-27T23:00:00+00:00,2025-12-28T04:00:00+05:00,24,23.0,26d6eaefa2412ac5467cb0550db3cbd05f308ede3f00eae3f00941acca760d94,0.945,5.7,5.85,5.97,70.0,-3.1,951.4,-0.25881904510252157,0.9659258262890681,-0.07304518821104743,0.9973286321364752
training,2025-12-26T00:00:00+00:00,2025-12-25T18:00:00+00:00,2025-12-27T23:00:00+00:00,2025-12-28T04:00:00+05:00,48,47.0,538979141d74ae63f80f68efca04e45ce0dd5a37c11fc3fb59b95a9a7fcadb1a,0.945,6.24,6.4,6.53,66.0,-4.1,950.9,-0.25881904510252157,0.9659258262890681,-0.07304518821104743,0.9973286321364752
training,2025-12-27T00:00:00+00:00,2025-12-26T18:00:00+00:00,2025-12-28T00:00:00+00:00,2025-12-28T05:00:00+05:00,24,24.0,26d6eaefa2412ac5467cb0550db3cbd05f308ede3f00eae3f00941acca760d94,0.8983333333333333,5.97,6.13,6.25,68.0,-3.4,951.2,0.0,1.0,-0.05587875690537313,0.9984375616565666
training,2025-12-26T00:00:00+00:00,2025-12-25T18:00:00+00:00,2025-12-28T00:00:00+00:00,2025-12-28T05:00:00+05:00,48,48.0,538979141d74ae63f80f68efca04e45ce0dd5a37c11fc3fb59b95a9a7fcadb1a,0.8983333333333333,6.52,6.69,6.83,66.0,-3.9,950.9,0.0,1.0,-0.05587875690537313,0.9984375616565666
training,2025-12-27T00:00:00+00:00,2025-12-26T18:00:00+00:00,2025-12-28T01:00:00+00:00,2025-12-28T06:00:00+05:00,24,25.0,26d6eaefa2412ac5467cb0550db3cbd05f308ede3f00eae3f00941acca760d94,0.8566666666666666,6.38,6.55,6.68,68.0,-3.1,951.4,0.25881904510252074,0.9659258262890683,-0.05587875690537313,0.9984375616565666
training,2025-12-26T00:00:00+00:00,2025-12-25T18:00:00+00:00,2025-12-28T01:00:00+00:00,2025-12-28T06:00:00+05:00,48,49.0,538979141d74ae63f80f68efca04e45ce0dd5a37c11fc3fb59b95a9a7fcadb1a,0.8566666666666666,6.94,7.12,7.26,66.0,-3.7,951.0,0.25881904510252074,0.9659258262890683,-0.05587875690537313,0.9984375616565666
training,2025-12-27T00:00:00+00:00,2025-12-26T18:00:00+00:00,2025-12-28T02:00:00+00:00,2025-12-28T07:00:00+05:00,24,26.0,26d6eaefa2412ac5467cb0550db3cbd05f308ede3f00eae3f00941acca760d94,0.6983333333333334,6.72,6.89,7.04,66.0,-3.4,951.3,0.49999999999999994,0.8660254037844387,-0.05587875690537313,0.9984375616565666
training,2025-12-26T00:00:00+00:00,2025-12-25T18:00:00+00:00,2025-12-28T02:00:00+00:00,2025-12-28T07:00:00+05:00,48,50.0,538979141d74ae63f80f68efca04e45ce0dd5a37c11fc3fb59b95a9a7fcadb1a,0.6983333333333334,7.15,7.34,7.49,65.0,-3.8,951.2,0.49999999999999994,0.8660254037844387,-0.05587875690537313,0.9984375616565666
training,2025-12-27T06:00:00+00:00,2025-12-27T00:00:00+00:00,2025-12-28T03:00:00+00:00,2025-12-28T08:00:00+05:00,24,21.0,2b484f647062d6ff283fa6d68e72258fefbb337c16e2ece0d3a723d5e31d8f60,0.7050000000000001,7.33,7.52,7.68,67.0,-3.1,951.5,0.7071067811865476,0.7071067811865476,-0.05587875690537313,0.9984375616565666
training,2025-12-26T06:00:00+00:00,2025-12-26T00:00:00+00:00,2025-12-28T03:00:00+00:00,2025-12-28T08:00:00+05:00,48,45.0,c65dbe688bc6875e7706733005003c1bf6e2128374ac1c084d0fa9a0d72e11b9,0.7050000000000001,7.55,7.75,7.91,66.0,-2.9,951.3,0.7071067811865476,0.7071067811865476,-0.05587875690537313,0.9984375616565666
training,2025-12-27T06:00:00+00:00,2025-12-27T00:00:00+00:00,2025-12-28T04:00:00+00:00,2025-12-28T09:00:00+05:00,24,22.0,2b484f647062d6ff283fa6d68e72258fefbb337c16e2ece0d3a723d5e31d8f60,0.625,7.02,7.2,7.35,65.0,-0.1,952.3,0.8660254037844386,0.5000000000000001,-0.05587875690537313,0.9984375616565666
training,2025-12-26T06:00:00+00:00,2025-12-26T00:00:00+00:00,2025-12-28T04:00:00+00:00,2025-12-28T09:00:00+05:00,48,46.0,c65dbe688bc6875e7706733005003c1bf6e2128374ac1c084d0fa9a0d72e11b9,0.625,7.74,7.94,8.11,62.0,-0.5,951.9,0.8660254037844386,0.5000000000000001,-0.05587875690537313,0.9984375616565666
training,2025-12-27T06:00:00+00:00,2025-12-27T00:00:00+00:00,2025-12-28T05:00:00+00:00,2025-12-28T10:00:00+05:00,24,23.0,2b484f647062d6ff283fa6d68e72258fefbb337c16e2ece0d3a723d5e31d8f60,0.7566666666666667,7.08,7.26,7.41,59.0,2.3,952.3,0.9659258262890683,0.25881904510252074,-0.05587875690537313,0.9984375616565666
training,2025-12-26T06:00:00+00:00,2025-12-26T00:00:00+00:00,2025-12-28T05:00:00+00:00,2025-12-28T10:00:00+05:00,48,47.0,c65dbe688bc6875e7706733005003c1bf6e2128374ac1c084d0fa9a0d72e11b9,0.7566666666666667,7.83,8.03,8.2,61.0,1.9,952.2,0.9659258262890683,0.25881904510252074,-0.05587875690537313,0.9984375616565666
training,2025-12-27T06:00:00+00:00,2025-12-27T00:00:00+00:00,2025-12-28T06:00:00+00:00,2025-12-28T11:00:00+05:00,24,24.0,2b484f647062d6ff283fa6d68e72258fefbb337c16e2ece0d3a723d5e31d8f60,0.9233333333333333,7.86,8.06,8.23,58.0,3.7,952.0,1.0,6.123233995736766e-17,-0.05587875690537313,0.9984375616565666
training,2025-12-26T06:00:00+00:00,2025-12-26T00:00:00+00:00,2025-12-28T06:00:00+00:00,2025-12-28T11:00:00+05:00,48,48.0,c65dbe688bc6875e7706733005003c1bf6e2128374ac1c084d0fa9a0d72e11b9,0.9233333333333333,7.51,7.71,7.87,60.0,3.6,951.9,1.0,6.123233995736766e-17,-0.05587875690537313,0.9984375616565666
training,2025-12-27T06:00:00+00:00,2025-12-27T00:00:00+00:00,2025-12-28T07:00:00+00:00,2025-12-28T12:00:00+05:00,24,25.0,2b484f647062d6ff283fa6d68e72258fefbb337c16e2ece0d3a723d5e31d8f60,0.8566666666666666,8.01,8.22,8.39,58.0,4.6,951.0,0.9659258262890683,-0.25881904510252063,-0.05587875690537313,0.9984375616565666
training,2025-12-26T06:00:00+00:00,2025-12-26T00:00:00+00:00,2025-12-28T07:00:00+00:00,2025-12-28T12:00:00+05:00,48,49.0,c65dbe688bc6875e7706733005003c1bf6e2128374ac1c084d0fa9a0d72e11b9,0.8566666666666666,7.82,8.02,8.18,58.0,4.8,950.9,0.9659258262890683,-0.25881904510252063,-0.05587875690537313,0.9984375616565666
training,2025-12-27T06:00:00+00:00,2025-12-27T00:00:00+00:00,2025-12-28T08:00:00+00:00,2025-12-28T13:00:00+05:00,24,26.0,2b484f647062d6ff283fa6d68e72258fefbb337c16e2ece0d3a723d5e31d8f60,0.8666666666666667,8.01,8.22,8.39,58.0,5.4,950.4,0.8660254037844387,-0.4999999999999998,-0.05587875690537313,0.9984375616565666
training,2025-12-26T06:00:00+00:00,2025-12-26T00:00:00+00:00,2025-12-28T08:00:00+00:00,2025-12-28T13:00:00+05:00,48,50.0,c65dbe688bc6875e7706733005003c1bf6e2128374ac1c084d0fa9a0d72e11b9,0.8666666666666667,7.67,7.87,8.03,58.0,5.4,950.3,0.8660254037844387,-0.4999999999999998,-0.05587875690537313,0.9984375616565666
training,2025-12-27T12:00:00+00:00,2025-12-27T06:00:00+00:00,2025-12-28T09:00:00+00:00,2025-12-28T14:00:00+05:00,24,21.0,75a5714f8b7e2bbe0d45fe9a857a4ec913f93b6b9a558381f4476e0de3634b16,0.8166666666666668,8.11,8.32,8.49,56.0,5.1,949.7,0.7071067811865476,-0.7071067811865475,-0.05587875690537313,0.9984375616565666
training,2025-12-26T12:00:00+00:00,2025-12-26T06:00:00+00:00,2025-12-28T09:00:00+00:00,2025-12-28T14:00:00+05:00,48,45.0,ce6d101507f2aab69bb5ec02194328c504cc7bfcfd445c94bbb5a20aea816f59,0.8166666666666668,7.61,7.81,7.97,57.0,5.2,949.7,0.7071067811865476,-0.7071067811865475,-0.05587875690537313,0.9984375616565666
training,2025-12-27T12:00:00+00:00,2025-12-27T06:00:00+00:00,2025-12-28T10:00:00+00:00,2025-12-28T15:00:00+05:00,24,22.0,75a5714f8b7e2bbe0d45fe9a857a4ec913f93b6b9a558381f4476e0de3634b16,0.9083333333333333,8.74,8.97,9.15,63.0,4.3,949.5,0.49999999999999994,-0.8660254037844387,-0.05587875690537313,0.9984375616565666
training,2025-12-26T12:00:00+00:00,2025-12-26T06:00:00+00:00,2025-12-28T10:00:00+00:00,2025-12-28T15:00:00+05:00,48,46.0,ce6d101507f2aab69bb5ec02194328c504cc7bfcfd445c94bbb5a20aea816f59,0.9083333333333333,7.73,7.93,8.1,60.0,3.9,949.7,0.49999999999999994,-0.8660254037844387,-0.05587875690537313,0.9984375616565666
training,2025-12-27T12:00:00+00:00,2025-12-27T06:00:00+00:00,2025-12-28T11:00:00+00:00,2025-12-28T16:00:00+05:00,24,23.0,75a5714f8b7e2bbe0d45fe9a857a4ec913f93b6b9a558381f4476e0de3634b16,0.9,7.93,8.14,8.31,65.0,1.8,949.1,0.258819045102521,-0.9659258262890682,-0.05587875690537313,0.9984375616565666
training,2025-12-26T12:00:00+00:00,2025-12-26T06:00:00+00:00,2025-12-28T11:00:00+00:00,2025-12-28T16:00:00+05:00,48,47.0,ce6d101507f2aab69bb5ec02194328c504cc7bfcfd445c94bbb5a20aea816f59,0.9,7.12,7.31,7.46,60.0,1.6,949.2,0.258819045102521,-0.9659258262890682,-0.05587875690537313,0.9984375616565666
training,2025-12-27T12:00:00+00:00,2025-12-27T06:00:00+00:00,2025-12-28T12:00:00+00:00,2025-12-28T17:00:00+05:00,24,24.0,75a5714f8b7e2bbe0d45fe9a857a4ec913f93b6b9a558381f4476e0de3634b16,0.9516666666666667,7.19,7.38,7.53,64.0,-0.5,948.6,1.2246467991473532e-16,-1.0,-0.05587875690537313,0.9984375616565666
training,2025-12-26T12:00:00+00:00,2025-12-26T06:00:00+00:00,2025-12-28T12:00:00+00:00,2025-12-28T17:00:00+05:00,48,48.0,ce6d101507f2aab69bb5ec02194328c504cc7bfcfd445c94bbb5a20aea816f59,0.9516666666666667,6.68,6.85,6.99,60.0,0.0,948.9,1.2246467991473532e-16,-1.0,-0.05587875690537313,0.9984375616565666
training,2025-12-27T12:00:00+00:00,2025-12-27T06:00:00+00:00,2025-12-28T13:00:00+00:00,2025-12-28T18:00:00+05:00,24,25.0,75a5714f8b7e2bbe0d45fe9a857a4ec913f93b6b9a558381f4476e0de3634b16,0.5816666666666667,7.22,7.41,7.56,61.0,-1.3,948.7,-0.2588190451025208,-0.9659258262890683,-0.05587875690537313,0.9984375616565666
training,2025-12-26T12:00:00+00:00,2025-12-26T06:00:00+00:00,2025-12-28T13:00:00+00:00,2025-12-28T18:00:00+05:00,48,49.0,ce6d101507f2aab69bb5ec02194328c504cc7bfcfd445c94bbb5a20aea816f59,0.5816666666666667,6.98,7.16,7.31,61.0,-0.7,948.6,-0.2588190451025208,-0.9659258262890683,-0.05587875690537313,0.9984375616565666
training,2025-12-27T12:00:00+00:00,2025-12-27T06:00:00+00:00,2025-12-28T14:00:00+00:00,2025-12-28T19:00:00+05:00,24,26.0,75a5714f8b7e2bbe0d45fe9a857a4ec913f93b6b9a558381f4476e0de3634b16,0.8333333333333334,6.37,6.53,6.67,66.0,-1.6,948.6,-0.4999999999999997,-0.8660254037844388,-0.05587875690537313,0.9984375616565666
training,2025-12-26T12:00:00+00:00,2025-12-26T06:00:00+00:00,2025-12-28T14:00:00+00:00,2025-12-28T19:00:00+05:00,48,50.0,ce6d101507f2aab69bb5ec02194328c504cc7bfcfd445c94bbb5a20aea816f59,0.8333333333333334,7.0,7.18,7.33,62.0,-1.1,948.5,-0.4999999999999997,-0.8660254037844388,-0.05587875690537313,0.9984375616565666
training,2025-12-27T18:00:00+00:00,2025-12-27T12:00:00+00:00,2025-12-28T15:00:00+00:00,2025-12-28T20:00:00+05:00,24,21.0,c155214ebefbd2f11b56efa019ee220582dcbfcfcf1a5ba4c43af9bf8d2521fa,0.4216666666666667,5.32,5.46,5.58,66.0,-2.1,948.7,-0.7071067811865471,-0.7071067811865479,-0.05587875690537313,0.9984375616565666
training,2025-12-26T18:00:00+00:00,2025-12-26T12:00:00+00:00,2025-12-28T15:00:00+00:00,2025-12-28T20:00:00+05:00,48,45.0,276297b18c08282b4c865641c8dded84db60d5ec0779bcd0069fb154e8538a62,0.4216666666666667,5.56,5.7,5.82,63.0,-1.9,948.6,-0.7071067811865471,-0.7071067811865479,-0.05587875690537313,0.9984375616565666
training,2025-12-27T18:00:00+00:00,2025-12-27T12:00:00+00:00,2025-12-28T16:00:00+00:00,2025-12-28T21:00:00+05:00,24,22.0,c155214ebefbd2f11b56efa019ee220582dcbfcfcf1a5ba4c43af9bf8d2521fa,0.4533333333333333,3.82,3.92,4.0,71.0,-2.0,948.9,-0.8660254037844385,-0.5000000000000004,-0.05587875690537313,0.9984375616565666
training,2025-12-26T18:00:00+00:00,2025-12-26T12:00:00+00:00,2025-12-28T16:00:00+00:00,2025-12-28T21:00:00+05:00,48,46.0,276297b18c08282b4c865641c8dded84db60d5ec0779bcd0069fb154e8538a62,0.4533333333333333,4.51,4.63,4.73,65.0,-2.3,948.7,-0.8660254037844385,-0.5000000000000004,-0.05587875690537313,0.9984375616565666
training,2025-12-27T18:00:00+00:00,2025-12-27T12:00:00+00:00,2025-12-28T17:00:00+00:00,2025-12-28T22:00:00+05:00,24,23.0,c155214ebefbd2f11b56efa019ee220582dcbfcfcf1a5ba4c43af9bf8d2521fa,0.26499999999999996,3.9,4.0,4.09,74.0,-1.3,949.2,-0.9659258262890683,-0.25881904510252063,-0.05587875690537313,0.9984375616565666
training,2025-12-26T18:00:00+00:00,2025-12-26T12:00:00+00:00,2025-12-28T17:00:00+00:00,2025-12-28T22:00:00+05:00,48,47.0,276297b18c08282b4c865641c8dded84db60d5ec0779bcd0069fb154e8538a62,0.26499999999999996,4.8,4.92,5.03,66.0,-1.8,948.8,-0.9659258262890683,-0.25881904510252063,-0.05587875690537313,0.9984375616565666
training,2025-12-27T18:00:00+00:00,2025-12-27T12:00:00+00:00,2025-12-28T18:00:00+00:00,2025-12-28T23:00:00+05:00,24,24.0,c155214ebefbd2f11b56efa019ee220582dcbfcfcf1a5ba4c43af9bf8d2521fa,0.4166666666666667,4.93,5.05,5.16,64.0,-0.1,949.5,-1.0,-1.8369701987210297e-16,-0.05587875690537313,0.9984375616565666
training,2025-12-26T18:00:00+00:00,2025-12-26T12:00:00+00:00,2025-12-28T18:00:00+00:00,2025-12-28T23:00:00+05:00,48,48.0,276297b18c08282b4c865641c8dded84db60d5ec0779bcd0069fb154e8538a62,0.4166666666666667,4.81,4.94,5.04,74.0,-1.6,948.7,-1.0,-1.8369701987210297e-16,-0.05587875690537313,0.9984375616565666
training,2025-12-27T18:00:00+00:00,2025-12-27T12:00:00+00:00,2025-12-28T19:00:00+00:00,2025-12-29T00:00:00+05:00,24,25.0,c155214ebefbd2f11b56efa019ee220582dcbfcfcf1a5ba4c43af9bf8d2521fa,0.34833333333333333,5.36,5.5,5.62,73.0,0.3,949.0,-0.9659258262890684,0.2588190451025203,-0.05587875690537313,0.9984375616565666
training,2025-12-26T18:00:00+00:00,2025-12-26T12:00:00+00:00,2025-12-28T19:00:00+00:00,2025-12-29T00:00:00+05:00,48,49.0,276297b18c08282b4c865641c8dded84db60d5ec0779bcd0069fb154e8538a62,0.34833333333333333,4.7,4.82,4.92,73.0,-1.4,948.5,-0.9659258262890684,0.2588190451025203,-0.05587875690537313,0.9984375616565666
training,2025-12-27T18:00:00+00:00,2025-12-27T12:00:00+00:00,2025-12-28T20:00:00+00:00,2025-12-29T01:00:00+05:00,24,26.0,c155214ebefbd2f11b56efa019ee220582dcbfcfcf1a5ba4c43af9bf8d2521fa,0.30666666666666664,5.48,5.62,5.74,66.0,-0.5,948.8,-0.8660254037844386,0.5000000000000001,-0.05587875690537313,0.9984375616565666
training,2025-12-26T18:00:00+00:00,2025-12-26T12:00:00+00:00,2025-12-28T20:00:00+00:00,2025-12-29T01:00:00+05:00,48,50.0,276297b18c08282b4c865641c8dded84db60d5ec0779bcd0069fb154e8538a62,0.30666666666666664,4.52,4.64,4.74,68.0,-1.4,948.5,-0.8660254037844386,0.5000000000000001,-0.05587875690537313,0.9984375616565666
training,2025-12-28T00:00:00+00:00,2025-12-27T18:00:00+00:00,2025-12-28T21:00:00+00:00,2025-12-29T02:00:00+05:00,24,21.0,b308908b3a4de0e7712b8f94cb28f56d635391775bbb4a306ab6cf987528febd,0.35833333333333334,6.26,6.42,6.55,63.0,-0.9,948.3,-0.7071067811865477,0.7071067811865474,-0.05587875690537313,0.9984375616565666
training,2025-12-27T00:00:00+00:00,2025-12-26T18:00:00+00:00,2025-12-28T21:00:00+00:00,2025-12-29T02:00:00+05:00,48,45.0,26d6eaefa2412ac5467cb0550db3cbd05f308ede3f00eae3f00941acca760d94,0.35833333333333334,6.0,6.15,6.28,71.0,-0.9,948.4,-0.7071067811865477,0.7071067811865474,-0.05587875690537313,0.9984375616565666
training,2025-12-28T00:00:00+00:00,2025-12-27T18:00:00+00:00,2025-12-28T22:00:00+00:00,2025-12-29T03:00:00+05:00,24,22.0,b308908b3a4de0e7712b8f94cb28f56d635391775bbb4a306ab6cf987528febd,0.36000000000000004,6.04,6.2,6.33,66.0,-1.0,948.2,-0.5000000000000004,0.8660254037844384,-0.05587875690537313,0.9984375616565666
training,2025-12-27T00:00:00+00:00,2025-12-26T18:00:00+00:00,2025-12-28T22:00:00+00:00,2025-12-29T03:00:00+05:00,48,46.0,26d6eaefa2412ac5467cb0550db3cbd05f308ede3f00eae3f00941acca760d94,0.36000000000000004,5.76,5.91,6.03,77.0,-0.9,948.0,-0.5000000000000004,0.8660254037844384,-0.05587875690537313,0.9984375616565666
training,2025-12-28T00:00:00+00:00,2025-12-27T18:00:00+00:00,2025-12-28T23:00:00+00:00,2025-12-29T04:00:00+05:00,24,23.0,b308908b3a4de0e7712b8f94cb28f56d635391775bbb4a306ab6cf987528febd,0.24333333333333332,6.14,6.3,6.43,68.0,-0.8,948.3,-0.25881904510252157,0.9659258262890681,-0.05587875690537313,0.9984375616565666
training,2025-12-27T00:00:00+00:00,2025-12-26T18:00:00+00:00,2025-12-28T23:00:00+00:00,2025-12-29T04:00:00+05:00,48,47.0,26d6eaefa2412ac5467cb0550db3cbd05f308ede3f00eae3f00941acca760d94,0.24333333333333332,6.07,6.22,6.35,66.0,-1.0,947.7,-0.25881904510252157,0.9659258262890681,-0.05587875690537313,0.9984375616565666
training,2025-12-28T00:00:00+00:00,2025-12-27T18:00:00+00:00,2025-12-29T00:00:00+00:00,2025-12-29T05:00:00+05:00,24,24.0,b308908b3a4de0e7712b8f94cb28f56d635391775bbb4a306ab6cf987528febd,0.27666666666666667,4.93,5.06,5.17,67.0,-1.2,948.4,0.0,1.0,-0.03869579017652689,0.9992510374388481
training,2025-12-27T00:00:00+00:00,2025-12-26T18:00:00+00:00,2025-12-29T00:00:00+00:00,2025-12-29T05:00:00+05:00,48,48.0,26d6eaefa2412ac5467cb0550db3cbd05f308ede3f00eae3f00941acca760d94,0.27666666666666667,6.06,6.22,6.34,70.0,-0.7,948.1,0.0,1.0,-0.03869579017652689,0.9992510374388481
training,2025-12-28T00:00:00+00:00,2025-12-27T18:00:00+00:00,2025-12-29T01:00:00+00:00,2025-12-29T06:00:00+05:00,24,25.0,b308908b3a4de0e7712b8f94cb28f56d635391775bbb4a306ab6cf987528febd,0.4566666666666667,4.42,4.54,4.63,76.0,-0.7,949.2,0.25881904510252074,0.9659258262890683,-0.03869579017652689,0.9992510374388481
training,2025-12-27T00:00:00+00:00,2025-12-26T18:00:00+00:00,2025-12-29T01:00:00+00:00,2025-12-29T06:00:00+05:00,48,49.0,26d6eaefa2412ac5467cb0550db3cbd05f308ede3f00eae3f00941acca760d94,0.4566666666666667,6.21,6.37,6.5,68.0,-0.8,948.8,0.25881904510252074,0.9659258262890683,-0.03869579017652689,0.9992510374388481
training,2025-12-28T00:00:00+00:00,2025-12-27T18:00:00+00:00,2025-12-29T02:00:00+00:00,2025-12-29T07:00:00+05:00,24,26.0,b308908b3a4de0e7712b8f94cb28f56d635391775bbb4a306ab6cf987528febd,0.5733333333333334,2.88,2.95,3.01,88.0,-0.7,949.2,0.49999999999999994,0.8660254037844387,-0.03869579017652689,0.9992510374388481
training,2025-12-27T00:00:00+00:00,2025-12-26T18:00:00+00:00,2025-12-29T02:00:00+00:00,2025-12-29T07:00:00+05:00,48,50.0,26d6eaefa2412ac5467cb0550db3cbd05f308ede3f00eae3f00941acca760d94,0.5733333333333334,5.29,5.43,5.54,73.0,-0.5,949.4,0.49999999999999994,0.8660254037844387,-0.03869579017652689,0.9992510374388481
training,2025-12-28T06:00:00+00:00,2025-12-28T00:00:00+00:00,2025-12-29T03:00:00+00:00,2025-12-29T08:00:00+05:00,24,21.0,e5395ac7032ac8df7d399d11249286c8232f1462cfccf1504f6c1faf3c9ea027,0.7916666666666666,6.48,6.65,6.78,66.0,-0.3,949.4,0.7071067811865476,0.7071067811865476,-0.03869579017652689,0.9992510374388481
training,2025-12-27T06:00:00+00:00,2025-12-27T00:00:00+00:00,2025-12-29T03:00:00+00:00,2025-12-29T08:00:00+05:00,48,45.0,2b484f647062d6ff283fa6d68e72258fefbb337c16e2ece0d3a723d5e31d8f60,0.7916666666666666,4.83,4.96,5.06,81.0,0.5,950.0,0.7071067811865476,0.7071067811865476,-0.03869579017652689,0.9992510374388481
training,2025-12-28T06:00:00+00:00,2025-12-28T00:00:00+00:00,2025-12-29T04:00:00+00:00,2025-12-29T09:00:00+05:00,24,22.0,e5395ac7032ac8df7d399d11249286c8232f1462cfccf1504f6c1faf3c9ea027,0.5316666666666666,7.02,7.2,7.35,65.0,1.4,950.5,0.8660254037844386,0.5000000000000001,-0.03869579017652689,0.9992510374388481
training,2025-12-27T06:00:00+00:00,2025-12-27T00:00:00+00:00,2025-12-29T04:00:00+00:00,2025-12-29T09:00:00+05:00,48,46.0,2b484f647062d6ff283fa6d68e72258fefbb337c16e2ece0d3a723d5e31d8f60,0.5316666666666666,5.46,5.6,5.72,70.0,1.9,950.8,0.8660254037844386,0.5000000000000001,-0.03869579017652689,0.9992510374388481
training,2025-12-28T06:00:00+00:00,2025-12-28T00:00:00+00:00,2025-12-29T05:00:00+00:00,2025-12-29T10:00:00+05:00,24,23.0,e5395ac7032ac8df7d399d11249286c8232f1462cfccf1504f6c1faf3c9ea027,0.2966666666666667,5.93,6.08,6.21,64.0,3.7,950.7,0.9659258262890683,0.25881904510252074,-0.03869579017652689,0.9992510374388481
training,2025-12-27T06:00:00+00:00,2025-12-27T00:00:00+00:00,2025-12-29T05:00:00+00:00,2025-12-29T10:00:00+05:00,48,47.0,2b484f647062d6ff283fa6d68e72258fefbb337c16e2ece0d3a723d5e31d8f60,0.2966666666666667,5.32,5.46,5.57,69.0,3.6,951.1,0.9659258262890683,0.25881904510252074,-0.03869579017652689,0.9992510374388481
training,2025-12-28T06:00:00+00:00,2025-12-28T00:00:00+00:00,2025-12-29T06:00:00+00:00,2025-12-29T11:00:00+05:00,24,24.0,e5395ac7032ac8df7d399d11249286c8232f1462cfccf1504f6c1faf3c9ea027,0.215,5.05,5.18,5.29,59.0,4.9,950.8,1.0,6.123233995736766e-17,-0.03869579017652689,0.9992510374388481
training,2025-12-27T06:00:00+00:00,2025-12-27T00:00:00+00:00,2025-12-29T06:00:00+00:00,2025-12-29T11:00:00+05:00,48,48.0,2b484f647062d6ff283fa6d68e72258fefbb337c16e2ece0d3a723d5e31d8f60,0.215,4.32,4.43,4.52,70.0,4.7,951.3,1.0,6.123233995736766e-17,-0.03869579017652689,0.9992510374388481
training,2025-12-28T06:00:00+00:00,2025-12-28T00:00:00+00:00,2025-12-29T07:00:00+00:00,2025-12-29T12:00:00+05:00,24,25.0,e5395ac7032ac8df7d399d11249286c8232f1462cfccf1504f6c1faf3c9ea027,0.6583333333333333,5.75,5.9,6.02,59.0,5.5,950.2,0.9659258262890683,-0.25881904510252063,-0.03869579017652689,0.9992510374388481
training,2025-12-27T06:00:00+00:00,2025-12-27T00:00:00+00:00,2025-12-29T07:00:00+00:00,2025-12-29T12:00:00+05:00,48,49.0,2b484f647062d6ff283fa6d68e72258fefbb337c16e2ece0d3a723d5e31d8f60,0.6583333333333333,5.43,5.58,5.69,57.0,5.0,950.5,0.9659258262890683,-0.25881904510252063,-0.03869579017652689,0.9992510374388481
training,2025-12-28T06:00:00+00:00,2025-12-28T00:00:00+00:00,2025-12-29T08:00:00+00:00,2025-12-29T13:00:00+05:00,24,26.0,e5395ac7032ac8df7d399d11249286c8232f1462cfccf1504f6c1faf3c9ea027,0.5433333333333333,5.64,5.79,5.91,59.0,6.0,949.7,0.8660254037844387,-0.4999999999999998,-0.03869579017652689,0.9992510374388481
training,2025-12-27T06:00:00+00:00,2025-12-27T00:00:00+00:00,2025-12-29T08:00:00+00:00,2025-12-29T13:00:00+05:00,48,50.0,2b484f647062d6ff283fa6d68e72258fefbb337c16e2ece0d3a723d5e31d8f60,0.5433333333333333,6.46,6.62,6.76,61.0,5.0,950.1,0.8660254037844387,-0.4999999999999998,-0.03869579017652689,0.9992510374388481
training,2025-12-28T12:00:00+00:00,2025-12-28T06:00:00+00:00,2025-12-29T09:00:00+00:00,2025-12-29T14:00:00+05:00,24,21.0,58f82b06aecb416c740ef2ba1c0095599998fb13f80361e4e4da09d6a4e6866a,0.7433333333333333,5.49,5.64,5.75,69.0,5.7,949.6,0.7071067811865476,-0.7071067811865475,-0.03869579017652689,0.9992510374388481
training,2025-12-27T12:00:00+00:00,2025-12-27T06:00:00+00:00,2025-12-29T09:00:00+00:00,2025-12-29T14:00:00+05:00,48,45.0,75a5714f8b7e2bbe0d45fe9a857a4ec913f93b6b9a558381f4476e0de3634b16,0.7433333333333333,6.36,6.53,6.66,59.0,5.5,949.6,0.7071067811865476,-0.7071067811865475,-0.03869579017652689,0.9992510374388481
training,2025-12-28T12:00:00+00:00,2025-12-28T06:00:00+00:00,2025-12-29T10:00:00+00:00,2025-12-29T15:00:00+05:00,24,22.0,58f82b06aecb416c740ef2ba1c0095599998fb13f80361e4e4da09d6a4e6866a,0.9216666666666667,5.82,5.97,6.1,65.0,4.7,949.4,0.49999999999999994,-0.8660254037844387,-0.03869579017652689,0.9992510374388481
training,2025-12-27T12:00:00+00:00,2025-12-27T06:00:00+00:00,2025-12-29T10:00:00+00:00,2025-12-29T15:00:00+05:00,48,46.0,75a5714f8b7e2bbe0d45fe9a857a4ec913f93b6b9a558381f4476e0de3634b16,0.9216666666666667,6.63,6.8,6.94,62.0,4.5,949.1,0.49999999999999994,-0.8660254037844387,-0.03869579017652689,0.9992510374388481
training,2025-12-28T12:00:00+00:00,2025-12-28T06:00:00+00:00,2025-12-29T11:00:00+00:00,2025-12-29T16:00:00+05:00,24,23.0,58f82b06aecb416c740ef2ba1c0095599998fb13f80361e4e4da09d6a4e6866a,0.9516666666666667,6.63,6.81,6.95,69.0,2.6,948.5,0.258819045102521,-0.9659258262890682,-0.03869579017652689,0.9992510374388481
training,2025-12-27T12:00:00+00:00,2025-12-27T06:00:00+00:00,2025-12-29T11:00:00+00:00,2025-12-29T16:00:00+05:00,48,47.0,75a5714f8b7e2bbe0d45fe9a857a4ec913f93b6b9a558381f4476e0de3634b16,0.9516666666666667,7.11,7.3,7.45,60.0,2.6,948.5,0.258819045102521,-0.9659258262890682,-0.03869579017652689,0.9992510374388481
training,2025-12-28T12:00:00+00:00,2025-12-28T06:00:00+00:00,2025-12-29T12:00:00+00:00,2025-12-29T17:00:00+05:00,24,24.0,58f82b06aecb416c740ef2ba1c0095599998fb13f80361e4e4da09d6a4e6866a,0.9733333333333333,6.94,7.12,7.27,67.0,1.0,947.7,1.2246467991473532e-16,-1.0,-0.03869579017652689,0.9992510374388481
training,2025-12-27T12:00:00+00:00,2025-12-27T06:00:00+00:00,2025-12-29T12:00:00+00:00,2025-12-29T17:00:00+05:00,48,48.0,75a5714f8b7e2bbe0d45fe9a857a4ec913f93b6b9a558381f4476e0de3634b16,0.9733333333333333,7.74,7.94,8.1,63.0,1.3,948.1,1.2246467991473532e-16,-1.0,-0.03869579017652689,0.9992510374388481
training,2025-12-28T12:00:00+00:00,2025-12-28T06:00:00+00:00,2025-12-29T13:00:00+00:00,2025-12-29T18:00:00+05:00,24,25.0,58f82b06aecb416c740ef2ba1c0095599998fb13f80361e4e4da09d6a4e6866a,0.9716666666666667,8.13,8.34,8.51,64.0,0.6,947.3,-0.2588190451025208,-0.9659258262890683,-0.03869579017652689,0.9992510374388481
training,2025-12-27T12:00:00+00:00,2025-12-27T06:00:00+00:00,2025-12-29T13:00:00+00:00,2025-12-29T18:00:00+05:00,48,49.0,75a5714f8b7e2bbe0d45fe9a857a4ec913f93b6b9a558381f4476e0de3634b16,0.9716666666666667,8.31,8.53,8.71,66.0,0.7,947.7,-0.2588190451025208,-0.9659258262890683,-0.03869579017652689,0.9992510374388481
training,2025-12-28T12:00:00+00:00,2025-12-28T06:00:00+00:00,2025-12-29T14:00:00+00:00,2025-12-29T19:00:00+05:00,24,26.0,58f82b06aecb416c740ef2ba1c0095599998fb13f80361e4e4da09d6a4e6866a,0.975,9.28,9.52,9.72,67.0,0.5,946.7,-0.4999999999999997,-0.8660254037844388,-0.03869579017652689,0.9992510374388481
training,2025-12-27T12:00:00+00:00,2025-12-27T06:00:00+00:00,2025-12-29T14:00:00+00:00,2025-12-29T19:00:00+05:00,48,50.0,75a5714f8b7e2bbe0d45fe9a857a4ec913f93b6b9a558381f4476e0de3634b16,0.975,8.93,9.17,9.36,67.0,0.2,947.0,-0.4999999999999997,-0.8660254037844388,-0.03869579017652689,0.9992510374388481
training,2025-12-28T18:00:00+00:00,2025-12-28T12:00:00+00:00,2025-12-29T15:00:00+00:00,2025-12-29T20:00:00+05:00,24,21.0,1a1cc7af046e7962b313c79c3970fd5139e98b35f3bd87354f40537ab87ee59f,0.975,9.91,10.17,10.38,67.0,0.1,946.6,-0.7071067811865471,-0.7071067811865479,-0.03869579017652689,0.9992510374388481
training,2025-12-27T18:00:00+00:00,2025-12-27T12:00:00+00:00,2025-12-29T15:00:00+00:00,2025-12-29T20:00:00+05:00,48,45.0,c155214ebefbd2f11b56efa019ee220582dcbfcfcf1a5ba4c43af9bf8d2521fa,0.975,10.01,10.27,10.48,69.0,-0.1,946.0,-0.7071067811865471,-0.7071067811865479,-0.03869579017652689,0.9992510374388481
training,2025-12-28T18:00:00+00:00,2025-12-28T12:00:00+00:00,2025-12-29T16:00:00+00:00,2025-12-29T21:00:00+05:00,24,22.0,1a1cc7af046e7962b313c79c3970fd5139e98b35f3bd87354f40537ab87ee59f,0.9700000000000001,10.24,10.51,10.73,69.0,0.0,945.9,-0.8660254037844385,-0.5000000000000004,-0.03869579017652689,0.9992510374388481
training,2025-12-27T18:00:00+00:00,2025-12-27T12:00:00+00:00,2025-12-29T16:00:00+00:00,2025-12-29T21:00:00+05:00,48,46.0,c155214ebefbd2f11b56efa019ee220582dcbfcfcf1a5ba4c43af9bf8d2521fa,0.9700000000000001,10.39,10.66,10.88,71.0,-0.1,945.6,-0.8660254037844385,-0.5000000000000004,-0.03869579017652689,0.9992510374388481
training,2025-12-28T18:00:00+00:00,2025-12-28T12:00:00+00:00,2025-12-29T17:00:00+00:00,2025-12-29T22:00:00+05:00,24,23.0,1a1cc7af046e7962b313c79c3970fd5139e98b35f3bd87354f40537ab87ee59f,0.9733333333333333,10.22,10.48,10.7,71.0,-0.1,945.2,-0.9659258262890683,-0.25881904510252063,-0.03869579017652689,0.9992510374388481
training,2025-12-27T18:00:00+00:00,2025-12-27T12:00:00+00:00,2025-12-29T17:00:00+00:00,2025-12-29T22:00:00+05:00,48,47.0,c155214ebefbd2f11b56efa019ee220582dcbfcfcf1a5ba4c43af9bf8d2521fa,0.9733333333333333,10.71,10.99,11.22,73.0,0.0,945.0,-0.9659258262890683,-0.25881904510252063,-0.03869579017652689,0.9992510374388481
training,2025-12-28T18:00:00+00:00,2025-12-28T12:00:00+00:00,2025-12-29T18:00:00+00:00,2025-12-29T23:00:00+05:00,24,24.0,1a1cc7af046e7962b313c79c3970fd5139e98b35f3bd87354f40537ab87ee59f,0.9700000000000001,10.88,11.16,11.4,73.0,0.2,944.6,-1.0,-1.8369701987210297e-16,-0.03869579017652689,0.9992510374388481
training,2025-12-27T18:00:00+00:00,2025-12-27T12:00:00+00:00,2025-12-29T18:00:00+00:00,2025-12-29T23:00:00+05:00,48,48.0,c155214ebefbd2f11b56efa019ee220582dcbfcfcf1a5ba4c43af9bf8d2521fa,0.9700000000000001,11.05,11.34,11.58,73.0,0.2,944.6,-1.0,-1.8369701987210297e-16,-0.03869579017652689,0.9992510374388481
training,2025-12-28T18:00:00+00:00,2025-12-28T12:00:00+00:00,2025-12-29T19:00:00+00:00,2025-12-30T00:00:00+05:00,24,25.0,1a1cc7af046e7962b313c79c3970fd5139e98b35f3bd87354f40537ab87ee59f,0.9783333333333334,11.33,11.62,11.86,75.0,0.5,944.0,-0.9659258262890684,0.2588190451025203,-0.03869579017652689,0.9992510374388481
training,2025-12-27T18:00:00+00:00,2025-12-27T12:00:00+00:00,2025-12-29T19:00:00+00:00,2025-12-30T00:00:00+05:00,48,49.0,c155214ebefbd2f11b56efa019ee220582dcbfcfcf1a5ba4c43af9bf8d2521fa,0.9783333333333334,11.21,11.5,11.73,76.0,0.4,944.2,-0.9659258262890684,0.2588190451025203,-0.03869579017652689,0.9992510374388481
training,2025-12-28T18:00:00+00:00,2025-12-28T12:00:00+00:00,2025-12-29T20:00:00+00:00,2025-12-30T01:00:00+05:00,24,26.0,1a1cc7af046e7962b313c79c3970fd5139e98b35f3bd87354f40537ab87ee59f,0.98,11.11,11.39,11.63,74.0,0.6,943.8,-0.8660254037844386,0.5000000000000001,-0.03869579017652689,0.9992510374388481
training,2025-12-27T18:00:00+00:00,2025-12-27T12:00:00+00:00,2025-12-29T20:00:00+00:00,2025-12-30T01:00:00+05:00,48,50.0,c155214ebefbd2f11b56efa019ee220582dcbfcfcf1a5ba4c43af9bf8d2521fa,0.98,11.4,11.69,11.93,75.0,0.5,943.6,-0.8660254037844386,0.5000000000000001,-0.03869579017652689,0.9992510374388481
training,2025-12-29T00:00:00+00:00,2025-12-28T18:00:00+00:00,2025-12-29T21:00:00+00:00,2025-12-30T02:00:00+05:00,24,21.0,9626d97f3f6a03ba89223cdebd3320255e0e859fc90c326a2e44767ad0eee5a1,0.98,11.24,11.53,11.77,73.0,0.8,943.4,-0.7071067811865477,0.7071067811865474,-0.03869579017652689,0.9992510374388481
training,2025-12-28T00:00:00+00:00,2025-12-27T18:00:00+00:00,2025-12-29T21:00:00+00:00,2025-12-30T02:00:00+05:00,48,45.0,b308908b3a4de0e7712b8f94cb28f56d635391775bbb4a306ab6cf987528febd,0.98,10.41,10.68,10.91,77.0,0.0,943.4,-0.7071067811865477,0.7071067811865474,-0.03869579017652689,0.9992510374388481
training,2025-12-29T00:00:00+00:00,2025-12-28T18:00:00+00:00,2025-12-29T22:00:00+00:00,2025-12-30T03:00:00+05:00,24,22.0,9626d97f3f6a03ba89223cdebd3320255e0e859fc90c326a2e44767ad0eee5a1,0.98,10.89,11.17,11.4,75.0,0.9,943.1,-0.5000000000000004,0.8660254037844384,-0.03869579017652689,0.9992510374388481
training,2025-12-28T00:00:00+00:00,2025-12-27T18:00:00+00:00,2025-12-29T22:00:00+00:00,2025-12-30T03:00:00+05:00,48,46.0,b308908b3a4de0e7712b8f94cb28f56d635391775bbb4a306ab6cf987528febd,0.98,9.98,10.24,10.45,75.0,0.0,942.9,-0.5000000000000004,0.8660254037844384,-0.03869579017652689,0.9992510374388481
training,2025-12-29T00:00:00+00:00,2025-12-28T18:00:00+00:00,2025-12-29T23:00:00+00:00,2025-12-30T04:00:00+05:00,24,23.0,9626d97f3f6a03ba89223cdebd3320255e0e859fc90c326a2e44767ad0eee5a1,0.98,10.21,10.47,10.69,74.0,0.8,942.9,-0.25881904510252157,0.9659258262890681,-0.03869579017652689,0.9992510374388481
training,2025-12-28T00:00:00+00:00,2025-12-27T18:00:00+00:00,2025-12-29T23:00:00+00:00,2025-12-30T04:00:00+05:00,48,47.0,b308908b3a4de0e7712b8f94cb28f56d635391775bbb4a306ab6cf987528febd,0.98,9.6,9.85,10.06,73.0,-0.2,942.8,-0.25881904510252157,0.9659258262890681,-0.03869579017652689,0.9992510374388481
training,2025-12-29T00:00:00+00:00,2025-12-28T18:00:00+00:00,2025-12-30T00:00:00+00:00,2025-12-30T05:00:00+05:00,24,24.0,9626d97f3f6a03ba89223cdebd3320255e0e859fc90c326a2e44767ad0eee5a1,0.9766666666666666,9.55,9.8,10.0,75.0,0.4,943.1,0.0,1.0,-0.021501372740813793,0.999768818762748
training,2025-12-28T00:00:00+00:00,2025-12-27T18:00:00+00:00,2025-12-30T00:00:00+00:00,2025-12-30T05:00:00+05:00,48,48.0,b308908b3a4de0e7712b8f94cb28f56d635391775bbb4a306ab6cf987528febd,0.9766666666666666,8.99,9.22,9.41,73.0,-0.2,942.9,0.0,1.0,-0.021501372740813793,0.999768818762748
training,2025-12-29T00:00:00+00:00,2025-12-28T18:00:00+00:00,2025-12-30T01:00:00+00:00,2025-12-30T06:00:00+05:00,24,25.0,9626d97f3f6a03ba89223cdebd3320255e0e859fc90c326a2e44767ad0eee5a1,0.98,9.28,9.52,9.72,73.0,0.2,942.9,0.25881904510252074,0.9659258262890683,-0.021501372740813793,0.999768818762748
training,2025-12-28T00:00:00+00:00,2025-12-27T18:00:00+00:00,2025-12-30T01:00:00+00:00,2025-12-30T06:00:00+05:00,48,49.0,b308908b3a4de0e7712b8f94cb28f56d635391775bbb4a306ab6cf987528febd,0.98,9.59,9.84,10.04,70.0,-0.2,943.3,0.25881904510252074,0.9659258262890683,-0.021501372740813793,0.999768818762748
training,2025-12-29T00:00:00+00:00,2025-12-28T18:00:00+00:00,2025-12-30T02:00:00+00:00,2025-12-30T07:00:00+05:00,24,26.0,9626d97f3f6a03ba89223cdebd3320255e0e859fc90c326a2e44767ad0eee5a1,0.9716666666666667,9.42,9.67,9.87,69.0,0.6,943.2,0.49999999999999994,0.8660254037844387,-0.021501372740813793,0.999768818762748
training,2025-12-28T00:00:00+00:00,2025-12-27T18:00:00+00:00,2025-12-30T02:00:00+00:00,2025-12-30T07:00:00+05:00,48,50.0,b308908b3a4de0e7712b8f94cb28f56d635391775bbb4a306ab6cf987528febd,0.9716666666666667,9.13,9.36,9.56,70.0,-0.3,943.4,0.49999999999999994,0.8660254037844387,-0.021501372740813793,0.999768818762748
training,2025-12-29T06:00:00+00:00,2025-12-29T00:00:00+00:00,2025-12-30T03:00:00+00:00,2025-12-30T08:00:00+05:00,24,21.0,2a1057edb7b00ea830af2e607680efc7181b0966eb8fa3a71e62131d702cbd13,0.8450000000000001,8.24,8.45,8.63,77.0,0.8,943.7,0.7071067811865476,0.7071067811865476,-0.021501372740813793,0.999768818762748
training,2025-12-28T06:00:00+00:00,2025-12-28T00:00:00+00:00,2025-12-30T03:00:00+00:00,2025-12-30T08:00:00+05:00,48,45.0,e5395ac7032ac8df7d399d11249286c8232f1462cfccf1504f6c1faf3c9ea027,0.8450000000000001,9.26,9.5,9.7,70.0,0.6,943.2,0.7071067811865476,0.7071067811865476,-0.021501372740813793,0.999768818762748
training,2025-12-29T06:00:00+00:00,2025-12-29T00:00:00+00:00,2025-12-30T04:00:00+00:00,2025-12-30T09:00:00+05:00,24,22.0,2a1057edb7b00ea830af2e607680efc7181b0966eb8fa3a71e62131d702cbd13,0.9566666666666667,7.84,8.04,8.21,69.0,2.4,944.1,0.8660254037844386,0.5000000000000001,-0.021501372740813793,0.999768818762748
training,2025-12-28T06:00:00+00:00,2025-12-28T00:00:00+00:00,2025-12-30T04:00:00+00:00,2025-12-30T09:00:00+05:00,48,46.0,e5395ac7032ac8df7d399d11249286c8232f1462cfccf1504f6c1faf3c9ea027,0.9566666666666667,8.93,9.16,9.35,70.0,2.9,943.9,0.8660254037844386,0.5000000000000001,-0.021501372740813793,0.999768818762748
training,2025-12-29T06:00:00+00:00,2025-12-29T00:00:00+00:00,2025-12-30T05:00:00+00:00,2025-12-30T10:00:00+05:00,24,23.0,2a1057edb7b00ea830af2e607680efc7181b0966eb8fa3a71e62131d702cbd13,0.9416666666666668,8.62,8.84,9.02,71.0,4.9,944.5,0.9659258262890683,0.25881904510252074,-0.021501372740813793,0.999768818762748
training,2025-12-28T06:00:00+00:00,2025-12-28T00:00:00+00:00,2025-12-30T05:00:00+00:00,2025-12-30T10:00:00+05:00,48,47.0,e5395ac7032ac8df7d399d11249286c8232f1462cfccf1504f6c1faf3c9ea027,0.9416666666666668,8.81,9.03,9.22,68.0,5.6,944.4,0.9659258262890683,0.25881904510252074,-0.021501372740813793,0.999768818762748
training,2025-12-29T06:00:00+00:00,2025-12-29T00:00:00+00:00,2025-12-30T06:00:00+00:00,2025-12-30T11:00:00+05:00,24,24.0,2a1057edb7b00ea830af2e607680efc7181b0966eb8fa3a71e62131d702cbd13,0.9316666666666666,6.87,7.04,7.19,63.0,7.3,944.5,1.0,6.123233995736766e-17,-0.021501372740813793,0.999768818762748
training,2025-12-28T06:00:00+00:00,2025-12-28T00:00:00+00:00,2025-12-30T06:00:00+00:00,2025-12-30T11:00:00+05:00,48,48.0,e5395ac7032ac8df7d399d11249286c8232f1462cfccf1504f6c1faf3c9ea027,0.9316666666666666,7.15,7.34,7.49,57.0,7.5,944.4,1.0,6.123233995736766e-17,-0.021501372740813793,0.999768818762748
training,2025-12-29T06:00:00+00:00,2025-12-29T00:00:00+00:00,2025-12-30T07:00:00+00:00,2025-12-30T12:00:00+05:00,24,25.0,2a1057edb7b00ea830af2e607680efc7181b0966eb8fa3a71e62131d702cbd13,0.9716666666666667,5.69,5.84,5.96,58.0,8.4,944.1,0.9659258262890683,-0.25881904510252063,-0.021501372740813793,0.999768818762748
training,2025-12-28T06:00:00+00:00,2025-12-28T00:00:00+00:00,2025-12-30T07:00:00+00:00,2025-12-30T12:00:00+05:00,48,49.0,e5395ac7032ac8df7d399d11249286c8232f1462cfccf1504f6c1faf3c9ea027,0.9716666666666667,7.02,7.2,7.35,57.0,7.9,944.1,0.9659258262890683,-0.25881904510252063,-0.021501372740813793,0.999768818762748
training,2025-12-29T06:00:00+00:00,2025-12-29T00:00:00+00:00,2025-12-30T08:00:00+00:00,2025-12-30T13:00:00+05:00,24,26.0,2a1057edb7b00ea830af2e607680efc7181b0966eb8fa3a71e62131d702cbd13,0.96,5.23,5.37,5.48,54.0,8.6,943.7,0.8660254037844387,-0.4999999999999998,-0.021501372740813793,0.999768818762748
training,2025-12-28T06:00:00+00:00,2025-12-28T00:00:00+00:00,2025-12-30T08:00:00+00:00,2025-12-30T13:00:00+05:00,48,50.0,e5395ac7032ac8df7d399d11249286c8232f1462cfccf1504f6c1faf3c9ea027,0.96,5.58,5.73,5.85,58.0,8.1,943.9,0.8660254037844387,-0.4999999999999998,-0.021501372740813793,0.999768818762748
training,2025-12-29T12:00:00+00:00,2025-12-29T06:00:00+00:00,2025-12-30T09:00:00+00:00,2025-12-30T14:00:00+05:00,24,21.0,1da6c929cbe42d2881d4d42231fd1f08b8679c985a96dc5e41960300881d4385,0.9700000000000001,5.59,5.73,5.85,61.0,8.3,943.1,0.7071067811865476,-0.7071067811865475,-0.021501372740813793,0.999768818762748
training,2025-12-28T12:00:00+00:00,2025-12-28T06:00:00+00:00,2025-12-30T09:00:00+00:00,2025-12-30T14:00:00+05:00,48,45.0,58f82b06aecb416c740ef2ba1c0095599998fb13f80361e4e4da09d6a4e6866a,0.9700000000000001,6.39,6.55,6.69,59.0,8.4,942.9,0.7071067811865476,-0.7071067811865475,-0.021501372740813793,0.999768818762748
training,2025-12-29T12:00:00+00:00,2025-12-29T06:00:00+00:00,2025-12-30T10:00:00+00:00,2025-12-30T15:00:00+05:00,24,22.0,1da6c929cbe42d2881d4d42231fd1f08b8679c985a96dc5e41960300881d4385,0.9700000000000001,4.08,4.19,4.27,57.0,6.2,943.1,0.49999999999999994,-0.8660254037844387,-0.021501372740813793,0.999768818762748
training,2025-12-28T12:00:00+00:00,2025-12-28T06:00:00+00:00,2025-12-30T10:00:00+00:00,2025-12-30T15:00:00+05:00,48,46.0,58f82b06aecb416c740ef2ba1c0095599998fb13f80361e4e4da09d6a4e6866a,0.9700000000000001,4.91,5.04,5.14,61.0,6.7,942.5,0.49999999999999994,-0.8660254037844387,-0.021501372740813793,0.999768818762748
training,2025-12-29T12:00:00+00:00,2025-12-29T06:00:00+00:00,2025-12-30T11:00:00+00:00,2025-12-30T16:00:00+05:00,24,23.0,1da6c929cbe42d2881d4d42231fd1f08b8679c985a96dc5e41960300881d4385,0.9700000000000001,3.18,3.26,3.33,69.0,3.4,942.5,0.258819045102521,-0.9659258262890682,-0.021501372740813793,0.999768818762748
training,2025-12-28T12:00:00+00:00,2025-12-28T06:00:00+00:00,2025-12-30T11:00:00+00:00,2025-12-30T16:00:00+05:00,48,47.0,58f82b06aecb416c740ef2ba1c0095599998fb13f80361e4e4da09d6a4e6866a,0.9700000000000001,4.7,4.83,4.93,56.0,3.0,941.7,0.258819045102521,-0.9659258262890682,-0.021501372740813793,0.999768818762748
training,2025-12-29T12:00:00+00:00,2025-12-29T06:00:00+00:00,2025-12-30T12:00:00+00:00,2025-12-30T17:00:00+05:00,24,24.0,1da6c929cbe42d2881d4d42231fd1f08b8679c985a96dc5e41960300881d4385,0.9700000000000001,3.68,3.78,3.86,64.0,2.2,941.9,1.2246467991473532e-16,-1.0,-0.021501372740813793,0.999768818762748
training,2025-12-28T12:00:00+00:00,2025-12-28T06:00:00+00:00,2025-12-30T12:00:00+00:00,2025-12-30T17:00:00+05:00,48,48.0,58f82b06aecb416c740ef2ba1c0095599998fb13f80361e4e4da09d6a4e6866a,0.9700000000000001,4.84,4.97,5.07,61.0,1.7,941.3,1.2246467991473532e-16,-1.0,-0.021501372740813793,0.999768818762748
training,2025-12-29T12:00:00+00:00,2025-12-29T06:00:00+00:00,2025-12-30T13:00:00+00:00,2025-12-30T18:00:00+05:00,24,25.0,1da6c929cbe42d2881d4d42231fd1f08b8679c985a96dc5e41960300881d4385,0.9516666666666667,5.24,5.38,5.49,57.0,2.0,941.5,-0.2588190451025208,-0.9659258262890683,-0.021501372740813793,0.999768818762748
training,2025-12-28T12:00:00+00:00,2025-12-28T06:00:00+00:00,2025-12-30T13:00:00+00:00,2025-12-30T18:00:00+05:00,48,49.0,58f82b06aecb416c740ef2ba1c0095599998fb13f80361e4e4da09d6a4e6866a,0.9516666666666667,4.82,4.94,5.04,64.0,0.0,940.6,-0.2588190451025208,-0.9659258262890683,-0.021501372740813793,0.999768818762748
training,2025-12-29T12:00:00+00:00,2025-12-29T06:00:00+00:00,2025-12-30T14:00:00+00:00,2025-12-30T19:00:00+05:00,24,26.0,1da6c929cbe42d2881d4d42231fd1f08b8679c985a96dc5e41960300881d4385,0.9516666666666667,5.54,5.68,5.8,64.0,2.0,940.9,-0.4999999999999997,-0.8660254037844388,-0.021501372740813793,0.999768818762748
training,2025-12-28T12:00:00+00:00,2025-12-28T06:00:00+00:00,2025-12-30T14:00:00+00:00,2025-12-30T19:00:00+05:00,48,50.0,58f82b06aecb416c740ef2ba1c0095599998fb13f80361e4e4da09d6a4e6866a,0.9516666666666667,5.75,5.9,6.02,59.0,0.3,940.5,-0.4999999999999997,-0.8660254037844388,-0.021501372740813793,0.999768818762748
training,2025-12-29T18:00:00+00:00,2025-12-29T12:00:00+00:00,2025-12-30T15:00:00+00:00,2025-12-30T20:00:00+05:00,24,21.0,bb5a0c038b5fb8affc6672330326a11f61656e45a2c4b5016479f474852eaca0,0.625,5.0,5.13,5.24,57.0,-0.1,940.2,-0.7071067811865471,-0.7071067811865479,-0.021501372740813793,0.999768818762748
training,2025-12-28T18:00:00+00:00,2025-12-28T12:00:00+00:00,2025-12-30T15:00:00+00:00,2025-12-30T20:00:00+05:00,48,45.0,1a1cc7af046e7962b313c79c3970fd5139e98b35f3bd87354f40537ab87ee59f,0.625,3.2,3.29,3.36,62.0,-0.2,939.2,-0.7071067811865471,-0.7071067811865479,-0.021501372740813793,0.999768818762748
training,2025-12-29T18:00:00+00:00,2025-12-29T12:00:00+00:00,2025-12-30T16:00:00+00:00,2025-12-30T21:00:00+05:00,24,22.0,bb5a0c038b5fb8affc6672330326a11f61656e45a2c4b5016479f474852eaca0,0.8266666666666667,3.43,3.52,3.59,67.0,0.0,940.1,-0.8660254037844385,-0.5000000000000004,-0.021501372740813793,0.999768818762748
training,2025-12-28T18:00:00+00:00,2025-12-28T12:00:00+00:00,2025-12-30T16:00:00+00:00,2025-12-30T21:00:00+05:00,48,46.0,1a1cc7af046e7962b313c79c3970fd5139e98b35f3bd87354f40537ab87ee59f,0.8266666666666667,1.71,1.75,1.79,87.0,-0.6,938.9,-0.8660254037844385,-0.5000000000000004,-0.021501372740813793,0.999768818762748
training,2025-12-29T18:00:00+00:00,2025-12-29T12:00:00+00:00,2025-12-30T17:00:00+00:00,2025-12-30T22:00:00+05:00,24,23.0,bb5a0c038b5fb8affc6672330326a11f61656e45a2c4b5016479f474852eaca0,0.68,2.92,3.0,3.06,62.0,-0.3,939.9,-0.9659258262890683,-0.25881904510252063,-0.021501372740813793,0.999768818762748
training,2025-12-28T18:00:00+00:00,2025-12-28T12:00:00+00:00,2025-12-30T17:00:00+00:00,2025-12-30T22:00:00+05:00,48,47.0,1a1cc7af046e7962b313c79c3970fd5139e98b35f3bd87354f40537ab87ee59f,0.68,0.7,0.72,0.74,124.0,-0.2,938.8,-0.9659258262890683,-0.25881904510252063,-0.021501372740813793,0.999768818762748
training,2025-12-29T18:00:00+00:00,2025-12-29T12:00:00+00:00,2025-12-30T18:00:00+00:00,2025-12-30T23:00:00+05:00,24,24.0,bb5a0c038b5fb8affc6672330326a11f61656e45a2c4b5016479f474852eaca0,0.89,0.77,0.79,0.81,108.0,-0.4,940.3,-1.0,-1.8369701987210297e-16,-0.021501372740813793,0.999768818762748
training,2025-12-28T18:00:00+00:00,2025-12-28T12:00:00+00:00,2025-12-30T18:00:00+00:00,2025-12-30T23:00:00+05:00,48,48.0,1a1cc7af046e7962b313c79c3970fd5139e98b35f3bd87354f40537ab87ee59f,0.89,1.21,1.24,1.26,104.0,0.5,939.0,-1.0,-1.8369701987210297e-16,-0.021501372740813793,0.999768818762748
training,2025-12-29T18:00:00+00:00,2025-12-29T12:00:00+00:00,2025-12-30T19:00:00+00:00,2025-12-31T00:00:00+05:00,24,25.0,bb5a0c038b5fb8affc6672330326a11f61656e45a2c4b5016479f474852eaca0,0.375,0.58,0.6,0.61,90.0,-0.2,940.2,-0.9659258262890684,0.2588190451025203,-0.021501372740813793,0.999768818762748
training,2025-12-28T18:00:00+00:00,2025-12-28T12:00:00+00:00,2025-12-30T19:00:00+00:00,2025-12-31T00:00:00+05:00,48,49.0,1a1cc7af046e7962b313c79c3970fd5139e98b35f3bd87354f40537ab87ee59f,0.375,2.73,2.8,2.86,74.0,0.1,938.7,-0.9659258262890684,0.2588190451025203,-0.021501372740813793,0.999768818762748
training,2025-12-29T18:00:00+00:00,2025-12-29T12:00:00+00:00,2025-12-30T20:00:00+00:00,2025-12-31T01:00:00+05:00,24,26.0,bb5a0c038b5fb8affc6672330326a11f61656e45a2c4b5016479f474852eaca0,0.235,1.76,1.8,1.84,236.0,0.3,941.0,-0.8660254037844386,0.5000000000000001,-0.021501372740813793,0.999768818762748
training,2025-12-28T18:00:00+00:00,2025-12-28T12:00:00+00:00,2025-12-30T20:00:00+00:00,2025-12-31T01:00:00+05:00,48,50.0,1a1cc7af046e7962b313c79c3970fd5139e98b35f3bd87354f40537ab87ee59f,0.235,2.04,2.09,2.14,57.0,0.5,939.3,-0.8660254037844386,0.5000000000000001,-0.021501372740813793,0.999768818762748
training,2025-12-30T00:00:00+00:00,2025-12-29T18:00:00+00:00,2025-12-30T21:00:00+00:00,2025-12-31T02:00:00+05:00,24,21.0,134a739a1d141b76d7d613e6c7ed62de247d392dc697ed0fb8c54576a62a5b9e,0.125,2.11,2.16,2.21,214.0,0.6,940.8,-0.7071067811865477,0.7071067811865474,-0.021501372740813793,0.999768818762748
training,2025-12-29T00:00:00+00:00,2025-12-28T18:00:00+00:00,2025-12-30T21:00:00+00:00,2025-12-31T02:00:00+05:00,48,45.0,9626d97f3f6a03ba89223cdebd3320255e0e859fc90c326a2e44767ad0eee5a1,0.125,1.17,1.2,1.23,163.0,0.9,939.8,-0.7071067811865477,0.7071067811865474,-0.021501372740813793,0.999768818762748
training,2025-12-30T00:00:00+00:00,2025-12-29T18:00:00+00:00,2025-12-30T22:00:00+00:00,2025-12-31T03:00:00+05:00,24,22.0,134a739a1d141b76d7d613e6c7ed62de247d392dc697ed0fb8c54576a62a5b9e,0.013333333333333334,2.51,2.57,2.62,193.0,0.4,940.4,-0.5000000000000004,0.8660254037844384,-0.021501372740813793,0.999768818762748
training,2025-12-29T00:00:00+00:00,2025-12-28T18:00:00+00:00,2025-12-30T22:00:00+00:00,2025-12-31T03:00:00+05:00,48,46.0,9626d97f3f6a03ba89223cdebd3320255e0e859fc90c326a2e44767ad0eee5a1,0.013333333333333334,1.34,1.38,1.4,161.0,0.7,939.7,-0.5000000000000004,0.8660254037844384,-0.021501372740813793,0.999768818762748
training,2025-12-30T00:00:00+00:00,2025-12-29T18:00:00+00:00,2025-12-30T23:00:00+00:00,2025-12-31T04:00:00+05:00,24,23.0,134a739a1d141b76d7d613e6c7ed62de247d392dc697ed0fb8c54576a62a5b9e,0.01,2.24,2.3,2.35,222.0,0.7,940.5,-0.25881904510252157,0.9659258262890681,-0.021501372740813793,0.999768818762748
training,2025-12-29T00:00:00+00:00,2025-12-28T18:00:00+00:00,2025-12-30T23:00:00+00:00,2025-12-31T04:00:00+05:00,48,47.0,9626d97f3f6a03ba89223cdebd3320255e0e859fc90c326a2e44767ad0eee5a1,0.01,1.76,1.8,1.84,146.0,0.7,939.6,-0.25881904510252157,0.9659258262890681,-0.021501372740813793,0.999768818762748
training,2025-12-30T00:00:00+00:00,2025-12-29T18:00:00+00:00,2025-12-31T00:00:00+00:00,2025-12-31T05:00:00+05:00,24,24.0,134a739a1d141b76d7d613e6c7ed62de247d392dc697ed0fb8c54576a62a5b9e,0.01,3.25,3.34,3.4,230.0,0.8,941.6,0.0,1.0,-0.004300592702981974,0.9999907524084426
training,2025-12-29T00:00:00+00:00,2025-12-28T18:00:00+00:00,2025-12-31T00:00:00+00:00,2025-12-31T05:00:00+05:00,48,48.0,9626d97f3f6a03ba89223cdebd3320255e0e859fc90c326a2e44767ad0eee5a1,0.01,1.09,1.12,1.14,153.0,1.0,940.1,0.0,1.0,-0.004300592702981974,0.9999907524084426
training,2025-12-30T00:00:00+00:00,2025-12-29T18:00:00+00:00,2025-12-31T01:00:00+00:00,2025-12-31T06:00:00+05:00,24,25.0,134a739a1d141b76d7d613e6c7ed62de247d392dc697ed0fb8c54576a62a5b9e,0.01,5.15,5.28,5.39,242.0,1.2,942.7,0.25881904510252074,0.9659258262890683,-0.004300592702981974,0.9999907524084426
training,2025-12-29T00:00:00+00:00,2025-12-28T18:00:00+00:00,2025-12-31T01:00:00+00:00,2025-12-31T06:00:00+05:00,48,49.0,9626d97f3f6a03ba89223cdebd3320255e0e859fc90c326a2e44767ad0eee5a1,0.01,0.77,0.79,0.81,162.0,1.8,941.3,0.25881904510252074,0.9659258262890683,-0.004300592702981974,0.9999907524084426
training,2025-12-30T00:00:00+00:00,2025-12-29T18:00:00+00:00,2025-12-31T02:00:00+00:00,2025-12-31T07:00:00+05:00,24,26.0,134a739a1d141b76d7d613e6c7ed62de247d392dc697ed0fb8c54576a62a5b9e,0.01,5.77,5.92,6.04,240.0,1.4,943.7,0.49999999999999994,0.8660254037844387,-0.004300592702981974,0.9999907524084426
training,2025-12-29T00:00:00+00:00,2025-12-28T18:00:00+00:00,2025-12-31T02:00:00+00:00,2025-12-31T07:00:00+05:00,48,50.0,9626d97f3f6a03ba89223cdebd3320255e0e859fc90c326a2e44767ad0eee5a1,0.01,4.72,4.84,4.94,247.0,0.2,942.8,0.49999999999999994,0.8660254037844387,-0.004300592702981974,0.9999907524084426
training,2025-12-30T06:00:00+00:00,2025-12-30T00:00:00+00:00,2025-12-31T03:00:00+00:00,2025-12-31T08:00:00+05:00,24,21.0,45b90664e626210f99fe1e6b44bc6099b775ac50a711c3888def1e94466cce44,0.01,6.18,6.35,6.48,239.0,2.2,945.7,0.7071067811865476,0.7071067811865476,-0.004300592702981974,0.9999907524084426
training,2025-12-29T06:00:00+00:00,2025-12-29T00:00:00+00:00,2025-12-31T03:00:00+00:00,2025-12-31T08:00:00+05:00,48,45.0,2a1057edb7b00ea830af2e607680efc7181b0966eb8fa3a71e62131d702cbd13,0.01,4.52,4.64,4.74,248.0,-0.2,943.6,0.7071067811865476,0.7071067811865476,-0.004300592702981974,0.9999907524084426
training,2025-12-30T06:00:00+00:00,2025-12-30T00:00:00+00:00,2025-12-31T04:00:00+00:00,2025-12-31T09:00:00+05:00,24,22.0,45b90664e626210f99fe1e6b44bc6099b775ac50a711c3888def1e94466cce44,0.06166666666666667,4.91,5.03,5.14,229.0,3.8,946.9,0.8660254037844386,0.5000000000000001,-0.004300592702981974,0.9999907524084426
training,2025-12-29T06:00:00+00:00,2025-12-29T00:00:00+00:00,2025-12-31T04:00:00+00:00,2025-12-31T09:00:00+05:00,48,46.0,2a1057edb7b00ea830af2e607680efc7181b0966eb8fa3a71e62131d702cbd13,0.06166666666666667,4.95,5.08,5.18,244.0,1.9,945.5,0.8660254037844386,0.5000000000000001,-0.004300592702981974,0.9999907524084426
training,2025-12-30T06:00:00+00:00,2025-12-30T00:00:00+00:00,2025-12-31T05:00:00+00:00,2025-12-31T10:00:00+05:00,24,23.0,45b90664e626210f99fe1e6b44bc6099b775ac50a711c3888def1e94466cce44,0.115,3.96,4.06,4.15,236.0,4.8,947.7,0.9659258262890683,0.25881904510252074,-0.004300592702981974,0.9999907524084426
training,2025-12-29T06:00:00+00:00,2025-12-29T00:00:00+00:00,2025-12-31T05:00:00+00:00,2025-12-31T10:00:00+05:00,48,47.0,2a1057edb7b00ea830af2e607680efc7181b0966eb8fa3a71e62131d702cbd13,0.115,4.68,4.8,4.9,236.0,4.2,946.7,0.9659258262890683,0.25881904510252074,-0.004300592702981974,0.9999907524084426
training,2025-12-30T06:00:00+00:00,2025-12-30T00:00:00+00:00,2025-12-31T06:00:00+00:00,2025-12-31T11:00:00+05:00,24,24.0,45b90664e626210f99fe1e6b44bc6099b775ac50a711c3888def1e94466cce44,0.08666666666666667,2.9,2.97,3.03,222.0,5.2,948.1,1.0,6.123233995736766e-17,-0.004300592702981974,0.9999907524084426
training,2025-12-29T06:00:00+00:00,2025-12-29T00:00:00+00:00,2025-12-31T06:00:00+00:00,2025-12-31T11:00:00+05:00,48,48.0,2a1057edb7b00ea830af2e607680efc7181b0966eb8fa3a71e62131d702cbd13,0.08666666666666667,3.89,4.0,4.08,224.0,5.8,947.1,1.0,6.123233995736766e-17,-0.004300592702981974,0.9999907524084426
training,2025-12-30T06:00:00+00:00,2025-12-30T00:00:00+00:00,2025-12-31T07:00:00+00:00,2025-12-31T12:00:00+05:00,24,25.0,45b90664e626210f99fe1e6b44bc6099b775ac50a711c3888def1e94466cce44,0.19000000000000003,2.84,2.91,2.97,231.0,6.2,948.0,0.9659258262890683,-0.25881904510252063,-0.004300592702981974,0.9999907524084426
training,2025-12-29T06:00:00+00:00,2025-12-29T00:00:00+00:00,2025-12-31T07:00:00+00:00,2025-12-31T12:00:00+05:00,48,49.0,2a1057edb7b00ea830af2e607680efc7181b0966eb8fa3a71e62131d702cbd13,0.19000000000000003,3.9,4.0,4.08,228.0,6.3,947.0,0.9659258262890683,-0.25881904510252063,-0.004300592702981974,0.9999907524084426
training,2025-12-30T06:00:00+00:00,2025-12-30T00:00:00+00:00,2025-12-31T08:00:00+00:00,2025-12-31T13:00:00+05:00,24,26.0,45b90664e626210f99fe1e6b44bc6099b775ac50a711c3888def1e94466cce44,0.36166666666666664,3.09,3.17,3.24,232.0,6.5,947.8,0.8660254037844387,-0.4999999999999998,-0.004300592702981974,0.9999907524084426
training,2025-12-29T06:00:00+00:00,2025-12-29T00:00:00+00:00,2025-12-31T08:00:00+00:00,2025-12-31T13:00:00+05:00,48,50.0,2a1057edb7b00ea830af2e607680efc7181b0966eb8fa3a71e62131d702cbd13,0.36166666666666664,3.66,3.76,3.84,221.0,6.1,946.9,0.8660254037844387,-0.4999999999999998,-0.004300592702981974,0.9999907524084426
training,2025-12-30T12:00:00+00:00,2025-12-30T06:00:00+00:00,2025-12-31T09:00:00+00:00,2025-12-31T14:00:00+05:00,24,21.0,746855c51e07ad037fe077621b88abcb35d5fe11682c136c2a5c64fbc3374a20,0.10166666666666667,4.5,4.62,4.71,230.0,6.2,947.7,0.7071067811865476,-0.7071067811865475,-0.004300592702981974,0.9999907524084426
training,2025-12-29T12:00:00+00:00,2025-12-29T06:00:00+00:00,2025-12-31T09:00:00+00:00,2025-12-31T14:00:00+05:00,48,45.0,1da6c929cbe42d2881d4d42231fd1f08b8679c985a96dc5e41960300881d4385,0.10166666666666667,2.0,2.06,2.1,252.0,7.0,946.6,0.7071067811865476,-0.7071067811865475,-0.004300592702981974,0.9999907524084426
training,2025-12-30T12:00:00+00:00,2025-12-30T06:00:00+00:00,2025-12-31T10:00:00+00:00,2025-12-31T15:00:00+05:00,24,22.0,746855c51e07ad037fe077621b88abcb35d5fe11682c136c2a5c64fbc3374a20,0.008333333333333333,4.95,5.08,5.18,236.0,5.2,948.1,0.49999999999999994,-0.8660254037844387,-0.004300592702981974,0.9999907524084426
training,2025-12-29T12:00:00+00:00,2025-12-29T06:00:00+00:00,2025-12-31T10:00:00+00:00,2025-12-31T15:00:00+05:00,48,46.0,1da6c929cbe42d2881d4d42231fd1f08b8679c985a96dc5e41960300881d4385,0.008333333333333333,2.02,2.07,2.11,262.0,4.6,946.7,0.49999999999999994,-0.8660254037844387,-0.004300592702981974,0.9999907524084426
training,2025-12-30T12:00:00+00:00,2025-12-30T06:00:00+00:00,2025-12-31T11:00:00+00:00,2025-12-31T16:00:00+05:00,24,23.0,746855c51e07ad037fe077621b88abcb35d5fe11682c136c2a5c64fbc3374a20,0.005,4.97,5.1,5.2,244.0,4.3,948.6,0.258819045102521,-0.9659258262890682,-0.004300592702981974,0.9999907524084426
training,2025-12-29T12:00:00+00:00,2025-12-29T06:00:00+00:00,2025-12-31T11:00:00+00:00,2025-12-31T16:00:00+05:00,48,47.0,1da6c929cbe42d2881d4d42231fd1f08b8679c985a96dc5e41960300881d4385,0.005,2.04,2.09,2.13,259.0,2.4,947.1,0.258819045102521,-0.9659258262890682,-0.004300592702981974,0.9999907524084426
training,2025-12-30T12:00:00+00:00,2025-12-30T06:00:00+00:00,2025-12-31T12:00:00+00:00,2025-12-31T17:00:00+05:00,24,24.0,746855c51e07ad037fe077621b88abcb35d5fe11682c136c2a5c64fbc3374a20,0.03666666666666667,4.87,5.0,5.1,254.0,3.6,949.4,1.2246467991473532e-16,-1.0,-0.004300592702981974,0.9999907524084426
training,2025-12-29T12:00:00+00:00,2025-12-29T06:00:00+00:00,2025-12-31T12:00:00+00:00,2025-12-31T17:00:00+05:00,48,48.0,1da6c929cbe42d2881d4d42231fd1f08b8679c985a96dc5e41960300881d4385,0.03666666666666667,2.7,2.77,2.83,242.0,1.8,947.8,1.2246467991473532e-16,-1.0,-0.004300592702981974,0.9999907524084426
training,2025-12-30T12:00:00+00:00,2025-12-30T06:00:00+00:00,2025-12-31T13:00:00+00:00,2025-12-31T18:00:00+05:00,24,25.0,746855c51e07ad037fe077621b88abcb35d5fe11682c136c2a5c64fbc3374a20,0.07666666666666667,4.87,5.0,5.1,247.0,3.9,950.2,-0.2588190451025208,-0.9659258262890683,-0.004300592702981974,0.9999907524084426
training,2025-12-29T12:00:00+00:00,2025-12-29T06:00:00+00:00,2025-12-31T13:00:00+00:00,2025-12-31T18:00:00+05:00,48,49.0,1da6c929cbe42d2881d4d42231fd1f08b8679c985a96dc5e41960300881d4385,0.07666666666666667,4.29,4.4,4.49,238.0,1.9,948.9,-0.2588190451025208,-0.9659258262890683,-0.004300592702981974,0.9999907524084426
training,2025-12-30T12:00:00+00:00,2025-12-30T06:00:00+00:00,2025-12-31T14:00:00+00:00,2025-12-31T19:00:00+05:00,24,26.0,746855c51e07ad037fe077621b88abcb35d5fe11682c136c2a5c64fbc3374a20,0.013333333333333334,5.64,5.79,5.91,244.0,4.4,950.8,-0.4999999999999997,-0.8660254037844388,-0.004300592702981974,0.9999907524084426
training,2025-12-29T12:00:00+00:00,2025-12-29T06:00:00+00:00,2025-12-31T14:00:00+00:00,2025-12-31T19:00:00+05:00,48,50.0,1da6c929cbe42d2881d4d42231fd1f08b8679c985a96dc5e41960300881d4385,0.013333333333333334,7.03,7.22,7.36,249.0,2.0,950.3,-0.4999999999999997,-0.8660254037844388,-0.004300592702981974,0.9999907524084426
training,2025-12-30T18:00:00+00:00,2025-12-30T12:00:00+00:00,2025-12-31T15:00:00+00:00,2025-12-31T20:00:00+05:00,24,21.0,c7cd6ecff67a49ff3d7f51dd61a82daa0afd7ec32daa6015755bef43ba78e284,0.018333333333333333,7.95,8.16,8.33,248.0,3.8,951.1,-0.7071067811865471,-0.7071067811865479,-0.004300592702981974,0.9999907524084426
training,2025-12-29T18:00:00+00:00,2025-12-29T12:00:00+00:00,2025-12-31T15:00:00+00:00,2025-12-31T20:00:00+05:00,48,45.0,bb5a0c038b5fb8affc6672330326a11f61656e45a2c4b5016479f474852eaca0,0.018333333333333333,6.71,6.89,7.03,255.0,2.6,951.6,-0.7071067811865471,-0.7071067811865479,-0.004300592702981974,0.9999907524084426
training,2025-12-30T18:00:00+00:00,2025-12-30T12:00:00+00:00,2025-12-31T16:00:00+00:00,2025-12-31T21:00:00+05:00,24,22.0,c7cd6ecff67a49ff3d7f51dd61a82daa0afd7ec32daa6015755bef43ba78e284,0.021666666666666667,8.5,8.72,8.9,249.0,4.0,952.0,-0.8660254037844385,-0.5000000000000004,-0.004300592702981974,0.9999907524084426
training,2025-12-29T18:00:00+00:00,2025-12-29T12:00:00+00:00,2025-12-31T16:00:00+00:00,2025-12-31T21:00:00+05:00,48,46.0,bb5a0c038b5fb8affc6672330326a11f61656e45a2c4b5016479f474852eaca0,0.021666666666666667,9.28,9.52,9.72,266.0,4.5,952.6,-0.8660254037844385,-0.5000000000000004,-0.004300592702981974,0.9999907524084426
training,2025-12-30T18:00:00+00:00,2025-12-30T12:00:00+00:00,2025-12-31T17:00:00+00:00,2025-12-31T22:00:00+05:00,24,23.0,c7cd6ecff67a49ff3d7f51dd61a82daa0afd7ec32daa6015755bef43ba78e284,0.006666666666666667,9.67,9.92,10.13,247.0,4.6,953.0,-0.9659258262890683,-0.25881904510252063,-0.004300592702981974,0.9999907524084426
training,2025-12-29T18:00:00+00:00,2025-12-29T12:00:00+00:00,2025-12-31T17:00:00+00:00,2025-12-31T22:00:00+05:00,48,47.0,bb5a0c038b5fb8affc6672330326a11f61656e45a2c4b5016479f474852eaca0,0.006666666666666667,11.16,11.45,11.69,264.0,4.4,953.8,-0.9659258262890683,-0.25881904510252063,-0.004300592702981974,0.9999907524084426
training,2025-12-30T18:00:00+00:00,2025-12-30T12:00:00+00:00,2025-12-31T18:00:00+00:00,2025-12-31T23:00:00+05:00,24,24.0,c7cd6ecff67a49ff3d7f51dd61a82daa0afd7ec32daa6015755bef43ba78e284,0.01,9.84,10.09,10.3,260.0,4.4,954.0,-1.0,-1.8369701987210297e-16,-0.004300592702981974,0.9999907524084426
training,2025-12-29T18:00:00+00:00,2025-12-29T12:00:00+00:00,2025-12-31T18:00:00+00:00,2025-12-31T23:00:00+05:00,48,48.0,bb5a0c038b5fb8affc6672330326a11f61656e45a2c4b5016479f474852eaca0,0.01,11.08,11.36,11.6,262.0,3.9,954.8,-1.0,-1.8369701987210297e-16,-0.004300592702981974,0.9999907524084426
validation_selection,2025-12-30T18:00:00+00:00,2025-12-30T12:00:00+00:00,2025-12-31T19:00:00+00:00,2026-01-01T00:00:00+05:00,24,25.0,c7cd6ecff67a49ff3d7f51dd61a82daa0afd7ec32daa6015755bef43ba78e284,0.015,10.1,10.36,10.57,260.0,3.9,954.8,-0.9659258262890684,0.2588190451025203,-0.004300592702981974,0.9999907524084426
validation_selection,2025-12-29T18:00:00+00:00,2025-12-29T12:00:00+00:00,2025-12-31T19:00:00+00:00,2026-01-01T00:00:00+05:00,48,49.0,bb5a0c038b5fb8affc6672330326a11f61656e45a2c4b5016479f474852eaca0,0.015,10.42,10.69,10.91,261.0,3.6,955.8,-0.9659258262890684,0.2588190451025203,-0.004300592702981974,0.9999907524084426
validation_selection,2025-12-30T18:00:00+00:00,2025-12-30T12:00:00+00:00,2025-12-31T20:00:00+00:00,2026-01-01T01:00:00+05:00,24,26.0,c7cd6ecff67a49ff3d7f51dd61a82daa0afd7ec32daa6015755bef43ba78e284,0.16333333333333333,10.37,10.64,10.86,253.0,3.4,955.7,-0.8660254037844386,0.5000000000000001,-0.004300592702981974,0.9999907524084426
validation_selection,2025-12-29T18:00:00+00:00,2025-12-29T12:00:00+00:00,2025-12-31T20:00:00+00:00,2026-01-01T01:00:00+05:00,48,50.0,bb5a0c038b5fb8affc6672330326a11f61656e45a2c4b5016479f474852eaca0,0.16333333333333333,10.3,10.57,10.79,267.0,3.2,956.4,-0.8660254037844386,0.5000000000000001,-0.004300592702981974,0.9999907524084426
validation_selection,2025-12-31T00:00:00+00:00,2025-12-30T18:00:00+00:00,2025-12-31T21:00:00+00:00,2026-01-01T02:00:00+05:00,24,21.0,e3a3df52a94e4a2b3e58eb3b7984ddbf829346cfafe56b25bbcc0b8f8ee68810,0.63,11.39,11.69,11.93,258.0,2.2,957.0,-0.7071067811865477,0.7071067811865474,-0.004300592702981974,0.9999907524084426
validation_selection,2025-12-30T00:00:00+00:00,2025-12-29T18:00:00+00:00,2025-12-31T21:00:00+00:00,2026-01-01T02:00:00+05:00,48,45.0,134a739a1d141b76d7d613e6c7ed62de247d392dc697ed0fb8c54576a62a5b9e,0.63,10.11,10.38,10.59,263.0,2.8,957.1,-0.7071067811865477,0.7071067811865474,-0.004300592702981974,0.9999907524084426
validation_selection,2025-12-31T00:00:00+00:00,2025-12-30T18:00:00+00:00,2025-12-31T22:00:00+00:00,2026-01-01T03:00:00+05:00,24,22.0,e3a3df52a94e4a2b3e58eb3b7984ddbf829346cfafe56b25bbcc0b8f8ee68810,0.9766666666666666,11.5,11.8,12.04,252.0,1.9,957.4,-0.5000000000000004,0.8660254037844384,-0.004300592702981974,0.9999907524084426
validation_selection,2025-12-30T00:00:00+00:00,2025-12-29T18:00:00+00:00,2025-12-31T22:00:00+00:00,2026-01-01T03:00:00+05:00,48,46.0,134a739a1d141b76d7d613e6c7ed62de247d392dc697ed0fb8c54576a62a5b9e,0.9766666666666666,10.71,10.99,11.22,259.0,2.2,957.5,-0.5000000000000004,0.8660254037844384,-0.004300592702981974,0.9999907524084426
validation_selection,2025-12-31T00:00:00+00:00,2025-12-30T18:00:00+00:00,2025-12-31T23:00:00+00:00,2026-01-01T04:00:00+05:00,24,23.0,e3a3df52a94e4a2b3e58eb3b7984ddbf829346cfafe56b25bbcc0b8f8ee68810,0.98,10.71,10.99,11.21,256.0,1.7,957.7,-0.25881904510252157,0.9659258262890681,-0.004300592702981974,0.9999907524084426
validation_selection,2025-12-30T00:00:00+00:00,2025-12-29T18:00:00+00:00,2025-12-31T23:00:00+00:00,2026-01-01T04:00:00+05:00,48,47.0,134a739a1d141b76d7d613e6c7ed62de247d392dc697ed0fb8c54576a62a5b9e,0.98,10.6,10.88,11.1,257.0,1.6,957.9,-0.25881904510252157,0.9659258262890681,-0.004300592702981974,0.9999907524084426
validation_selection,2025-12-31T00:00:00+00:00,2025-12-30T18:00:00+00:00,2026-01-01T00:00:00+00:00,2026-01-01T05:00:00+05:00,24,24.0,e3a3df52a94e4a2b3e58eb3b7984ddbf829346cfafe56b25bbcc0b8f8ee68810,0.975,9.14,9.38,9.58,254.0,1.4,958.4,0.0,1.0,0.017201575418260506,0.9998520419557735
validation_selection,2025-12-30T00:00:00+00:00,2025-12-29T18:00:00+00:00,2026-01-01T00:00:00+00:00,2026-01-01T05:00:00+05:00,48,48.0,134a739a1d141b76d7d613e6c7ed62de247d392dc697ed0fb8c54576a62a5b9e,0.975,9.27,9.51,9.7,253.0,1.1,958.6,0.0,1.0,0.017201575418260506,0.9998520419557735
validation_selection,2025-12-31T00:00:00+00:00,2025-12-30T18:00:00+00:00,2026-01-01T01:00:00+00:00,2026-01-01T06:00:00+05:00,24,25.0,e3a3df52a94e4a2b3e58eb3b7984ddbf829346cfafe56b25bbcc0b8f8ee68810,0.9566666666666667,7.28,7.47,7.62,250.0,0.9,959.0,0.25881904510252074,0.9659258262890683,0.017201575418260506,0.9998520419557735
validation_selection,2025-12-30T00:00:00+00:00,2025-12-29T18:00:00+00:00,2026-01-01T01:00:00+00:00,2026-01-01T06:00:00+05:00,48,49.0,134a739a1d141b76d7d613e6c7ed62de247d392dc697ed0fb8c54576a62a5b9e,0.9566666666666667,7.76,7.97,8.13,248.0,0.8,959.2,0.25881904510252074,0.9659258262890683,0.017201575418260506,0.9998520419557735
validation_selection,2025-12-31T00:00:00+00:00,2025-12-30T18:00:00+00:00,2026-01-01T02:00:00+00:00,2026-01-01T07:00:00+05:00,24,26.0,e3a3df52a94e4a2b3e58eb3b7984ddbf829346cfafe56b25bbcc0b8f8ee68810,0.815,6.76,6.94,7.08,248.0,0.7,959.4,0.49999999999999994,0.8660254037844387,0.017201575418260506,0.9998520419557735
validation_selection,2025-12-30T00:00:00+00:00,2025-12-29T18:00:00+00:00,2026-01-01T02:00:00+00:00,2026-01-01T07:00:00+05:00,48,50.0,134a739a1d141b76d7d613e6c7ed62de247d392dc697ed0fb8c54576a62a5b9e,0.815,7.21,7.4,7.55,248.0,0.6,959.6,0.49999999999999994,0.8660254037844387,0.017201575418260506,0.9998520419557735
validation_selection,2025-12-31T06:00:00+00:00,2025-12-31T00:00:00+00:00,2026-01-01T03:00:00+00:00,2026-01-01T08:00:00+05:00,24,21.0,2f27b276126e175a22e72b02e864d113ef60f0d08bb0cbe68ae0189076be753d,0.585,6.69,6.86,7.0,248.0,0.4,959.4,0.7071067811865476,0.7071067811865476,0.017201575418260506,0.9998520419557735
validation_selection,2025-12-30T06:00:00+00:00,2025-12-30T00:00:00+00:00,2026-01-01T03:00:00+00:00,2026-01-01T08:00:00+05:00,48,45.0,45b90664e626210f99fe1e6b44bc6099b775ac50a711c3888def1e94466cce44,0.585,4.75,4.88,4.98,255.0,0.4,959.4,0.7071067811865476,0.7071067811865476,0.017201575418260506,0.9998520419557735
validation_selection,2025-12-31T06:00:00+00:00,2025-12-31T00:00:00+00:00,2026-01-01T04:00:00+00:00,2026-01-01T09:00:00+05:00,24,22.0,2f27b276126e175a22e72b02e864d113ef60f0d08bb0cbe68ae0189076be753d,0.435,5.35,5.49,5.6,247.0,0.5,960.0,0.8660254037844386,0.5000000000000001,0.017201575418260506,0.9998520419557735
validation_selection,2025-12-30T06:00:00+00:00,2025-12-30T00:00:00+00:00,2026-01-01T04:00:00+00:00,2026-01-01T09:00:00+05:00,48,46.0,45b90664e626210f99fe1e6b44bc6099b775ac50a711c3888def1e94466cce44,0.435,3.41,3.5,3.57,253.0,0.4,959.7,0.8660254037844386,0.5000000000000001,0.017201575418260506,0.9998520419557735
validation_selection,2025-12-31T06:00:00+00:00,2025-12-31T00:00:00+00:00,2026-01-01T05:00:00+00:00,2026-01-01T10:00:00+05:00,24,23.0,2f27b276126e175a22e72b02e864d113ef60f0d08bb0cbe68ae0189076be753d,0.3333333333333333,4.1,4.2,4.29,245.0,0.7,959.9,0.9659258262890683,0.25881904510252074,0.017201575418260506,0.9998520419557735
validation_selection,2025-12-30T06:00:00+00:00,2025-12-30T00:00:00+00:00,2026-01-01T05:00:00+00:00,2026-01-01T10:00:00+05:00,48,47.0,45b90664e626210f99fe1e6b44bc6099b775ac50a711c3888def1e94466cce44,0.3333333333333333,2.73,2.8,2.86,254.0,0.6,959.8,0.9659258262890683,0.25881904510252074,0.017201575418260506,0.9998520419557735
validation_selection,2025-12-31T06:00:00+00:00,2025-12-31T00:00:00+00:00,2026-01-01T06:00:00+00:00,2026-01-01T11:00:00+05:00,24,24.0,2f27b276126e175a22e72b02e864d113ef60f0d08bb0cbe68ae0189076be753d,0.11166666666666668,2.97,3.05,3.11,240.0,1.1,959.6,1.0,6.123233995736766e-17,0.017201575418260506,0.9998520419557735
validation_selection,2025-12-30T06:00:00+00:00,2025-12-30T00:00:00+00:00,2026-01-01T06:00:00+00:00,2026-01-01T11:00:00+05:00,48,48.0,45b90664e626210f99fe1e6b44bc6099b775ac50a711c3888def1e94466cce44,0.11166666666666668,2.11,2.16,2.21,263.0,0.8,959.4,1.0,6.123233995736766e-17,0.017201575418260506,0.9998520419557735
validation_selection,2025-12-31T06:00:00+00:00,2025-12-31T00:00:00+00:00,2026-01-01T07:00:00+00:00,2026-01-01T12:00:00+05:00,24,25.0,2f27b276126e175a22e72b02e864d113ef60f0d08bb0cbe68ae0189076be753d,0.05666666666666667,2.24,2.29,2.34,259.0,1.8,958.6,0.9659258262890683,-0.25881904510252063,0.017201575418260506,0.9998520419557735
validation_selection,2025-12-30T06:00:00+00:00,2025-12-30T00:00:00+00:00,2026-01-01T07:00:00+00:00,2026-01-01T12:00:00+05:00,48,49.0,45b90664e626210f99fe1e6b44bc6099b775ac50a711c3888def1e94466cce44,0.05666666666666667,1.51,1.55,1.58,270.0,1.1,958.6,0.9659258262890683,-0.25881904510252063,0.017201575418260506,0.9998520419557735
validation_selection,2025-12-31T06:00:00+00:00,2025-12-31T00:00:00+00:00,2026-01-01T08:00:00+00:00,2026-01-01T13:00:00+05:00,24,26.0,2f27b276126e175a22e72b02e864d113ef60f0d08bb0cbe68ae0189076be753d,0.06833333333333334,1.53,1.57,1.6,287.0,2.2,958.2,0.8660254037844387,-0.4999999999999998,0.017201575418260506,0.9998520419557735
validation_selection,2025-12-30T06:00:00+00:00,2025-12-30T00:00:00+00:00,2026-01-01T08:00:00+00:00,2026-01-01T13:00:00+05:00,48,50.0,45b90664e626210f99fe1e6b44bc6099b775ac50a711c3888def1e94466cce44,0.06833333333333334,0.96,0.99,1.01,300.0,1.5,958.1,0.8660254037844387,-0.4999999999999998,0.017201575418260506,0.9998520419557735
validation_selection,2025-12-31T12:00:00+00:00,2025-12-31T06:00:00+00:00,2026-01-01T09:00:00+00:00,2026-01-01T14:00:00+05:00,24,21.0,d8caeca7897829581ddc5ded95addeeeced96efc9eb18b69cfa88311623ddb52,0.021666666666666667,1.25,1.29,1.31,283.0,1.9,958.0,0.7071067811865476,-0.7071067811865475,0.017201575418260506,0.9998520419557735
validation_selection,2025-12-30T12:00:00+00:00,2025-12-30T06:00:00+00:00,2026-01-01T09:00:00+00:00,2026-01-01T14:00:00+05:00,48,45.0,746855c51e07ad037fe077621b88abcb35d5fe11682c136c2a5c64fbc3374a20,0.021666666666666667,2.19,2.25,2.29,32.0,2.0,957.7,0.7071067811865476,-0.7071067811865475,0.017201575418260506,0.9998520419557735
validation_selection,2025-12-31T12:00:00+00:00,2025-12-31T06:00:00+00:00,2026-01-01T10:00:00+00:00,2026-01-01T15:00:00+05:00,24,22.0,d8caeca7897829581ddc5ded95addeeeced96efc9eb18b69cfa88311623ddb52,0.008333333333333333,1.81,1.86,1.89,333.0,1.3,957.8,0.49999999999999994,-0.8660254037844387,0.017201575418260506,0.9998520419557735
validation_selection,2025-12-30T12:00:00+00:00,2025-12-30T06:00:00+00:00,2026-01-01T10:00:00+00:00,2026-01-01T15:00:00+05:00,48,46.0,746855c51e07ad037fe077621b88abcb35d5fe11682c136c2a5c64fbc3374a20,0.008333333333333333,3.08,3.16,3.22,29.0,1.4,957.5,0.49999999999999994,-0.8660254037844387,0.017201575418260506,0.9998520419557735
validation_selection,2025-12-31T12:00:00+00:00,2025-12-31T06:00:00+00:00,2026-01-01T11:00:00+00:00,2026-01-01T16:00:00+05:00,24,23.0,d8caeca7897829581ddc5ded95addeeeced96efc9eb18b69cfa88311623ddb52,0.01,1.9,1.95,1.99,3.0,0.6,957.5,0.258819045102521,-0.9659258262890682,0.017201575418260506,0.9998520419557735
validation_selection,2025-12-30T12:00:00+00:00,2025-12-30T06:00:00+00:00,2026-01-01T11:00:00+00:00,2026-01-01T16:00:00+05:00,48,47.0,746855c51e07ad037fe077621b88abcb35d5fe11682c136c2a5c64fbc3374a20,0.01,3.21,3.29,3.36,42.0,0.2,957.2,0.258819045102521,-0.9659258262890682,0.017201575418260506,0.9998520419557735
validation_selection,2025-12-31T12:00:00+00:00,2025-12-31T06:00:00+00:00,2026-01-01T12:00:00+00:00,2026-01-01T17:00:00+05:00,24,24.0,d8caeca7897829581ddc5ded95addeeeced96efc9eb18b69cfa88311623ddb52,0.011666666666666667,2.25,2.3,2.35,41.0,0.0,957.3,1.2246467991473532e-16,-1.0,0.017201575418260506,0.9998520419557735
validation_selection,2025-12-30T12:00:00+00:00,2025-12-30T06:00:00+00:00,2026-01-01T12:00:00+00:00,2026-01-01T17:00:00+05:00,48,48.0,746855c51e07ad037fe077621b88abcb35d5fe11682c136c2a5c64fbc3374a20,0.011666666666666667,3.08,3.16,3.23,59.0,-0.6,956.6,1.2246467991473532e-16,-1.0,0.017201575418260506,0.9998520419557735
validation_selection,2025-12-31T12:00:00+00:00,2025-12-31T06:00:00+00:00,2026-01-01T13:00:00+00:00,2026-01-01T18:00:00+05:00,24,25.0,d8caeca7897829581ddc5ded95addeeeced96efc9eb18b69cfa88311623ddb52,0.023333333333333334,2.27,2.33,2.38,45.0,-0.7,956.8,-0.2588190451025208,-0.9659258262890683,0.017201575418260506,0.9998520419557735
validation_selection,2025-12-30T12:00:00+00:00,2025-12-30T06:00:00+00:00,2026-01-01T13:00:00+00:00,2026-01-01T18:00:00+05:00,48,49.0,746855c51e07ad037fe077621b88abcb35d5fe11682c136c2a5c64fbc3374a20,0.023333333333333334,2.88,2.96,3.02,60.0,-0.8,956.1,-0.2588190451025208,-0.9659258262890683,0.017201575418260506,0.9998520419557735
validation_selection,2025-12-31T12:00:00+00:00,2025-12-31T06:00:00+00:00,2026-01-01T14:00:00+00:00,2026-01-01T19:00:00+05:00,24,26.0,d8caeca7897829581ddc5ded95addeeeced96efc9eb18b69cfa88311623ddb52,0.018333333333333333,1.55,1.6,1.63,58.0,-0.9,956.2,-0.4999999999999997,-0.8660254037844388,0.017201575418260506,0.9998520419557735
validation_selection,2025-12-30T12:00:00+00:00,2025-12-30T06:00:00+00:00,2026-01-01T14:00:00+00:00,2026-01-01T19:00:00+05:00,48,50.0,746855c51e07ad037fe077621b88abcb35d5fe11682c136c2a5c64fbc3374a20,0.018333333333333333,2.33,2.39,2.44,37.0,-1.1,955.8,-0.4999999999999997,-0.8660254037844388,0.017201575418260506,0.9998520419557735
validation_selection,2025-12-31T18:00:00+00:00,2025-12-31T12:00:00+00:00,2026-01-01T15:00:00+00:00,2026-01-01T20:00:00+05:00,24,21.0,5a639a7198a3d9f04e6a104d8e122f03fd8e3edf79f3d4459ed787d5720ea519,0.07666666666666667,1.31,1.34,1.37,63.0,-1.5,956.3,-0.7071067811865471,-0.7071067811865479,0.017201575418260506,0.9998520419557735
validation_selection,2025-12-30T18:00:00+00:00,2025-12-30T12:00:00+00:00,2026-01-01T15:00:00+00:00,2026-01-01T20:00:00+05:00,48,45.0,c7cd6ecff67a49ff3d7f51dd61a82daa0afd7ec32daa6015755bef43ba78e284,0.07666666666666667,1.84,1.89,1.93,323.0,-2.4,955.0,-0.7071067811865471,-0.7071067811865479,0.017201575418260506,0.9998520419557735
validation_selection,2025-12-31T18:00:00+00:00,2025-12-31T12:00:00+00:00,2026-01-01T16:00:00+00:00,2026-01-01T21:00:00+05:00,24,22.0,5a639a7198a3d9f04e6a104d8e122f03fd8e3edf79f3d4459ed787d5720ea519,0.065,0.59,0.6,0.62,24.0,-1.1,956.2,-0.8660254037844385,-0.5000000000000004,0.017201575418260506,0.9998520419557735
validation_selection,2025-12-30T18:00:00+00:00,2025-12-30T12:00:00+00:00,2026-01-01T16:00:00+00:00,2026-01-01T21:00:00+05:00,48,46.0,c7cd6ecff67a49ff3d7f51dd61a82daa0afd7ec32daa6015755bef43ba78e284,0.065,2.07,2.12,2.17,317.0,-2.0,955.0,-0.8660254037844385,-0.5000000000000004,0.017201575418260506,0.9998520419557735
validation_selection,2025-12-31T18:00:00+00:00,2025-12-31T12:00:00+00:00,2026-01-01T17:00:00+00:00,2026-01-01T22:00:00+05:00,24,23.0,5a639a7198a3d9f04e6a104d8e122f03fd8e3edf79f3d4459ed787d5720ea519,0.04,1.16,1.19,1.22,327.0,-1.2,956.0,-0.9659258262890683,-0.25881904510252063,0.017201575418260506,0.9998520419557735
validation_selection,2025-12-30T18:00:00+00:00,2025-12-30T12:00:00+00:00,2026-01-01T17:00:00+00:00,2026-01-01T22:00:00+05:00,48,47.0,c7cd6ecff67a49ff3d7f51dd61a82daa0afd7ec32daa6015755bef43ba78e284,0.04,2.41,2.47,2.53,284.0,-1.7,955.0,-0.9659258262890683,-0.25881904510252063,0.017201575418260506,0.9998520419557735
validation_selection,2025-12-31T18:00:00+00:00,2025-12-31T12:00:00+00:00,2026-01-01T18:00:00+00:00,2026-01-01T23:00:00+05:00,24,24.0,5a639a7198a3d9f04e6a104d8e122f03fd8e3edf79f3d4459ed787d5720ea519,0.008333333333333333,0.96,0.99,1.01,330.0,-1.2,956.0,-1.0,-1.8369701987210297e-16,0.017201575418260506,0.9998520419557735
validation_selection,2025-12-30T18:00:00+00:00,2025-12-30T12:00:00+00:00,2026-01-01T18:00:00+00:00,2026-01-01T23:00:00+05:00,48,48.0,c7cd6ecff67a49ff3d7f51dd61a82daa0afd7ec32daa6015755bef43ba78e284,0.008333333333333333,2.15,2.21,2.25,257.0,-1.2,955.0,-1.0,-1.8369701987210297e-16,0.017201575418260506,0.9998520419557735
validation_selection,2025-12-31T18:00:00+00:00,2025-12-31T12:00:00+00:00,2026-01-01T19:00:00+00:00,2026-01-02T00:00:00+05:00,24,25.0,5a639a7198a3d9f04e6a104d8e122f03fd8e3edf79f3d4459ed787d5720ea519,0.008333333333333333,0.73,0.75,0.77,307.0,-1.0,955.9,-0.9659258262890684,0.2588190451025203,0.017201575418260506,0.9998520419557735
validation_selection,2025-12-30T18:00:00+00:00,2025-12-30T12:00:00+00:00,2026-01-01T19:00:00+00:00,2026-01-02T00:00:00+05:00,48,49.0,c7cd6ecff67a49ff3d7f51dd61a82daa0afd7ec32daa6015755bef43ba78e284,0.008333333333333333,1.79,1.84,1.87,241.0,-1.0,955.0,-0.9659258262890684,0.2588190451025203,0.017201575418260506,0.9998520419557735
validation_selection,2025-12-31T18:00:00+00:00,2025-12-31T12:00:00+00:00,2026-01-01T20:00:00+00:00,2026-01-02T01:00:00+05:00,24,26.0,5a639a7198a3d9f04e6a104d8e122f03fd8e3edf79f3d4459ed787d5720ea519,0.008333333333333333,0.72,0.74,0.76,290.0,-0.8,955.9,-0.8660254037844386,0.5000000000000001,0.017201575418260506,0.9998520419557735
validation_selection,2025-12-30T18:00:00+00:00,2025-12-30T12:00:00+00:00,2026-01-01T20:00:00+00:00,2026-01-02T01:00:00+05:00,48,50.0,c7cd6ecff67a49ff3d7f51dd61a82daa0afd7ec32daa6015755bef43ba78e284,0.008333333333333333,1.44,1.48,1.51,246.0,-0.7,955.0,-0.8660254037844386,0.5000000000000001,0.017201575418260506,0.9998520419557735
validation_selection,2026-01-01T00:00:00+00:00,2025-12-31T18:00:00+00:00,2026-01-01T21:00:00+00:00,2026-01-02T02:00:00+05:00,24,21.0,6c74a7565a77a2fcc988b276a4c7f66907865e03c4c30bfe0c14b572989c26c9,0.01,0.52,0.54,0.55,338.0,-0.7,955.8,-0.7071067811865477,0.7071067811865474,0.017201575418260506,0.9998520419557735
validation_selection,2025-12-31T00:00:00+00:00,2025-12-30T18:00:00+00:00,2026-01-01T21:00:00+00:00,2026-01-02T02:00:00+05:00,48,45.0,e3a3df52a94e4a2b3e58eb3b7984ddbf829346cfafe56b25bbcc0b8f8ee68810,0.01,1.45,1.49,1.52,222.0,-0.6,955.0,-0.7071067811865477,0.7071067811865474,0.017201575418260506,0.9998520419557735
validation_selection,2026-01-01T00:00:00+00:00,2025-12-31T18:00:00+00:00,2026-01-01T22:00:00+00:00,2026-01-02T03:00:00+05:00,24,22.0,6c74a7565a77a2fcc988b276a4c7f66907865e03c4c30bfe0c14b572989c26c9,0.008333333333333333,0.49,0.5,0.51,354.0,-0.7,955.9,-0.5000000000000004,0.8660254037844384,0.017201575418260506,0.9998520419557735
validation_selection,2025-12-31T00:00:00+00:00,2025-12-30T18:00:00+00:00,2026-01-01T22:00:00+00:00,2026-01-02T03:00:00+05:00,48,46.0,e3a3df52a94e4a2b3e58eb3b7984ddbf829346cfafe56b25bbcc0b8f8ee68810,0.008333333333333333,1.51,1.55,1.58,201.0,-0.8,954.8,-0.5000000000000004,0.8660254037844384,0.017201575418260506,0.9998520419557735
validation_selection,2026-01-01T00:00:00+00:00,2025-12-31T18:00:00+00:00,2026-01-01T23:00:00+00:00,2026-01-02T04:00:00+05:00,24,23.0,6c74a7565a77a2fcc988b276a4c7f66907865e03c4c30bfe0c14b572989c26c9,0.005,0.68,0.69,0.71,30.0,-0.7,955.8,-0.25881904510252157,0.9659258262890681,0.017201575418260506,0.9998520419557735
validation_selection,2025-12-31T00:00:00+00:00,2025-12-30T18:00:00+00:00,2026-01-01T23:00:00+00:00,2026-01-02T04:00:00+05:00,48,47.0,e3a3df52a94e4a2b3e58eb3b7984ddbf829346cfafe56b25bbcc0b8f8ee68810,0.005,0.81,0.83,0.84,155.0,-1.2,954.6,-0.25881904510252157,0.9659258262890681,0.017201575418260506,0.9998520419557735
validation_selection,2026-01-01T00:00:00+00:00,2025-12-31T18:00:00+00:00,2026-01-02T00:00:00+00:00,2026-01-02T05:00:00+05:00,24,24.0,6c74a7565a77a2fcc988b276a4c7f66907865e03c4c30bfe0c14b572989c26c9,0.01,0.59,0.6,0.61,48.0,-0.8,956.0,0.0,1.0,0.03439806061360801,0.9994082116062598
validation_selection,2025-12-31T00:00:00+00:00,2025-12-30T18:00:00+00:00,2026-01-02T00:00:00+00:00,2026-01-02T05:00:00+05:00,48,48.0,e3a3df52a94e4a2b3e58eb3b7984ddbf829346cfafe56b25bbcc0b8f8ee68810,0.01,0.7,0.72,0.73,155.0,-1.5,954.8,0.0,1.0,0.03439806061360801,0.9994082116062598
validation_selection,2026-01-01T00:00:00+00:00,2025-12-31T18:00:00+00:00,2026-01-02T01:00:00+00:00,2026-01-02T06:00:00+05:00,24,25.0,6c74a7565a77a2fcc988b276a4c7f66907865e03c4c30bfe0c14b572989c26c9,0.01,0.49,0.5,0.51,90.0,-0.7,956.2,0.25881904510252074,0.9659258262890683,0.03439806061360801,0.9994082116062598
validation_selection,2025-12-31T00:00:00+00:00,2025-12-30T18:00:00+00:00,2026-01-02T01:00:00+00:00,2026-01-02T06:00:00+05:00,48,49.0,e3a3df52a94e4a2b3e58eb3b7984ddbf829346cfafe56b25bbcc0b8f8ee68810,0.01,1.21,1.24,1.26,166.0,-1.9,955.0,0.25881904510252074,0.9659258262890683,0.03439806061360801,0.9994082116062598
validation_selection,2026-01-01T00:00:00+00:00,2025-12-31T18:00:00+00:00,2026-01-02T02:00:00+00:00,2026-01-02T07:00:00+05:00,24,26.0,6c74a7565a77a2fcc988b276a4c7f66907865e03c4c30bfe0c14b572989c26c9,0.01,0.54,0.55,0.56,95.0,-0.9,956.3,0.49999999999999994,0.8660254037844387,0.03439806061360801,0.9994082116062598
validation_selection,2025-12-31T00:00:00+00:00,2025-12-30T18:00:00+00:00,2026-01-02T02:00:00+00:00,2026-01-02T07:00:00+05:00,48,50.0,e3a3df52a94e4a2b3e58eb3b7984ddbf829346cfafe56b25bbcc0b8f8ee68810,0.01,1.27,1.3,1.32,164.0,-2.1,955.4,0.49999999999999994,0.8660254037844387,0.03439806061360801,0.9994082116062598
validation_selection,2026-01-01T06:00:00+00:00,2026-01-01T00:00:00+00:00,2026-01-02T03:00:00+00:00,2026-01-02T08:00:00+05:00,24,21.0,80bf1ab36d7ef0790ee8f83de358afd9d8de8e305355f275840c832974c9bd85,0.01,0.72,0.74,0.75,118.0,-1.2,956.5,0.7071067811865476,0.7071067811865476,0.03439806061360801,0.9994082116062598
validation_selection,2025-12-31T06:00:00+00:00,2025-12-31T00:00:00+00:00,2026-01-02T03:00:00+00:00,2026-01-02T08:00:00+05:00,48,45.0,2f27b276126e175a22e72b02e864d113ef60f0d08bb0cbe68ae0189076be753d,0.01,1.17,1.2,1.23,107.0,-1.4,955.7,0.7071067811865476,0.7071067811865476,0.03439806061360801,0.9994082116062598
validation_selection,2026-01-01T06:00:00+00:00,2026-01-01T00:00:00+00:00,2026-01-02T04:00:00+00:00,2026-01-02T09:00:00+05:00,24,22.0,80bf1ab36d7ef0790ee8f83de358afd9d8de8e305355f275840c832974c9bd85,0.07666666666666667,1.37,1.41,1.44,73.0,-0.6,956.8,0.8660254037844386,0.5000000000000001,0.03439806061360801,0.9994082116062598
validation_selection,2025-12-31T06:00:00+00:00,2025-12-31T00:00:00+00:00,2026-01-02T04:00:00+00:00,2026-01-02T09:00:00+05:00,48,46.0,2f27b276126e175a22e72b02e864d113ef60f0d08bb0cbe68ae0189076be753d,0.07666666666666667,1.98,2.03,2.07,80.0,-0.1,956.3,0.8660254037844386,0.5000000000000001,0.03439806061360801,0.9994082116062598
validation_selection,2026-01-01T06:00:00+00:00,2026-01-01T00:00:00+00:00,2026-01-02T05:00:00+00:00,2026-01-02T10:00:00+05:00,24,23.0,80bf1ab36d7ef0790ee8f83de358afd9d8de8e305355f275840c832974c9bd85,0.26666666666666666,2.8,2.87,2.93,55.0,0.3,956.9,0.9659258262890683,0.25881904510252074,0.03439806061360801,0.9994082116062598
validation_selection,2025-12-31T06:00:00+00:00,2025-12-31T00:00:00+00:00,2026-01-02T05:00:00+00:00,2026-01-02T10:00:00+05:00,48,47.0,2f27b276126e175a22e72b02e864d113ef60f0d08bb0cbe68ae0189076be753d,0.26666666666666666,3.27,3.36,3.43,53.0,0.8,956.4,0.9659258262890683,0.25881904510252074,0.03439806061360801,0.9994082116062598
validation_selection,2026-01-01T06:00:00+00:00,2026-01-01T00:00:00+00:00,2026-01-02T06:00:00+00:00,2026-01-02T11:00:00+05:00,24,24.0,80bf1ab36d7ef0790ee8f83de358afd9d8de8e305355f275840c832974c9bd85,0.37666666666666665,4.61,4.73,4.83,54.0,1.2,956.3,1.0,6.123233995736766e-17,0.03439806061360801,0.9994082116062598
validation_selection,2025-12-31T06:00:00+00:00,2025-12-31T00:00:00+00:00,2026-01-02T06:00:00+00:00,2026-01-02T11:00:00+05:00,48,48.0,2f27b276126e175a22e72b02e864d113ef60f0d08bb0cbe68ae0189076be753d,0.37666666666666665,4.54,4.66,4.76,52.0,1.3,955.9,1.0,6.123233995736766e-17,0.03439806061360801,0.9994082116062598
validation_selection,2026-01-01T06:00:00+00:00,2026-01-01T00:00:00+00:00,2026-01-02T07:00:00+00:00,2026-01-02T12:00:00+05:00,24,25.0,80bf1ab36d7ef0790ee8f83de358afd9d8de8e305355f275840c832974c9bd85,0.6766666666666667,5.27,5.41,5.52,54.0,2.5,955.5,0.9659258262890683,-0.25881904510252063,0.03439806061360801,0.9994082116062598
validation_selection,2025-12-31T06:00:00+00:00,2025-12-31T00:00:00+00:00,2026-01-02T07:00:00+00:00,2026-01-02T12:00:00+05:00,48,49.0,2f27b276126e175a22e72b02e864d113ef60f0d08bb0cbe68ae0189076be753d,0.6766666666666667,5.65,5.8,5.92,56.0,1.9,955.2,0.9659258262890683,-0.25881904510252063,0.03439806061360801,0.9994082116062598
validation_selection,2026-01-01T06:00:00+00:00,2026-01-01T00:00:00+00:00,2026-01-02T08:00:00+00:00,2026-01-02T13:00:00+05:00,24,26.0,80bf1ab36d7ef0790ee8f83de358afd9d8de8e305355f275840c832974c9bd85,0.8849999999999999,4.31,4.42,4.51,52.0,3.5,955.3,0.8660254037844387,-0.4999999999999998,0.03439806061360801,0.9994082116062598
validation_selection,2025-12-31T06:00:00+00:00,2025-12-31T00:00:00+00:00,2026-01-02T08:00:00+00:00,2026-01-02T13:00:00+05:00,48,50.0,2f27b276126e175a22e72b02e864d113ef60f0d08bb0cbe68ae0189076be753d,0.8849999999999999,5.53,5.68,5.8,50.0,2.9,954.9,0.8660254037844387,-0.4999999999999998,0.03439806061360801,0.9994082116062598
validation_selection,2026-01-01T12:00:00+00:00,2026-01-01T06:00:00+00:00,2026-01-02T09:00:00+00:00,2026-01-02T14:00:00+05:00,24,21.0,2272d16949790728264e019a09b3c97cbcc892bd48ad5dd69300dbc724387b76,0.7450000000000001,4.14,4.24,4.33,47.0,3.3,955.5,0.7071067811865476,-0.7071067811865475,0.03439806061360801,0.9994082116062598
validation_selection,2025-12-31T12:00:00+00:00,2025-12-31T06:00:00+00:00,2026-01-02T09:00:00+00:00,2026-01-02T14:00:00+05:00,48,45.0,d8caeca7897829581ddc5ded95addeeeced96efc9eb18b69cfa88311623ddb52,0.7450000000000001,4.2,4.31,4.4,46.0,2.9,955.1,0.7071067811865476,-0.7071067811865475,0.03439806061360801,0.9994082116062598
validation_selection,2026-01-01T12:00:00+00:00,2026-01-01T06:00:00+00:00,2026-01-02T10:00:00+00:00,2026-01-02T15:00:00+05:00,24,22.0,2272d16949790728264e019a09b3c97cbcc892bd48ad5dd69300dbc724387b76,0.5816666666666667,4.07,4.17,4.26,47.0,2.3,955.9,0.49999999999999994,-0.8660254037844387,0.03439806061360801,0.9994082116062598
validation_selection,2025-12-31T12:00:00+00:00,2025-12-31T06:00:00+00:00,2026-01-02T10:00:00+00:00,2026-01-02T15:00:00+05:00,48,46.0,d8caeca7897829581ddc5ded95addeeeced96efc9eb18b69cfa88311623ddb52,0.5816666666666667,4.0,4.1,4.19,43.0,2.1,955.5,0.49999999999999994,-0.8660254037844387,0.03439806061360801,0.9994082116062598
validation_selection,2026-01-01T12:00:00+00:00,2026-01-01T06:00:00+00:00,2026-01-02T11:00:00+00:00,2026-01-02T16:00:00+05:00,24,23.0,2272d16949790728264e019a09b3c97cbcc892bd48ad5dd69300dbc724387b76,0.43333333333333335,4.66,4.79,4.88,58.0,0.7,956.2,0.258819045102521,-0.9659258262890682,0.03439806061360801,0.9994082116062598
validation_selection,2025-12-31T12:00:00+00:00,2025-12-31T06:00:00+00:00,2026-01-02T11:00:00+00:00,2026-01-02T16:00:00+05:00,48,47.0,d8caeca7897829581ddc5ded95addeeeced96efc9eb18b69cfa88311623ddb52,0.43333333333333335,4.39,4.5,4.59,53.0,0.7,955.6,0.258819045102521,-0.9659258262890682,0.03439806061360801,0.9994082116062598
validation_selection,2026-01-01T12:00:00+00:00,2026-01-01T06:00:00+00:00,2026-01-02T12:00:00+00:00,2026-01-02T17:00:00+05:00,24,24.0,2272d16949790728264e019a09b3c97cbcc892bd48ad5dd69300dbc724387b76,0.38000000000000006,4.51,4.63,4.73,65.0,0.2,956.1,1.2246467991473532e-16,-1.0,0.03439806061360801,0.9994082116062598
validation_selection,2025-12-31T12:00:00+00:00,2025-12-31T06:00:00+00:00,2026-01-02T12:00:00+00:00,2026-01-02T17:00:00+05:00,48,48.0,d8caeca7897829581ddc5ded95addeeeced96efc9eb18b69cfa88311623ddb52,0.38000000000000006,4.06,4.17,4.26,67.0,-0.4,955.7,1.2246467991473532e-16,-1.0,0.03439806061360801,0.9994082116062598
validation_selection,2026-01-01T12:00:00+00:00,2026-01-01T06:00:00+00:00,2026-01-02T13:00:00+00:00,2026-01-02T18:00:00+05:00,24,25.0,2272d16949790728264e019a09b3c97cbcc892bd48ad5dd69300dbc724387b76,0.4466666666666666,4.61,4.73,4.83,59.0,-0.1,956.2,-0.2588190451025208,-0.9659258262890683,0.03439806061360801,0.9994082116062598
validation_selection,2025-12-31T12:00:00+00:00,2025-12-31T06:00:00+00:00,2026-01-02T13:00:00+00:00,2026-01-02T18:00:00+05:00,48,49.0,d8caeca7897829581ddc5ded95addeeeced96efc9eb18b69cfa88311623ddb52,0.4466666666666666,4.25,4.36,4.45,62.0,-0.7,955.8,-0.2588190451025208,-0.9659258262890683,0.03439806061360801,0.9994082116062598
validation_selection,2026-01-01T12:00:00+00:00,2026-01-01T06:00:00+00:00,2026-01-02T14:00:00+00:00,2026-01-02T19:00:00+05:00,24,26.0,2272d16949790728264e019a09b3c97cbcc892bd48ad5dd69300dbc724387b76,0.47,4.86,4.99,5.09,62.0,-0.2,956.3,-0.4999999999999997,-0.8660254037844388,0.03439806061360801,0.9994082116062598
validation_selection,2025-12-31T12:00:00+00:00,2025-12-31T06:00:00+00:00,2026-01-02T14:00:00+00:00,2026-01-02T19:00:00+05:00,48,50.0,d8caeca7897829581ddc5ded95addeeeced96efc9eb18b69cfa88311623ddb52,0.47,4.99,5.12,5.23,65.0,-0.8,955.7,-0.4999999999999997,-0.8660254037844388,0.03439806061360801,0.9994082116062598
validation_selection,2026-01-01T18:00:00+00:00,2026-01-01T12:00:00+00:00,2026-01-02T15:00:00+00:00,2026-01-02T20:00:00+05:00,24,21.0,5c21ff85b5cd7b6f12faa6470fe37bea085906d0accf6a6c9d77a43743185bc5,0.66,5.25,5.39,5.5,68.0,-0.2,955.7,-0.7071067811865471,-0.7071067811865479,0.03439806061360801,0.9994082116062598
validation_selection,2025-12-31T18:00:00+00:00,2025-12-31T12:00:00+00:00,2026-01-02T15:00:00+00:00,2026-01-02T20:00:00+05:00,48,45.0,5a639a7198a3d9f04e6a104d8e122f03fd8e3edf79f3d4459ed787d5720ea519,0.66,5.45,5.59,5.71,62.0,-0.6,955.4,-0.7071067811865471,-0.7071067811865479,0.03439806061360801,0.9994082116062598
validation_selection,2026-01-01T18:00:00+00:00,2026-01-01T12:00:00+00:00,2026-01-02T16:00:00+00:00,2026-01-02T21:00:00+05:00,24,22.0,5c21ff85b5cd7b6f12faa6470fe37bea085906d0accf6a6c9d77a43743185bc5,0.8850000000000001,6.0,6.15,6.28,61.0,0.0,955.5,-0.8660254037844385,-0.5000000000000004,0.03439806061360801,0.9994082116062598
validation_selection,2025-12-31T18:00:00+00:00,2025-12-31T12:00:00+00:00,2026-01-02T16:00:00+00:00,2026-01-02T21:00:00+05:00,48,46.0,5a639a7198a3d9f04e6a104d8e122f03fd8e3edf79f3d4459ed787d5720ea519,0.8850000000000001,6.09,6.24,6.37,66.0,-0.5,955.0,-0.8660254037844385,-0.5000000000000004,0.03439806061360801,0.9994082116062598
validation_selection,2026-01-01T18:00:00+00:00,2026-01-01T12:00:00+00:00,2026-01-02T17:00:00+00:00,2026-01-02T22:00:00+05:00,24,23.0,5c21ff85b5cd7b6f12faa6470fe37bea085906d0accf6a6c9d77a43743185bc5,0.6649999999999999,6.54,6.71,6.85,62.0,0.0,955.4,-0.9659258262890683,-0.25881904510252063,0.03439806061360801,0.9994082116062598
validation_selection,2025-12-31T18:00:00+00:00,2025-12-31T12:00:00+00:00,2026-01-02T17:00:00+00:00,2026-01-02T22:00:00+05:00,48,47.0,5a639a7198a3d9f04e6a104d8e122f03fd8e3edf79f3d4459ed787d5720ea519,0.6649999999999999,6.3,6.47,6.6,66.0,-0.7,954.7,-0.9659258262890683,-0.25881904510252063,0.03439806061360801,0.9994082116062598
validation_selection,2026-01-01T18:00:00+00:00,2026-01-01T12:00:00+00:00,2026-01-02T18:00:00+00:00,2026-01-02T23:00:00+05:00,24,24.0,5c21ff85b5cd7b6f12faa6470fe37bea085906d0accf6a6c9d77a43743185bc5,0.295,6.83,7.0,7.15,61.0,-0.5,955.3,-1.0,-1.8369701987210297e-16,0.03439806061360801,0.9994082116062598
validation_selection,2025-12-31T18:00:00+00:00,2025-12-31T12:00:00+00:00,2026-01-02T18:00:00+00:00,2026-01-02T23:00:00+05:00,48,48.0,5a639a7198a3d9f04e6a104d8e122f03fd8e3edf79f3d4459ed787d5720ea519,0.295,6.54,6.71,6.85,63.0,-1.0,954.6,-1.0,-1.8369701987210297e-16,0.03439806061360801,0.9994082116062598
validation_selection,2026-01-01T18:00:00+00:00,2026-01-01T12:00:00+00:00,2026-01-02T19:00:00+00:00,2026-01-03T00:00:00+05:00,24,25.0,5c21ff85b5cd7b6f12faa6470fe37bea085906d0accf6a6c9d77a43743185bc5,0.21166666666666667,6.5,6.67,6.81,60.0,-0.9,955.3,-0.9659258262890684,0.2588190451025203,0.03439806061360801,0.9994082116062598
validation_selection,2025-12-31T18:00:00+00:00,2025-12-31T12:00:00+00:00,2026-01-02T19:00:00+00:00,2026-01-03T00:00:00+05:00,48,49.0,5a639a7198a3d9f04e6a104d8e122f03fd8e3edf79f3d4459ed787d5720ea519,0.21166666666666667,6.43,6.6,6.73,62.0,-1.4,954.3,-0.9659258262890684,0.2588190451025203,0.03439806061360801,0.9994082116062598
validation_selection,2026-01-01T18:00:00+00:00,2026-01-01T12:00:00+00:00,2026-01-02T20:00:00+00:00,2026-01-03T01:00:00+05:00,24,26.0,5c21ff85b5cd7b6f12faa6470fe37bea085906d0accf6a6c9d77a43743185bc5,0.19833333333333333,5.59,5.73,5.85,61.0,-1.4,955.5,-0.8660254037844386,0.5000000000000001,0.03439806061360801,0.9994082116062598
validation_selection,2025-12-31T18:00:00+00:00,2025-12-31T12:00:00+00:00,2026-01-02T20:00:00+00:00,2026-01-03T01:00:00+05:00,48,50.0,5a639a7198a3d9f04e6a104d8e122f03fd8e3edf79f3d4459ed787d5720ea519,0.19833333333333333,6.28,6.44,6.57,62.0,-1.7,954.4,-0.8660254037844386,0.5000000000000001,0.03439806061360801,0.9994082116062598
validation_selection,2026-01-02T00:00:00+00:00,2026-01-01T18:00:00+00:00,2026-01-02T21:00:00+00:00,2026-01-03T02:00:00+05:00,24,21.0,fbaa9a2f46b7fc61d233b51638c3463f9d4a3817dcb1cd84d9d8a74c21e4552d,0.31,4.47,4.58,4.68,63.0,-1.3,955.7,-0.7071067811865477,0.7071067811865474,0.03439806061360801,0.9994082116062598
validation_selection,2026-01-01T00:00:00+00:00,2025-12-31T18:00:00+00:00,2026-01-02T21:00:00+00:00,2026-01-03T02:00:00+05:00,48,45.0,6c74a7565a77a2fcc988b276a4c7f66907865e03c4c30bfe0c14b572989c26c9,0.31,5.21,5.34,5.45,64.0,-1.9,955.1,-0.7071067811865477,0.7071067811865474,0.03439806061360801,0.9994082116062598
validation_selection,2026-01-02T00:00:00+00:00,2026-01-01T18:00:00+00:00,2026-01-02T22:00:00+00:00,2026-01-03T03:00:00+05:00,24,22.0,fbaa9a2f46b7fc61d233b51638c3463f9d4a3817dcb1cd84d9d8a74c21e4552d,0.15833333333333333,4.63,4.75,4.85,60.0,-2.0,955.7,-0.5000000000000004,0.8660254037844384,0.03439806061360801,0.9994082116062598
validation_selection,2026-01-01T00:00:00+00:00,2025-12-31T18:00:00+00:00,2026-01-02T22:00:00+00:00,2026-01-03T03:00:00+05:00,48,46.0,6c74a7565a77a2fcc988b276a4c7f66907865e03c4c30bfe0c14b572989c26c9,0.15833333333333333,4.88,5.01,5.11,65.0,-2.2,955.2,-0.5000000000000004,0.8660254037844384,0.03439806061360801,0.9994082116062598
validation_selection,2026-01-02T00:00:00+00:00,2026-01-01T18:00:00+00:00,2026-01-02T23:00:00+00:00,2026-01-03T04:00:00+05:00,24,23.0,fbaa9a2f46b7fc61d233b51638c3463f9d4a3817dcb1cd84d9d8a74c21e4552d,0.18999999999999997,5.04,5.17,5.28,60.0,-1.9,956.1,-0.25881904510252157,0.9659258262890681,0.03439806061360801,0.9994082116062598
validation_selection,2026-01-01T00:00:00+00:00,2025-12-31T18:00:00+00:00,2026-01-02T23:00:00+00:00,2026-01-03T04:00:00+05:00,48,47.0,6c74a7565a77a2fcc988b276a4c7f66907865e03c4c30bfe0c14b572989c26c9,0.18999999999999997,4.82,4.95,5.05,67.0,-2.5,955.3,-0.25881904510252157,0.9659258262890681,0.03439806061360801,0.9994082116062598
validation_selection,2026-01-02T00:00:00+00:00,2026-01-01T18:00:00+00:00,2026-01-03T00:00:00+00:00,2026-01-03T05:00:00+05:00,24,24.0,fbaa9a2f46b7fc61d233b51638c3463f9d4a3817dcb1cd84d9d8a74c21e4552d,0.25166666666666665,4.8,4.92,5.03,61.0,-2.3,956.2,0.0,1.0,0.051584366869408364,0.9986686402879997
validation_selection,2026-01-01T00:00:00+00:00,2025-12-31T18:00:00+00:00,2026-01-03T00:00:00+00:00,2026-01-03T05:00:00+05:00,48,48.0,6c74a7565a77a2fcc988b276a4c7f66907865e03c4c30bfe0c14b572989c26c9,0.25166666666666665,4.92,5.05,5.15,70.0,-2.7,955.4,0.0,1.0,0.051584366869408364,0.9986686402879997
validation_selection,2026-01-02T00:00:00+00:00,2026-01-01T18:00:00+00:00,2026-01-03T01:00:00+00:00,2026-01-03T06:00:00+05:00,24,25.0,fbaa9a2f46b7fc61d233b51638c3463f9d4a3817dcb1cd84d9d8a74c21e4552d,0.14666666666666667,4.65,4.77,4.87,60.0,-2.6,956.6,0.25881904510252074,0.9659258262890683,0.051584366869408364,0.9986686402879997
validation_selection,2026-01-01T00:00:00+00:00,2025-12-31T18:00:00+00:00,2026-01-03T01:00:00+00:00,2026-01-03T06:00:00+05:00,48,49.0,6c74a7565a77a2fcc988b276a4c7f66907865e03c4c30bfe0c14b572989c26c9,0.14666666666666667,5.31,5.45,5.56,68.0,-2.7,955.5,0.25881904510252074,0.9659258262890683,0.051584366869408364,0.9986686402879997
validation_selection,2026-01-02T00:00:00+00:00,2026-01-01T18:00:00+00:00,2026-01-03T02:00:00+00:00,2026-01-03T07:00:00+05:00,24,26.0,fbaa9a2f46b7fc61d233b51638c3463f9d4a3817dcb1cd84d9d8a74c21e4552d,0.26,4.86,4.99,5.09,63.0,-2.7,957.0,0.49999999999999994,0.8660254037844387,0.051584366869408364,0.9986686402879997
validation_selection,2026-01-01T00:00:00+00:00,2025-12-31T18:00:00+00:00,2026-01-03T02:00:00+00:00,2026-01-03T07:00:00+05:00,48,50.0,6c74a7565a77a2fcc988b276a4c7f66907865e03c4c30bfe0c14b572989c26c9,0.26,5.71,5.86,5.98,65.0,-2.9,955.6,0.49999999999999994,0.8660254037844387,0.051584366869408364,0.9986686402879997
validation_selection,2026-01-02T06:00:00+00:00,2026-01-02T00:00:00+00:00,2026-01-03T03:00:00+00:00,2026-01-03T08:00:00+05:00,24,21.0,ae20e05445bbbb0702cfff5560f4fc18ffc89986a3c3d2fa17b03be66dbf6808,0.22,5.69,5.84,5.96,61.0,-2.0,956.9,0.7071067811865476,0.7071067811865476,0.051584366869408364,0.9986686402879997
validation_selection,2026-01-01T06:00:00+00:00,2026-01-01T00:00:00+00:00,2026-01-03T03:00:00+00:00,2026-01-03T08:00:00+05:00,48,45.0,80bf1ab36d7ef0790ee8f83de358afd9d8de8e305355f275840c832974c9bd85,0.22,5.91,6.06,6.19,63.0,-2.4,956.3,0.7071067811865476,0.7071067811865476,0.051584366869408364,0.9986686402879997
validation_selection,2026-01-02T06:00:00+00:00,2026-01-02T00:00:00+00:00,2026-01-03T04:00:00+00:00,2026-01-03T09:00:00+05:00,24,22.0,ae20e05445bbbb0702cfff5560f4fc18ffc89986a3c3d2fa17b03be66dbf6808,0.11833333333333333,5.71,5.86,5.98,63.0,0.0,957.5,0.8660254037844386,0.5000000000000001,0.051584366869408364,0.9986686402879997
validation_selection,2026-01-01T06:00:00+00:00,2026-01-01T00:00:00+00:00,2026-01-03T04:00:00+00:00,2026-01-03T09:00:00+05:00,48,46.0,80bf1ab36d7ef0790ee8f83de358afd9d8de8e305355f275840c832974c9bd85,0.11833333333333333,5.69,5.84,5.96,63.0,0.1,957.0,0.8660254037844386,0.5000000000000001,0.051584366869408364,0.9986686402879997
validation_selection,2026-01-02T06:00:00+00:00,2026-01-02T00:00:00+00:00,2026-01-03T05:00:00+00:00,2026-01-03T10:00:00+05:00,24,23.0,ae20e05445bbbb0702cfff5560f4fc18ffc89986a3c3d2fa17b03be66dbf6808,0.135,5.3,5.44,5.55,58.0,2.1,958.2,0.9659258262890683,0.25881904510252074,0.051584366869408364,0.9986686402879997
validation_selection,2026-01-01T06:00:00+00:00,2026-01-01T00:00:00+00:00,2026-01-03T05:00:00+00:00,2026-01-03T10:00:00+05:00,48,47.0,80bf1ab36d7ef0790ee8f83de358afd9d8de8e305355f275840c832974c9bd85,0.135,4.73,4.85,4.96,58.0,2.4,957.6,0.9659258262890683,0.25881904510252074,0.051584366869408364,0.9986686402879997
validation_selection,2026-01-02T06:00:00+00:00,2026-01-02T00:00:00+00:00,2026-01-03T06:00:00+00:00,2026-01-03T11:00:00+05:00,24,24.0,ae20e05445bbbb0702cfff5560f4fc18ffc89986a3c3d2fa17b03be66dbf6808,0.06666666666666667,5.53,5.67,5.79,57.0,3.3,958.0,1.0,6.123233995736766e-17,0.051584366869408364,0.9986686402879997
validation_selection,2026-01-01T06:00:00+00:00,2026-01-01T00:00:00+00:00,2026-01-03T06:00:00+00:00,2026-01-03T11:00:00+05:00,48,48.0,80bf1ab36d7ef0790ee8f83de358afd9d8de8e305355f275840c832974c9bd85,0.06666666666666667,5.33,5.46,5.58,57.0,3.8,957.5,1.0,6.123233995736766e-17,0.051584366869408364,0.9986686402879997
validation_selection,2026-01-02T06:00:00+00:00,2026-01-02T00:00:00+00:00,2026-01-03T07:00:00+00:00,2026-01-03T12:00:00+05:00,24,25.0,ae20e05445bbbb0702cfff5560f4fc18ffc89986a3c3d2fa17b03be66dbf6808,0.14333333333333334,5.35,5.49,5.61,57.0,4.1,957.6,0.9659258262890683,-0.25881904510252063,0.051584366869408364,0.9986686402879997
validation_selection,2026-01-01T06:00:00+00:00,2026-01-01T00:00:00+00:00,2026-01-03T07:00:00+00:00,2026-01-03T12:00:00+05:00,48,49.0,80bf1ab36d7ef0790ee8f83de358afd9d8de8e305355f275840c832974c9bd85,0.14333333333333334,5.38,5.52,5.63,56.0,4.6,957.0,0.9659258262890683,-0.25881904510252063,0.051584366869408364,0.9986686402879997
validation_selection,2026-01-02T06:00:00+00:00,2026-01-02T00:00:00+00:00,2026-01-03T08:00:00+00:00,2026-01-03T13:00:00+05:00,24,26.0,ae20e05445bbbb0702cfff5560f4fc18ffc89986a3c3d2fa17b03be66dbf6808,0.16166666666666665,5.22,5.35,5.46,60.0,4.7,957.4,0.8660254037844387,-0.4999999999999998,0.051584366869408364,0.9986686402879997
validation_selection,2026-01-01T06:00:00+00:00,2026-01-01T00:00:00+00:00,2026-01-03T08:00:00+00:00,2026-01-03T13:00:00+05:00,48,50.0,80bf1ab36d7ef0790ee8f83de358afd9d8de8e305355f275840c832974c9bd85,0.16166666666666665,5.23,5.37,5.48,58.0,5.0,956.9,0.8660254037844387,-0.4999999999999998,0.051584366869408364,0.9986686402879997
validation_selection,2026-01-02T12:00:00+00:00,2026-01-02T06:00:00+00:00,2026-01-03T09:00:00+00:00,2026-01-03T14:00:00+05:00,24,21.0,585331a2c9b4c51ac8817312fc7d2f39eaad76e679ea6e4228151f3a2496c113,0.15833333333333333,5.25,5.39,5.5,62.0,4.7,957.3,0.7071067811865476,-0.7071067811865475,0.051584366869408364,0.9986686402879997
validation_selection,2026-01-01T12:00:00+00:00,2026-01-01T06:00:00+00:00,2026-01-03T09:00:00+00:00,2026-01-03T14:00:00+05:00,48,45.0,2272d16949790728264e019a09b3c97cbcc892bd48ad5dd69300dbc724387b76,0.15833333333333333,5.53,5.67,5.79,60.0,4.5,957.1,0.7071067811865476,-0.7071067811865475,0.051584366869408364,0.9986686402879997
validation_selection,2026-01-02T12:00:00+00:00,2026-01-02T06:00:00+00:00,2026-01-03T10:00:00+00:00,2026-01-03T15:00:00+05:00,24,22.0,585331a2c9b4c51ac8817312fc7d2f39eaad76e679ea6e4228151f3a2496c113,0.19666666666666666,5.56,5.71,5.82,66.0,3.9,957.5,0.49999999999999994,-0.8660254037844387,0.051584366869408364,0.9986686402879997
validation_selection,2026-01-01T12:00:00+00:00,2026-01-01T06:00:00+00:00,2026-01-03T10:00:00+00:00,2026-01-03T15:00:00+05:00,48,46.0,2272d16949790728264e019a09b3c97cbcc892bd48ad5dd69300dbc724387b76,0.19666666666666666,5.73,5.88,6.0,64.0,3.6,957.2,0.49999999999999994,-0.8660254037844387,0.051584366869408364,0.9986686402879997
validation_selection,2026-01-02T12:00:00+00:00,2026-01-02T06:00:00+00:00,2026-01-03T11:00:00+00:00,2026-01-03T16:00:00+05:00,24,23.0,585331a2c9b4c51ac8817312fc7d2f39eaad76e679ea6e4228151f3a2496c113,0.20666666666666667,5.89,6.04,6.17,66.0,1.9,957.3,0.258819045102521,-0.9659258262890682,0.051584366869408364,0.9986686402879997
validation_selection,2026-01-01T12:00:00+00:00,2026-01-01T06:00:00+00:00,2026-01-03T11:00:00+00:00,2026-01-03T16:00:00+05:00,48,47.0,2272d16949790728264e019a09b3c97cbcc892bd48ad5dd69300dbc724387b76,0.20666666666666667,6.08,6.24,6.37,63.0,1.7,956.9,0.258819045102521,-0.9659258262890682,0.051584366869408364,0.9986686402879997
validation_selection,2026-01-02T12:00:00+00:00,2026-01-02T06:00:00+00:00,2026-01-03T12:00:00+00:00,2026-01-03T17:00:00+05:00,24,24.0,585331a2c9b4c51ac8817312fc7d2f39eaad76e679ea6e4228151f3a2496c113,0.2783333333333333,5.96,6.11,6.24,66.0,0.9,957.4,1.2246467991473532e-16,-1.0,0.051584366869408364,0.9986686402879997
validation_selection,2026-01-01T12:00:00+00:00,2026-01-01T06:00:00+00:00,2026-01-03T12:00:00+00:00,2026-01-03T17:00:00+05:00,48,48.0,2272d16949790728264e019a09b3c97cbcc892bd48ad5dd69300dbc724387b76,0.2783333333333333,5.93,6.08,6.21,64.0,0.5,956.9,1.2246467991473532e-16,-1.0,0.051584366869408364,0.9986686402879997
validation_selection,2026-01-02T12:00:00+00:00,2026-01-02T06:00:00+00:00,2026-01-03T13:00:00+00:00,2026-01-03T18:00:00+05:00,24,25.0,585331a2c9b4c51ac8817312fc7d2f39eaad76e679ea6e4228151f3a2496c113,0.5066666666666667,6.16,6.32,6.45,68.0,0.8,957.5,-0.2588190451025208,-0.9659258262890683,0.051584366869408364,0.9986686402879997
validation_selection,2026-01-01T12:00:00+00:00,2026-01-01T06:00:00+00:00,2026-01-03T13:00:00+00:00,2026-01-03T18:00:00+05:00,48,49.0,2272d16949790728264e019a09b3c97cbcc892bd48ad5dd69300dbc724387b76,0.5066666666666667,6.02,6.17,6.3,65.0,0.6,957.3,-0.2588190451025208,-0.9659258262890683,0.051584366869408364,0.9986686402879997
validation_selection,2026-01-02T12:00:00+00:00,2026-01-02T06:00:00+00:00,2026-01-03T14:00:00+00:00,2026-01-03T19:00:00+05:00,24,26.0,585331a2c9b4c51ac8817312fc7d2f39eaad76e679ea6e4228151f3a2496c113,0.245,5.92,6.07,6.2,70.0,0.6,957.8,-0.4999999999999997,-0.8660254037844388,0.051584366869408364,0.9986686402879997
validation_selection,2026-01-01T12:00:00+00:00,2026-01-01T06:00:00+00:00,2026-01-03T14:00:00+00:00,2026-01-03T19:00:00+05:00,48,50.0,2272d16949790728264e019a09b3c97cbcc892bd48ad5dd69300dbc724387b76,0.245,5.98,6.14,6.27,67.0,0.5,957.6,-0.4999999999999997,-0.8660254037844388,0.051584366869408364,0.9986686402879997
validation_selection,2026-01-02T18:00:00+00:00,2026-01-02T12:00:00+00:00,2026-01-03T15:00:00+00:00,2026-01-03T20:00:00+05:00,24,21.0,36dbc9297e8c75e29d096f33385fabde1230be6cc79f0a639bf8cdea3c291254,0.48833333333333334,5.69,5.84,5.96,69.0,0.7,957.8,-0.7071067811865471,-0.7071067811865479,0.051584366869408364,0.9986686402879997
validation_selection,2026-01-01T18:00:00+00:00,2026-01-01T12:00:00+00:00,2026-01-03T15:00:00+00:00,2026-01-03T20:00:00+05:00,48,45.0,5c21ff85b5cd7b6f12faa6470fe37bea085906d0accf6a6c9d77a43743185bc5,0.48833333333333334,5.74,5.89,6.01,66.0,0.6,957.7,-0.7071067811865471,-0.7071067811865479,0.051584366869408364,0.9986686402879997
validation_selection,2026-01-02T18:00:00+00:00,2026-01-02T12:00:00+00:00,2026-01-03T16:00:00+00:00,2026-01-03T21:00:00+05:00,24,22.0,36dbc9297e8c75e29d096f33385fabde1230be6cc79f0a639bf8cdea3c291254,0.285,5.23,5.36,5.47,74.0,0.6,958.0,-0.8660254037844385,-0.5000000000000004,0.051584366869408364,0.9986686402879997
validation_selection,2026-01-01T18:00:00+00:00,2026-01-01T12:00:00+00:00,2026-01-03T16:00:00+00:00,2026-01-03T21:00:00+05:00,48,46.0,5c21ff85b5cd7b6f12faa6470fe37bea085906d0accf6a6c9d77a43743185bc5,0.285,5.54,5.68,5.8,69.0,0.2,957.8,-0.8660254037844385,-0.5000000000000004,0.051584366869408364,0.9986686402879997
validation_selection,2026-01-02T18:00:00+00:00,2026-01-02T12:00:00+00:00,2026-01-03T17:00:00+00:00,2026-01-03T22:00:00+05:00,24,23.0,36dbc9297e8c75e29d096f33385fabde1230be6cc79f0a639bf8cdea3c291254,0.15833333333333335,5.24,5.38,5.49,70.0,0.8,958.2,-0.9659258262890683,-0.25881904510252063,0.051584366869408364,0.9986686402879997
validation_selection,2026-01-01T18:00:00+00:00,2026-01-01T12:00:00+00:00,2026-01-03T17:00:00+00:00,2026-01-03T22:00:00+05:00,48,47.0,5c21ff85b5cd7b6f12faa6470fe37bea085906d0accf6a6c9d77a43743185bc5,0.15833333333333335,5.77,5.92,6.04,70.0,-0.1,957.6,-0.9659258262890683,-0.25881904510252063,0.051584366869408364,0.9986686402879997
validation_selection,2026-01-02T18:00:00+00:00,2026-01-02T12:00:00+00:00,2026-01-03T18:00:00+00:00,2026-01-03T23:00:00+05:00,24,24.0,36dbc9297e8c75e29d096f33385fabde1230be6cc79f0a639bf8cdea3c291254,0.265,5.13,5.27,5.37,72.0,0.8,958.5,-1.0,-1.8369701987210297e-16,0.051584366869408364,0.9986686402879997
validation_selection,2026-01-01T18:00:00+00:00,2026-01-01T12:00:00+00:00,2026-01-03T18:00:00+00:00,2026-01-03T23:00:00+05:00,48,48.0,5c21ff85b5cd7b6f12faa6470fe37bea085906d0accf6a6c9d77a43743185bc5,0.265,5.81,5.96,6.08,67.0,-0.3,957.6,-1.0,-1.8369701987210297e-16,0.051584366869408364,0.9986686402879997
validation_selection,2026-01-02T18:00:00+00:00,2026-01-02T12:00:00+00:00,2026-01-03T19:00:00+00:00,2026-01-04T00:00:00+05:00,24,25.0,36dbc9297e8c75e29d096f33385fabde1230be6cc79f0a639bf8cdea3c291254,0.18333333333333335,5.06,5.19,5.3,74.0,0.9,958.6,-0.9659258262890684,0.2588190451025203,0.051584366869408364,0.9986686402879997
validation_selection,2026-01-01T18:00:00+00:00,2026-01-01T12:00:00+00:00,2026-01-03T19:00:00+00:00,2026-01-04T00:00:00+05:00,48,49.0,5c21ff85b5cd7b6f12faa6470fe37bea085906d0accf6a6c9d77a43743185bc5,0.18333333333333335,5.82,5.97,6.1,65.0,-0.6,957.8,-0.9659258262890684,0.2588190451025203,0.051584366869408364,0.9986686402879997
validation_selection,2026-01-02T18:00:00+00:00,2026-01-02T12:00:00+00:00,2026-01-03T20:00:00+00:00,2026-01-04T01:00:00+05:00,24,26.0,36dbc9297e8c75e29d096f33385fabde1230be6cc79f0a639bf8cdea3c291254,0.26666666666666666,5.22,5.36,5.47,76.0,0.4,958.3,-0.8660254037844386,0.5000000000000001,0.051584366869408364,0.9986686402879997
validation_selection,2026-01-01T18:00:00+00:00,2026-01-01T12:00:00+00:00,2026-01-03T20:00:00+00:00,2026-01-04T01:00:00+05:00,48,50.0,5c21ff85b5cd7b6f12faa6470fe37bea085906d0accf6a6c9d77a43743185bc5,0.26666666666666666,5.61,5.76,5.88,70.0,-1.0,957.8,-0.8660254037844386,0.5000000000000001,0.051584366869408364,0.9986686402879997
validation_selection,2026-01-03T00:00:00+00:00,2026-01-02T18:00:00+00:00,2026-01-03T21:00:00+00:00,2026-01-04T02:00:00+05:00,24,21.0,353a00a6129fd34e312305e08d3eb7a5a027a642177994cb8225fe0683919adb,0.18999999999999997,5.4,5.54,5.66,77.0,0.4,958.4,-0.7071067811865477,0.7071067811865474,0.051584366869408364,0.9986686402879997
validation_selection,2026-01-02T00:00:00+00:00,2026-01-01T18:00:00+00:00,2026-01-03T21:00:00+00:00,2026-01-04T02:00:00+05:00,48,45.0,fbaa9a2f46b7fc61d233b51638c3463f9d4a3817dcb1cd84d9d8a74c21e4552d,0.18999999999999997,5.5,5.65,5.76,70.0,-0.6,958.3,-0.7071067811865477,0.7071067811865474,0.051584366869408364,0.9986686402879997
validation_selection,2026-01-03T00:00:00+00:00,2026-01-02T18:00:00+00:00,2026-01-03T22:00:00+00:00,2026-01-04T03:00:00+05:00,24,22.0,353a00a6129fd34e312305e08d3eb7a5a027a642177994cb8225fe0683919adb,0.16833333333333333,5.66,5.81,5.93,75.0,-0.1,958.2,-0.5000000000000004,0.8660254037844384,0.051584366869408364,0.9986686402879997
validation_selection,2026-01-02T00:00:00+00:00,2026-01-01T18:00:00+00:00,2026-01-03T22:00:00+00:00,2026-01-04T03:00:00+05:00,48,46.0,fbaa9a2f46b7fc61d233b51638c3463f9d4a3817dcb1cd84d9d8a74c21e4552d,0.16833333333333333,6.05,6.2,6.33,67.0,-0.4,958.8,-0.5000000000000004,0.8660254037844384,0.051584366869408364,0.9986686402879997
validation_selection,2026-01-03T00:00:00+00:00,2026-01-02T18:00:00+00:00,2026-01-03T23:00:00+00:00,2026-01-04T04:00:00+05:00,24,23.0,353a00a6129fd34e312305e08d3eb7a5a027a642177994cb8225fe0683919adb,0.2333333333333333,5.81,5.96,6.08,71.0,-0.3,958.2,-0.25881904510252157,0.9659258262890681,0.051584366869408364,0.9986686402879997
validation_selection,2026-01-02T00:00:00+00:00,2026-01-01T18:00:00+00:00,2026-01-03T23:00:00+00:00,2026-01-04T04:00:00+05:00,48,47.0,fbaa9a2f46b7fc61d233b51638c3463f9d4a3817dcb1cd84d9d8a74c21e4552d,0.2333333333333333,6.41,6.58,6.72,73.0,-0.2,958.9,-0.25881904510252157,0.9659258262890681,0.051584366869408364,0.9986686402879997
validation_selection,2026-01-03T00:00:00+00:00,2026-01-02T18:00:00+00:00,2026-01-04T00:00:00+00:00,2026-01-04T05:00:00+05:00,24,24.0,353a00a6129fd34e312305e08d3eb7a5a027a642177994cb8225fe0683919adb,0.2283333333333333,6.22,6.38,6.51,66.0,-0.4,958.6,0.0,1.0,0.06875540848113941,0.9976335468520451
validation_selection,2026-01-02T00:00:00+00:00,2026-01-01T18:00:00+00:00,2026-01-04T00:00:00+00:00,2026-01-04T05:00:00+05:00,48,48.0,fbaa9a2f46b7fc61d233b51638c3463f9d4a3817dcb1cd84d9d8a74c21e4552d,0.2283333333333333,6.44,6.61,6.75,71.0,-0.1,959.0,0.0,1.0,0.06875540848113941,0.9976335468520451
validation_selection,2026-01-03T00:00:00+00:00,2026-01-02T18:00:00+00:00,2026-01-04T01:00:00+00:00,2026-01-04T06:00:00+05:00,24,25.0,353a00a6129fd34e312305e08d3eb7a5a027a642177994cb8225fe0683919adb,0.37000000000000005,6.65,6.82,6.96,70.0,-0.3,958.8,0.25881904510252074,0.9659258262890683,0.06875540848113941,0.9976335468520451
validation_selection,2026-01-02T00:00:00+00:00,2026-01-01T18:00:00+00:00,2026-01-04T01:00:00+00:00,2026-01-04T06:00:00+05:00,48,49.0,fbaa9a2f46b7fc61d233b51638c3463f9d4a3817dcb1cd84d9d8a74c21e4552d,0.37000000000000005,6.43,6.59,6.73,68.0,-0.3,959.4,0.25881904510252074,0.9659258262890683,0.06875540848113941,0.9976335468520451
validation_selection,2026-01-03T00:00:00+00:00,2026-01-02T18:00:00+00:00,2026-01-04T02:00:00+00:00,2026-01-04T07:00:00+05:00,24,26.0,353a00a6129fd34e312305e08d3eb7a5a027a642177994cb8225fe0683919adb,0.295,6.74,6.92,7.06,69.0,-0.6,959.1,0.49999999999999994,0.8660254037844387,0.06875540848113941,0.9976335468520451
validation_selection,2026-01-02T00:00:00+00:00,2026-01-01T18:00:00+00:00,2026-01-04T02:00:00+00:00,2026-01-04T07:00:00+05:00,48,50.0,fbaa9a2f46b7fc61d233b51638c3463f9d4a3817dcb1cd84d9d8a74c21e4552d,0.295,6.55,6.72,6.86,72.0,-0.5,959.8,0.49999999999999994,0.8660254037844387,0.06875540848113941,0.9976335468520451
validation_selection,2026-01-03T06:00:00+00:00,2026-01-03T00:00:00+00:00,2026-01-04T03:00:00+00:00,2026-01-04T08:00:00+05:00,24,21.0,0267d80e442c6010815a4248d87e3ad352fc447644e738f7ab886628cbe3e23d,0.41,6.41,6.58,6.71,70.0,-0.6,960.0,0.7071067811865476,0.7071067811865476,0.06875540848113941,0.9976335468520451
validation_selection,2026-01-02T06:00:00+00:00,2026-01-02T00:00:00+00:00,2026-01-04T03:00:00+00:00,2026-01-04T08:00:00+05:00,48,45.0,ae20e05445bbbb0702cfff5560f4fc18ffc89986a3c3d2fa17b03be66dbf6808,0.41,6.77,6.94,7.08,72.0,-0.6,960.0,0.7071067811865476,0.7071067811865476,0.06875540848113941,0.9976335468520451
validation_selection,2026-01-03T06:00:00+00:00,2026-01-03T00:00:00+00:00,2026-01-04T04:00:00+00:00,2026-01-04T09:00:00+05:00,24,22.0,0267d80e442c6010815a4248d87e3ad352fc447644e738f7ab886628cbe3e23d,0.04833333333333333,4.22,4.33,4.42,68.0,1.3,961.4,0.8660254037844386,0.5000000000000001,0.06875540848113941,0.9976335468520451
validation_selection,2026-01-02T06:00:00+00:00,2026-01-02T00:00:00+00:00,2026-01-04T04:00:00+00:00,2026-01-04T09:00:00+05:00,48,46.0,ae20e05445bbbb0702cfff5560f4fc18ffc89986a3c3d2fa17b03be66dbf6808,0.04833333333333333,6.23,6.39,6.52,76.0,1.7,960.9,0.8660254037844386,0.5000000000000001,0.06875540848113941,0.9976335468520451
validation_selection,2026-01-03T06:00:00+00:00,2026-01-03T00:00:00+00:00,2026-01-04T05:00:00+00:00,2026-01-04T10:00:00+05:00,24,23.0,0267d80e442c6010815a4248d87e3ad352fc447644e738f7ab886628cbe3e23d,0.07666666666666667,3.35,3.43,3.51,254.0,2.1,963.1,0.9659258262890683,0.25881904510252074,0.06875540848113941,0.9976335468520451
validation_selection,2026-01-02T06:00:00+00:00,2026-01-02T00:00:00+00:00,2026-01-04T05:00:00+00:00,2026-01-04T10:00:00+05:00,48,47.0,ae20e05445bbbb0702cfff5560f4fc18ffc89986a3c3d2fa17b03be66dbf6808,0.07666666666666667,3.19,3.27,3.34,71.0,3.6,961.7,0.9659258262890683,0.25881904510252074,0.06875540848113941,0.9976335468520451
validation_selection,2026-01-03T06:00:00+00:00,2026-01-03T00:00:00+00:00,2026-01-04T06:00:00+00:00,2026-01-04T11:00:00+05:00,24,24.0,0267d80e442c6010815a4248d87e3ad352fc447644e738f7ab886628cbe3e23d,0.06833333333333333,2.31,2.37,2.42,226.0,3.7,962.8,1.0,6.123233995736766e-17,0.06875540848113941,0.9976335468520451
validation_selection,2026-01-02T06:00:00+00:00,2026-01-02T00:00:00+00:00,2026-01-04T06:00:00+00:00,2026-01-04T11:00:00+05:00,48,48.0,ae20e05445bbbb0702cfff5560f4fc18ffc89986a3c3d2fa17b03be66dbf6808,0.06833333333333333,2.2,2.26,2.31,288.0,3.8,962.6,1.0,6.123233995736766e-17,0.06875540848113941,0.9976335468520451
validation_selection,2026-01-03T06:00:00+00:00,2026-01-03T00:00:00+00:00,2026-01-04T07:00:00+00:00,2026-01-04T12:00:00+05:00,24,25.0,0267d80e442c6010815a4248d87e3ad352fc447644e738f7ab886628cbe3e23d,0.01,3.73,3.83,3.91,263.0,4.8,962.4,0.9659258262890683,-0.25881904510252063,0.06875540848113941,0.9976335468520451
validation_selection,2026-01-02T06:00:00+00:00,2026-01-02T00:00:00+00:00,2026-01-04T07:00:00+00:00,2026-01-04T12:00:00+05:00,48,49.0,ae20e05445bbbb0702cfff5560f4fc18ffc89986a3c3d2fa17b03be66dbf6808,0.01,2.01,2.06,2.1,247.0,4.6,962.5,0.9659258262890683,-0.25881904510252063,0.06875540848113941,0.9976335468520451
validation_selection,2026-01-03T06:00:00+00:00,2026-01-03T00:00:00+00:00,2026-01-04T08:00:00+00:00,2026-01-04T13:00:00+05:00,24,26.0,0267d80e442c6010815a4248d87e3ad352fc447644e738f7ab886628cbe3e23d,0.01,4.31,4.42,4.51,265.0,5.2,962.3,0.8660254037844387,-0.4999999999999998,0.06875540848113941,0.9976335468520451
validation_selection,2026-01-02T06:00:00+00:00,2026-01-02T00:00:00+00:00,2026-01-04T08:00:00+00:00,2026-01-04T13:00:00+05:00,48,50.0,ae20e05445bbbb0702cfff5560f4fc18ffc89986a3c3d2fa17b03be66dbf6808,0.01,3.78,3.88,3.96,258.0,5.4,962.5,0.8660254037844387,-0.4999999999999998,0.06875540848113941,0.9976335468520451
validation_selection,2026-01-03T12:00:00+00:00,2026-01-03T06:00:00+00:00,2026-01-04T09:00:00+00:00,2026-01-04T14:00:00+05:00,24,21.0,4dd84d399c039eff89536eecae5ca7d39737373b1dc880ce54c9104184aa6e81,0.01,4.45,4.56,4.66,261.0,5.2,962.1,0.7071067811865476,-0.7071067811865475,0.06875540848113941,0.9976335468520451
validation_selection,2026-01-02T12:00:00+00:00,2026-01-02T06:00:00+00:00,2026-01-04T09:00:00+00:00,2026-01-04T14:00:00+05:00,48,45.0,585331a2c9b4c51ac8817312fc7d2f39eaad76e679ea6e4228151f3a2496c113,0.01,4.38,4.49,4.58,262.0,5.2,962.4,0.7071067811865476,-0.7071067811865475,0.06875540848113941,0.9976335468520451
validation_selection,2026-01-03T12:00:00+00:00,2026-01-03T06:00:00+00:00,2026-01-04T10:00:00+00:00,2026-01-04T15:00:00+05:00,24,22.0,4dd84d399c039eff89536eecae5ca7d39737373b1dc880ce54c9104184aa6e81,0.03166666666666667,4.37,4.48,4.57,259.0,4.5,962.5,0.49999999999999994,-0.8660254037844387,0.06875540848113941,0.9976335468520451
validation_selection,2026-01-02T12:00:00+00:00,2026-01-02T06:00:00+00:00,2026-01-04T10:00:00+00:00,2026-01-04T15:00:00+05:00,48,46.0,585331a2c9b4c51ac8817312fc7d2f39eaad76e679ea6e4228151f3a2496c113,0.03166666666666667,5.05,5.18,5.29,257.0,4.4,962.8,0.49999999999999994,-0.8660254037844387,0.06875540848113941,0.9976335468520451
validation_selection,2026-01-03T12:00:00+00:00,2026-01-03T06:00:00+00:00,2026-01-04T11:00:00+00:00,2026-01-04T16:00:00+05:00,24,23.0,4dd84d399c039eff89536eecae5ca7d39737373b1dc880ce54c9104184aa6e81,0.265,4.71,4.83,4.93,259.0,1.7,962.5,0.258819045102521,-0.9659258262890682,0.06875540848113941,0.9976335468520451
validation_selection,2026-01-02T12:00:00+00:00,2026-01-02T06:00:00+00:00,2026-01-04T11:00:00+00:00,2026-01-04T16:00:00+05:00,48,47.0,585331a2c9b4c51ac8817312fc7d2f39eaad76e679ea6e4228151f3a2496c113,0.265,5.01,5.14,5.25,249.0,2.1,962.8,0.258819045102521,-0.9659258262890682,0.06875540848113941,0.9976335468520451
validation_selection,2026-01-03T12:00:00+00:00,2026-01-03T06:00:00+00:00,2026-01-04T12:00:00+00:00,2026-01-04T17:00:00+05:00,24,24.0,4dd84d399c039eff89536eecae5ca7d39737373b1dc880ce54c9104184aa6e81,0.5816666666666667,5.6,5.75,5.87,249.0,0.3,963.2,1.2246467991473532e-16,-1.0,0.06875540848113941,0.9976335468520451
validation_selection,2026-01-02T12:00:00+00:00,2026-01-02T06:00:00+00:00,2026-01-04T12:00:00+00:00,2026-01-04T17:00:00+05:00,48,48.0,585331a2c9b4c51ac8817312fc7d2f39eaad76e679ea6e4228151f3a2496c113,0.5816666666666667,5.64,5.79,5.91,244.0,0.8,963.1,1.2246467991473532e-16,-1.0,0.06875540848113941,0.9976335468520451
validation_selection,2026-01-03T12:00:00+00:00,2026-01-03T06:00:00+00:00,2026-01-04T13:00:00+00:00,2026-01-04T18:00:00+05:00,24,25.0,4dd84d399c039eff89536eecae5ca7d39737373b1dc880ce54c9104184aa6e81,0.62,6.67,6.84,6.98,229.0,0.4,963.7,-0.2588190451025208,-0.9659258262890683,0.06875540848113941,0.9976335468520451
validation_selection,2026-01-02T12:00:00+00:00,2026-01-02T06:00:00+00:00,2026-01-04T13:00:00+00:00,2026-01-04T18:00:00+05:00,48,49.0,585331a2c9b4c51ac8817312fc7d2f39eaad76e679ea6e4228151f3a2496c113,0.62,6.51,6.68,6.82,239.0,0.7,963.9,-0.2588190451025208,-0.9659258262890683,0.06875540848113941,0.9976335468520451
validation_selection,2026-01-03T12:00:00+00:00,2026-01-03T06:00:00+00:00,2026-01-04T14:00:00+00:00,2026-01-04T19:00:00+05:00,24,26.0,4dd84d399c039eff89536eecae5ca7d39737373b1dc880ce54c9104184aa6e81,0.6566666666666666,7.5,7.7,7.86,236.0,0.4,964.3,-0.4999999999999997,-0.8660254037844388,0.06875540848113941,0.9976335468520451
validation_selection,2026-01-02T12:00:00+00:00,2026-01-02T06:00:00+00:00,2026-01-04T14:00:00+00:00,2026-01-04T19:00:00+05:00,48,50.0,585331a2c9b4c51ac8817312fc7d2f39eaad76e679ea6e4228151f3a2496c113,0.6566666666666666,7.0,7.18,7.33,242.0,0.6,964.4,-0.4999999999999997,-0.8660254037844388,0.06875540848113941,0.9976335468520451
validation_selection,2026-01-03T18:00:00+00:00,2026-01-03T12:00:00+00:00,2026-01-04T15:00:00+00:00,2026-01-04T20:00:00+05:00,24,21.0,f916ceed063c7e0f5d0bb0abfbfb4ee48cdc60cb38c0dc154ab223dd53148162,0.48666666666666664,6.15,6.31,6.44,241.0,0.1,964.6,-0.7071067811865471,-0.7071067811865479,0.06875540848113941,0.9976335468520451
validation_selection,2026-01-02T18:00:00+00:00,2026-01-02T12:00:00+00:00,2026-01-04T15:00:00+00:00,2026-01-04T20:00:00+05:00,48,45.0,36dbc9297e8c75e29d096f33385fabde1230be6cc79f0a639bf8cdea3c291254,0.48666666666666664,8.07,8.28,8.45,235.0,0.1,965.1,-0.7071067811865471,-0.7071067811865479,0.06875540848113941,0.9976335468520451
validation_selection,2026-01-03T18:00:00+00:00,2026-01-03T12:00:00+00:00,2026-01-04T16:00:00+00:00,2026-01-04T21:00:00+05:00,24,22.0,f916ceed063c7e0f5d0bb0abfbfb4ee48cdc60cb38c0dc154ab223dd53148162,0.3466666666666667,6.26,6.42,6.55,243.0,0.0,965.1,-0.8660254037844385,-0.5000000000000004,0.06875540848113941,0.9976335468520451
validation_selection,2026-01-02T18:00:00+00:00,2026-01-02T12:00:00+00:00,2026-01-04T16:00:00+00:00,2026-01-04T21:00:00+05:00,48,46.0,36dbc9297e8c75e29d096f33385fabde1230be6cc79f0a639bf8cdea3c291254,0.3466666666666667,7.69,7.89,8.05,231.0,0.3,965.3,-0.8660254037844385,-0.5000000000000004,0.06875540848113941,0.9976335468520451
validation_selection,2026-01-03T18:00:00+00:00,2026-01-03T12:00:00+00:00,2026-01-04T17:00:00+00:00,2026-01-04T22:00:00+05:00,24,23.0,f916ceed063c7e0f5d0bb0abfbfb4ee48cdc60cb38c0dc154ab223dd53148162,0.48500000000000004,6.84,7.02,7.16,237.0,-0.1,965.4,-0.9659258262890683,-0.25881904510252063,0.06875540848113941,0.9976335468520451
validation_selection,2026-01-02T18:00:00+00:00,2026-01-02T12:00:00+00:00,2026-01-04T17:00:00+00:00,2026-01-04T22:00:00+05:00,48,47.0,36dbc9297e8c75e29d096f33385fabde1230be6cc79f0a639bf8cdea3c291254,0.48500000000000004,7.64,7.84,8.0,230.0,0.4,965.4,-0.9659258262890683,-0.25881904510252063,0.06875540848113941,0.9976335468520451
validation_selection,2026-01-03T18:00:00+00:00,2026-01-03T12:00:00+00:00,2026-01-04T18:00:00+00:00,2026-01-04T23:00:00+05:00,24,24.0,f916ceed063c7e0f5d0bb0abfbfb4ee48cdc60cb38c0dc154ab223dd53148162,0.8316666666666667,6.95,7.13,7.28,232.0,-0.1,965.6,-1.0,-1.8369701987210297e-16,0.06875540848113941,0.9976335468520451
validation_selection,2026-01-02T18:00:00+00:00,2026-01-02T12:00:00+00:00,2026-01-04T18:00:00+00:00,2026-01-04T23:00:00+05:00,48,48.0,36dbc9297e8c75e29d096f33385fabde1230be6cc79f0a639bf8cdea3c291254,0.8316666666666667,7.68,7.88,8.04,232.0,0.6,965.6,-1.0,-1.8369701987210297e-16,0.06875540848113941,0.9976335468520451
validation_selection,2026-01-03T18:00:00+00:00,2026-01-03T12:00:00+00:00,2026-01-04T19:00:00+00:00,2026-01-05T00:00:00+05:00,24,25.0,f916ceed063c7e0f5d0bb0abfbfb4ee48cdc60cb38c0dc154ab223dd53148162,0.27666666666666667,6.78,6.96,7.1,233.0,-0.1,965.7,-0.9659258262890684,0.2588190451025203,0.06875540848113941,0.9976335468520451
validation_selection,2026-01-02T18:00:00+00:00,2026-01-02T12:00:00+00:00,2026-01-04T19:00:00+00:00,2026-01-05T00:00:00+05:00,48,49.0,36dbc9297e8c75e29d096f33385fabde1230be6cc79f0a639bf8cdea3c291254,0.27666666666666667,7.55,7.74,7.9,238.0,0.6,965.9,-0.9659258262890684,0.2588190451025203,0.06875540848113941,0.9976335468520451
validation_selection,2026-01-03T18:00:00+00:00,2026-01-03T12:00:00+00:00,2026-01-04T20:00:00+00:00,2026-01-05T01:00:00+05:00,24,26.0,f916ceed063c7e0f5d0bb0abfbfb4ee48cdc60cb38c0dc154ab223dd53148162,0.33,6.3,6.46,6.6,235.0,-0.1,965.8,-0.8660254037844386,0.5000000000000001,0.06875540848113941,0.9976335468520451
validation_selection,2026-01-02T18:00:00+00:00,2026-01-02T12:00:00+00:00,2026-01-04T20:00:00+00:00,2026-01-05T01:00:00+05:00,48,50.0,36dbc9297e8c75e29d096f33385fabde1230be6cc79f0a639bf8cdea3c291254,0.33,7.73,7.93,8.1,240.0,0.7,966.1,-0.8660254037844386,0.5000000000000001,0.06875540848113941,0.9976335468520451
validation_selection,2026-01-04T00:00:00+00:00,2026-01-03T18:00:00+00:00,2026-01-04T21:00:00+00:00,2026-01-05T02:00:00+05:00,24,21.0,df4a3cf2ed7ad4ee7571fd96fdb2ca3466dd7b28f36125ec666ca7e29cef08c1,0.34500000000000003,4.06,4.17,4.26,247.0,-1.0,965.7,-0.7071067811865477,0.7071067811865474,0.06875540848113941,0.9976335468520451
validation_selection,2026-01-03T00:00:00+00:00,2026-01-02T18:00:00+00:00,2026-01-04T21:00:00+00:00,2026-01-05T02:00:00+05:00,48,45.0,353a00a6129fd34e312305e08d3eb7a5a027a642177994cb8225fe0683919adb,0.34500000000000003,7.36,7.55,7.71,239.0,0.7,966.4,-0.7071067811865477,0.7071067811865474,0.06875540848113941,0.9976335468520451
validation_selection,2026-01-04T00:00:00+00:00,2026-01-03T18:00:00+00:00,2026-01-04T22:00:00+00:00,2026-01-05T03:00:00+05:00,24,22.0,df4a3cf2ed7ad4ee7571fd96fdb2ca3466dd7b28f36125ec666ca7e29cef08c1,0.27666666666666667,4.1,4.21,4.29,250.0,-0.8,966.1,-0.5000000000000004,0.8660254037844384,0.06875540848113941,0.9976335468520451
validation_selection,2026-01-03T00:00:00+00:00,2026-01-02T18:00:00+00:00,2026-01-04T22:00:00+00:00,2026-01-05T03:00:00+05:00,48,46.0,353a00a6129fd34e312305e08d3eb7a5a027a642177994cb8225fe0683919adb,0.27666666666666667,7.46,7.66,7.81,235.0,0.9,966.8,-0.5000000000000004,0.8660254037844384,0.06875540848113941,0.9976335468520451
validation_selection,2026-01-04T00:00:00+00:00,2026-01-03T18:00:00+00:00,2026-01-04T23:00:00+00:00,2026-01-05T04:00:00+05:00,24,23.0,df4a3cf2ed7ad4ee7571fd96fdb2ca3466dd7b28f36125ec666ca7e29cef08c1,0.16,4.33,4.44,4.53,247.0,-1.0,966.4,-0.25881904510252157,0.9659258262890681,0.06875540848113941,0.9976335468520451
validation_selection,2026-01-03T00:00:00+00:00,2026-01-02T18:00:00+00:00,2026-01-04T23:00:00+00:00,2026-01-05T04:00:00+05:00,48,47.0,353a00a6129fd34e312305e08d3eb7a5a027a642177994cb8225fe0683919adb,0.16,7.12,7.3,7.45,232.0,0.6,967.0,-0.25881904510252157,0.9659258262890681,0.06875540848113941,0.9976335468520451
validation_selection,2026-01-04T00:00:00+00:00,2026-01-03T18:00:00+00:00,2026-01-05T00:00:00+00:00,2026-01-05T05:00:00+05:00,24,24.0,df4a3cf2ed7ad4ee7571fd96fdb2ca3466dd7b28f36125ec666ca7e29cef08c1,0.12666666666666668,4.47,4.59,4.68,242.0,-0.5,967.0,0.0,1.0,0.08590610426133272,0.9963032375991965
validation_selection,2026-01-03T00:00:00+00:00,2026-01-02T18:00:00+00:00,2026-01-05T00:00:00+00:00,2026-01-05T05:00:00+05:00,48,48.0,353a00a6129fd34e312305e08d3eb7a5a027a642177994cb8225fe0683919adb,0.12666666666666668,6.29,6.45,6.59,229.0,0.5,967.6,0.0,1.0,0.08590610426133272,0.9963032375991965
validation_selection,2026-01-04T00:00:00+00:00,2026-01-03T18:00:00+00:00,2026-01-05T01:00:00+00:00,2026-01-05T06:00:00+05:00,24,25.0,df4a3cf2ed7ad4ee7571fd96fdb2ca3466dd7b28f36125ec666ca7e29cef08c1,0.04833333333333333,4.78,4.9,5.0,241.0,0.5,967.9,0.25881904510252074,0.9659258262890683,0.08590610426133272,0.9963032375991965
validation_selection,2026-01-03T00:00:00+00:00,2026-01-02T18:00:00+00:00,2026-01-05T01:00:00+00:00,2026-01-05T06:00:00+05:00,48,49.0,353a00a6129fd34e312305e08d3eb7a5a027a642177994cb8225fe0683919adb,0.04833333333333333,5.68,5.83,5.95,234.0,-0.4,968.3,0.25881904510252074,0.9659258262890683,0.08590610426133272,0.9963032375991965
validation_selection,2026-01-04T00:00:00+00:00,2026-01-03T18:00:00+00:00,2026-01-05T02:00:00+00:00,2026-01-05T07:00:00+05:00,24,26.0,df4a3cf2ed7ad4ee7571fd96fdb2ca3466dd7b28f36125ec666ca7e29cef08c1,0.01,4.4,4.52,4.61,244.0,0.7,968.8,0.49999999999999994,0.8660254037844387,0.08590610426133272,0.9963032375991965
validation_selection,2026-01-03T00:00:00+00:00,2026-01-02T18:00:00+00:00,2026-01-05T02:00:00+00:00,2026-01-05T07:00:00+05:00,48,50.0,353a00a6129fd34e312305e08d3eb7a5a027a642177994cb8225fe0683919adb,0.01,5.53,5.67,5.79,235.0,-0.3,969.0,0.49999999999999994,0.8660254037844387,0.08590610426133272,0.9963032375991965
validation_selection,2026-01-04T06:00:00+00:00,2026-01-04T00:00:00+00:00,2026-01-05T03:00:00+00:00,2026-01-05T08:00:00+05:00,24,21.0,e092207259793934ef2cb95ad42d5b7f657746f8b9706125a7251196f791c828,0.01,2.0,2.05,2.09,269.0,0.1,969.3,0.7071067811865476,0.7071067811865476,0.08590610426133272,0.9963032375991965
validation_selection,2026-01-03T06:00:00+00:00,2026-01-03T00:00:00+00:00,2026-01-05T03:00:00+00:00,2026-01-05T08:00:00+05:00,48,45.0,0267d80e442c6010815a4248d87e3ad352fc447644e738f7ab886628cbe3e23d,0.01,5.02,5.15,5.26,234.0,-0.1,969.9,0.7071067811865476,0.7071067811865476,0.08590610426133272,0.9963032375991965
validation_selection,2026-01-04T06:00:00+00:00,2026-01-04T00:00:00+00:00,2026-01-05T04:00:00+00:00,2026-01-05T09:00:00+05:00,24,22.0,e092207259793934ef2cb95ad42d5b7f657746f8b9706125a7251196f791c828,0.01,1.25,1.28,1.3,301.0,0.5,970.4,0.8660254037844386,0.5000000000000001,0.08590610426133272,0.9963032375991965
validation_selection,2026-01-03T06:00:00+00:00,2026-01-03T00:00:00+00:00,2026-01-05T04:00:00+00:00,2026-01-05T09:00:00+05:00,48,46.0,0267d80e442c6010815a4248d87e3ad352fc447644e738f7ab886628cbe3e23d,0.01,3.73,3.82,3.9,244.0,2.0,971.0,0.8660254037844386,0.5000000000000001,0.08590610426133272,0.9963032375991965
validation_selection,2026-01-04T06:00:00+00:00,2026-01-04T00:00:00+00:00,2026-01-05T05:00:00+00:00,2026-01-05T10:00:00+05:00,24,23.0,e092207259793934ef2cb95ad42d5b7f657746f8b9706125a7251196f791c828,0.006666666666666667,0.59,0.6,0.62,294.0,1.3,971.2,0.9659258262890683,0.25881904510252074,0.08590610426133272,0.9963032375991965
validation_selection,2026-01-03T06:00:00+00:00,2026-01-03T00:00:00+00:00,2026-01-05T05:00:00+00:00,2026-01-05T10:00:00+05:00,48,47.0,0267d80e442c6010815a4248d87e3ad352fc447644e738f7ab886628cbe3e23d,0.006666666666666667,3.07,3.15,3.22,273.0,2.9,971.6,0.9659258262890683,0.25881904510252074,0.08590610426133272,0.9963032375991965
validation_selection,2026-01-04T06:00:00+00:00,2026-01-04T00:00:00+00:00,2026-01-05T06:00:00+00:00,2026-01-05T11:00:00+05:00,24,24.0,e092207259793934ef2cb95ad42d5b7f657746f8b9706125a7251196f791c828,0.008333333333333333,0.52,0.53,0.54,311.0,2.1,971.3,1.0,6.123233995736766e-17,0.08590610426133272,0.9963032375991965
validation_selection,2026-01-03T06:00:00+00:00,2026-01-03T00:00:00+00:00,2026-01-05T06:00:00+00:00,2026-01-05T11:00:00+05:00,48,48.0,0267d80e442c6010815a4248d87e3ad352fc447644e738f7ab886628cbe3e23d,0.008333333333333333,2.99,3.07,3.13,289.0,3.1,971.7,1.0,6.123233995736766e-17,0.08590610426133272,0.9963032375991965
validation_selection,2026-01-04T06:00:00+00:00,2026-01-04T00:00:00+00:00,2026-01-05T07:00:00+00:00,2026-01-05T12:00:00+05:00,24,25.0,e092207259793934ef2cb95ad42d5b7f657746f8b9706125a7251196f791c828,0.013333333333333334,1.28,1.32,1.34,279.0,2.8,970.9,0.9659258262890683,-0.25881904510252063,0.08590610426133272,0.9963032375991965
validation_selection,2026-01-03T06:00:00+00:00,2026-01-03T00:00:00+00:00,2026-01-05T07:00:00+00:00,2026-01-05T12:00:00+05:00,48,49.0,0267d80e442c6010815a4248d87e3ad352fc447644e738f7ab886628cbe3e23d,0.013333333333333334,2.61,2.67,2.73,291.0,3.4,971.5,0.9659258262890683,-0.25881904510252063,0.08590610426133272,0.9963032375991965
validation_selection,2026-01-04T06:00:00+00:00,2026-01-04T00:00:00+00:00,2026-01-05T08:00:00+00:00,2026-01-05T13:00:00+05:00,24,26.0,e092207259793934ef2cb95ad42d5b7f657746f8b9706125a7251196f791c828,0.03333333333333333,1.32,1.35,1.38,270.0,3.4,970.9,0.8660254037844387,-0.4999999999999998,0.08590610426133272,0.9963032375991965
validation_selection,2026-01-03T06:00:00+00:00,2026-01-03T00:00:00+00:00,2026-01-05T08:00:00+00:00,2026-01-05T13:00:00+05:00,48,50.0,0267d80e442c6010815a4248d87e3ad352fc447644e738f7ab886628cbe3e23d,0.03333333333333333,2.18,2.23,2.28,286.0,3.6,971.4,0.8660254037844387,-0.4999999999999998,0.08590610426133272,0.9963032375991965
validation_selection,2026-01-04T12:00:00+00:00,2026-01-04T06:00:00+00:00,2026-01-05T09:00:00+00:00,2026-01-05T14:00:00+05:00,24,21.0,3a7f609381b2a4eb1a4f14d6c16d26f91ae695da01344bbd59246a37a9414bd1,0.008333333333333333,1.37,1.41,1.44,253.0,3.7,970.8,0.7071067811865476,-0.7071067811865475,0.08590610426133272,0.9963032375991965
validation_selection,2026-01-03T12:00:00+00:00,2026-01-03T06:00:00+00:00,2026-01-05T09:00:00+00:00,2026-01-05T14:00:00+05:00,48,45.0,4dd84d399c039eff89536eecae5ca7d39737373b1dc880ce54c9104184aa6e81,0.008333333333333333,1.62,1.66,1.7,286.0,3.5,971.3,0.7071067811865476,-0.7071067811865475,0.08590610426133272,0.9963032375991965
validation_selection,2026-01-04T12:00:00+00:00,2026-01-04T06:00:00+00:00,2026-01-05T10:00:00+00:00,2026-01-05T15:00:00+05:00,24,22.0,3a7f609381b2a4eb1a4f14d6c16d26f91ae695da01344bbd59246a37a9414bd1,0.006666666666666667,1.08,1.1,1.13,265.0,3.7,971.3,0.49999999999999994,-0.8660254037844387,0.08590610426133272,0.9963032375991965
validation_selection,2026-01-03T12:00:00+00:00,2026-01-03T06:00:00+00:00,2026-01-05T10:00:00+00:00,2026-01-05T15:00:00+05:00,48,46.0,4dd84d399c039eff89536eecae5ca7d39737373b1dc880ce54c9104184aa6e81,0.006666666666666667,1.45,1.49,1.52,290.0,3.2,971.7,0.49999999999999994,-0.8660254037844387,0.08590610426133272,0.9963032375991965
validation_selection,2026-01-04T12:00:00+00:00,2026-01-04T06:00:00+00:00,2026-01-05T11:00:00+00:00,2026-01-05T16:00:00+05:00,24,23.0,3a7f609381b2a4eb1a4f14d6c16d26f91ae695da01344bbd59246a37a9414bd1,0.018333333333333333,1.04,1.07,1.09,323.0,1.6,971.2,0.258819045102521,-0.9659258262890682,0.08590610426133272,0.9963032375991965
validation_selection,2026-01-03T12:00:00+00:00,2026-01-03T06:00:00+00:00,2026-01-05T11:00:00+00:00,2026-01-05T16:00:00+05:00,48,47.0,4dd84d399c039eff89536eecae5ca7d39737373b1dc880ce54c9104184aa6e81,0.018333333333333333,2.41,2.47,2.52,328.0,1.1,971.6,0.258819045102521,-0.9659258262890682,0.08590610426133272,0.9963032375991965
validation_selection,2026-01-04T12:00:00+00:00,2026-01-04T06:00:00+00:00,2026-01-05T12:00:00+00:00,2026-01-05T17:00:00+05:00,24,24.0,3a7f609381b2a4eb1a4f14d6c16d26f91ae695da01344bbd59246a37a9414bd1,0.03333333333333333,2.29,2.35,2.4,38.0,-0.3,971.2,1.2246467991473532e-16,-1.0,0.08590610426133272,0.9963032375991965
validation_selection,2026-01-03T12:00:00+00:00,2026-01-03T06:00:00+00:00,2026-01-05T12:00:00+00:00,2026-01-05T17:00:00+05:00,48,48.0,4dd84d399c039eff89536eecae5ca7d39737373b1dc880ce54c9104184aa6e81,0.03333333333333333,2.29,2.35,2.4,360.0,-1.0,971.6,1.2246467991473532e-16,-1.0,0.08590610426133272,0.9963032375991965
validation_selection,2026-01-04T12:00:00+00:00,2026-01-04T06:00:00+00:00,2026-01-05T13:00:00+00:00,2026-01-05T18:00:00+05:00,24,25.0,3a7f609381b2a4eb1a4f14d6c16d26f91ae695da01344bbd59246a37a9414bd1,0.07333333333333333,4.27,4.39,4.48,61.0,-0.5,971.1,-0.2588190451025208,-0.9659258262890683,0.08590610426133272,0.9963032375991965
validation_selection,2026-01-03T12:00:00+00:00,2026-01-03T06:00:00+00:00,2026-01-05T13:00:00+00:00,2026-01-05T18:00:00+05:00,48,49.0,4dd84d399c039eff89536eecae5ca7d39737373b1dc880ce54c9104184aa6e81,0.07333333333333333,2.25,2.31,2.35,60.0,-1.3,972.1,-0.2588190451025208,-0.9659258262890683,0.08590610426133272,0.9963032375991965
validation_selection,2026-01-04T12:00:00+00:00,2026-01-04T06:00:00+00:00,2026-01-05T14:00:00+00:00,2026-01-05T19:00:00+05:00,24,26.0,3a7f609381b2a4eb1a4f14d6c16d26f91ae695da01344bbd59246a37a9414bd1,0.07166666666666667,5.93,6.08,6.21,59.0,-0.4,971.2,-0.4999999999999997,-0.8660254037844388,0.08590610426133272,0.9963032375991965
validation_selection,2026-01-03T12:00:00+00:00,2026-01-03T06:00:00+00:00,2026-01-05T14:00:00+00:00,2026-01-05T19:00:00+05:00,48,50.0,4dd84d399c039eff89536eecae5ca7d39737373b1dc880ce54c9104184aa6e81,0.07166666666666667,3.3,3.39,3.46,53.0,-1.4,972.0,-0.4999999999999997,-0.8660254037844388,0.08590610426133272,0.9963032375991965
validation_selection,2026-01-04T18:00:00+00:00,2026-01-04T12:00:00+00:00,2026-01-05T15:00:00+00:00,2026-01-05T20:00:00+05:00,24,21.0,8e59543c142060d4e0995a1a2ff7ba6913a9a519c656ae6d83851c10be8013ee,0.12166666666666666,5.98,6.13,6.26,61.0,-0.6,971.4,-0.7071067811865471,-0.7071067811865479,0.08590610426133272,0.9963032375991965
validation_selection,2026-01-03T18:00:00+00:00,2026-01-03T12:00:00+00:00,2026-01-05T15:00:00+00:00,2026-01-05T20:00:00+05:00,48,45.0,f916ceed063c7e0f5d0bb0abfbfb4ee48cdc60cb38c0dc154ab223dd53148162,0.12166666666666666,5.94,6.1,6.22,59.0,-1.0,971.9,-0.7071067811865471,-0.7071067811865479,0.08590610426133272,0.9963032375991965
validation_selection,2026-01-04T18:00:00+00:00,2026-01-04T12:00:00+00:00,2026-01-05T16:00:00+00:00,2026-01-05T21:00:00+05:00,24,22.0,8e59543c142060d4e0995a1a2ff7ba6913a9a519c656ae6d83851c10be8013ee,0.15166666666666664,5.36,5.5,5.62,65.0,-1.3,971.2,-0.8660254037844385,-0.5000000000000004,0.08590610426133272,0.9963032375991965
validation_selection,2026-01-03T18:00:00+00:00,2026-01-03T12:00:00+00:00,2026-01-05T16:00:00+00:00,2026-01-05T21:00:00+05:00,48,46.0,f916ceed063c7e0f5d0bb0abfbfb4ee48cdc60cb38c0dc154ab223dd53148162,0.15166666666666664,5.34,5.48,5.6,61.0,-1.7,971.7,-0.8660254037844385,-0.5000000000000004,0.08590610426133272,0.9963032375991965
validation_selection,2026-01-04T18:00:00+00:00,2026-01-04T12:00:00+00:00,2026-01-05T17:00:00+00:00,2026-01-05T22:00:00+05:00,24,23.0,8e59543c142060d4e0995a1a2ff7ba6913a9a519c656ae6d83851c10be8013ee,0.34833333333333333,5.21,5.35,5.46,62.0,-2.0,971.2,-0.9659258262890683,-0.25881904510252063,0.08590610426133272,0.9963032375991965
validation_selection,2026-01-03T18:00:00+00:00,2026-01-03T12:00:00+00:00,2026-01-05T17:00:00+00:00,2026-01-05T22:00:00+05:00,48,47.0,f916ceed063c7e0f5d0bb0abfbfb4ee48cdc60cb38c0dc154ab223dd53148162,0.34833333333333333,4.95,5.08,5.18,64.0,-2.7,971.4,-0.9659258262890683,-0.25881904510252063,0.08590610426133272,0.9963032375991965
validation_selection,2026-01-04T18:00:00+00:00,2026-01-04T12:00:00+00:00,2026-01-05T18:00:00+00:00,2026-01-05T23:00:00+05:00,24,24.0,8e59543c142060d4e0995a1a2ff7ba6913a9a519c656ae6d83851c10be8013ee,0.37166666666666665,4.95,5.08,5.19,66.0,-2.4,971.0,-1.0,-1.8369701987210297e-16,0.08590610426133272,0.9963032375991965
validation_selection,2026-01-03T18:00:00+00:00,2026-01-03T12:00:00+00:00,2026-01-05T18:00:00+00:00,2026-01-05T23:00:00+05:00,48,48.0,f916ceed063c7e0f5d0bb0abfbfb4ee48cdc60cb38c0dc154ab223dd53148162,0.37166666666666665,4.76,4.88,4.98,66.0,-3.0,971.3,-1.0,-1.8369701987210297e-16,0.08590610426133272,0.9963032375991965
validation_selection,2026-01-04T18:00:00+00:00,2026-01-04T12:00:00+00:00,2026-01-05T19:00:00+00:00,2026-01-06T00:00:00+05:00,24,25.0,8e59543c142060d4e0995a1a2ff7ba6913a9a519c656ae6d83851c10be8013ee,0.3466666666666667,4.7,4.82,4.92,73.0,-2.8,970.8,-0.9659258262890684,0.2588190451025203,0.08590610426133272,0.9963032375991965
validation_selection,2026-01-03T18:00:00+00:00,2026-01-03T12:00:00+00:00,2026-01-05T19:00:00+00:00,2026-01-06T00:00:00+05:00,48,49.0,f916ceed063c7e0f5d0bb0abfbfb4ee48cdc60cb38c0dc154ab223dd53148162,0.3466666666666667,5.08,5.21,5.32,76.0,-3.1,971.0,-0.9659258262890684,0.2588190451025203,0.08590610426133272,0.9963032375991965
validation_selection,2026-01-04T18:00:00+00:00,2026-01-04T12:00:00+00:00,2026-01-05T20:00:00+00:00,2026-01-06T01:00:00+05:00,24,26.0,8e59543c142060d4e0995a1a2ff7ba6913a9a519c656ae6d83851c10be8013ee,0.2966666666666667,5.35,5.49,5.6,73.0,-3.1,970.6,-0.8660254037844386,0.5000000000000001,0.08590610426133272,0.9963032375991965
validation_selection,2026-01-03T18:00:00+00:00,2026-01-03T12:00:00+00:00,2026-01-05T20:00:00+00:00,2026-01-06T01:00:00+05:00,48,50.0,f916ceed063c7e0f5d0bb0abfbfb4ee48cdc60cb38c0dc154ab223dd53148162,0.2966666666666667,5.43,5.57,5.69,78.0,-2.9,970.9,-0.8660254037844386,0.5000000000000001,0.08590610426133272,0.9963032375991965
validation_selection,2026-01-05T00:00:00+00:00,2026-01-04T18:00:00+00:00,2026-01-05T21:00:00+00:00,2026-01-06T02:00:00+05:00,24,21.0,83ed896eb4aabb71d5c4f1861172b4972a76edf70b9a912b7937dccb2859852e,0.7400000000000001,5.75,5.9,6.03,79.0,-2.3,970.8,-0.7071067811865477,0.7071067811865474,0.08590610426133272,0.9963032375991965
validation_selection,2026-01-04T00:00:00+00:00,2026-01-03T18:00:00+00:00,2026-01-05T21:00:00+00:00,2026-01-06T02:00:00+05:00,48,45.0,df4a3cf2ed7ad4ee7571fd96fdb2ca3466dd7b28f36125ec666ca7e29cef08c1,0.7400000000000001,5.26,5.4,5.51,91.0,-2.5,970.8,-0.7071067811865477,0.7071067811865474,0.08590610426133272,0.9963032375991965
validation_selection,2026-01-05T00:00:00+00:00,2026-01-04T18:00:00+00:00,2026-01-05T22:00:00+00:00,2026-01-06T03:00:00+05:00,24,22.0,83ed896eb4aabb71d5c4f1861172b4972a76edf70b9a912b7937dccb2859852e,0.9566666666666667,5.85,6.0,6.12,83.0,-1.6,970.6,-0.5000000000000004,0.8660254037844384,0.08590610426133272,0.9963032375991965
validation_selection,2026-01-04T00:00:00+00:00,2026-01-03T18:00:00+00:00,2026-01-05T22:00:00+00:00,2026-01-06T03:00:00+05:00,48,46.0,df4a3cf2ed7ad4ee7571fd96fdb2ca3466dd7b28f36125ec666ca7e29cef08c1,0.9566666666666667,5.88,6.04,6.16,84.0,-2.1,970.5,-0.5000000000000004,0.8660254037844384,0.08590610426133272,0.9963032375991965
validation_selection,2026-01-05T00:00:00+00:00,2026-01-04T18:00:00+00:00,2026-01-05T23:00:00+00:00,2026-01-06T04:00:00+05:00,24,23.0,83ed896eb4aabb71d5c4f1861172b4972a76edf70b9a912b7937dccb2859852e,0.7999999999999999,6.87,7.05,7.19,75.0,-1.4,970.0,-0.25881904510252157,0.9659258262890681,0.08590610426133272,0.9963032375991965
validation_selection,2026-01-04T00:00:00+00:00,2026-01-03T18:00:00+00:00,2026-01-05T23:00:00+00:00,2026-01-06T04:00:00+05:00,48,47.0,df4a3cf2ed7ad4ee7571fd96fdb2ca3466dd7b28f36125ec666ca7e29cef08c1,0.7999999999999999,6.57,6.74,6.88,81.0,-1.9,969.9,-0.25881904510252157,0.9659258262890681,0.08590610426133272,0.9963032375991965
validation_selection,2026-01-05T00:00:00+00:00,2026-01-04T18:00:00+00:00,2026-01-06T00:00:00+00:00,2026-01-06T05:00:00+05:00,24,24.0,83ed896eb4aabb71d5c4f1861172b4972a76edf70b9a912b7937dccb2859852e,0.9683333333333333,7.61,7.81,7.97,77.0,-1.1,969.6,0.0,1.0,0.10303137904317879,0.9946781061893646
validation_selection,2026-01-04T00:00:00+00:00,2026-01-03T18:00:00+00:00,2026-01-06T00:00:00+00:00,2026-01-06T05:00:00+05:00,48,48.0,df4a3cf2ed7ad4ee7571fd96fdb2ca3466dd7b28f36125ec666ca7e29cef08c1,0.9683333333333333,7.12,7.31,7.46,83.0,-1.8,969.7,0.0,1.0,0.10303137904317879,0.9946781061893646
validation_selection,2026-01-05T00:00:00+00:00,2026-01-04T18:00:00+00:00,2026-01-06T01:00:00+00:00,2026-01-06T06:00:00+05:00,24,25.0,83ed896eb4aabb71d5c4f1861172b4972a76edf70b9a912b7937dccb2859852e,0.8783333333333333,7.89,8.1,8.26,81.0,-1.0,969.2,0.25881904510252074,0.9659258262890683,0.10303137904317879,0.9946781061893646
validation_selection,2026-01-04T00:00:00+00:00,2026-01-03T18:00:00+00:00,2026-01-06T01:00:00+00:00,2026-01-06T06:00:00+05:00,48,49.0,df4a3cf2ed7ad4ee7571fd96fdb2ca3466dd7b28f36125ec666ca7e29cef08c1,0.8783333333333333,7.07,7.25,7.4,89.0,-1.8,969.4,0.25881904510252074,0.9659258262890683,0.10303137904317879,0.9946781061893646
validation_selection,2026-01-05T00:00:00+00:00,2026-01-04T18:00:00+00:00,2026-01-06T02:00:00+00:00,2026-01-06T07:00:00+05:00,24,26.0,83ed896eb4aabb71d5c4f1861172b4972a76edf70b9a912b7937dccb2859852e,0.9733333333333333,8.51,8.73,8.91,82.0,-1.1,969.1,0.49999999999999994,0.8660254037844387,0.10303137904317879,0.9946781061893646
validation_selection,2026-01-04T00:00:00+00:00,2026-01-03T18:00:00+00:00,2026-01-06T02:00:00+00:00,2026-01-06T07:00:00+05:00,48,50.0,df4a3cf2ed7ad4ee7571fd96fdb2ca3466dd7b28f36125ec666ca7e29cef08c1,0.9733333333333333,7.46,7.65,7.81,92.0,-2.3,969.1,0.49999999999999994,0.8660254037844387,0.10303137904317879,0.9946781061893646
validation_selection,2026-01-05T06:00:00+00:00,2026-01-05T00:00:00+00:00,2026-01-06T03:00:00+00:00,2026-01-06T08:00:00+05:00,24,21.0,4edaed7d106aea26554632d54737d0e68a6e92468f619bbcd9165fc3270016ce,0.9683333333333333,8.78,9.01,9.19,84.0,-1.9,968.7,0.7071067811865476,0.7071067811865476,0.10303137904317879,0.9946781061893646
validation_selection,2026-01-04T06:00:00+00:00,2026-01-04T00:00:00+00:00,2026-01-06T03:00:00+00:00,2026-01-06T08:00:00+05:00,48,45.0,e092207259793934ef2cb95ad42d5b7f657746f8b9706125a7251196f791c828,0.9683333333333333,8.04,8.25,8.42,91.0,-2.1,968.5,0.7071067811865476,0.7071067811865476,0.10303137904317879,0.9946781061893646
validation_selection,2026-01-05T06:00:00+00:00,2026-01-05T00:00:00+00:00,2026-01-06T04:00:00+00:00,2026-01-06T09:00:00+05:00,24,22.0,4edaed7d106aea26554632d54737d0e68a6e92468f619bbcd9165fc3270016ce,0.965,9.59,9.84,10.04,79.0,-0.4,968.6,0.8660254037844386,0.5000000000000001,0.10303137904317879,0.9946781061893646
validation_selection,2026-01-04T06:00:00+00:00,2026-01-04T00:00:00+00:00,2026-01-06T04:00:00+00:00,2026-01-06T09:00:00+05:00,48,46.0,e092207259793934ef2cb95ad42d5b7f657746f8b9706125a7251196f791c828,0.965,7.92,8.13,8.3,85.0,-0.5,968.6,0.8660254037844386,0.5000000000000001,0.10303137904317879,0.9946781061893646
validation_selection,2026-01-05T06:00:00+00:00,2026-01-05T00:00:00+00:00,2026-01-06T05:00:00+00:00,2026-01-06T10:00:00+05:00,24,23.0,4edaed7d106aea26554632d54737d0e68a6e92468f619bbcd9165fc3270016ce,0.9133333333333334,10.22,10.49,10.7,70.0,2.2,968.3,0.9659258262890683,0.25881904510252074,0.10303137904317879,0.9946781061893646
validation_selection,2026-01-04T06:00:00+00:00,2026-01-04T00:00:00+00:00,2026-01-06T05:00:00+00:00,2026-01-06T10:00:00+05:00,48,47.0,e092207259793934ef2cb95ad42d5b7f657746f8b9706125a7251196f791c828,0.9133333333333334,8.23,8.45,8.62,70.0,2.1,968.6,0.9659258262890683,0.25881904510252074,0.10303137904317879,0.9946781061893646
validation_selection,2026-01-05T06:00:00+00:00,2026-01-05T00:00:00+00:00,2026-01-06T06:00:00+00:00,2026-01-06T11:00:00+05:00,24,24.0,4edaed7d106aea26554632d54737d0e68a6e92468f619bbcd9165fc3270016ce,0.975,11.11,11.4,11.64,68.0,4.0,967.5,1.0,6.123233995736766e-17,0.10303137904317879,0.9946781061893646
validation_selection,2026-01-04T06:00:00+00:00,2026-01-04T00:00:00+00:00,2026-01-06T06:00:00+00:00,2026-01-06T11:00:00+05:00,48,48.0,e092207259793934ef2cb95ad42d5b7f657746f8b9706125a7251196f791c828,0.975,10.25,10.52,10.74,66.0,4.0,967.7,1.0,6.123233995736766e-17,0.10303137904317879,0.9946781061893646
validation_selection,2026-01-05T06:00:00+00:00,2026-01-05T00:00:00+00:00,2026-01-06T07:00:00+00:00,2026-01-06T12:00:00+05:00,24,25.0,4edaed7d106aea26554632d54737d0e68a6e92468f619bbcd9165fc3270016ce,0.9733333333333333,11.86,12.16,12.41,68.0,5.0,966.2,0.9659258262890683,-0.25881904510252063,0.10303137904317879,0.9946781061893646
validation_selection,2026-01-04T06:00:00+00:00,2026-01-04T00:00:00+00:00,2026-01-06T07:00:00+00:00,2026-01-06T12:00:00+05:00,48,49.0,e092207259793934ef2cb95ad42d5b7f657746f8b9706125a7251196f791c828,0.9733333333333333,11.46,11.76,12.0,67.0,5.2,966.5,0.9659258262890683,-0.25881904510252063,0.10303137904317879,0.9946781061893646
validation_selection,2026-01-05T06:00:00+00:00,2026-01-05T00:00:00+00:00,2026-01-06T08:00:00+00:00,2026-01-06T13:00:00+05:00,24,26.0,4edaed7d106aea26554632d54737d0e68a6e92468f619bbcd9165fc3270016ce,0.9666666666666667,11.73,12.04,12.29,70.0,5.4,965.3,0.8660254037844387,-0.4999999999999998,0.10303137904317879,0.9946781061893646
validation_selection,2026-01-04T06:00:00+00:00,2026-01-04T00:00:00+00:00,2026-01-06T08:00:00+00:00,2026-01-06T13:00:00+05:00,48,50.0,e092207259793934ef2cb95ad42d5b7f657746f8b9706125a7251196f791c828,0.9666666666666667,11.38,11.67,11.92,70.0,5.6,965.6,0.8660254037844387,-0.4999999999999998,0.10303137904317879,0.9946781061893646
validation_selection,2026-01-05T12:00:00+00:00,2026-01-05T06:00:00+00:00,2026-01-06T09:00:00+00:00,2026-01-06T14:00:00+05:00,24,21.0,f646a3bdd5e71e5679cc460c55389a9b948d57ccfedf1554cf7b49bb4f7dc2c1,0.9700000000000001,10.82,11.1,11.33,70.0,5.3,964.6,0.7071067811865476,-0.7071067811865475,0.10303137904317879,0.9946781061893646
validation_selection,2026-01-04T12:00:00+00:00,2026-01-04T06:00:00+00:00,2026-01-06T09:00:00+00:00,2026-01-06T14:00:00+05:00,48,45.0,3a7f609381b2a4eb1a4f14d6c16d26f91ae695da01344bbd59246a37a9414bd1,0.9700000000000001,10.12,10.38,10.6,68.0,5.3,964.9,0.7071067811865476,-0.7071067811865475,0.10303137904317879,0.9946781061893646
validation_selection,2026-01-05T12:00:00+00:00,2026-01-05T06:00:00+00:00,2026-01-06T10:00:00+00:00,2026-01-06T15:00:00+05:00,24,22.0,f646a3bdd5e71e5679cc460c55389a9b948d57ccfedf1554cf7b49bb4f7dc2c1,0.965,9.88,10.14,10.34,71.0,4.5,964.2,0.49999999999999994,-0.8660254037844387,0.10303137904317879,0.9946781061893646
validation_selection,2026-01-04T12:00:00+00:00,2026-01-04T06:00:00+00:00,2026-01-06T10:00:00+00:00,2026-01-06T15:00:00+05:00,48,46.0,3a7f609381b2a4eb1a4f14d6c16d26f91ae695da01344bbd59246a37a9414bd1,0.965,9.79,10.04,10.25,65.0,4.3,964.5,0.49999999999999994,-0.8660254037844387,0.10303137904317879,0.9946781061893646
validation_selection,2026-01-05T12:00:00+00:00,2026-01-05T06:00:00+00:00,2026-01-06T11:00:00+00:00,2026-01-06T16:00:00+05:00,24,23.0,f646a3bdd5e71e5679cc460c55389a9b948d57ccfedf1554cf7b49bb4f7dc2c1,0.9700000000000001,8.89,9.12,9.31,70.0,2.2,963.7,0.258819045102521,-0.9659258262890682,0.10303137904317879,0.9946781061893646
validation_selection,2026-01-04T12:00:00+00:00,2026-01-04T06:00:00+00:00,2026-01-06T11:00:00+00:00,2026-01-06T16:00:00+05:00,48,47.0,3a7f609381b2a4eb1a4f14d6c16d26f91ae695da01344bbd59246a37a9414bd1,0.9700000000000001,9.11,9.35,9.54,68.0,2.2,963.9,0.258819045102521,-0.9659258262890682,0.10303137904317879,0.9946781061893646
validation_selection,2026-01-05T12:00:00+00:00,2026-01-05T06:00:00+00:00,2026-01-06T12:00:00+00:00,2026-01-06T17:00:00+05:00,24,24.0,f646a3bdd5e71e5679cc460c55389a9b948d57ccfedf1554cf7b49bb4f7dc2c1,0.9700000000000001,8.09,8.3,8.48,70.0,-0.5,963.1,1.2246467991473532e-16,-1.0,0.10303137904317879,0.9946781061893646
validation_selection,2026-01-04T12:00:00+00:00,2026-01-04T06:00:00+00:00,2026-01-06T12:00:00+00:00,2026-01-06T17:00:00+05:00,48,48.0,3a7f609381b2a4eb1a4f14d6c16d26f91ae695da01344bbd59246a37a9414bd1,0.9700000000000001,8.25,8.46,8.64,70.0,-0.3,963.3,1.2246467991473532e-16,-1.0,0.10303137904317879,0.9946781061893646
validation_selection,2026-01-05T12:00:00+00:00,2026-01-05T06:00:00+00:00,2026-01-06T13:00:00+00:00,2026-01-06T18:00:00+05:00,24,25.0,f646a3bdd5e71e5679cc460c55389a9b948d57ccfedf1554cf7b49bb4f7dc2c1,0.9700000000000001,7.54,7.73,7.89,71.0,-1.7,962.5,-0.2588190451025208,-0.9659258262890683,0.10303137904317879,0.9946781061893646
validation_selection,2026-01-04T12:00:00+00:00,2026-01-04T06:00:00+00:00,2026-01-06T13:00:00+00:00,2026-01-06T18:00:00+05:00,48,49.0,3a7f609381b2a4eb1a4f14d6c16d26f91ae695da01344bbd59246a37a9414bd1,0.9700000000000001,7.77,7.97,8.14,70.0,-1.5,962.8,-0.2588190451025208,-0.9659258262890683,0.10303137904317879,0.9946781061893646
validation_selection,2026-01-05T12:00:00+00:00,2026-01-05T06:00:00+00:00,2026-01-06T14:00:00+00:00,2026-01-06T19:00:00+05:00,24,26.0,f646a3bdd5e71e5679cc460c55389a9b948d57ccfedf1554cf7b49bb4f7dc2c1,0.8916666666666666,7.6,7.8,7.96,67.0,-2.0,962.4,-0.4999999999999997,-0.8660254037844388,0.10303137904317879,0.9946781061893646
validation_selection,2026-01-04T12:00:00+00:00,2026-01-04T06:00:00+00:00,2026-01-06T14:00:00+00:00,2026-01-06T19:00:00+05:00,48,50.0,3a7f609381b2a4eb1a4f14d6c16d26f91ae695da01344bbd59246a37a9414bd1,0.8916666666666666,7.7,7.9,8.06,68.0,-1.8,962.6,-0.4999999999999997,-0.8660254037844388,0.10303137904317879,0.9946781061893646
validation_selection,2026-01-05T18:00:00+00:00,2026-01-05T12:00:00+00:00,2026-01-06T15:00:00+00:00,2026-01-06T20:00:00+05:00,24,21.0,4fa761219848ea64fba144751f8321ca751c58689044e0c2ef040a1351c0d2da,0.635,6.58,6.75,6.89,70.0,-2.4,962.6,-0.7071067811865471,-0.7071067811865479,0.10303137904317879,0.9946781061893646
validation_selection,2026-01-04T18:00:00+00:00,2026-01-04T12:00:00+00:00,2026-01-06T15:00:00+00:00,2026-01-06T20:00:00+05:00,48,45.0,8e59543c142060d4e0995a1a2ff7ba6913a9a519c656ae6d83851c10be8013ee,0.635,6.35,6.51,6.65,72.0,-2.3,962.6,-0.7071067811865471,-0.7071067811865479,0.10303137904317879,0.9946781061893646
validation_selection,2026-01-05T18:00:00+00:00,2026-01-05T12:00:00+00:00,2026-01-06T16:00:00+00:00,2026-01-06T21:00:00+05:00,24,22.0,4fa761219848ea64fba144751f8321ca751c58689044e0c2ef040a1351c0d2da,0.48500000000000004,4.61,4.73,4.82,80.0,-3.0,962.7,-0.8660254037844385,-0.5000000000000004,0.10303137904317879,0.9946781061893646
validation_selection,2026-01-04T18:00:00+00:00,2026-01-04T12:00:00+00:00,2026-01-06T16:00:00+00:00,2026-01-06T21:00:00+05:00,48,46.0,8e59543c142060d4e0995a1a2ff7ba6913a9a519c656ae6d83851c10be8013ee,0.48500000000000004,4.53,4.64,4.74,76.0,-2.9,962.7,-0.8660254037844385,-0.5000000000000004,0.10303137904317879,0.9946781061893646
validation_selection,2026-01-05T18:00:00+00:00,2026-01-05T12:00:00+00:00,2026-01-06T17:00:00+00:00,2026-01-06T22:00:00+05:00,24,23.0,4fa761219848ea64fba144751f8321ca751c58689044e0c2ef040a1351c0d2da,0.165,2.51,2.57,2.63,98.0,-3.7,962.6,-0.9659258262890683,-0.25881904510252063,0.10303137904317879,0.9946781061893646
validation_selection,2026-01-04T18:00:00+00:00,2026-01-04T12:00:00+00:00,2026-01-06T17:00:00+00:00,2026-01-06T22:00:00+05:00,48,47.0,8e59543c142060d4e0995a1a2ff7ba6913a9a519c656ae6d83851c10be8013ee,0.165,2.56,2.63,2.69,99.0,-3.3,962.8,-0.9659258262890683,-0.25881904510252063,0.10303137904317879,0.9946781061893646
validation_selection,2026-01-05T18:00:00+00:00,2026-01-05T12:00:00+00:00,2026-01-06T18:00:00+00:00,2026-01-06T23:00:00+05:00,24,24.0,4fa761219848ea64fba144751f8321ca751c58689044e0c2ef040a1351c0d2da,0.021666666666666667,1.53,1.57,1.6,112.0,-4.0,962.6,-1.0,-1.8369701987210297e-16,0.10303137904317879,0.9946781061893646
validation_selection,2026-01-04T18:00:00+00:00,2026-01-04T12:00:00+00:00,2026-01-06T18:00:00+00:00,2026-01-06T23:00:00+05:00,48,48.0,8e59543c142060d4e0995a1a2ff7ba6913a9a519c656ae6d83851c10be8013ee,0.021666666666666667,1.9,1.95,1.99,103.0,-4.0,962.5,-1.0,-1.8369701987210297e-16,0.10303137904317879,0.9946781061893646
validation_selection,2026-01-05T18:00:00+00:00,2026-01-05T12:00:00+00:00,2026-01-06T19:00:00+00:00,2026-01-07T00:00:00+05:00,24,25.0,4fa761219848ea64fba144751f8321ca751c58689044e0c2ef040a1351c0d2da,0.008333333333333333,0.91,0.93,0.95,106.0,-3.8,962.9,-0.9659258262890684,0.2588190451025203,0.10303137904317879,0.9946781061893646
validation_selection,2026-01-04T18:00:00+00:00,2026-01-04T12:00:00+00:00,2026-01-06T19:00:00+00:00,2026-01-07T00:00:00+05:00,48,49.0,8e59543c142060d4e0995a1a2ff7ba6913a9a519c656ae6d83851c10be8013ee,0.008333333333333333,2.25,2.31,2.36,84.0,-3.7,962.5,-0.9659258262890684,0.2588190451025203,0.10303137904317879,0.9946781061893646
validation_selection,2026-01-05T18:00:00+00:00,2026-01-05T12:00:00+00:00,2026-01-06T20:00:00+00:00,2026-01-07T01:00:00+05:00,24,26.0,4fa761219848ea64fba144751f8321ca751c58689044e0c2ef040a1351c0d2da,0.02,1.09,1.12,1.14,117.0,-3.6,962.7,-0.8660254037844386,0.5000000000000001,0.10303137904317879,0.9946781061893646
validation_selection,2026-01-04T18:00:00+00:00,2026-01-04T12:00:00+00:00,2026-01-06T20:00:00+00:00,2026-01-07T01:00:00+05:00,48,50.0,8e59543c142060d4e0995a1a2ff7ba6913a9a519c656ae6d83851c10be8013ee,0.02,2.12,2.18,2.22,81.0,-3.5,962.8,-0.8660254037844386,0.5000000000000001,0.10303137904317879,0.9946781061893646
validation_selection,2026-01-06T00:00:00+00:00,2026-01-05T18:00:00+00:00,2026-01-06T21:00:00+00:00,2026-01-07T02:00:00+05:00,24,21.0,c9843a88275e3752939fa01a203987e8e718ae5e4a9ea3aaeb8a50ed15e8c919,0.028333333333333335,1.52,1.56,1.6,83.0,-3.1,963.1,-0.7071067811865477,0.7071067811865474,0.10303137904317879,0.9946781061893646
validation_selection,2026-01-05T00:00:00+00:00,2026-01-04T18:00:00+00:00,2026-01-06T21:00:00+00:00,2026-01-07T02:00:00+05:00,48,45.0,83ed896eb4aabb71d5c4f1861172b4972a76edf70b9a912b7937dccb2859852e,0.028333333333333335,1.55,1.59,1.62,208.0,-3.0,963.4,-0.7071067811865477,0.7071067811865474,0.10303137904317879,0.9946781061893646
validation_selection,2026-01-06T00:00:00+00:00,2026-01-05T18:00:00+00:00,2026-01-06T22:00:00+00:00,2026-01-07T03:00:00+05:00,24,22.0,c9843a88275e3752939fa01a203987e8e718ae5e4a9ea3aaeb8a50ed15e8c919,0.008333333333333333,0.99,1.01,1.03,213.0,-2.8,963.5,-0.5000000000000004,0.8660254037844384,0.10303137904317879,0.9946781061893646
validation_selection,2026-01-05T00:00:00+00:00,2026-01-04T18:00:00+00:00,2026-01-06T22:00:00+00:00,2026-01-07T03:00:00+05:00,48,46.0,83ed896eb4aabb71d5c4f1861172b4972a76edf70b9a912b7937dccb2859852e,0.008333333333333333,3.07,3.15,3.22,243.0,-2.6,963.6,-0.5000000000000004,0.8660254037844384,0.10303137904317879,0.9946781061893646
validation_selection,2026-01-06T00:00:00+00:00,2026-01-05T18:00:00+00:00,2026-01-06T23:00:00+00:00,2026-01-07T04:00:00+05:00,24,23.0,c9843a88275e3752939fa01a203987e8e718ae5e4a9ea3aaeb8a50ed15e8c919,0.01,3.56,3.65,3.73,251.0,-2.7,964.0,-0.25881904510252157,0.9659258262890681,0.10303137904317879,0.9946781061893646
validation_selection,2026-01-05T00:00:00+00:00,2026-01-04T18:00:00+00:00,2026-01-06T23:00:00+00:00,2026-01-07T04:00:00+05:00,48,47.0,83ed896eb4aabb71d5c4f1861172b4972a76edf70b9a912b7937dccb2859852e,0.01,3.51,3.6,3.67,260.0,-2.4,964.0,-0.25881904510252157,0.9659258262890681,0.10303137904317879,0.9946781061893646
validation_selection,2026-01-06T00:00:00+00:00,2026-01-05T18:00:00+00:00,2026-01-07T00:00:00+00:00,2026-01-07T05:00:00+05:00,24,24.0,c9843a88275e3752939fa01a203987e8e718ae5e4a9ea3aaeb8a50ed15e8c919,0.01,3.61,3.7,3.78,254.0,-2.7,964.5,0.0,1.0,0.1201261651823505,0.9927586335250793
validation_selection,2026-01-05T00:00:00+00:00,2026-01-04T18:00:00+00:00,2026-01-07T00:00:00+00:00,2026-01-07T05:00:00+05:00,48,48.0,83ed896eb4aabb71d5c4f1861172b4972a76edf70b9a912b7937dccb2859852e,0.01,3.8,3.89,3.97,254.0,-2.5,964.6,0.0,1.0,0.1201261651823505,0.9927586335250793
validation_selection,2026-01-06T00:00:00+00:00,2026-01-05T18:00:00+00:00,2026-01-07T01:00:00+00:00,2026-01-07T06:00:00+05:00,24,25.0,c9843a88275e3752939fa01a203987e8e718ae5e4a9ea3aaeb8a50ed15e8c919,0.01,3.81,3.91,3.99,267.0,-2.6,965.0,0.25881904510252074,0.9659258262890683,0.1201261651823505,0.9927586335250793
validation_selection,2026-01-05T00:00:00+00:00,2026-01-04T18:00:00+00:00,2026-01-07T01:00:00+00:00,2026-01-07T06:00:00+05:00,48,49.0,83ed896eb4aabb71d5c4f1861172b4972a76edf70b9a912b7937dccb2859852e,0.01,4.67,4.79,4.89,254.0,-2.4,965.3,0.25881904510252074,0.9659258262890683,0.1201261651823505,0.9927586335250793
validation_selection,2026-01-06T00:00:00+00:00,2026-01-05T18:00:00+00:00,2026-01-07T02:00:00+00:00,2026-01-07T07:00:00+05:00,24,26.0,c9843a88275e3752939fa01a203987e8e718ae5e4a9ea3aaeb8a50ed15e8c919,0.01,4.22,4.33,4.42,259.0,-2.7,965.7,0.49999999999999994,0.8660254037844387,0.1201261651823505,0.9927586335250793
validation_selection,2026-01-05T00:00:00+00:00,2026-01-04T18:00:00+00:00,2026-01-07T02:00:00+00:00,2026-01-07T07:00:00+05:00,48,50.0,83ed896eb4aabb71d5c4f1861172b4972a76edf70b9a912b7937dccb2859852e,0.01,4.02,4.12,4.21,256.0,-2.5,965.5,0.49999999999999994,0.8660254037844387,0.1201261651823505,0.9927586335250793
validation_selection,2026-01-06T06:00:00+00:00,2026-01-06T00:00:00+00:00,2026-01-07T03:00:00+00:00,2026-01-07T08:00:00+05:00,24,21.0,0373dbe186a1438e8323ede51e04a7780745e91480e063f0f6dbb96d88694e9e,0.01,2.76,2.84,2.89,261.0,-2.2,966.4,0.7071067811865476,0.7071067811865476,0.1201261651823505,0.9927586335250793
validation_selection,2026-01-05T06:00:00+00:00,2026-01-05T00:00:00+00:00,2026-01-07T03:00:00+00:00,2026-01-07T08:00:00+05:00,48,45.0,4edaed7d106aea26554632d54737d0e68a6e92468f619bbcd9165fc3270016ce,0.01,3.3,3.39,3.46,286.0,-2.2,966.1,0.7071067811865476,0.7071067811865476,0.1201261651823505,0.9927586335250793
validation_selection,2026-01-06T06:00:00+00:00,2026-01-06T00:00:00+00:00,2026-01-07T04:00:00+00:00,2026-01-07T09:00:00+05:00,24,22.0,0373dbe186a1438e8323ede51e04a7780745e91480e063f0f6dbb96d88694e9e,0.01,2.09,2.15,2.19,298.0,-0.4,967.6,0.8660254037844386,0.5000000000000001,0.1201261651823505,0.9927586335250793
validation_selection,2026-01-05T06:00:00+00:00,2026-01-05T00:00:00+00:00,2026-01-07T04:00:00+00:00,2026-01-07T09:00:00+05:00,48,46.0,4edaed7d106aea26554632d54737d0e68a6e92468f619bbcd9165fc3270016ce,0.01,2.6,2.67,2.72,293.0,-0.3,967.5,0.8660254037844386,0.5000000000000001,0.1201261651823505,0.9927586335250793
validation_selection,2026-01-06T06:00:00+00:00,2026-01-06T00:00:00+00:00,2026-01-07T05:00:00+00:00,2026-01-07T10:00:00+05:00,24,23.0,0373dbe186a1438e8323ede51e04a7780745e91480e063f0f6dbb96d88694e9e,0.01,0.86,0.88,0.9,317.0,0.8,968.2,0.9659258262890683,0.25881904510252074,0.1201261651823505,0.9927586335250793
validation_selection,2026-01-05T06:00:00+00:00,2026-01-05T00:00:00+00:00,2026-01-07T05:00:00+00:00,2026-01-07T10:00:00+05:00,48,47.0,4edaed7d106aea26554632d54737d0e68a6e92468f619bbcd9165fc3270016ce,0.01,1.07,1.1,1.12,294.0,1.3,968.2,0.9659258262890683,0.25881904510252074,0.1201261651823505,0.9927586335250793
validation_selection,2026-01-06T06:00:00+00:00,2026-01-06T00:00:00+00:00,2026-01-07T06:00:00+00:00,2026-01-07T11:00:00+05:00,24,24.0,0373dbe186a1438e8323ede51e04a7780745e91480e063f0f6dbb96d88694e9e,0.01,1.51,1.54,1.58,331.0,2.3,967.9,1.0,6.123233995736766e-17,0.1201261651823505,0.9927586335250793
validation_selection,2026-01-05T06:00:00+00:00,2026-01-05T00:00:00+00:00,2026-01-07T06:00:00+00:00,2026-01-07T11:00:00+05:00,48,48.0,4edaed7d106aea26554632d54737d0e68a6e92468f619bbcd9165fc3270016ce,0.01,1.64,1.68,1.72,330.0,2.6,968.0,1.0,6.123233995736766e-17,0.1201261651823505,0.9927586335250793
validation_selection,2026-01-06T06:00:00+00:00,2026-01-06T00:00:00+00:00,2026-01-07T07:00:00+00:00,2026-01-07T12:00:00+05:00,24,25.0,0373dbe186a1438e8323ede51e04a7780745e91480e063f0f6dbb96d88694e9e,0.01,1.99,2.04,2.08,329.0,3.1,967.2,0.9659258262890683,-0.25881904510252063,0.1201261651823505,0.9927586335250793
validation_selection,2026-01-05T06:00:00+00:00,2026-01-05T00:00:00+00:00,2026-01-07T07:00:00+00:00,2026-01-07T12:00:00+05:00,48,49.0,4edaed7d106aea26554632d54737d0e68a6e92468f619bbcd9165fc3270016ce,0.01,1.43,1.47,1.5,325.0,3.2,967.3,0.9659258262890683,-0.25881904510252063,0.1201261651823505,0.9927586335250793
validation_selection,2026-01-06T06:00:00+00:00,2026-01-06T00:00:00+00:00,2026-01-07T08:00:00+00:00,2026-01-07T13:00:00+05:00,24,26.0,0373dbe186a1438e8323ede51e04a7780745e91480e063f0f6dbb96d88694e9e,0.01,1.49,1.52,1.56,319.0,3.6,966.8,0.8660254037844387,-0.4999999999999998,0.1201261651823505,0.9927586335250793
validation_selection,2026-01-05T06:00:00+00:00,2026-01-05T00:00:00+00:00,2026-01-07T08:00:00+00:00,2026-01-07T13:00:00+05:00,48,50.0,4edaed7d106aea26554632d54737d0e68a6e92468f619bbcd9165fc3270016ce,0.01,0.79,0.81,0.83,313.0,3.9,966.8,0.8660254037844387,-0.4999999999999998,0.1201261651823505,0.9927586335250793
validation_selection,2026-01-06T12:00:00+00:00,2026-01-06T06:00:00+00:00,2026-01-07T09:00:00+00:00,2026-01-07T14:00:00+05:00,24,21.0,e1db926c188af15bf99b91862dd71ffeeec5d272ed088c72cadc1858b6c68030,0.01,0.5,0.51,0.52,281.0,3.6,966.4,0.7071067811865476,-0.7071067811865475,0.1201261651823505,0.9927586335250793
validation_selection,2026-01-05T12:00:00+00:00,2026-01-05T06:00:00+00:00,2026-01-07T09:00:00+00:00,2026-01-07T14:00:00+05:00,48,45.0,f646a3bdd5e71e5679cc460c55389a9b948d57ccfedf1554cf7b49bb4f7dc2c1,0.01,1.42,1.46,1.49,232.0,4.3,966.7,0.7071067811865476,-0.7071067811865475,0.1201261651823505,0.9927586335250793
validation_selection,2026-01-06T12:00:00+00:00,2026-01-06T06:00:00+00:00,2026-01-07T10:00:00+00:00,2026-01-07T15:00:00+05:00,24,22.0,e1db926c188af15bf99b91862dd71ffeeec5d272ed088c72cadc1858b6c68030,0.01,0.28,0.28,0.29,225.0,3.2,966.3,0.49999999999999994,-0.8660254037844387,0.1201261651823505,0.9927586335250793
validation_selection,2026-01-05T12:00:00+00:00,2026-01-05T06:00:00+00:00,2026-01-07T10:00:00+00:00,2026-01-07T15:00:00+05:00,48,46.0,f646a3bdd5e71e5679cc460c55389a9b948d57ccfedf1554cf7b49bb4f7dc2c1,0.01,1.28,1.32,1.34,261.0,3.5,966.6,0.49999999999999994,-0.8660254037844387,0.1201261651823505,0.9927586335250793
validation_selection,2026-01-06T12:00:00+00:00,2026-01-06T06:00:00+00:00,2026-01-07T11:00:00+00:00,2026-01-07T16:00:00+05:00,24,23.0,e1db926c188af15bf99b91862dd71ffeeec5d272ed088c72cadc1858b6c68030,0.008333333333333333,0.33,0.34,0.34,333.0,0.8,965.9,0.258819045102521,-0.9659258262890682,0.1201261651823505,0.9927586335250793
validation_selection,2026-01-05T12:00:00+00:00,2026-01-05T06:00:00+00:00,2026-01-07T11:00:00+00:00,2026-01-07T16:00:00+05:00,48,47.0,f646a3bdd5e71e5679cc460c55389a9b948d57ccfedf1554cf7b49bb4f7dc2c1,0.008333333333333333,1.29,1.32,1.35,307.0,0.5,966.1,0.258819045102521,-0.9659258262890682,0.1201261651823505,0.9927586335250793
validation_selection,2026-01-06T12:00:00+00:00,2026-01-06T06:00:00+00:00,2026-01-07T12:00:00+00:00,2026-01-07T17:00:00+05:00,24,24.0,e1db926c188af15bf99b91862dd71ffeeec5d272ed088c72cadc1858b6c68030,0.021666666666666667,1.37,1.41,1.44,6.0,-1.0,965.9,1.2246467991473532e-16,-1.0,0.1201261651823505,0.9927586335250793
validation_selection,2026-01-05T12:00:00+00:00,2026-01-05T06:00:00+00:00,2026-01-07T12:00:00+00:00,2026-01-07T17:00:00+05:00,48,48.0,f646a3bdd5e71e5679cc460c55389a9b948d57ccfedf1554cf7b49bb4f7dc2c1,0.021666666666666667,1.42,1.46,1.49,6.0,-1.4,966.3,1.2246467991473532e-16,-1.0,0.1201261651823505,0.9927586335250793
validation_selection,2026-01-06T12:00:00+00:00,2026-01-06T06:00:00+00:00,2026-01-07T13:00:00+00:00,2026-01-07T18:00:00+05:00,24,25.0,e1db926c188af15bf99b91862dd71ffeeec5d272ed088c72cadc1858b6c68030,0.02,1.79,1.84,1.88,43.0,-1.6,965.9,-0.2588190451025208,-0.9659258262890683,0.1201261651823505,0.9927586335250793
validation_selection,2026-01-05T12:00:00+00:00,2026-01-05T06:00:00+00:00,2026-01-07T13:00:00+00:00,2026-01-07T18:00:00+05:00,48,49.0,f646a3bdd5e71e5679cc460c55389a9b948d57ccfedf1554cf7b49bb4f7dc2c1,0.02,2.14,2.19,2.24,55.0,-2.0,966.5,-0.2588190451025208,-0.9659258262890683,0.1201261651823505,0.9927586335250793
validation_selection,2026-01-06T12:00:00+00:00,2026-01-06T06:00:00+00:00,2026-01-07T14:00:00+00:00,2026-01-07T19:00:00+05:00,24,26.0,e1db926c188af15bf99b91862dd71ffeeec5d272ed088c72cadc1858b6c68030,0.008333333333333333,2.76,2.83,2.89,54.0,-1.8,965.9,-0.4999999999999997,-0.8660254037844388,0.1201261651823505,0.9927586335250793
validation_selection,2026-01-05T12:00:00+00:00,2026-01-05T06:00:00+00:00,2026-01-07T14:00:00+00:00,2026-01-07T19:00:00+05:00,48,50.0,f646a3bdd5e71e5679cc460c55389a9b948d57ccfedf1554cf7b49bb4f7dc2c1,0.008333333333333333,2.93,3.01,3.07,58.0,-1.8,966.4,-0.4999999999999997,-0.8660254037844388,0.1201261651823505,0.9927586335250793
validation_selection,2026-01-06T18:00:00+00:00,2026-01-06T12:00:00+00:00,2026-01-07T15:00:00+00:00,2026-01-07T20:00:00+05:00,24,21.0,2ffe15b757b68ef24593c79732135dff0f927614f6b8c14c36bc1ef3565d5d3e,0.01,2.76,2.84,2.9,49.0,-2.1,965.3,-0.7071067811865471,-0.7071067811865479,0.1201261651823505,0.9927586335250793
validation_selection,2026-01-05T18:00:00+00:00,2026-01-05T12:00:00+00:00,2026-01-07T15:00:00+00:00,2026-01-07T20:00:00+05:00,48,45.0,4fa761219848ea64fba144751f8321ca751c58689044e0c2ef040a1351c0d2da,0.01,4.19,4.3,4.39,67.0,-1.8,965.6,-0.7071067811865471,-0.7071067811865479,0.1201261651823505,0.9927586335250793
validation_selection,2026-01-06T18:00:00+00:00,2026-01-06T12:00:00+00:00,2026-01-07T16:00:00+00:00,2026-01-07T21:00:00+05:00,24,22.0,2ffe15b757b68ef24593c79732135dff0f927614f6b8c14c36bc1ef3565d5d3e,0.01,2.7,2.77,2.83,64.0,-2.1,965.3,-0.8660254037844385,-0.5000000000000004,0.1201261651823505,0.9927586335250793
validation_selection,2026-01-05T18:00:00+00:00,2026-01-05T12:00:00+00:00,2026-01-07T16:00:00+00:00,2026-01-07T21:00:00+05:00,48,46.0,4fa761219848ea64fba144751f8321ca751c58689044e0c2ef040a1351c0d2da,0.01,3.87,3.97,4.05,73.0,-2.5,965.2,-0.8660254037844385,-0.5000000000000004,0.1201261651823505,0.9927586335250793
validation_selection,2026-01-06T18:00:00+00:00,2026-01-06T12:00:00+00:00,2026-01-07T17:00:00+00:00,2026-01-07T22:00:00+05:00,24,23.0,2ffe15b757b68ef24593c79732135dff0f927614f6b8c14c36bc1ef3565d5d3e,0.01,2.77,2.84,2.9,64.0,-2.1,965.3,-0.9659258262890683,-0.25881904510252063,0.1201261651823505,0.9927586335250793
validation_selection,2026-01-05T18:00:00+00:00,2026-01-05T12:00:00+00:00,2026-01-07T17:00:00+00:00,2026-01-07T22:00:00+05:00,48,47.0,4fa761219848ea64fba144751f8321ca751c58689044e0c2ef040a1351c0d2da,0.01,3.76,3.86,3.94,69.0,-2.9,965.0,-0.9659258262890683,-0.25881904510252063,0.1201261651823505,0.9927586335250793
validation_selection,2026-01-06T18:00:00+00:00,2026-01-06T12:00:00+00:00,2026-01-07T18:00:00+00:00,2026-01-07T23:00:00+05:00,24,24.0,2ffe15b757b68ef24593c79732135dff0f927614f6b8c14c36bc1ef3565d5d3e,0.01,2.32,2.38,2.43,75.0,-2.4,965.5,-1.0,-1.8369701987210297e-16,0.1201261651823505,0.9927586335250793
validation_selection,2026-01-05T18:00:00+00:00,2026-01-05T12:00:00+00:00,2026-01-07T18:00:00+00:00,2026-01-07T23:00:00+05:00,48,48.0,4fa761219848ea64fba144751f8321ca751c58689044e0c2ef040a1351c0d2da,0.01,4.13,4.23,4.32,67.0,-2.8,965.2,-1.0,-1.8369701987210297e-16,0.1201261651823505,0.9927586335250793
validation_selection,2026-01-06T18:00:00+00:00,2026-01-06T12:00:00+00:00,2026-01-07T19:00:00+00:00,2026-01-08T00:00:00+05:00,24,25.0,2ffe15b757b68ef24593c79732135dff0f927614f6b8c14c36bc1ef3565d5d3e,0.01,1.65,1.7,1.73,104.0,-2.5,965.5,-0.9659258262890684,0.2588190451025203,0.1201261651823505,0.9927586335250793
validation_selection,2026-01-05T18:00:00+00:00,2026-01-05T12:00:00+00:00,2026-01-07T19:00:00+00:00,2026-01-08T00:00:00+05:00,48,49.0,4fa761219848ea64fba144751f8321ca751c58689044e0c2ef040a1351c0d2da,0.01,4.01,4.11,4.2,69.0,-3.2,964.9,-0.9659258262890684,0.2588190451025203,0.1201261651823505,0.9927586335250793
validation_selection,2026-01-06T18:00:00+00:00,2026-01-06T12:00:00+00:00,2026-01-07T20:00:00+00:00,2026-01-08T01:00:00+05:00,24,26.0,2ffe15b757b68ef24593c79732135dff0f927614f6b8c14c36bc1ef3565d5d3e,0.01,1.3,1.33,1.36,77.0,-2.5,965.3,-0.8660254037844386,0.5000000000000001,0.1201261651823505,0.9927586335250793
validation_selection,2026-01-05T18:00:00+00:00,2026-01-05T12:00:00+00:00,2026-01-07T20:00:00+00:00,2026-01-08T01:00:00+05:00,48,50.0,4fa761219848ea64fba144751f8321ca751c58689044e0c2ef040a1351c0d2da,0.01,4.48,4.6,4.69,68.0,-3.4,965.0,-0.8660254037844386,0.5000000000000001,0.1201261651823505,0.9927586335250793
validation_selection,2026-01-07T00:00:00+00:00,2026-01-06T18:00:00+00:00,2026-01-07T21:00:00+00:00,2026-01-08T02:00:00+05:00,24,21.0,7e6599492d87ce4f44ea23165874d9ef9c5cb5337f2426eb1dedce04ca8a85bd,0.01,2.59,2.65,2.71,43.0,-2.8,965.6,-0.7071067811865477,0.7071067811865474,0.1201261651823505,0.9927586335250793
validation_selection,2026-01-06T00:00:00+00:00,2026-01-05T18:00:00+00:00,2026-01-07T21:00:00+00:00,2026-01-08T02:00:00+05:00,48,45.0,c9843a88275e3752939fa01a203987e8e718ae5e4a9ea3aaeb8a50ed15e8c919,0.01,3.12,3.2,3.26,80.0,-3.3,965.4,-0.7071067811865477,0.7071067811865474,0.1201261651823505,0.9927586335250793
validation_selection,2026-01-07T00:00:00+00:00,2026-01-06T18:00:00+00:00,2026-01-07T22:00:00+00:00,2026-01-08T03:00:00+05:00,24,22.0,7e6599492d87ce4f44ea23165874d9ef9c5cb5337f2426eb1dedce04ca8a85bd,0.01,2.17,2.23,2.28,70.0,-3.1,965.7,-0.5000000000000004,0.8660254037844384,0.1201261651823505,0.9927586335250793
validation_selection,2026-01-06T00:00:00+00:00,2026-01-05T18:00:00+00:00,2026-01-07T22:00:00+00:00,2026-01-08T03:00:00+05:00,48,46.0,c9843a88275e3752939fa01a203987e8e718ae5e4a9ea3aaeb8a50ed15e8c919,0.01,2.59,2.66,2.72,64.0,-3.7,965.1,-0.5000000000000004,0.8660254037844384,0.1201261651823505,0.9927586335250793
validation_selection,2026-01-07T00:00:00+00:00,2026-01-06T18:00:00+00:00,2026-01-07T23:00:00+00:00,2026-01-08T04:00:00+05:00,24,23.0,7e6599492d87ce4f44ea23165874d9ef9c5cb5337f2426eb1dedce04ca8a85bd,0.01,1.55,1.59,1.62,62.0,-3.7,965.4,-0.25881904510252157,0.9659258262890681,0.1201261651823505,0.9927586335250793
validation_selection,2026-01-06T00:00:00+00:00,2026-01-05T18:00:00+00:00,2026-01-07T23:00:00+00:00,2026-01-08T04:00:00+05:00,48,47.0,c9843a88275e3752939fa01a203987e8e718ae5e4a9ea3aaeb8a50ed15e8c919,0.01,3.07,3.15,3.21,72.0,-4.0,965.3,-0.25881904510252157,0.9659258262890681,0.1201261651823505,0.9927586335250793
validation_selection,2026-01-07T00:00:00+00:00,2026-01-06T18:00:00+00:00,2026-01-08T00:00:00+00:00,2026-01-08T05:00:00+05:00,24,24.0,7e6599492d87ce4f44ea23165874d9ef9c5cb5337f2426eb1dedce04ca8a85bd,0.01,1.96,2.02,2.06,113.0,-4.5,965.6,0.0,1.0,0.13718540405660057,0.9905453876091833
validation_selection,2026-01-06T00:00:00+00:00,2026-01-05T18:00:00+00:00,2026-01-08T00:00:00+00:00,2026-01-08T05:00:00+05:00,48,48.0,c9843a88275e3752939fa01a203987e8e718ae5e4a9ea3aaeb8a50ed15e8c919,0.01,1.61,1.65,1.68,104.0,-4.0,965.7,0.0,1.0,0.13718540405660057,0.9905453876091833
validation_selection,2026-01-07T00:00:00+00:00,2026-01-06T18:00:00+00:00,2026-01-08T01:00:00+00:00,2026-01-08T06:00:00+05:00,24,25.0,7e6599492d87ce4f44ea23165874d9ef9c5cb5337f2426eb1dedce04ca8a85bd,0.01,0.68,0.69,0.71,240.0,-4.9,965.1,0.25881904510252074,0.9659258262890683,0.13718540405660057,0.9905453876091833
validation_selection,2026-01-06T00:00:00+00:00,2026-01-05T18:00:00+00:00,2026-01-08T01:00:00+00:00,2026-01-08T06:00:00+05:00,48,49.0,c9843a88275e3752939fa01a203987e8e718ae5e4a9ea3aaeb8a50ed15e8c919,0.01,0.95,0.97,0.99,102.0,-4.0,965.9,0.25881904510252074,0.9659258262890683,0.13718540405660057,0.9905453876091833
validation_selection,2026-01-07T00:00:00+00:00,2026-01-06T18:00:00+00:00,2026-01-08T02:00:00+00:00,2026-01-08T07:00:00+05:00,24,26.0,7e6599492d87ce4f44ea23165874d9ef9c5cb5337f2426eb1dedce04ca8a85bd,0.01,2.62,2.69,2.74,29.0,-5.5,966.0,0.49999999999999994,0.8660254037844387,0.13718540405660057,0.9905453876091833
validation_selection,2026-01-06T00:00:00+00:00,2026-01-05T18:00:00+00:00,2026-01-08T02:00:00+00:00,2026-01-08T07:00:00+05:00,48,50.0,c9843a88275e3752939fa01a203987e8e718ae5e4a9ea3aaeb8a50ed15e8c919,0.01,1.27,1.3,1.32,74.0,-4.0,965.8,0.49999999999999994,0.8660254037844387,0.13718540405660057,0.9905453876091833
validation_selection,2026-01-07T06:00:00+00:00,2026-01-07T00:00:00+00:00,2026-01-08T03:00:00+00:00,2026-01-08T08:00:00+05:00,24,21.0,ef55df16e6d4795bdb49711fc943f1449c0b72c5ff6853ea6386a7e0cd4a417d,0.01,2.88,2.95,3.01,51.0,-4.0,966.4,0.7071067811865476,0.7071067811865476,0.13718540405660057,0.9905453876091833
validation_selection,2026-01-06T06:00:00+00:00,2026-01-06T00:00:00+00:00,2026-01-08T03:00:00+00:00,2026-01-08T08:00:00+05:00,48,45.0,0373dbe186a1438e8323ede51e04a7780745e91480e063f0f6dbb96d88694e9e,0.01,3.78,3.87,3.95,70.0,-4.1,966.1,0.7071067811865476,0.7071067811865476,0.13718540405660057,0.9905453876091833
validation_selection,2026-01-07T06:00:00+00:00,2026-01-07T00:00:00+00:00,2026-01-08T04:00:00+00:00,2026-01-08T09:00:00+05:00,24,22.0,ef55df16e6d4795bdb49711fc943f1449c0b72c5ff6853ea6386a7e0cd4a417d,0.01,2.91,2.98,3.04,67.0,-1.7,967.4,0.8660254037844386,0.5000000000000001,0.13718540405660057,0.9905453876091833
validation_selection,2026-01-06T06:00:00+00:00,2026-01-06T00:00:00+00:00,2026-01-08T04:00:00+00:00,2026-01-08T09:00:00+05:00,48,46.0,0373dbe186a1438e8323ede51e04a7780745e91480e063f0f6dbb96d88694e9e,0.01,4.72,4.85,4.95,68.0,-1.7,967.1,0.8660254037844386,0.5000000000000001,0.13718540405660057,0.9905453876091833
validation_selection,2026-01-07T06:00:00+00:00,2026-01-07T00:00:00+00:00,2026-01-08T05:00:00+00:00,2026-01-08T10:00:00+05:00,24,23.0,ef55df16e6d4795bdb49711fc943f1449c0b72c5ff6853ea6386a7e0cd4a417d,0.01,2.19,2.25,2.3,53.0,-0.2,967.9,0.9659258262890683,0.25881904510252074,0.13718540405660057,0.9905453876091833
validation_selection,2026-01-06T06:00:00+00:00,2026-01-06T00:00:00+00:00,2026-01-08T05:00:00+00:00,2026-01-08T10:00:00+05:00,48,47.0,0373dbe186a1438e8323ede51e04a7780745e91480e063f0f6dbb96d88694e9e,0.01,4.23,4.34,4.43,57.0,0.0,967.3,0.9659258262890683,0.25881904510252074,0.13718540405660057,0.9905453876091833
validation_selection,2026-01-07T06:00:00+00:00,2026-01-07T00:00:00+00:00,2026-01-08T06:00:00+00:00,2026-01-08T11:00:00+05:00,24,24.0,ef55df16e6d4795bdb49711fc943f1449c0b72c5ff6853ea6386a7e0cd4a417d,0.01,2.48,2.55,2.6,47.0,1.1,967.4,1.0,6.123233995736766e-17,0.13718540405660057,0.9905453876091833
validation_selection,2026-01-06T06:00:00+00:00,2026-01-06T00:00:00+00:00,2026-01-08T06:00:00+00:00,2026-01-08T11:00:00+05:00,48,48.0,0373dbe186a1438e8323ede51e04a7780745e91480e063f0f6dbb96d88694e9e,0.01,4.52,4.64,4.74,53.0,1.5,966.9,1.0,6.123233995736766e-17,0.13718540405660057,0.9905453876091833
validation_selection,2026-01-07T06:00:00+00:00,2026-01-07T00:00:00+00:00,2026-01-08T07:00:00+00:00,2026-01-08T12:00:00+05:00,24,25.0,ef55df16e6d4795bdb49711fc943f1449c0b72c5ff6853ea6386a7e0cd4a417d,0.006666666666666667,2.73,2.8,2.86,49.0,1.9,966.7,0.9659258262890683,-0.25881904510252063,0.13718540405660057,0.9905453876091833
validation_selection,2026-01-06T06:00:00+00:00,2026-01-06T00:00:00+00:00,2026-01-08T07:00:00+00:00,2026-01-08T12:00:00+05:00,48,49.0,0373dbe186a1438e8323ede51e04a7780745e91480e063f0f6dbb96d88694e9e,0.006666666666666667,5.12,5.25,5.36,50.0,2.7,966.1,0.9659258262890683,-0.25881904510252063,0.13718540405660057,0.9905453876091833
validation_selection,2026-01-07T06:00:00+00:00,2026-01-07T00:00:00+00:00,2026-01-08T08:00:00+00:00,2026-01-08T13:00:00+05:00,24,26.0,ef55df16e6d4795bdb49711fc943f1449c0b72c5ff6853ea6386a7e0cd4a417d,0.008333333333333333,3.08,3.16,3.23,59.0,2.3,966.1,0.8660254037844387,-0.4999999999999998,0.13718540405660057,0.9905453876091833
validation_selection,2026-01-06T06:00:00+00:00,2026-01-06T00:00:00+00:00,2026-01-08T08:00:00+00:00,2026-01-08T13:00:00+05:00,48,50.0,0373dbe186a1438e8323ede51e04a7780745e91480e063f0f6dbb96d88694e9e,0.008333333333333333,5.37,5.51,5.63,51.0,3.4,965.5,0.8660254037844387,-0.4999999999999998,0.13718540405660057,0.9905453876091833
validation_selection,2026-01-07T12:00:00+00:00,2026-01-07T06:00:00+00:00,2026-01-08T09:00:00+00:00,2026-01-08T14:00:00+05:00,24,21.0,ee6f456c46f5229bea34595c934b370cf483f4aa10711817c0f8e6e1ef0de7fd,0.013333333333333334,2.93,3.0,3.06,60.0,2.5,965.7,0.7071067811865476,-0.7071067811865475,0.13718540405660057,0.9905453876091833
validation_selection,2026-01-06T12:00:00+00:00,2026-01-06T06:00:00+00:00,2026-01-08T09:00:00+00:00,2026-01-08T14:00:00+05:00,48,45.0,e1db926c188af15bf99b91862dd71ffeeec5d272ed088c72cadc1858b6c68030,0.013333333333333334,4.33,4.44,4.54,51.0,3.0,965.4,0.7071067811865476,-0.7071067811865475,0.13718540405660057,0.9905453876091833
validation_selection,2026-01-07T12:00:00+00:00,2026-01-07T06:00:00+00:00,2026-01-08T10:00:00+00:00,2026-01-08T15:00:00+05:00,24,22.0,ee6f456c46f5229bea34595c934b370cf483f4aa10711817c0f8e6e1ef0de7fd,0.18666666666666668,3.3,3.38,3.45,52.0,1.8,965.5,0.49999999999999994,-0.8660254037844387,0.13718540405660057,0.9905453876091833
validation_selection,2026-01-06T12:00:00+00:00,2026-01-06T06:00:00+00:00,2026-01-08T10:00:00+00:00,2026-01-08T15:00:00+05:00,48,46.0,e1db926c188af15bf99b91862dd71ffeeec5d272ed088c72cadc1858b6c68030,0.18666666666666668,4.86,4.99,5.09,48.0,2.3,965.1,0.49999999999999994,-0.8660254037844387,0.13718540405660057,0.9905453876091833
validation_selection,2026-01-07T12:00:00+00:00,2026-01-07T06:00:00+00:00,2026-01-08T11:00:00+00:00,2026-01-08T16:00:00+05:00,24,23.0,ee6f456c46f5229bea34595c934b370cf483f4aa10711817c0f8e6e1ef0de7fd,0.135,4.02,4.12,4.21,59.0,-1.1,964.7,0.258819045102521,-0.9659258262890682,0.13718540405660057,0.9905453876091833
validation_selection,2026-01-06T12:00:00+00:00,2026-01-06T06:00:00+00:00,2026-01-08T11:00:00+00:00,2026-01-08T16:00:00+05:00,48,47.0,e1db926c188af15bf99b91862dd71ffeeec5d272ed088c72cadc1858b6c68030,0.135,5.6,5.74,5.86,57.0,0.1,964.4,0.258819045102521,-0.9659258262890682,0.13718540405660057,0.9905453876091833
validation_selection,2026-01-07T12:00:00+00:00,2026-01-07T06:00:00+00:00,2026-01-08T12:00:00+00:00,2026-01-08T17:00:00+05:00,24,24.0,ee6f456c46f5229bea34595c934b370cf483f4aa10711817c0f8e6e1ef0de7fd,0.12666666666666668,3.86,3.96,4.04,62.0,-2.3,964.2,1.2246467991473532e-16,-1.0,0.13718540405660057,0.9905453876091833
validation_selection,2026-01-06T12:00:00+00:00,2026-01-06T06:00:00+00:00,2026-01-08T12:00:00+00:00,2026-01-08T17:00:00+05:00,48,48.0,e1db926c188af15bf99b91862dd71ffeeec5d272ed088c72cadc1858b6c68030,0.12666666666666668,5.66,5.81,5.93,59.0,-1.7,963.8,1.2246467991473532e-16,-1.0,0.13718540405660057,0.9905453876091833
validation_selection,2026-01-07T12:00:00+00:00,2026-01-07T06:00:00+00:00,2026-01-08T13:00:00+00:00,2026-01-08T18:00:00+05:00,24,25.0,ee6f456c46f5229bea34595c934b370cf483f4aa10711817c0f8e6e1ef0de7fd,0.09999999999999999,4.61,4.73,4.83,57.0,-2.4,963.9,-0.2588190451025208,-0.9659258262890683,0.13718540405660057,0.9905453876091833
validation_selection,2026-01-06T12:00:00+00:00,2026-01-06T06:00:00+00:00,2026-01-08T13:00:00+00:00,2026-01-08T18:00:00+05:00,48,49.0,e1db926c188af15bf99b91862dd71ffeeec5d272ed088c72cadc1858b6c68030,0.09999999999999999,5.67,5.82,5.94,61.0,-1.9,963.4,-0.2588190451025208,-0.9659258262890683,0.13718540405660057,0.9905453876091833
validation_selection,2026-01-07T12:00:00+00:00,2026-01-07T06:00:00+00:00,2026-01-08T14:00:00+00:00,2026-01-08T19:00:00+05:00,24,26.0,ee6f456c46f5229bea34595c934b370cf483f4aa10711817c0f8e6e1ef0de7fd,0.01,4.93,5.06,5.17,60.0,-2.4,963.7,-0.4999999999999997,-0.8660254037844388,0.13718540405660057,0.9905453876091833
validation_selection,2026-01-06T12:00:00+00:00,2026-01-06T06:00:00+00:00,2026-01-08T14:00:00+00:00,2026-01-08T19:00:00+05:00,48,50.0,e1db926c188af15bf99b91862dd71ffeeec5d272ed088c72cadc1858b6c68030,0.01,5.73,5.88,6.0,63.0,-2.0,963.0,-0.4999999999999997,-0.8660254037844388,0.13718540405660057,0.9905453876091833
validation_selection,2026-01-07T18:00:00+00:00,2026-01-07T12:00:00+00:00,2026-01-08T15:00:00+00:00,2026-01-08T20:00:00+05:00,24,21.0,fbe1c15f6a251623e45f7242e7816122757036784efcc936427f0531f08956fc,0.008333333333333333,4.24,4.35,4.44,60.0,-2.5,963.6,-0.7071067811865471,-0.7071067811865479,0.13718540405660057,0.9905453876091833
validation_selection,2026-01-06T18:00:00+00:00,2026-01-06T12:00:00+00:00,2026-01-08T15:00:00+00:00,2026-01-08T20:00:00+05:00,48,45.0,2ffe15b757b68ef24593c79732135dff0f927614f6b8c14c36bc1ef3565d5d3e,0.008333333333333333,6.36,6.53,6.66,59.0,-2.0,962.9,-0.7071067811865471,-0.7071067811865479,0.13718540405660057,0.9905453876091833
validation_selection,2026-01-07T18:00:00+00:00,2026-01-07T12:00:00+00:00,2026-01-08T16:00:00+00:00,2026-01-08T21:00:00+05:00,24,22.0,fbe1c15f6a251623e45f7242e7816122757036784efcc936427f0531f08956fc,0.011666666666666667,3.95,4.05,4.13,61.0,-2.7,963.3,-0.8660254037844385,-0.5000000000000004,0.13718540405660057,0.9905453876091833
validation_selection,2026-01-06T18:00:00+00:00,2026-01-06T12:00:00+00:00,2026-01-08T16:00:00+00:00,2026-01-08T21:00:00+05:00,48,46.0,2ffe15b757b68ef24593c79732135dff0f927614f6b8c14c36bc1ef3565d5d3e,0.011666666666666667,6.39,6.55,6.69,63.0,-2.4,962.3,-0.8660254037844385,-0.5000000000000004,0.13718540405660057,0.9905453876091833
validation_selection,2026-01-07T18:00:00+00:00,2026-01-07T12:00:00+00:00,2026-01-08T17:00:00+00:00,2026-01-08T22:00:00+05:00,24,23.0,fbe1c15f6a251623e45f7242e7816122757036784efcc936427f0531f08956fc,0.008333333333333333,4.27,4.39,4.48,61.0,-2.9,962.8,-0.9659258262890683,-0.25881904510252063,0.13718540405660057,0.9905453876091833
validation_selection,2026-01-06T18:00:00+00:00,2026-01-06T12:00:00+00:00,2026-01-08T17:00:00+00:00,2026-01-08T22:00:00+05:00,48,47.0,2ffe15b757b68ef24593c79732135dff0f927614f6b8c14c36bc1ef3565d5d3e,0.008333333333333333,6.32,6.49,6.62,65.0,-2.7,961.6,-0.9659258262890683,-0.25881904510252063,0.13718540405660057,0.9905453876091833
validation_selection,2026-01-07T18:00:00+00:00,2026-01-07T12:00:00+00:00,2026-01-08T18:00:00+00:00,2026-01-08T23:00:00+05:00,24,24.0,fbe1c15f6a251623e45f7242e7816122757036784efcc936427f0531f08956fc,0.008333333333333333,4.93,5.06,5.17,60.0,-3.1,962.4,-1.0,-1.8369701987210297e-16,0.13718540405660057,0.9905453876091833
validation_selection,2026-01-06T18:00:00+00:00,2026-01-06T12:00:00+00:00,2026-01-08T18:00:00+00:00,2026-01-08T23:00:00+05:00,48,48.0,2ffe15b757b68ef24593c79732135dff0f927614f6b8c14c36bc1ef3565d5d3e,0.008333333333333333,6.61,6.78,6.92,68.0,-2.9,961.0,-1.0,-1.8369701987210297e-16,0.13718540405660057,0.9905453876091833
validation_selection,2026-01-07T18:00:00+00:00,2026-01-07T12:00:00+00:00,2026-01-08T19:00:00+00:00,2026-01-09T00:00:00+05:00,24,25.0,fbe1c15f6a251623e45f7242e7816122757036784efcc936427f0531f08956fc,0.01,5.26,5.4,5.51,61.0,-3.6,961.7,-0.9659258262890684,0.2588190451025203,0.13718540405660057,0.9905453876091833
validation_selection,2026-01-06T18:00:00+00:00,2026-01-06T12:00:00+00:00,2026-01-08T19:00:00+00:00,2026-01-09T00:00:00+05:00,48,49.0,2ffe15b757b68ef24593c79732135dff0f927614f6b8c14c36bc1ef3565d5d3e,0.01,6.95,7.13,7.28,72.0,-2.9,960.4,-0.9659258262890684,0.2588190451025203,0.13718540405660057,0.9905453876091833
validation_selection,2026-01-07T18:00:00+00:00,2026-01-07T12:00:00+00:00,2026-01-08T20:00:00+00:00,2026-01-09T01:00:00+05:00,24,26.0,fbe1c15f6a251623e45f7242e7816122757036784efcc936427f0531f08956fc,0.008333333333333333,5.21,5.35,5.46,62.0,-4.0,961.1,-0.8660254037844386,0.5000000000000001,0.13718540405660057,0.9905453876091833
validation_selection,2026-01-06T18:00:00+00:00,2026-01-06T12:00:00+00:00,2026-01-08T20:00:00+00:00,2026-01-09T01:00:00+05:00,48,50.0,2ffe15b757b68ef24593c79732135dff0f927614f6b8c14c36bc1ef3565d5d3e,0.008333333333333333,7.38,7.58,7.73,73.0,-2.8,959.8,-0.8660254037844386,0.5000000000000001,0.13718540405660057,0.9905453876091833
validation_selection,2026-01-08T00:00:00+00:00,2026-01-07T18:00:00+00:00,2026-01-08T21:00:00+00:00,2026-01-09T02:00:00+05:00,24,21.0,4759344439f169b7b1abea52a4e4dd5a56b70e28e93bb8ca0b48f9c9a56e12f6,0.01,5.12,5.25,5.36,63.0,-4.3,960.4,-0.7071067811865477,0.7071067811865474,0.13718540405660057,0.9905453876091833
validation_selection,2026-01-07T00:00:00+00:00,2026-01-06T18:00:00+00:00,2026-01-08T21:00:00+00:00,2026-01-09T02:00:00+05:00,48,45.0,7e6599492d87ce4f44ea23165874d9ef9c5cb5337f2426eb1dedce04ca8a85bd,0.01,7.03,7.21,7.36,71.0,-3.3,959.5,-0.7071067811865477,0.7071067811865474,0.13718540405660057,0.9905453876091833
validation_selection,2026-01-08T00:00:00+00:00,2026-01-07T18:00:00+00:00,2026-01-08T22:00:00+00:00,2026-01-09T03:00:00+05:00,24,22.0,4759344439f169b7b1abea52a4e4dd5a56b70e28e93bb8ca0b48f9c9a56e12f6,0.011666666666666667,5.21,5.34,5.45,64.0,-4.5,959.8,-0.5000000000000004,0.8660254037844384,0.13718540405660057,0.9905453876091833
validation_selection,2026-01-07T00:00:00+00:00,2026-01-06T18:00:00+00:00,2026-01-08T22:00:00+00:00,2026-01-09T03:00:00+05:00,48,46.0,7e6599492d87ce4f44ea23165874d9ef9c5cb5337f2426eb1dedce04ca8a85bd,0.011666666666666667,7.0,7.19,7.34,69.0,-3.4,958.9,-0.5000000000000004,0.8660254037844384,0.13718540405660057,0.9905453876091833
validation_selection,2026-01-08T00:00:00+00:00,2026-01-07T18:00:00+00:00,2026-01-08T23:00:00+00:00,2026-01-09T04:00:00+05:00,24,23.0,4759344439f169b7b1abea52a4e4dd5a56b70e28e93bb8ca0b48f9c9a56e12f6,0.01,5.45,5.59,5.71,63.0,-4.7,959.1,-0.25881904510252157,0.9659258262890681,0.13718540405660057,0.9905453876091833
validation_selection,2026-01-07T00:00:00+00:00,2026-01-06T18:00:00+00:00,2026-01-08T23:00:00+00:00,2026-01-09T04:00:00+05:00,48,47.0,7e6599492d87ce4f44ea23165874d9ef9c5cb5337f2426eb1dedce04ca8a85bd,0.01,6.71,6.88,7.02,67.0,-3.7,958.4,-0.25881904510252157,0.9659258262890681,0.13718540405660057,0.9905453876091833
validation_selection,2026-01-08T00:00:00+00:00,2026-01-07T18:00:00+00:00,2026-01-09T00:00:00+00:00,2026-01-09T05:00:00+05:00,24,24.0,4759344439f169b7b1abea52a4e4dd5a56b70e28e93bb8ca0b48f9c9a56e12f6,0.01,5.62,5.77,5.89,63.0,-4.7,959.0,0.0,1.0,0.1542040475626894,0.988039023376751
validation_selection,2026-01-07T00:00:00+00:00,2026-01-06T18:00:00+00:00,2026-01-09T00:00:00+00:00,2026-01-09T05:00:00+05:00,48,48.0,7e6599492d87ce4f44ea23165874d9ef9c5cb5337f2426eb1dedce04ca8a85bd,0.01,6.44,6.6,6.74,66.0,-4.0,958.3,0.0,1.0,0.1542040475626894,0.988039023376751
validation_selection,2026-01-08T00:00:00+00:00,2026-01-07T18:00:00+00:00,2026-01-09T01:00:00+00:00,2026-01-09T06:00:00+05:00,24,25.0,4759344439f169b7b1abea52a4e4dd5a56b70e28e93bb8ca0b48f9c9a56e12f6,0.008333333333333333,5.8,5.95,6.07,62.0,-4.7,958.8,0.25881904510252074,0.9659258262890683,0.1542040475626894,0.988039023376751
validation_selection,2026-01-07T00:00:00+00:00,2026-01-06T18:00:00+00:00,2026-01-09T01:00:00+00:00,2026-01-09T06:00:00+05:00,48,49.0,7e6599492d87ce4f44ea23165874d9ef9c5cb5337f2426eb1dedce04ca8a85bd,0.008333333333333333,6.22,6.38,6.51,66.0,-4.2,958.1,0.25881904510252074,0.9659258262890683,0.1542040475626894,0.988039023376751
validation_selection,2026-01-08T00:00:00+00:00,2026-01-07T18:00:00+00:00,2026-01-09T02:00:00+00:00,2026-01-09T07:00:00+05:00,24,26.0,4759344439f169b7b1abea52a4e4dd5a56b70e28e93bb8ca0b48f9c9a56e12f6,0.01,6.11,6.26,6.39,61.0,-4.6,958.8,0.49999999999999994,0.8660254037844387,0.1542040475626894,0.988039023376751
validation_selection,2026-01-07T00:00:00+00:00,2026-01-06T18:00:00+00:00,2026-01-09T02:00:00+00:00,2026-01-09T07:00:00+05:00,48,50.0,7e6599492d87ce4f44ea23165874d9ef9c5cb5337f2426eb1dedce04ca8a85bd,0.01,6.0,6.15,6.28,66.0,-4.5,957.9,0.49999999999999994,0.8660254037844387,0.1542040475626894,0.988039023376751
validation_selection,2026-01-08T06:00:00+00:00,2026-01-08T00:00:00+00:00,2026-01-09T03:00:00+00:00,2026-01-09T08:00:00+05:00,24,21.0,4a611b239456f81c93664f3cd93e7ccf6ec2fb3dbcc3d4fa7af95a53e9cec76f,0.008333333333333333,4.69,4.81,4.91,55.0,-4.1,958.8,0.7071067811865476,0.7071067811865476,0.1542040475626894,0.988039023376751
validation_selection,2026-01-07T06:00:00+00:00,2026-01-07T00:00:00+00:00,2026-01-09T03:00:00+00:00,2026-01-09T08:00:00+05:00,48,45.0,ef55df16e6d4795bdb49711fc943f1449c0b72c5ff6853ea6386a7e0cd4a417d,0.008333333333333333,6.52,6.69,6.82,64.0,-3.8,958.0,0.7071067811865476,0.7071067811865476,0.1542040475626894,0.988039023376751
validation_selection,2026-01-08T06:00:00+00:00,2026-01-08T00:00:00+00:00,2026-01-09T04:00:00+00:00,2026-01-09T09:00:00+05:00,24,22.0,4a611b239456f81c93664f3cd93e7ccf6ec2fb3dbcc3d4fa7af95a53e9cec76f,0.008333333333333333,4.49,4.61,4.71,49.0,-1.3,959.7,0.8660254037844386,0.5000000000000001,0.1542040475626894,0.988039023376751
validation_selection,2026-01-07T06:00:00+00:00,2026-01-07T00:00:00+00:00,2026-01-09T04:00:00+00:00,2026-01-09T09:00:00+05:00,48,46.0,ef55df16e6d4795bdb49711fc943f1449c0b72c5ff6853ea6386a7e0cd4a417d,0.008333333333333333,6.83,7.0,7.15,61.0,-0.8,958.6,0.8660254037844386,0.5000000000000001,0.1542040475626894,0.988039023376751
validation_selection,2026-01-08T06:00:00+00:00,2026-01-08T00:00:00+00:00,2026-01-09T05:00:00+00:00,2026-01-09T10:00:00+05:00,24,23.0,4a611b239456f81c93664f3cd93e7ccf6ec2fb3dbcc3d4fa7af95a53e9cec76f,0.01,3.68,3.77,3.85,39.0,1.1,959.9,0.9659258262890683,0.25881904510252074,0.1542040475626894,0.988039023376751
validation_selection,2026-01-07T06:00:00+00:00,2026-01-07T00:00:00+00:00,2026-01-09T05:00:00+00:00,2026-01-09T10:00:00+05:00,48,47.0,ef55df16e6d4795bdb49711fc943f1449c0b72c5ff6853ea6386a7e0cd4a417d,0.01,5.62,5.77,5.89,56.0,2.2,958.9,0.9659258262890683,0.25881904510252074,0.1542040475626894,0.988039023376751
validation_selection,2026-01-08T06:00:00+00:00,2026-01-08T00:00:00+00:00,2026-01-09T06:00:00+00:00,2026-01-09T11:00:00+05:00,24,24.0,4a611b239456f81c93664f3cd93e7ccf6ec2fb3dbcc3d4fa7af95a53e9cec76f,0.01,4.52,4.64,4.74,41.0,3.0,959.2,1.0,6.123233995736766e-17,0.1542040475626894,0.988039023376751
validation_selection,2026-01-07T06:00:00+00:00,2026-01-07T00:00:00+00:00,2026-01-09T06:00:00+00:00,2026-01-09T11:00:00+05:00,48,48.0,ef55df16e6d4795bdb49711fc943f1449c0b72c5ff6853ea6386a7e0cd4a417d,0.01,5.97,6.12,6.25,52.0,4.2,958.4,1.0,6.123233995736766e-17,0.1542040475626894,0.988039023376751
validation_selection,2026-01-08T06:00:00+00:00,2026-01-08T00:00:00+00:00,2026-01-09T07:00:00+00:00,2026-01-09T12:00:00+05:00,24,25.0,4a611b239456f81c93664f3cd93e7ccf6ec2fb3dbcc3d4fa7af95a53e9cec76f,0.01,5.27,5.41,5.52,44.0,4.5,958.0,0.9659258262890683,-0.25881904510252063,0.1542040475626894,0.988039023376751
validation_selection,2026-01-07T06:00:00+00:00,2026-01-07T00:00:00+00:00,2026-01-09T07:00:00+00:00,2026-01-09T12:00:00+05:00,48,49.0,ef55df16e6d4795bdb49711fc943f1449c0b72c5ff6853ea6386a7e0cd4a417d,0.01,6.16,6.32,6.45,50.0,5.2,957.3,0.9659258262890683,-0.25881904510252063,0.1542040475626894,0.988039023376751
validation_selection,2026-01-08T06:00:00+00:00,2026-01-08T00:00:00+00:00,2026-01-09T08:00:00+00:00,2026-01-09T13:00:00+05:00,24,26.0,4a611b239456f81c93664f3cd93e7ccf6ec2fb3dbcc3d4fa7af95a53e9cec76f,0.006666666666666667,5.59,5.73,5.85,43.0,5.1,957.2,0.8660254037844387,-0.4999999999999998,0.1542040475626894,0.988039023376751
validation_selection,2026-01-07T06:00:00+00:00,2026-01-07T00:00:00+00:00,2026-01-09T08:00:00+00:00,2026-01-09T13:00:00+05:00,48,50.0,ef55df16e6d4795bdb49711fc943f1449c0b72c5ff6853ea6386a7e0cd4a417d,0.006666666666666667,6.28,6.44,6.57,47.0,5.6,956.6,0.8660254037844387,-0.4999999999999998,0.1542040475626894,0.988039023376751
validation_selection,2026-01-08T12:00:00+00:00,2026-01-08T06:00:00+00:00,2026-01-09T09:00:00+00:00,2026-01-09T14:00:00+05:00,24,21.0,6b2e43a86b46e0f83e85d4a6c76a004286a340e1bd7b014e8021aa879b165c63,0.01,5.69,5.83,5.96,44.0,4.9,956.7,0.7071067811865476,-0.7071067811865475,0.1542040475626894,0.988039023376751
validation_selection,2026-01-07T12:00:00+00:00,2026-01-07T06:00:00+00:00,2026-01-09T09:00:00+00:00,2026-01-09T14:00:00+05:00,48,45.0,ee6f456c46f5229bea34595c934b370cf483f4aa10711817c0f8e6e1ef0de7fd,0.01,4.81,4.94,5.04,40.0,5.3,956.8,0.7071067811865476,-0.7071067811865475,0.1542040475626894,0.988039023376751
validation_selection,2026-01-08T12:00:00+00:00,2026-01-08T06:00:00+00:00,2026-01-09T10:00:00+00:00,2026-01-09T15:00:00+05:00,24,22.0,6b2e43a86b46e0f83e85d4a6c76a004286a340e1bd7b014e8021aa879b165c63,0.01,4.69,4.81,4.91,48.0,3.9,956.8,0.49999999999999994,-0.8660254037844387,0.1542040475626894,0.988039023376751
validation_selection,2026-01-07T12:00:00+00:00,2026-01-07T06:00:00+00:00,2026-01-09T10:00:00+00:00,2026-01-09T15:00:00+05:00,48,46.0,ee6f456c46f5229bea34595c934b370cf483f4aa10711817c0f8e6e1ef0de7fd,0.01,3.56,3.66,3.73,40.0,4.0,956.6,0.49999999999999994,-0.8660254037844387,0.1542040475626894,0.988039023376751
validation_selection,2026-01-08T12:00:00+00:00,2026-01-08T06:00:00+00:00,2026-01-09T11:00:00+00:00,2026-01-09T16:00:00+05:00,24,23.0,6b2e43a86b46e0f83e85d4a6c76a004286a340e1bd7b014e8021aa879b165c63,0.016666666666666666,3.31,3.4,3.47,47.0,1.0,956.4,0.258819045102521,-0.9659258262890682,0.1542040475626894,0.988039023376751
validation_selection,2026-01-07T12:00:00+00:00,2026-01-07T06:00:00+00:00,2026-01-09T11:00:00+00:00,2026-01-09T16:00:00+05:00,48,47.0,ee6f456c46f5229bea34595c934b370cf483f4aa10711817c0f8e6e1ef0de7fd,0.016666666666666666,2.48,2.55,2.6,43.0,1.3,956.2,0.258819045102521,-0.9659258262890682,0.1542040475626894,0.988039023376751
validation_selection,2026-01-08T12:00:00+00:00,2026-01-08T06:00:00+00:00,2026-01-09T12:00:00+00:00,2026-01-09T17:00:00+05:00,24,24.0,6b2e43a86b46e0f83e85d4a6c76a004286a340e1bd7b014e8021aa879b165c63,0.013333333333333334,2.22,2.27,2.32,50.0,-0.2,956.5,1.2246467991473532e-16,-1.0,0.1542040475626894,0.988039023376751
validation_selection,2026-01-07T12:00:00+00:00,2026-01-07T06:00:00+00:00,2026-01-09T12:00:00+00:00,2026-01-09T17:00:00+05:00,48,48.0,ee6f456c46f5229bea34595c934b370cf483f4aa10711817c0f8e6e1ef0de7fd,0.013333333333333334,1.67,1.71,1.75,52.0,0.2,956.2,1.2246467991473532e-16,-1.0,0.1542040475626894,0.988039023376751
validation_selection,2026-01-08T12:00:00+00:00,2026-01-08T06:00:00+00:00,2026-01-09T13:00:00+00:00,2026-01-09T18:00:00+05:00,24,25.0,6b2e43a86b46e0f83e85d4a6c76a004286a340e1bd7b014e8021aa879b165c63,0.01,2.54,2.61,2.66,58.0,-0.4,956.4,-0.2588190451025208,-0.9659258262890683,0.1542040475626894,0.988039023376751
validation_selection,2026-01-07T12:00:00+00:00,2026-01-07T06:00:00+00:00,2026-01-09T13:00:00+00:00,2026-01-09T18:00:00+05:00,48,49.0,ee6f456c46f5229bea34595c934b370cf483f4aa10711817c0f8e6e1ef0de7fd,0.01,1.65,1.69,1.73,56.0,0.1,956.3,-0.2588190451025208,-0.9659258262890683,0.1542040475626894,0.988039023376751
validation_selection,2026-01-08T12:00:00+00:00,2026-01-08T06:00:00+00:00,2026-01-09T14:00:00+00:00,2026-01-09T19:00:00+05:00,24,26.0,6b2e43a86b46e0f83e85d4a6c76a004286a340e1bd7b014e8021aa879b165c63,0.008333333333333333,3.27,3.36,3.43,62.0,-0.7,956.2,-0.4999999999999997,-0.8660254037844388,0.1542040475626894,0.988039023376751
validation_selection,2026-01-07T12:00:00+00:00,2026-01-07T06:00:00+00:00,2026-01-09T14:00:00+00:00,2026-01-09T19:00:00+05:00,48,50.0,ee6f456c46f5229bea34595c934b370cf483f4aa10711817c0f8e6e1ef0de7fd,0.008333333333333333,2.23,2.29,2.34,58.0,-0.1,956.0,-0.4999999999999997,-0.8660254037844388,0.1542040475626894,0.988039023376751
validation_selection,2026-01-08T18:00:00+00:00,2026-01-08T12:00:00+00:00,2026-01-09T15:00:00+00:00,2026-01-09T20:00:00+05:00,24,21.0,460ec2b17777a2cf4db8e7bd8869cae65f2971accb3a37c86a312c4c47875fe8,0.008333333333333333,3.51,3.6,3.68,61.0,-1.2,956.1,-0.7071067811865471,-0.7071067811865479,0.1542040475626894,0.988039023376751
validation_selection,2026-01-07T18:00:00+00:00,2026-01-07T12:00:00+00:00,2026-01-09T15:00:00+00:00,2026-01-09T20:00:00+05:00,48,45.0,fbe1c15f6a251623e45f7242e7816122757036784efcc936427f0531f08956fc,0.008333333333333333,4.17,4.27,4.36,66.0,-1.4,955.5,-0.7071067811865471,-0.7071067811865479,0.1542040475626894,0.988039023376751
validation_selection,2026-01-08T18:00:00+00:00,2026-01-08T12:00:00+00:00,2026-01-09T16:00:00+00:00,2026-01-09T21:00:00+05:00,24,22.0,460ec2b17777a2cf4db8e7bd8869cae65f2971accb3a37c86a312c4c47875fe8,0.01,3.9,4.0,4.09,62.0,-1.8,955.8,-0.8660254037844385,-0.5000000000000004,0.1542040475626894,0.988039023376751
validation_selection,2026-01-07T18:00:00+00:00,2026-01-07T12:00:00+00:00,2026-01-09T16:00:00+00:00,2026-01-09T21:00:00+05:00,48,46.0,fbe1c15f6a251623e45f7242e7816122757036784efcc936427f0531f08956fc,0.01,4.28,4.39,4.48,66.0,-1.9,955.2,-0.8660254037844385,-0.5000000000000004,0.1542040475626894,0.988039023376751
validation_selection,2026-01-08T18:00:00+00:00,2026-01-08T12:00:00+00:00,2026-01-09T17:00:00+00:00,2026-01-09T22:00:00+05:00,24,23.0,460ec2b17777a2cf4db8e7bd8869cae65f2971accb3a37c86a312c4c47875fe8,0.01,4.08,4.18,4.27,62.0,-2.3,955.4,-0.9659258262890683,-0.25881904510252063,0.1542040475626894,0.988039023376751
validation_selection,2026-01-07T18:00:00+00:00,2026-01-07T12:00:00+00:00,2026-01-09T17:00:00+00:00,2026-01-09T22:00:00+05:00,48,47.0,fbe1c15f6a251623e45f7242e7816122757036784efcc936427f0531f08956fc,0.01,4.23,4.34,4.43,66.0,-2.5,955.0,-0.9659258262890683,-0.25881904510252063,0.1542040475626894,0.988039023376751
validation_selection,2026-01-08T18:00:00+00:00,2026-01-08T12:00:00+00:00,2026-01-09T18:00:00+00:00,2026-01-09T23:00:00+05:00,24,24.0,460ec2b17777a2cf4db8e7bd8869cae65f2971accb3a37c86a312c4c47875fe8,0.01,4.12,4.23,4.31,63.0,-2.6,955.1,-1.0,-1.8369701987210297e-16,0.1542040475626894,0.988039023376751
validation_selection,2026-01-07T18:00:00+00:00,2026-01-07T12:00:00+00:00,2026-01-09T18:00:00+00:00,2026-01-09T23:00:00+05:00,48,48.0,fbe1c15f6a251623e45f7242e7816122757036784efcc936427f0531f08956fc,0.01,4.4,4.52,4.61,64.0,-2.9,954.5,-1.0,-1.8369701987210297e-16,0.1542040475626894,0.988039023376751
validation_selection,2026-01-08T18:00:00+00:00,2026-01-08T12:00:00+00:00,2026-01-09T19:00:00+00:00,2026-01-10T00:00:00+05:00,24,25.0,460ec2b17777a2cf4db8e7bd8869cae65f2971accb3a37c86a312c4c47875fe8,0.01,4.4,4.52,4.61,64.0,-3.0,954.6,-0.9659258262890684,0.2588190451025203,0.1542040475626894,0.988039023376751
validation_selection,2026-01-07T18:00:00+00:00,2026-01-07T12:00:00+00:00,2026-01-09T19:00:00+00:00,2026-01-10T00:00:00+05:00,48,49.0,fbe1c15f6a251623e45f7242e7816122757036784efcc936427f0531f08956fc,0.01,4.71,4.83,4.93,64.0,-2.9,954.0,-0.9659258262890684,0.2588190451025203,0.1542040475626894,0.988039023376751
validation_selection,2026-01-08T18:00:00+00:00,2026-01-08T12:00:00+00:00,2026-01-09T20:00:00+00:00,2026-01-10T01:00:00+05:00,24,26.0,460ec2b17777a2cf4db8e7bd8869cae65f2971accb3a37c86a312c4c47875fe8,0.01,4.6,4.72,4.82,64.0,-3.4,954.2,-0.8660254037844386,0.5000000000000001,0.1542040475626894,0.988039023376751
validation_selection,2026-01-07T18:00:00+00:00,2026-01-07T12:00:00+00:00,2026-01-09T20:00:00+00:00,2026-01-10T01:00:00+05:00,48,50.0,fbe1c15f6a251623e45f7242e7816122757036784efcc936427f0531f08956fc,0.01,5.12,5.25,5.36,63.0,-3.0,953.8,-0.8660254037844386,0.5000000000000001,0.1542040475626894,0.988039023376751
validation_selection,2026-01-09T00:00:00+00:00,2026-01-08T18:00:00+00:00,2026-01-09T21:00:00+00:00,2026-01-10T02:00:00+05:00,24,21.0,0f5e98cb6570ba3d0e86722f6155abd2e9a60e306cdaeba01f95eb6b8e24dfed,0.01,5.14,5.28,5.39,63.0,-3.7,953.8,-0.7071067811865477,0.7071067811865474,0.1542040475626894,0.988039023376751
validation_selection,2026-01-08T00:00:00+00:00,2026-01-07T18:00:00+00:00,2026-01-09T21:00:00+00:00,2026-01-10T02:00:00+05:00,48,45.0,4759344439f169b7b1abea52a4e4dd5a56b70e28e93bb8ca0b48f9c9a56e12f6,0.01,5.08,5.21,5.32,66.0,-3.2,954.2,-0.7071067811865477,0.7071067811865474,0.1542040475626894,0.988039023376751
validation_selection,2026-01-09T00:00:00+00:00,2026-01-08T18:00:00+00:00,2026-01-09T22:00:00+00:00,2026-01-10T03:00:00+05:00,24,22.0,0f5e98cb6570ba3d0e86722f6155abd2e9a60e306cdaeba01f95eb6b8e24dfed,0.01,5.14,5.28,5.39,63.0,-3.9,953.7,-0.5000000000000004,0.8660254037844384,0.1542040475626894,0.988039023376751
validation_selection,2026-01-08T00:00:00+00:00,2026-01-07T18:00:00+00:00,2026-01-09T22:00:00+00:00,2026-01-10T03:00:00+05:00,48,46.0,4759344439f169b7b1abea52a4e4dd5a56b70e28e93bb8ca0b48f9c9a56e12f6,0.01,4.97,5.1,5.21,66.0,-3.6,953.8,-0.5000000000000004,0.8660254037844384,0.1542040475626894,0.988039023376751
validation_selection,2026-01-09T00:00:00+00:00,2026-01-08T18:00:00+00:00,2026-01-09T23:00:00+00:00,2026-01-10T04:00:00+05:00,24,23.0,0f5e98cb6570ba3d0e86722f6155abd2e9a60e306cdaeba01f95eb6b8e24dfed,0.01,5.19,5.32,5.43,64.0,-4.1,953.5,-0.25881904510252157,0.9659258262890681,0.1542040475626894,0.988039023376751
validation_selection,2026-01-08T00:00:00+00:00,2026-01-07T18:00:00+00:00,2026-01-09T23:00:00+00:00,2026-01-10T04:00:00+05:00,48,47.0,4759344439f169b7b1abea52a4e4dd5a56b70e28e93bb8ca0b48f9c9a56e12f6,0.01,5.26,5.39,5.5,65.0,-3.9,953.4,-0.25881904510252157,0.9659258262890681,0.1542040475626894,0.988039023376751
validation_selection,2026-01-09T00:00:00+00:00,2026-01-08T18:00:00+00:00,2026-01-10T00:00:00+00:00,2026-01-10T05:00:00+05:00,24,24.0,0f5e98cb6570ba3d0e86722f6155abd2e9a60e306cdaeba01f95eb6b8e24dfed,0.016666666666666666,5.26,5.39,5.5,65.0,-4.3,953.4,0.0,1.0,0.17117705961019986,0.985240282501282
validation_selection,2026-01-08T00:00:00+00:00,2026-01-07T18:00:00+00:00,2026-01-10T00:00:00+00:00,2026-01-10T05:00:00+05:00,48,48.0,4759344439f169b7b1abea52a4e4dd5a56b70e28e93bb8ca0b48f9c9a56e12f6,0.016666666666666666,5.49,5.64,5.75,65.0,-4.1,953.5,0.0,1.0,0.17117705961019986,0.985240282501282
validation_selection,2026-01-09T00:00:00+00:00,2026-01-08T18:00:00+00:00,2026-01-10T01:00:00+00:00,2026-01-10T06:00:00+05:00,24,25.0,0f5e98cb6570ba3d0e86722f6155abd2e9a60e306cdaeba01f95eb6b8e24dfed,0.043333333333333335,5.19,5.33,5.44,66.0,-4.4,953.6,0.25881904510252074,0.9659258262890683,0.17117705961019986,0.985240282501282
validation_selection,2026-01-08T00:00:00+00:00,2026-01-07T18:00:00+00:00,2026-01-10T01:00:00+00:00,2026-01-10T06:00:00+05:00,48,49.0,4759344439f169b7b1abea52a4e4dd5a56b70e28e93bb8ca0b48f9c9a56e12f6,0.043333333333333335,5.62,5.77,5.89,64.0,-4.2,953.5,0.25881904510252074,0.9659258262890683,0.17117705961019986,0.985240282501282
validation_selection,2026-01-09T00:00:00+00:00,2026-01-08T18:00:00+00:00,2026-01-10T02:00:00+00:00,2026-01-10T07:00:00+05:00,24,26.0,0f5e98cb6570ba3d0e86722f6155abd2e9a60e306cdaeba01f95eb6b8e24dfed,0.034999999999999996,4.96,5.09,5.19,67.0,-4.4,953.8,0.49999999999999994,0.8660254037844387,0.17117705961019986,0.985240282501282
validation_selection,2026-01-08T00:00:00+00:00,2026-01-07T18:00:00+00:00,2026-01-10T02:00:00+00:00,2026-01-10T07:00:00+05:00,48,50.0,4759344439f169b7b1abea52a4e4dd5a56b70e28e93bb8ca0b48f9c9a56e12f6,0.034999999999999996,5.47,5.61,5.73,64.0,-4.4,953.7,0.49999999999999994,0.8660254037844387,0.17117705961019986,0.985240282501282
validation_selection,2026-01-09T06:00:00+00:00,2026-01-09T00:00:00+00:00,2026-01-10T03:00:00+00:00,2026-01-10T08:00:00+05:00,24,21.0,b218f6d5d0110a319772ba25e7e9fd7097881f6ad5f23cc2d8527e9c93f093d6,0.03166666666666667,4.93,5.06,5.17,67.0,-3.7,954.4,0.7071067811865476,0.7071067811865476,0.17117705961019986,0.985240282501282
validation_selection,2026-01-08T06:00:00+00:00,2026-01-08T00:00:00+00:00,2026-01-10T03:00:00+00:00,2026-01-10T08:00:00+05:00,48,45.0,4a611b239456f81c93664f3cd93e7ccf6ec2fb3dbcc3d4fa7af95a53e9cec76f,0.03166666666666667,5.43,5.57,5.68,63.0,-3.4,954.0,0.7071067811865476,0.7071067811865476,0.17117705961019986,0.985240282501282
validation_selection,2026-01-09T06:00:00+00:00,2026-01-09T00:00:00+00:00,2026-01-10T04:00:00+00:00,2026-01-10T09:00:00+05:00,24,22.0,b218f6d5d0110a319772ba25e7e9fd7097881f6ad5f23cc2d8527e9c93f093d6,0.08,5.22,5.35,5.46,66.0,-0.7,955.4,0.8660254037844386,0.5000000000000001,0.17117705961019986,0.985240282501282
validation_selection,2026-01-08T06:00:00+00:00,2026-01-08T00:00:00+00:00,2026-01-10T04:00:00+00:00,2026-01-10T09:00:00+05:00,48,46.0,4a611b239456f81c93664f3cd93e7ccf6ec2fb3dbcc3d4fa7af95a53e9cec76f,0.08,6.02,6.18,6.31,61.0,-0.4,955.0,0.8660254037844386,0.5000000000000001,0.17117705961019986,0.985240282501282
validation_selection,2026-01-09T06:00:00+00:00,2026-01-09T00:00:00+00:00,2026-01-10T05:00:00+00:00,2026-01-10T10:00:00+05:00,24,23.0,b218f6d5d0110a319772ba25e7e9fd7097881f6ad5f23cc2d8527e9c93f093d6,0.034999999999999996,4.75,4.88,4.98,64.0,2.5,956.0,0.9659258262890683,0.25881904510252074,0.17117705961019986,0.985240282501282
validation_selection,2026-01-08T06:00:00+00:00,2026-01-08T00:00:00+00:00,2026-01-10T05:00:00+00:00,2026-01-10T10:00:00+05:00,48,47.0,4a611b239456f81c93664f3cd93e7ccf6ec2fb3dbcc3d4fa7af95a53e9cec76f,0.034999999999999996,5.9,6.05,6.18,59.0,2.8,955.6,0.9659258262890683,0.25881904510252074,0.17117705961019986,0.985240282501282
validation_selection,2026-01-09T06:00:00+00:00,2026-01-09T00:00:00+00:00,2026-01-10T06:00:00+00:00,2026-01-10T11:00:00+05:00,24,24.0,b218f6d5d0110a319772ba25e7e9fd7097881f6ad5f23cc2d8527e9c93f093d6,0.09000000000000001,4.47,4.59,4.69,57.0,4.3,955.7,1.0,6.123233995736766e-17,0.17117705961019986,0.985240282501282
validation_selection,2026-01-08T06:00:00+00:00,2026-01-08T00:00:00+00:00,2026-01-10T06:00:00+00:00,2026-01-10T11:00:00+05:00,48,48.0,4a611b239456f81c93664f3cd93e7ccf6ec2fb3dbcc3d4fa7af95a53e9cec76f,0.09000000000000001,5.14,5.27,5.38,52.0,4.5,955.6,1.0,6.123233995736766e-17,0.17117705961019986,0.985240282501282
validation_selection,2026-01-09T06:00:00+00:00,2026-01-09T00:00:00+00:00,2026-01-10T07:00:00+00:00,2026-01-10T12:00:00+05:00,24,25.0,b218f6d5d0110a319772ba25e7e9fd7097881f6ad5f23cc2d8527e9c93f093d6,0.049999999999999996,4.73,4.85,4.95,55.0,5.3,954.9,0.9659258262890683,-0.25881904510252063,0.17117705961019986,0.985240282501282
validation_selection,2026-01-08T06:00:00+00:00,2026-01-08T00:00:00+00:00,2026-01-10T07:00:00+00:00,2026-01-10T12:00:00+05:00,48,49.0,4a611b239456f81c93664f3cd93e7ccf6ec2fb3dbcc3d4fa7af95a53e9cec76f,0.049999999999999996,5.39,5.53,5.64,53.0,5.4,954.8,0.9659258262890683,-0.25881904510252063,0.17117705961019986,0.985240282501282
validation_selection,2026-01-09T06:00:00+00:00,2026-01-09T00:00:00+00:00,2026-01-10T08:00:00+00:00,2026-01-10T13:00:00+05:00,24,26.0,b218f6d5d0110a319772ba25e7e9fd7097881f6ad5f23cc2d8527e9c93f093d6,0.24333333333333332,4.84,4.97,5.07,58.0,5.8,954.3,0.8660254037844387,-0.4999999999999998,0.17117705961019986,0.985240282501282
validation_selection,2026-01-08T06:00:00+00:00,2026-01-08T00:00:00+00:00,2026-01-10T08:00:00+00:00,2026-01-10T13:00:00+05:00,48,50.0,4a611b239456f81c93664f3cd93e7ccf6ec2fb3dbcc3d4fa7af95a53e9cec76f,0.24333333333333332,5.37,5.51,5.62,54.0,6.0,954.2,0.8660254037844387,-0.4999999999999998,0.17117705961019986,0.985240282501282
validation_selection,2026-01-09T12:00:00+00:00,2026-01-09T06:00:00+00:00,2026-01-10T09:00:00+00:00,2026-01-10T14:00:00+05:00,24,21.0,68a7e5b05d623143cd3c1b18ca1464a417597a9d248376ff0224b6e3595cd1f5,0.18833333333333335,4.94,5.07,5.17,59.0,5.6,954.0,0.7071067811865476,-0.7071067811865475,0.17117705961019986,0.985240282501282
validation_selection,2026-01-08T12:00:00+00:00,2026-01-08T06:00:00+00:00,2026-01-10T09:00:00+00:00,2026-01-10T14:00:00+05:00,48,45.0,6b2e43a86b46e0f83e85d4a6c76a004286a340e1bd7b014e8021aa879b165c63,0.18833333333333335,4.68,4.8,4.9,56.0,5.8,953.9,0.7071067811865476,-0.7071067811865475,0.17117705961019986,0.985240282501282
validation_selection,2026-01-09T12:00:00+00:00,2026-01-09T06:00:00+00:00,2026-01-10T10:00:00+00:00,2026-01-10T15:00:00+05:00,24,22.0,68a7e5b05d623143cd3c1b18ca1464a417597a9d248376ff0224b6e3595cd1f5,0.21,4.82,4.94,5.05,66.0,4.5,953.6,0.49999999999999994,-0.8660254037844387,0.17117705961019986,0.985240282501282
validation_selection,2026-01-08T12:00:00+00:00,2026-01-08T06:00:00+00:00,2026-01-10T10:00:00+00:00,2026-01-10T15:00:00+05:00,48,46.0,6b2e43a86b46e0f83e85d4a6c76a004286a340e1bd7b014e8021aa879b165c63,0.21,4.63,4.75,4.85,66.0,4.7,953.7,0.49999999999999994,-0.8660254037844387,0.17117705961019986,0.985240282501282
validation_selection,2026-01-09T12:00:00+00:00,2026-01-09T06:00:00+00:00,2026-01-10T11:00:00+00:00,2026-01-10T16:00:00+05:00,24,23.0,68a7e5b05d623143cd3c1b18ca1464a417597a9d248376ff0224b6e3595cd1f5,0.16666666666666666,5.19,5.33,5.44,66.0,1.5,953.1,0.258819045102521,-0.9659258262890682,0.17117705961019986,0.985240282501282
validation_selection,2026-01-08T12:00:00+00:00,2026-01-08T06:00:00+00:00,2026-01-10T11:00:00+00:00,2026-01-10T16:00:00+05:00,48,47.0,6b2e43a86b46e0f83e85d4a6c76a004286a340e1bd7b014e8021aa879b165c63,0.16666666666666666,4.98,5.11,5.21,67.0,1.7,953.0,0.258819045102521,-0.9659258262890682,0.17117705961019986,0.985240282501282
validation_selection,2026-01-09T12:00:00+00:00,2026-01-09T06:00:00+00:00,2026-01-10T12:00:00+00:00,2026-01-10T17:00:00+05:00,24,24.0,68a7e5b05d623143cd3c1b18ca1464a417597a9d248376ff0224b6e3595cd1f5,0.16166666666666668,5.98,6.14,6.27,67.0,0.3,953.1,1.2246467991473532e-16,-1.0,0.17117705961019986,0.985240282501282
validation_selection,2026-01-08T12:00:00+00:00,2026-01-08T06:00:00+00:00,2026-01-10T12:00:00+00:00,2026-01-10T17:00:00+05:00,48,48.0,6b2e43a86b46e0f83e85d4a6c76a004286a340e1bd7b014e8021aa879b165c63,0.16166666666666668,6.01,6.17,6.29,68.0,0.5,952.9,1.2246467991473532e-16,-1.0,0.17117705961019986,0.985240282501282
validation_selection,2026-01-09T12:00:00+00:00,2026-01-09T06:00:00+00:00,2026-01-10T13:00:00+00:00,2026-01-10T18:00:00+05:00,24,25.0,68a7e5b05d623143cd3c1b18ca1464a417597a9d248376ff0224b6e3595cd1f5,0.4466666666666666,6.49,6.66,6.8,67.0,0.6,953.3,-0.2588190451025208,-0.9659258262890683,0.17117705961019986,0.985240282501282
validation_selection,2026-01-08T12:00:00+00:00,2026-01-08T06:00:00+00:00,2026-01-10T13:00:00+00:00,2026-01-10T18:00:00+05:00,48,49.0,6b2e43a86b46e0f83e85d4a6c76a004286a340e1bd7b014e8021aa879b165c63,0.4466666666666666,6.59,6.76,6.9,69.0,1.0,953.2,-0.2588190451025208,-0.9659258262890683,0.17117705961019986,0.985240282501282
validation_selection,2026-01-09T12:00:00+00:00,2026-01-09T06:00:00+00:00,2026-01-10T14:00:00+00:00,2026-01-10T19:00:00+05:00,24,26.0,68a7e5b05d623143cd3c1b18ca1464a417597a9d248376ff0224b6e3595cd1f5,0.39166666666666666,6.77,6.95,7.09,67.0,0.7,953.3,-0.4999999999999997,-0.8660254037844388,0.17117705961019986,0.985240282501282
validation_selection,2026-01-08T12:00:00+00:00,2026-01-08T06:00:00+00:00,2026-01-10T14:00:00+00:00,2026-01-10T19:00:00+05:00,48,50.0,6b2e43a86b46e0f83e85d4a6c76a004286a340e1bd7b014e8021aa879b165c63,0.39166666666666666,6.82,7.0,7.15,68.0,1.1,953.2,-0.4999999999999997,-0.8660254037844388,0.17117705961019986,0.985240282501282
validation_selection,2026-01-09T18:00:00+00:00,2026-01-09T12:00:00+00:00,2026-01-10T15:00:00+00:00,2026-01-10T20:00:00+05:00,24,21.0,f4a95870dd04c2d5476dee70832a88f14d824bda1ecca2d77cc14af53fe7eda5,0.49833333333333335,6.81,6.99,7.13,66.0,0.7,953.3,-0.7071067811865471,-0.7071067811865479,0.17117705961019986,0.985240282501282
validation_selection,2026-01-08T18:00:00+00:00,2026-01-08T12:00:00+00:00,2026-01-10T15:00:00+00:00,2026-01-10T20:00:00+05:00,48,45.0,460ec2b17777a2cf4db8e7bd8869cae65f2971accb3a37c86a312c4c47875fe8,0.49833333333333335,6.64,6.81,6.95,67.0,0.7,953.2,-0.7071067811865471,-0.7071067811865479,0.17117705961019986,0.985240282501282
validation_selection,2026-01-09T18:00:00+00:00,2026-01-09T12:00:00+00:00,2026-01-10T16:00:00+00:00,2026-01-10T21:00:00+05:00,24,22.0,f4a95870dd04c2d5476dee70832a88f14d824bda1ecca2d77cc14af53fe7eda5,0.5366666666666667,6.63,6.8,6.94,65.0,0.5,953.3,-0.8660254037844385,-0.5000000000000004,0.17117705961019986,0.985240282501282
validation_selection,2026-01-08T18:00:00+00:00,2026-01-08T12:00:00+00:00,2026-01-10T16:00:00+00:00,2026-01-10T21:00:00+05:00,48,46.0,460ec2b17777a2cf4db8e7bd8869cae65f2971accb3a37c86a312c4c47875fe8,0.5366666666666667,6.41,6.58,6.71,65.0,0.4,953.2,-0.8660254037844385,-0.5000000000000004,0.17117705961019986,0.985240282501282
validation_selection,2026-01-09T18:00:00+00:00,2026-01-09T12:00:00+00:00,2026-01-10T17:00:00+00:00,2026-01-10T22:00:00+05:00,24,23.0,f4a95870dd04c2d5476dee70832a88f14d824bda1ecca2d77cc14af53fe7eda5,0.3066666666666667,6.54,6.71,6.85,62.0,0.0,953.1,-0.9659258262890683,-0.25881904510252063,0.17117705961019986,0.985240282501282
validation_selection,2026-01-08T18:00:00+00:00,2026-01-08T12:00:00+00:00,2026-01-10T17:00:00+00:00,2026-01-10T22:00:00+05:00,48,47.0,460ec2b17777a2cf4db8e7bd8869cae65f2971accb3a37c86a312c4c47875fe8,0.3066666666666667,6.04,6.2,6.33,66.0,0.0,953.3,-0.9659258262890683,-0.25881904510252063,0.17117705961019986,0.985240282501282
validation_selection,2026-01-09T18:00:00+00:00,2026-01-09T12:00:00+00:00,2026-01-10T18:00:00+00:00,2026-01-10T23:00:00+05:00,24,24.0,f4a95870dd04c2d5476dee70832a88f14d824bda1ecca2d77cc14af53fe7eda5,0.45166666666666666,6.98,7.16,7.31,62.0,-0.6,952.6,-1.0,-1.8369701987210297e-16,0.17117705961019986,0.985240282501282
validation_selection,2026-01-08T18:00:00+00:00,2026-01-08T12:00:00+00:00,2026-01-10T18:00:00+00:00,2026-01-10T23:00:00+05:00,48,48.0,460ec2b17777a2cf4db8e7bd8869cae65f2971accb3a37c86a312c4c47875fe8,0.45166666666666666,5.71,5.86,5.98,64.0,-0.6,953.3,-1.0,-1.8369701987210297e-16,0.17117705961019986,0.985240282501282
validation_selection,2026-01-09T18:00:00+00:00,2026-01-09T12:00:00+00:00,2026-01-10T19:00:00+00:00,2026-01-11T00:00:00+05:00,24,25.0,f4a95870dd04c2d5476dee70832a88f14d824bda1ecca2d77cc14af53fe7eda5,0.8716666666666667,7.45,7.65,7.81,63.0,-0.9,952.5,-0.9659258262890684,0.2588190451025203,0.17117705961019986,0.985240282501282
validation_selection,2026-01-08T18:00:00+00:00,2026-01-08T12:00:00+00:00,2026-01-10T19:00:00+00:00,2026-01-11T00:00:00+05:00,48,49.0,460ec2b17777a2cf4db8e7bd8869cae65f2971accb3a37c86a312c4c47875fe8,0.8716666666666667,5.59,5.74,5.86,67.0,-1.1,953.2,-0.9659258262890684,0.2588190451025203,0.17117705961019986,0.985240282501282
validation_selection,2026-01-09T18:00:00+00:00,2026-01-09T12:00:00+00:00,2026-01-10T20:00:00+00:00,2026-01-11T01:00:00+05:00,24,26.0,f4a95870dd04c2d5476dee70832a88f14d824bda1ecca2d77cc14af53fe7eda5,0.9183333333333333,7.3,7.49,7.65,63.0,-1.3,952.2,-0.8660254037844386,0.5000000000000001,0.17117705961019986,0.985240282501282
validation_selection,2026-01-08T18:00:00+00:00,2026-01-08T12:00:00+00:00,2026-01-10T20:00:00+00:00,2026-01-11T01:00:00+05:00,48,50.0,460ec2b17777a2cf4db8e7bd8869cae65f2971accb3a37c86a312c4c47875fe8,0.9183333333333333,6.12,6.28,6.41,63.0,-1.5,952.6,-0.8660254037844386,0.5000000000000001,0.17117705961019986,0.985240282501282
validation_selection,2026-01-10T00:00:00+00:00,2026-01-09T18:00:00+00:00,2026-01-10T21:00:00+00:00,2026-01-11T02:00:00+05:00,24,21.0,5bc00a4b2e70d800ed7212f51737c87ecac42619f5141e38c191e63da4af1b0e,0.6933333333333334,7.11,7.3,7.45,60.0,-1.7,952.1,-0.7071067811865477,0.7071067811865474,0.17117705961019986,0.985240282501282
validation_selection,2026-01-09T00:00:00+00:00,2026-01-08T18:00:00+00:00,2026-01-10T21:00:00+00:00,2026-01-11T02:00:00+05:00,48,45.0,0f5e98cb6570ba3d0e86722f6155abd2e9a60e306cdaeba01f95eb6b8e24dfed,0.6933333333333334,7.22,7.4,7.56,62.0,-1.6,952.4,-0.7071067811865477,0.7071067811865474,0.17117705961019986,0.985240282501282
validation_selection,2026-01-10T00:00:00+00:00,2026-01-09T18:00:00+00:00,2026-01-10T22:00:00+00:00,2026-01-11T03:00:00+05:00,24,22.0,5bc00a4b2e70d800ed7212f51737c87ecac42619f5141e38c191e63da4af1b0e,0.6866666666666666,6.74,6.91,7.05,65.0,-1.8,952.3,-0.5000000000000004,0.8660254037844384,0.17117705961019986,0.985240282501282
validation_selection,2026-01-09T00:00:00+00:00,2026-01-08T18:00:00+00:00,2026-01-10T22:00:00+00:00,2026-01-11T03:00:00+05:00,48,46.0,0f5e98cb6570ba3d0e86722f6155abd2e9a60e306cdaeba01f95eb6b8e24dfed,0.6866666666666666,7.48,7.67,7.83,64.0,-1.7,952.3,-0.5000000000000004,0.8660254037844384,0.17117705961019986,0.985240282501282
validation_selection,2026-01-10T00:00:00+00:00,2026-01-09T18:00:00+00:00,2026-01-10T23:00:00+00:00,2026-01-11T04:00:00+05:00,24,23.0,5bc00a4b2e70d800ed7212f51737c87ecac42619f5141e38c191e63da4af1b0e,0.8233333333333334,6.41,6.58,6.71,65.0,-2.2,951.9,-0.25881904510252157,0.9659258262890681,0.17117705961019986,0.985240282501282
validation_selection,2026-01-09T00:00:00+00:00,2026-01-08T18:00:00+00:00,2026-01-10T23:00:00+00:00,2026-01-11T04:00:00+05:00,48,47.0,0f5e98cb6570ba3d0e86722f6155abd2e9a60e306cdaeba01f95eb6b8e24dfed,0.8233333333333334,7.48,7.67,7.83,62.0,-1.8,952.3,-0.25881904510252157,0.9659258262890681,0.17117705961019986,0.985240282501282
validation_selection,2026-01-10T00:00:00+00:00,2026-01-09T18:00:00+00:00,2026-01-11T00:00:00+00:00,2026-01-11T05:00:00+05:00,24,24.0,5bc00a4b2e70d800ed7212f51737c87ecac42619f5141e38c191e63da4af1b0e,0.48,6.87,7.04,7.19,64.0,-2.0,952.0,0.0,1.0,0.18809941761179758,0.9821499931752291
validation_selection,2026-01-09T00:00:00+00:00,2026-01-08T18:00:00+00:00,2026-01-11T00:00:00+00:00,2026-01-11T05:00:00+05:00,48,48.0,0f5e98cb6570ba3d0e86722f6155abd2e9a60e306cdaeba01f95eb6b8e24dfed,0.48,7.32,7.51,7.67,64.0,-1.7,952.7,0.0,1.0,0.18809941761179758,0.9821499931752291
validation_selection,2026-01-10T00:00:00+00:00,2026-01-09T18:00:00+00:00,2026-01-11T01:00:00+00:00,2026-01-11T06:00:00+05:00,24,25.0,5bc00a4b2e70d800ed7212f51737c87ecac42619f5141e38c191e63da4af1b0e,0.5533333333333333,6.93,7.11,7.26,63.0,-1.8,952.4,0.25881904510252074,0.9659258262890683,0.18809941761179758,0.9821499931752291
validation_selection,2026-01-09T00:00:00+00:00,2026-01-08T18:00:00+00:00,2026-01-11T01:00:00+00:00,2026-01-11T06:00:00+05:00,48,49.0,0f5e98cb6570ba3d0e86722f6155abd2e9a60e306cdaeba01f95eb6b8e24dfed,0.5533333333333333,7.19,7.38,7.53,63.0,-1.8,952.8,0.25881904510252074,0.9659258262890683,0.18809941761179758,0.9821499931752291
validation_selection,2026-01-10T00:00:00+00:00,2026-01-09T18:00:00+00:00,2026-01-11T02:00:00+00:00,2026-01-11T07:00:00+05:00,24,26.0,5bc00a4b2e70d800ed7212f51737c87ecac42619f5141e38c191e63da4af1b0e,0.445,6.73,6.91,7.05,64.0,-1.6,952.9,0.49999999999999994,0.8660254037844387,0.18809941761179758,0.9821499931752291
validation_selection,2026-01-09T00:00:00+00:00,2026-01-08T18:00:00+00:00,2026-01-11T02:00:00+00:00,2026-01-11T07:00:00+05:00,48,50.0,0f5e98cb6570ba3d0e86722f6155abd2e9a60e306cdaeba01f95eb6b8e24dfed,0.445,7.21,7.4,7.55,64.0,-2.0,953.1,0.49999999999999994,0.8660254037844387,0.18809941761179758,0.9821499931752291
validation_selection,2026-01-10T06:00:00+00:00,2026-01-10T00:00:00+00:00,2026-01-11T03:00:00+00:00,2026-01-11T08:00:00+05:00,24,21.0,021d5e9caa35ad2b0646cb9fc2fbfe0d1fbce57e2489d3707032217dd0fa34ea,0.21666666666666667,6.52,6.69,6.83,66.0,-1.1,953.5,0.7071067811865476,0.7071067811865476,0.18809941761179758,0.9821499931752291
validation_selection,2026-01-09T06:00:00+00:00,2026-01-09T00:00:00+00:00,2026-01-11T03:00:00+00:00,2026-01-11T08:00:00+05:00,48,45.0,b218f6d5d0110a319772ba25e7e9fd7097881f6ad5f23cc2d8527e9c93f093d6,0.21666666666666667,6.3,6.46,6.6,64.0,-1.3,953.7,0.7071067811865476,0.7071067811865476,0.18809941761179758,0.9821499931752291
validation_selection,2026-01-10T06:00:00+00:00,2026-01-10T00:00:00+00:00,2026-01-11T04:00:00+00:00,2026-01-11T09:00:00+05:00,24,22.0,021d5e9caa35ad2b0646cb9fc2fbfe0d1fbce57e2489d3707032217dd0fa34ea,0.3233333333333333,6.39,6.55,6.69,65.0,1.6,954.4,0.8660254037844386,0.5000000000000001,0.18809941761179758,0.9821499931752291
validation_selection,2026-01-09T06:00:00+00:00,2026-01-09T00:00:00+00:00,2026-01-11T04:00:00+00:00,2026-01-11T09:00:00+05:00,48,46.0,b218f6d5d0110a319772ba25e7e9fd7097881f6ad5f23cc2d8527e9c93f093d6,0.3233333333333333,6.76,6.93,7.08,63.0,1.6,954.4,0.8660254037844386,0.5000000000000001,0.18809941761179758,0.9821499931752291
validation_selection,2026-01-10T06:00:00+00:00,2026-01-10T00:00:00+00:00,2026-01-11T05:00:00+00:00,2026-01-11T10:00:00+05:00,24,23.0,021d5e9caa35ad2b0646cb9fc2fbfe0d1fbce57e2489d3707032217dd0fa34ea,0.26333333333333336,7.65,7.85,8.01,65.0,4.9,954.9,0.9659258262890683,0.25881904510252074,0.18809941761179758,0.9821499931752291
validation_selection,2026-01-09T06:00:00+00:00,2026-01-09T00:00:00+00:00,2026-01-11T05:00:00+00:00,2026-01-11T10:00:00+05:00,48,47.0,b218f6d5d0110a319772ba25e7e9fd7097881f6ad5f23cc2d8527e9c93f093d6,0.26333333333333336,8.0,8.21,8.38,62.0,4.7,954.9,0.9659258262890683,0.25881904510252074,0.18809941761179758,0.9821499931752291
validation_selection,2026-01-10T06:00:00+00:00,2026-01-10T00:00:00+00:00,2026-01-11T06:00:00+00:00,2026-01-11T11:00:00+05:00,24,24.0,021d5e9caa35ad2b0646cb9fc2fbfe0d1fbce57e2489d3707032217dd0fa34ea,0.39666666666666667,7.18,7.36,7.52,57.0,6.3,954.9,1.0,6.123233995736766e-17,0.18809941761179758,0.9821499931752291
validation_selection,2026-01-09T06:00:00+00:00,2026-01-09T00:00:00+00:00,2026-01-11T06:00:00+00:00,2026-01-11T11:00:00+05:00,48,48.0,b218f6d5d0110a319772ba25e7e9fd7097881f6ad5f23cc2d8527e9c93f093d6,0.39666666666666667,7.27,7.46,7.62,55.0,6.5,954.9,1.0,6.123233995736766e-17,0.18809941761179758,0.9821499931752291
validation_selection,2026-01-10T06:00:00+00:00,2026-01-10T00:00:00+00:00,2026-01-11T07:00:00+00:00,2026-01-11T12:00:00+05:00,24,25.0,021d5e9caa35ad2b0646cb9fc2fbfe0d1fbce57e2489d3707032217dd0fa34ea,0.6766666666666666,7.53,7.72,7.88,57.0,7.3,954.5,0.9659258262890683,-0.25881904510252063,0.18809941761179758,0.9821499931752291
validation_selection,2026-01-09T06:00:00+00:00,2026-01-09T00:00:00+00:00,2026-01-11T07:00:00+00:00,2026-01-11T12:00:00+05:00,48,49.0,b218f6d5d0110a319772ba25e7e9fd7097881f6ad5f23cc2d8527e9c93f093d6,0.6766666666666666,7.77,7.98,8.14,58.0,7.4,954.2,0.9659258262890683,-0.25881904510252063,0.18809941761179758,0.9821499931752291
validation_selection,2026-01-10T06:00:00+00:00,2026-01-10T00:00:00+00:00,2026-01-11T08:00:00+00:00,2026-01-11T13:00:00+05:00,24,26.0,021d5e9caa35ad2b0646cb9fc2fbfe0d1fbce57e2489d3707032217dd0fa34ea,0.6016666666666667,8.07,8.28,8.46,58.0,7.5,953.8,0.8660254037844387,-0.4999999999999998,0.18809941761179758,0.9821499931752291
validation_selection,2026-01-09T06:00:00+00:00,2026-01-09T00:00:00+00:00,2026-01-11T08:00:00+00:00,2026-01-11T13:00:00+05:00,48,50.0,b218f6d5d0110a319772ba25e7e9fd7097881f6ad5f23cc2d8527e9c93f093d6,0.6016666666666667,8.1,8.31,8.48,56.0,7.9,953.8,0.8660254037844387,-0.4999999999999998,0.18809941761179758,0.9821499931752291
validation_selection,2026-01-10T12:00:00+00:00,2026-01-10T06:00:00+00:00,2026-01-11T09:00:00+00:00,2026-01-11T14:00:00+05:00,24,21.0,480febc6b587a51bf8ec7e3935f030c4e2cb888a5273aef02c8df016086f35b3,0.27499999999999997,8.42,8.63,8.81,59.0,7.0,953.6,0.7071067811865476,-0.7071067811865475,0.18809941761179758,0.9821499931752291
validation_selection,2026-01-09T12:00:00+00:00,2026-01-09T06:00:00+00:00,2026-01-11T09:00:00+00:00,2026-01-11T14:00:00+05:00,48,45.0,68a7e5b05d623143cd3c1b18ca1464a417597a9d248376ff0224b6e3595cd1f5,0.27499999999999997,8.76,8.99,9.17,57.0,7.3,953.5,0.7071067811865476,-0.7071067811865475,0.18809941761179758,0.9821499931752291
validation_selection,2026-01-10T12:00:00+00:00,2026-01-10T06:00:00+00:00,2026-01-11T10:00:00+00:00,2026-01-11T15:00:00+05:00,24,22.0,480febc6b587a51bf8ec7e3935f030c4e2cb888a5273aef02c8df016086f35b3,0.22999999999999998,6.26,6.43,6.56,61.0,5.6,953.8,0.49999999999999994,-0.8660254037844387,0.18809941761179758,0.9821499931752291
validation_selection,2026-01-09T12:00:00+00:00,2026-01-09T06:00:00+00:00,2026-01-11T10:00:00+00:00,2026-01-11T15:00:00+05:00,48,46.0,68a7e5b05d623143cd3c1b18ca1464a417597a9d248376ff0224b6e3595cd1f5,0.22999999999999998,7.34,7.53,7.69,60.0,6.1,953.6,0.49999999999999994,-0.8660254037844387,0.18809941761179758,0.9821499931752291
validation_selection,2026-01-10T12:00:00+00:00,2026-01-10T06:00:00+00:00,2026-01-11T11:00:00+00:00,2026-01-11T16:00:00+05:00,24,23.0,480febc6b587a51bf8ec7e3935f030c4e2cb888a5273aef02c8df016086f35b3,0.2283333333333333,5.98,6.13,6.26,61.0,4.1,954.1,0.258819045102521,-0.9659258262890682,0.18809941761179758,0.9821499931752291
validation_selection,2026-01-09T12:00:00+00:00,2026-01-09T06:00:00+00:00,2026-01-11T11:00:00+00:00,2026-01-11T16:00:00+05:00,48,47.0,68a7e5b05d623143cd3c1b18ca1464a417597a9d248376ff0224b6e3595cd1f5,0.2283333333333333,6.41,6.57,6.71,64.0,4.5,953.6,0.258819045102521,-0.9659258262890682,0.18809941761179758,0.9821499931752291
validation_selection,2026-01-10T12:00:00+00:00,2026-01-10T06:00:00+00:00,2026-01-11T12:00:00+00:00,2026-01-11T17:00:00+05:00,24,24.0,480febc6b587a51bf8ec7e3935f030c4e2cb888a5273aef02c8df016086f35b3,0.19000000000000003,5.65,5.79,5.91,65.0,2.3,954.2,1.2246467991473532e-16,-1.0,0.18809941761179758,0.9821499931752291
validation_selection,2026-01-09T12:00:00+00:00,2026-01-09T06:00:00+00:00,2026-01-11T12:00:00+00:00,2026-01-11T17:00:00+05:00,48,48.0,68a7e5b05d623143cd3c1b18ca1464a417597a9d248376ff0224b6e3595cd1f5,0.19000000000000003,6.4,6.57,6.7,59.0,2.9,953.5,1.2246467991473532e-16,-1.0,0.18809941761179758,0.9821499931752291
validation_selection,2026-01-10T12:00:00+00:00,2026-01-10T06:00:00+00:00,2026-01-11T13:00:00+00:00,2026-01-11T18:00:00+05:00,24,25.0,480febc6b587a51bf8ec7e3935f030c4e2cb888a5273aef02c8df016086f35b3,0.4583333333333333,5.44,5.58,5.7,67.0,2.2,954.5,-0.2588190451025208,-0.9659258262890683,0.18809941761179758,0.9821499931752291
validation_selection,2026-01-09T12:00:00+00:00,2026-01-09T06:00:00+00:00,2026-01-11T13:00:00+00:00,2026-01-11T18:00:00+05:00,48,49.0,68a7e5b05d623143cd3c1b18ca1464a417597a9d248376ff0224b6e3595cd1f5,0.4583333333333333,6.41,6.58,6.72,61.0,2.6,954.0,-0.2588190451025208,-0.9659258262890683,0.18809941761179758,0.9821499931752291
validation_selection,2026-01-10T12:00:00+00:00,2026-01-10T06:00:00+00:00,2026-01-11T14:00:00+00:00,2026-01-11T19:00:00+05:00,24,26.0,480febc6b587a51bf8ec7e3935f030c4e2cb888a5273aef02c8df016086f35b3,0.46166666666666667,5.24,5.37,5.49,78.0,2.2,954.5,-0.4999999999999997,-0.8660254037844388,0.18809941761179758,0.9821499931752291
validation_selection,2026-01-09T12:00:00+00:00,2026-01-09T06:00:00+00:00,2026-01-11T14:00:00+00:00,2026-01-11T19:00:00+05:00,48,50.0,68a7e5b05d623143cd3c1b18ca1464a417597a9d248376ff0224b6e3595cd1f5,0.46166666666666667,6.04,6.2,6.32,65.0,2.2,954.1,-0.4999999999999997,-0.8660254037844388,0.18809941761179758,0.9821499931752291
validation_selection,2026-01-10T18:00:00+00:00,2026-01-10T12:00:00+00:00,2026-01-11T15:00:00+00:00,2026-01-11T20:00:00+05:00,24,21.0,2f336223c2761251ac3aa3b903f9c99611b51c2e1a7836922e54b270390dffbb,0.2866666666666667,5.05,5.18,5.29,77.0,1.6,954.2,-0.7071067811865471,-0.7071067811865479,0.18809941761179758,0.9821499931752291
validation_selection,2026-01-09T18:00:00+00:00,2026-01-09T12:00:00+00:00,2026-01-11T15:00:00+00:00,2026-01-11T20:00:00+05:00,48,45.0,f4a95870dd04c2d5476dee70832a88f14d824bda1ecca2d77cc14af53fe7eda5,0.2866666666666667,5.13,5.27,5.37,72.0,1.2,954.2,-0.7071067811865471,-0.7071067811865479,0.18809941761179758,0.9821499931752291
validation_selection,2026-01-10T18:00:00+00:00,2026-01-10T12:00:00+00:00,2026-01-11T16:00:00+00:00,2026-01-11T21:00:00+05:00,24,22.0,2f336223c2761251ac3aa3b903f9c99611b51c2e1a7836922e54b270390dffbb,0.4916666666666667,5.29,5.43,5.54,73.0,1.6,954.0,-0.8660254037844385,-0.5000000000000004,0.18809941761179758,0.9821499931752291
validation_selection,2026-01-09T18:00:00+00:00,2026-01-09T12:00:00+00:00,2026-01-11T16:00:00+00:00,2026-01-11T21:00:00+05:00,48,46.0,f4a95870dd04c2d5476dee70832a88f14d824bda1ecca2d77cc14af53fe7eda5,0.4916666666666667,5.38,5.52,5.63,76.0,1.6,954.1,-0.8660254037844385,-0.5000000000000004,0.18809941761179758,0.9821499931752291
validation_selection,2026-01-10T18:00:00+00:00,2026-01-10T12:00:00+00:00,2026-01-11T17:00:00+00:00,2026-01-11T22:00:00+05:00,24,23.0,2f336223c2761251ac3aa3b903f9c99611b51c2e1a7836922e54b270390dffbb,0.5183333333333333,6.29,6.45,6.59,72.0,2.2,954.2,-0.9659258262890683,-0.25881904510252063,0.18809941761179758,0.9821499931752291
validation_selection,2026-01-09T18:00:00+00:00,2026-01-09T12:00:00+00:00,2026-01-11T17:00:00+00:00,2026-01-11T22:00:00+05:00,48,47.0,f4a95870dd04c2d5476dee70832a88f14d824bda1ecca2d77cc14af53fe7eda5,0.5183333333333333,6.26,6.42,6.55,72.0,2.1,954.1,-0.9659258262890683,-0.25881904510252063,0.18809941761179758,0.9821499931752291
validation_selection,2026-01-10T18:00:00+00:00,2026-01-10T12:00:00+00:00,2026-01-11T18:00:00+00:00,2026-01-11T23:00:00+05:00,24,24.0,2f336223c2761251ac3aa3b903f9c99611b51c2e1a7836922e54b270390dffbb,0.33,6.99,7.17,7.32,69.0,2.7,954.3,-1.0,-1.8369701987210297e-16,0.18809941761179758,0.9821499931752291
validation_selection,2026-01-09T18:00:00+00:00,2026-01-09T12:00:00+00:00,2026-01-11T18:00:00+00:00,2026-01-11T23:00:00+05:00,48,48.0,f4a95870dd04c2d5476dee70832a88f14d824bda1ecca2d77cc14af53fe7eda5,0.33,6.59,6.76,6.9,69.0,2.1,954.1,-1.0,-1.8369701987210297e-16,0.18809941761179758,0.9821499931752291
validation_selection,2026-01-10T18:00:00+00:00,2026-01-10T12:00:00+00:00,2026-01-11T19:00:00+00:00,2026-01-12T00:00:00+05:00,24,25.0,2f336223c2761251ac3aa3b903f9c99611b51c2e1a7836922e54b270390dffbb,0.49,7.26,7.45,7.6,68.0,2.3,954.4,-0.9659258262890684,0.2588190451025203,0.18809941761179758,0.9821499931752291
validation_selection,2026-01-09T18:00:00+00:00,2026-01-09T12:00:00+00:00,2026-01-11T19:00:00+00:00,2026-01-12T00:00:00+05:00,48,49.0,f4a95870dd04c2d5476dee70832a88f14d824bda1ecca2d77cc14af53fe7eda5,0.49,6.82,7.0,7.15,68.0,2.0,954.1,-0.9659258262890684,0.2588190451025203,0.18809941761179758,0.9821499931752291
validation_selection,2026-01-10T18:00:00+00:00,2026-01-10T12:00:00+00:00,2026-01-11T20:00:00+00:00,2026-01-12T01:00:00+05:00,24,26.0,2f336223c2761251ac3aa3b903f9c99611b51c2e1a7836922e54b270390dffbb,0.3933333333333333,6.97,7.15,7.3,67.0,1.7,954.1,-0.8660254037844386,0.5000000000000001,0.18809941761179758,0.9821499931752291
validation_selection,2026-01-09T18:00:00+00:00,2026-01-09T12:00:00+00:00,2026-01-11T20:00:00+00:00,2026-01-12T01:00:00+05:00,48,50.0,f4a95870dd04c2d5476dee70832a88f14d824bda1ecca2d77cc14af53fe7eda5,0.3933333333333333,6.69,6.86,7.0,68.0,1.5,954.1,-0.8660254037844386,0.5000000000000001,0.18809941761179758,0.9821499931752291
validation_selection,2026-01-11T00:00:00+00:00,2026-01-10T18:00:00+00:00,2026-01-11T21:00:00+00:00,2026-01-12T02:00:00+05:00,24,21.0,4818c1d81c473b9d36e764e3a463dbf2dc398eb1a9db0c2a3a401041b6961907,0.04666666666666667,6.43,6.6,6.74,69.0,1.3,954.6,-0.7071067811865477,0.7071067811865474,0.18809941761179758,0.9821499931752291
validation_selection,2026-01-10T00:00:00+00:00,2026-01-09T18:00:00+00:00,2026-01-11T21:00:00+00:00,2026-01-12T02:00:00+05:00,48,45.0,5bc00a4b2e70d800ed7212f51737c87ecac42619f5141e38c191e63da4af1b0e,0.04666666666666667,6.66,6.83,6.97,66.0,1.0,953.8,-0.7071067811865477,0.7071067811865474,0.18809941761179758,0.9821499931752291
validation_selection,2026-01-11T00:00:00+00:00,2026-01-10T18:00:00+00:00,2026-01-11T22:00:00+00:00,2026-01-12T03:00:00+05:00,24,22.0,4818c1d81c473b9d36e764e3a463dbf2dc398eb1a9db0c2a3a401041b6961907,0.01,5.39,5.53,5.65,84.0,1.0,954.3,-0.5000000000000004,0.8660254037844384,0.18809941761179758,0.9821499931752291
validation_selection,2026-01-10T00:00:00+00:00,2026-01-09T18:00:00+00:00,2026-01-11T22:00:00+00:00,2026-01-12T03:00:00+05:00,48,46.0,5bc00a4b2e70d800ed7212f51737c87ecac42619f5141e38c191e63da4af1b0e,0.01,6.41,6.58,6.71,72.0,0.9,953.8,-0.5000000000000004,0.8660254037844384,0.18809941761179758,0.9821499931752291
validation_selection,2026-01-11T00:00:00+00:00,2026-01-10T18:00:00+00:00,2026-01-11T23:00:00+00:00,2026-01-12T04:00:00+05:00,24,23.0,4818c1d81c473b9d36e764e3a463dbf2dc398eb1a9db0c2a3a401041b6961907,0.011666666666666667,2.98,3.06,3.12,105.0,1.4,954.2,-0.25881904510252157,0.9659258262890681,0.18809941761179758,0.9821499931752291
validation_selection,2026-01-10T00:00:00+00:00,2026-01-09T18:00:00+00:00,2026-01-11T23:00:00+00:00,2026-01-12T04:00:00+05:00,48,47.0,5bc00a4b2e70d800ed7212f51737c87ecac42619f5141e38c191e63da4af1b0e,0.011666666666666667,5.14,5.28,5.39,77.0,0.2,953.5,-0.25881904510252157,0.9659258262890681,0.18809941761179758,0.9821499931752291
validation_selection,2026-01-11T00:00:00+00:00,2026-01-10T18:00:00+00:00,2026-01-12T00:00:00+00:00,2026-01-12T05:00:00+05:00,24,24.0,4818c1d81c473b9d36e764e3a463dbf2dc398eb1a9db0c2a3a401041b6961907,0.01,2.12,2.17,2.22,151.0,1.8,954.6,0.0,1.0,0.20496611396949532,0.9787690698649216
validation_selection,2026-01-10T00:00:00+00:00,2026-01-09T18:00:00+00:00,2026-01-12T00:00:00+00:00,2026-01-12T05:00:00+05:00,48,48.0,5bc00a4b2e70d800ed7212f51737c87ecac42619f5141e38c191e63da4af1b0e,0.01,3.57,3.66,3.74,76.0,0.3,954.1,0.0,1.0,0.20496611396949532,0.9787690698649216
validation_selection,2026-01-11T00:00:00+00:00,2026-01-10T18:00:00+00:00,2026-01-12T01:00:00+00:00,2026-01-12T06:00:00+05:00,24,25.0,4818c1d81c473b9d36e764e3a463dbf2dc398eb1a9db0c2a3a401041b6961907,0.01,2.99,3.07,3.13,217.0,2.4,954.7,0.25881904510252074,0.9659258262890683,0.20496611396949532,0.9787690698649216
validation_selection,2026-01-10T00:00:00+00:00,2026-01-09T18:00:00+00:00,2026-01-12T01:00:00+00:00,2026-01-12T06:00:00+05:00,48,49.0,5bc00a4b2e70d800ed7212f51737c87ecac42619f5141e38c191e63da4af1b0e,0.01,2.59,2.65,2.71,137.0,0.8,954.7,0.25881904510252074,0.9659258262890683,0.20496611396949532,0.9787690698649216
validation_selection,2026-01-11T00:00:00+00:00,2026-01-10T18:00:00+00:00,2026-01-12T02:00:00+00:00,2026-01-12T07:00:00+05:00,24,26.0,4818c1d81c473b9d36e764e3a463dbf2dc398eb1a9db0c2a3a401041b6961907,0.01,5.07,5.2,5.31,252.0,0.8,955.2,0.49999999999999994,0.8660254037844387,0.20496611396949532,0.9787690698649216
validation_selection,2026-01-10T00:00:00+00:00,2026-01-09T18:00:00+00:00,2026-01-12T02:00:00+00:00,2026-01-12T07:00:00+05:00,48,50.0,5bc00a4b2e70d800ed7212f51737c87ecac42619f5141e38c191e63da4af1b0e,0.01,3.3,3.38,3.45,214.0,1.4,954.7,0.49999999999999994,0.8660254037844387,0.20496611396949532,0.9787690698649216
validation_selection,2026-01-11T06:00:00+00:00,2026-01-11T00:00:00+00:00,2026-01-12T03:00:00+00:00,2026-01-12T08:00:00+05:00,24,21.0,c3dc3adad84464a1f1c5717ca63a9d29b375f08604712fd655fd2318030668b5,0.01,4.08,4.18,4.27,245.0,1.3,955.8,0.7071067811865476,0.7071067811865476,0.20496611396949532,0.9787690698649216
validation_selection,2026-01-10T06:00:00+00:00,2026-01-10T00:00:00+00:00,2026-01-12T03:00:00+00:00,2026-01-12T08:00:00+05:00,48,45.0,021d5e9caa35ad2b0646cb9fc2fbfe0d1fbce57e2489d3707032217dd0fa34ea,0.01,3.34,3.43,3.5,223.0,2.1,955.1,0.7071067811865476,0.7071067811865476,0.20496611396949532,0.9787690698649216
validation_selection,2026-01-11T06:00:00+00:00,2026-01-11T00:00:00+00:00,2026-01-12T04:00:00+00:00,2026-01-12T09:00:00+05:00,24,22.0,c3dc3adad84464a1f1c5717ca63a9d29b375f08604712fd655fd2318030668b5,0.01,4.52,4.64,4.74,248.0,3.6,957.2,0.8660254037844386,0.5000000000000001,0.20496611396949532,0.9787690698649216
validation_selection,2026-01-10T06:00:00+00:00,2026-01-10T00:00:00+00:00,2026-01-12T04:00:00+00:00,2026-01-12T09:00:00+05:00,48,46.0,021d5e9caa35ad2b0646cb9fc2fbfe0d1fbce57e2489d3707032217dd0fa34ea,0.01,5.03,5.16,5.27,248.0,4.6,956.6,0.8660254037844386,0.5000000000000001,0.20496611396949532,0.9787690698649216
validation_selection,2026-01-11T06:00:00+00:00,2026-01-11T00:00:00+00:00,2026-01-12T05:00:00+00:00,2026-01-12T10:00:00+05:00,24,23.0,c3dc3adad84464a1f1c5717ca63a9d29b375f08604712fd655fd2318030668b5,0.01,5.25,5.39,5.5,243.0,6.5,957.8,0.9659258262890683,0.25881904510252074,0.20496611396949532,0.9787690698649216
validation_selection,2026-01-10T06:00:00+00:00,2026-01-10T00:00:00+00:00,2026-01-12T05:00:00+00:00,2026-01-12T10:00:00+05:00,48,47.0,021d5e9caa35ad2b0646cb9fc2fbfe0d1fbce57e2489d3707032217dd0fa34ea,0.01,5.33,5.47,5.58,252.0,6.1,957.5,0.9659258262890683,0.25881904510252074,0.20496611396949532,0.9787690698649216
validation_selection,2026-01-11T06:00:00+00:00,2026-01-11T00:00:00+00:00,2026-01-12T06:00:00+00:00,2026-01-12T11:00:00+05:00,24,24.0,c3dc3adad84464a1f1c5717ca63a9d29b375f08604712fd655fd2318030668b5,0.01,4.07,4.18,4.26,253.0,8.6,958.1,1.0,6.123233995736766e-17,0.20496611396949532,0.9787690698649216
validation_selection,2026-01-10T06:00:00+00:00,2026-01-10T00:00:00+00:00,2026-01-12T06:00:00+00:00,2026-01-12T11:00:00+05:00,48,48.0,021d5e9caa35ad2b0646cb9fc2fbfe0d1fbce57e2489d3707032217dd0fa34ea,0.01,4.12,4.22,4.31,253.0,7.3,958.1,1.0,6.123233995736766e-17,0.20496611396949532,0.9787690698649216
validation_selection,2026-01-11T06:00:00+00:00,2026-01-11T00:00:00+00:00,2026-01-12T07:00:00+00:00,2026-01-12T12:00:00+05:00,24,25.0,c3dc3adad84464a1f1c5717ca63a9d29b375f08604712fd655fd2318030668b5,0.008333333333333333,5.48,5.62,5.74,261.0,9.7,957.8,0.9659258262890683,-0.25881904510252063,0.20496611396949532,0.9787690698649216
validation_selection,2026-01-10T06:00:00+00:00,2026-01-10T00:00:00+00:00,2026-01-12T07:00:00+00:00,2026-01-12T12:00:00+05:00,48,49.0,021d5e9caa35ad2b0646cb9fc2fbfe0d1fbce57e2489d3707032217dd0fa34ea,0.008333333333333333,5.5,5.65,5.76,253.0,8.1,958.0,0.9659258262890683,-0.25881904510252063,0.20496611396949532,0.9787690698649216
validation_selection,2026-01-11T06:00:00+00:00,2026-01-11T00:00:00+00:00,2026-01-12T08:00:00+00:00,2026-01-12T13:00:00+05:00,24,26.0,c3dc3adad84464a1f1c5717ca63a9d29b375f08604712fd655fd2318030668b5,0.10333333333333333,6.49,6.66,6.8,253.0,9.3,957.6,0.8660254037844387,-0.4999999999999998,0.20496611396949532,0.9787690698649216
validation_selection,2026-01-10T06:00:00+00:00,2026-01-10T00:00:00+00:00,2026-01-12T08:00:00+00:00,2026-01-12T13:00:00+05:00,48,50.0,021d5e9caa35ad2b0646cb9fc2fbfe0d1fbce57e2489d3707032217dd0fa34ea,0.10333333333333333,6.82,7.0,7.14,256.0,8.9,958.0,0.8660254037844387,-0.4999999999999998,0.20496611396949532,0.9787690698649216
validation_selection,2026-01-11T12:00:00+00:00,2026-01-11T06:00:00+00:00,2026-01-12T09:00:00+00:00,2026-01-12T14:00:00+05:00,24,21.0,7fd27357f5faa6c256c978546a6895b9096d36d37c3ebb60d612b7d61cbe2e01,0.19000000000000003,6.81,6.99,7.13,257.0,9.0,957.9,0.7071067811865476,-0.7071067811865475,0.20496611396949532,0.9787690698649216
validation_selection,2026-01-10T12:00:00+00:00,2026-01-10T06:00:00+00:00,2026-01-12T09:00:00+00:00,2026-01-12T14:00:00+05:00,48,45.0,480febc6b587a51bf8ec7e3935f030c4e2cb888a5273aef02c8df016086f35b3,0.19000000000000003,7.07,7.25,7.4,270.0,8.8,957.9,0.7071067811865476,-0.7071067811865475,0.20496611396949532,0.9787690698649216
validation_selection,2026-01-11T12:00:00+00:00,2026-01-11T06:00:00+00:00,2026-01-12T10:00:00+00:00,2026-01-12T15:00:00+05:00,24,22.0,7fd27357f5faa6c256c978546a6895b9096d36d37c3ebb60d612b7d61cbe2e01,0.06666666666666667,7.77,7.97,8.14,260.0,7.8,958.5,0.49999999999999994,-0.8660254037844387,0.20496611396949532,0.9787690698649216
validation_selection,2026-01-10T12:00:00+00:00,2026-01-10T06:00:00+00:00,2026-01-12T10:00:00+00:00,2026-01-12T15:00:00+05:00,48,46.0,480febc6b587a51bf8ec7e3935f030c4e2cb888a5273aef02c8df016086f35b3,0.06666666666666667,9.41,9.65,9.85,270.0,8.1,958.6,0.49999999999999994,-0.8660254037844387,0.20496611396949532,0.9787690698649216
validation_selection,2026-01-11T12:00:00+00:00,2026-01-11T06:00:00+00:00,2026-01-12T11:00:00+00:00,2026-01-12T16:00:00+05:00,24,23.0,7fd27357f5faa6c256c978546a6895b9096d36d37c3ebb60d612b7d61cbe2e01,0.13666666666666666,7.35,7.54,7.7,259.0,6.4,959.2,0.258819045102521,-0.9659258262890682,0.20496611396949532,0.9787690698649216
validation_selection,2026-01-10T12:00:00+00:00,2026-01-10T06:00:00+00:00,2026-01-12T11:00:00+00:00,2026-01-12T16:00:00+05:00,48,47.0,480febc6b587a51bf8ec7e3935f030c4e2cb888a5273aef02c8df016086f35b3,0.13666666666666666,9.12,9.35,9.55,272.0,6.5,959.3,0.258819045102521,-0.9659258262890682,0.20496611396949532,0.9787690698649216
validation_selection,2026-01-11T12:00:00+00:00,2026-01-11T06:00:00+00:00,2026-01-12T12:00:00+00:00,2026-01-12T17:00:00+05:00,24,24.0,7fd27357f5faa6c256c978546a6895b9096d36d37c3ebb60d612b7d61cbe2e01,0.5816666666666667,6.0,6.16,6.29,267.0,5.5,959.9,1.2246467991473532e-16,-1.0,0.20496611396949532,0.9787690698649216
validation_selection,2026-01-10T12:00:00+00:00,2026-01-10T06:00:00+00:00,2026-01-12T12:00:00+00:00,2026-01-12T17:00:00+05:00,48,48.0,480febc6b587a51bf8ec7e3935f030c4e2cb888a5273aef02c8df016086f35b3,0.5816666666666667,7.42,7.61,7.77,273.0,5.3,960.2,1.2246467991473532e-16,-1.0,0.20496611396949532,0.9787690698649216
validation_selection,2026-01-11T12:00:00+00:00,2026-01-11T06:00:00+00:00,2026-01-12T13:00:00+00:00,2026-01-12T18:00:00+05:00,24,25.0,7fd27357f5faa6c256c978546a6895b9096d36d37c3ebb60d612b7d61cbe2e01,0.6233333333333334,6.33,6.49,6.63,258.0,5.4,960.9,-0.2588190451025208,-0.9659258262890683,0.20496611396949532,0.9787690698649216
validation_selection,2026-01-10T12:00:00+00:00,2026-01-10T06:00:00+00:00,2026-01-12T13:00:00+00:00,2026-01-12T18:00:00+05:00,48,49.0,480febc6b587a51bf8ec7e3935f030c4e2cb888a5273aef02c8df016086f35b3,0.6233333333333334,4.99,5.12,5.23,253.0,4.5,960.6,-0.2588190451025208,-0.9659258262890683,0.20496611396949532,0.9787690698649216
validation_selection,2026-01-11T12:00:00+00:00,2026-01-11T06:00:00+00:00,2026-01-12T14:00:00+00:00,2026-01-12T19:00:00+05:00,24,26.0,7fd27357f5faa6c256c978546a6895b9096d36d37c3ebb60d612b7d61cbe2e01,0.59,6.37,6.54,6.67,254.0,5.5,961.4,-0.4999999999999997,-0.8660254037844388,0.20496611396949532,0.9787690698649216
validation_selection,2026-01-10T12:00:00+00:00,2026-01-10T06:00:00+00:00,2026-01-12T14:00:00+00:00,2026-01-12T19:00:00+05:00,48,50.0,480febc6b587a51bf8ec7e3935f030c4e2cb888a5273aef02c8df016086f35b3,0.59,5.25,5.39,5.5,233.0,4.7,960.9,-0.4999999999999997,-0.8660254037844388,0.20496611396949532,0.9787690698649216
validation_selection,2026-01-11T18:00:00+00:00,2026-01-11T12:00:00+00:00,2026-01-12T15:00:00+00:00,2026-01-12T20:00:00+05:00,24,21.0,f40924a10aedbfb252c91a32db90cf45c9ddf3ffaf34394b7c820b2f7d42c9a6,0.5683333333333334,5.06,5.19,5.3,263.0,4.5,961.7,-0.7071067811865471,-0.7071067811865479,0.20496611396949532,0.9787690698649216
validation_selection,2026-01-10T18:00:00+00:00,2026-01-10T12:00:00+00:00,2026-01-12T15:00:00+00:00,2026-01-12T20:00:00+05:00,48,45.0,2f336223c2761251ac3aa3b903f9c99611b51c2e1a7836922e54b270390dffbb,0.5683333333333334,6.63,6.8,6.94,245.0,5.0,961.9,-0.7071067811865471,-0.7071067811865479,0.20496611396949532,0.9787690698649216
validation_selection,2026-01-11T18:00:00+00:00,2026-01-11T12:00:00+00:00,2026-01-12T16:00:00+00:00,2026-01-12T21:00:00+05:00,24,22.0,f40924a10aedbfb252c91a32db90cf45c9ddf3ffaf34394b7c820b2f7d42c9a6,0.285,7.14,7.33,7.48,259.0,4.3,962.9,-0.8660254037844385,-0.5000000000000004,0.20496611396949532,0.9787690698649216
validation_selection,2026-01-10T18:00:00+00:00,2026-01-10T12:00:00+00:00,2026-01-12T16:00:00+00:00,2026-01-12T21:00:00+05:00,48,46.0,2f336223c2761251ac3aa3b903f9c99611b51c2e1a7836922e54b270390dffbb,0.285,5.94,6.1,6.22,239.0,5.0,962.3,-0.8660254037844385,-0.5000000000000004,0.20496611396949532,0.9787690698649216
validation_selection,2026-01-11T18:00:00+00:00,2026-01-11T12:00:00+00:00,2026-01-12T17:00:00+00:00,2026-01-12T22:00:00+05:00,24,23.0,f40924a10aedbfb252c91a32db90cf45c9ddf3ffaf34394b7c820b2f7d42c9a6,0.26666666666666666,8.09,8.3,8.47,251.0,3.9,964.1,-0.9659258262890683,-0.25881904510252063,0.20496611396949532,0.9787690698649216
validation_selection,2026-01-10T18:00:00+00:00,2026-01-10T12:00:00+00:00,2026-01-12T17:00:00+00:00,2026-01-12T22:00:00+05:00,48,47.0,2f336223c2761251ac3aa3b903f9c99611b51c2e1a7836922e54b270390dffbb,0.26666666666666666,5.47,5.61,5.73,242.0,4.4,962.8,-0.9659258262890683,-0.25881904510252063,0.20496611396949532,0.9787690698649216
validation_selection,2026-01-11T18:00:00+00:00,2026-01-11T12:00:00+00:00,2026-01-12T18:00:00+00:00,2026-01-12T23:00:00+05:00,24,24.0,f40924a10aedbfb252c91a32db90cf45c9ddf3ffaf34394b7c820b2f7d42c9a6,0.115,4.71,4.84,4.94,263.0,2.6,964.1,-1.0,-1.8369701987210297e-16,0.20496611396949532,0.9787690698649216
validation_selection,2026-01-10T18:00:00+00:00,2026-01-10T12:00:00+00:00,2026-01-12T18:00:00+00:00,2026-01-12T23:00:00+05:00,48,48.0,2f336223c2761251ac3aa3b903f9c99611b51c2e1a7836922e54b270390dffbb,0.115,7.03,7.21,7.36,253.0,4.2,963.8,-1.0,-1.8369701987210297e-16,0.20496611396949532,0.9787690698649216
validation_selection,2026-01-11T18:00:00+00:00,2026-01-11T12:00:00+00:00,2026-01-12T19:00:00+00:00,2026-01-13T00:00:00+05:00,24,25.0,f40924a10aedbfb252c91a32db90cf45c9ddf3ffaf34394b7c820b2f7d42c9a6,0.22166666666666668,3.52,3.61,3.68,233.0,2.3,964.5,-0.9659258262890684,0.2588190451025203,0.20496611396949532,0.9787690698649216
validation_selection,2026-01-10T18:00:00+00:00,2026-01-10T12:00:00+00:00,2026-01-12T19:00:00+00:00,2026-01-13T00:00:00+05:00,48,49.0,2f336223c2761251ac3aa3b903f9c99611b51c2e1a7836922e54b270390dffbb,0.22166666666666668,7.59,7.78,7.95,245.0,3.3,964.3,-0.9659258262890684,0.2588190451025203,0.20496611396949532,0.9787690698649216
validation_selection,2026-01-11T18:00:00+00:00,2026-01-11T12:00:00+00:00,2026-01-12T20:00:00+00:00,2026-01-13T01:00:00+05:00,24,26.0,f40924a10aedbfb252c91a32db90cf45c9ddf3ffaf34394b7c820b2f7d42c9a6,0.13833333333333334,2.9,2.98,3.04,241.0,1.7,964.3,-0.8660254037844386,0.5000000000000001,0.20496611396949532,0.9787690698649216
validation_selection,2026-01-10T18:00:00+00:00,2026-01-10T12:00:00+00:00,2026-01-12T20:00:00+00:00,2026-01-13T01:00:00+05:00,48,50.0,2f336223c2761251ac3aa3b903f9c99611b51c2e1a7836922e54b270390dffbb,0.13833333333333334,5.7,5.85,5.97,255.0,2.5,964.5,-0.8660254037844386,0.5000000000000001,0.20496611396949532,0.9787690698649216
validation_selection,2026-01-12T00:00:00+00:00,2026-01-11T18:00:00+00:00,2026-01-12T21:00:00+00:00,2026-01-13T02:00:00+05:00,24,21.0,22fe944a1af6b63abbf17ab7fe19bfe5bbc76067d33552ffb2277c88e25bf7ba,0.145,3.86,3.96,4.04,233.0,0.8,963.9,-0.7071067811865477,0.7071067811865474,0.20496611396949532,0.9787690698649216
validation_selection,2026-01-11T00:00:00+00:00,2026-01-10T18:00:00+00:00,2026-01-12T21:00:00+00:00,2026-01-13T02:00:00+05:00,48,45.0,4818c1d81c473b9d36e764e3a463dbf2dc398eb1a9db0c2a3a401041b6961907,0.145,4.43,4.55,4.64,255.0,0.8,964.4,-0.7071067811865477,0.7071067811865474,0.20496611396949532,0.9787690698649216
validation_selection,2026-01-12T00:00:00+00:00,2026-01-11T18:00:00+00:00,2026-01-12T22:00:00+00:00,2026-01-13T03:00:00+05:00,24,22.0,22fe944a1af6b63abbf17ab7fe19bfe5bbc76067d33552ffb2277c88e25bf7ba,0.22333333333333336,2.57,2.63,2.69,237.0,-0.3,963.5,-0.5000000000000004,0.8660254037844384,0.20496611396949532,0.9787690698649216
validation_selection,2026-01-11T00:00:00+00:00,2026-01-10T18:00:00+00:00,2026-01-12T22:00:00+00:00,2026-01-13T03:00:00+05:00,48,46.0,4818c1d81c473b9d36e764e3a463dbf2dc398eb1a9db0c2a3a401041b6961907,0.22333333333333336,4.58,4.7,4.79,251.0,0.9,964.7,-0.5000000000000004,0.8660254037844384,0.20496611396949532,0.9787690698649216
validation_selection,2026-01-12T00:00:00+00:00,2026-01-11T18:00:00+00:00,2026-01-12T23:00:00+00:00,2026-01-13T04:00:00+05:00,24,23.0,22fe944a1af6b63abbf17ab7fe19bfe5bbc76067d33552ffb2277c88e25bf7ba,0.17166666666666666,2.75,2.82,2.88,240.0,-0.6,963.7,-0.25881904510252157,0.9659258262890681,0.20496611396949532,0.9787690698649216
validation_selection,2026-01-11T00:00:00+00:00,2026-01-10T18:00:00+00:00,2026-01-12T23:00:00+00:00,2026-01-13T04:00:00+05:00,48,47.0,4818c1d81c473b9d36e764e3a463dbf2dc398eb1a9db0c2a3a401041b6961907,0.17166666666666666,4.48,4.6,4.7,233.0,1.0,964.9,-0.25881904510252157,0.9659258262890681,0.20496611396949532,0.9787690698649216
validation_selection,2026-01-12T00:00:00+00:00,2026-01-11T18:00:00+00:00,2026-01-13T00:00:00+00:00,2026-01-13T05:00:00+05:00,24,24.0,22fe944a1af6b63abbf17ab7fe19bfe5bbc76067d33552ffb2277c88e25bf7ba,0.04833333333333334,2.57,2.63,2.69,237.0,-1.1,963.3,0.0,1.0,0.22177215755648186,0.975098513039961
validation_selection,2026-01-11T00:00:00+00:00,2026-01-10T18:00:00+00:00,2026-01-13T00:00:00+00:00,2026-01-13T05:00:00+05:00,48,48.0,4818c1d81c473b9d36e764e3a463dbf2dc398eb1a9db0c2a3a401041b6961907,0.04833333333333334,3.83,3.92,4.01,226.0,0.7,964.8,0.0,1.0,0.22177215755648186,0.975098513039961
validation_selection,2026-01-12T00:00:00+00:00,2026-01-11T18:00:00+00:00,2026-01-13T01:00:00+00:00,2026-01-13T06:00:00+05:00,24,25.0,22fe944a1af6b63abbf17ab7fe19bfe5bbc76067d33552ffb2277c88e25bf7ba,0.008333333333333333,1.12,1.15,1.17,270.0,-1.3,963.5,0.25881904510252074,0.9659258262890683,0.22177215755648186,0.975098513039961
validation_selection,2026-01-11T00:00:00+00:00,2026-01-10T18:00:00+00:00,2026-01-13T01:00:00+00:00,2026-01-13T06:00:00+05:00,48,49.0,4818c1d81c473b9d36e764e3a463dbf2dc398eb1a9db0c2a3a401041b6961907,0.008333333333333333,2.68,2.75,2.81,251.0,0.2,964.7,0.25881904510252074,0.9659258262890683,0.22177215755648186,0.975098513039961
validation_selection,2026-01-12T00:00:00+00:00,2026-01-11T18:00:00+00:00,2026-01-13T02:00:00+00:00,2026-01-13T07:00:00+05:00,24,26.0,22fe944a1af6b63abbf17ab7fe19bfe5bbc76067d33552ffb2277c88e25bf7ba,0.021666666666666667,0.5,0.51,0.52,191.0,-1.4,963.7,0.49999999999999994,0.8660254037844387,0.22177215755648186,0.975098513039961
validation_selection,2026-01-11T00:00:00+00:00,2026-01-10T18:00:00+00:00,2026-01-13T02:00:00+00:00,2026-01-13T07:00:00+05:00,48,50.0,4818c1d81c473b9d36e764e3a463dbf2dc398eb1a9db0c2a3a401041b6961907,0.021666666666666667,1.71,1.75,1.79,270.0,0.1,964.9,0.49999999999999994,0.8660254037844387,0.22177215755648186,0.975098513039961
validation_selection,2026-01-12T06:00:00+00:00,2026-01-12T00:00:00+00:00,2026-01-13T03:00:00+00:00,2026-01-13T08:00:00+05:00,24,21.0,13b9888b1498e1c2870803440b667d7661880cbe0eae7aea6590e60ac9b0ca84,0.11,2.1,2.16,2.2,85.0,-1.7,963.3,0.7071067811865476,0.7071067811865476,0.22177215755648186,0.975098513039961
validation_selection,2026-01-11T06:00:00+00:00,2026-01-11T00:00:00+00:00,2026-01-13T03:00:00+00:00,2026-01-13T08:00:00+05:00,48,45.0,c3dc3adad84464a1f1c5717ca63a9d29b375f08604712fd655fd2318030668b5,0.11,0.28,0.29,0.3,211.0,-0.2,964.5,0.7071067811865476,0.7071067811865476,0.22177215755648186,0.975098513039961
validation_selection,2026-01-12T06:00:00+00:00,2026-01-12T00:00:00+00:00,2026-01-13T04:00:00+00:00,2026-01-13T09:00:00+05:00,24,22.0,13b9888b1498e1c2870803440b667d7661880cbe0eae7aea6590e60ac9b0ca84,0.11166666666666668,3.76,3.86,3.93,87.0,1.9,963.8,0.8660254037844386,0.5000000000000001,0.22177215755648186,0.975098513039961
validation_selection,2026-01-11T06:00:00+00:00,2026-01-11T00:00:00+00:00,2026-01-13T04:00:00+00:00,2026-01-13T09:00:00+05:00,48,46.0,c3dc3adad84464a1f1c5717ca63a9d29b375f08604712fd655fd2318030668b5,0.11166666666666668,0.9,0.92,0.94,41.0,2.0,964.8,0.8660254037844386,0.5000000000000001,0.22177215755648186,0.975098513039961
validation_selection,2026-01-12T06:00:00+00:00,2026-01-12T00:00:00+00:00,2026-01-13T05:00:00+00:00,2026-01-13T10:00:00+05:00,24,23.0,13b9888b1498e1c2870803440b667d7661880cbe0eae7aea6590e60ac9b0ca84,0.16833333333333333,5.67,5.82,5.94,66.0,5.2,964.3,0.9659258262890683,0.25881904510252074,0.22177215755648186,0.975098513039961
validation_selection,2026-01-11T06:00:00+00:00,2026-01-11T00:00:00+00:00,2026-01-13T05:00:00+00:00,2026-01-13T10:00:00+05:00,48,47.0,c3dc3adad84464a1f1c5717ca63a9d29b375f08604712fd655fd2318030668b5,0.16833333333333333,2.31,2.37,2.42,72.0,3.5,965.3,0.9659258262890683,0.25881904510252074,0.22177215755648186,0.975098513039961
validation_selection,2026-01-12T06:00:00+00:00,2026-01-12T00:00:00+00:00,2026-01-13T06:00:00+00:00,2026-01-13T11:00:00+05:00,24,24.0,13b9888b1498e1c2870803440b667d7661880cbe0eae7aea6590e60ac9b0ca84,0.2333333333333333,6.0,6.16,6.29,58.0,5.1,963.8,1.0,6.123233995736766e-17,0.22177215755648186,0.975098513039961
validation_selection,2026-01-11T06:00:00+00:00,2026-01-11T00:00:00+00:00,2026-01-13T06:00:00+00:00,2026-01-13T11:00:00+05:00,48,48.0,c3dc3adad84464a1f1c5717ca63a9d29b375f08604712fd655fd2318030668b5,0.2333333333333333,3.59,3.68,3.75,59.0,4.7,964.9,1.0,6.123233995736766e-17,0.22177215755648186,0.975098513039961
validation_selection,2026-01-12T06:00:00+00:00,2026-01-12T00:00:00+00:00,2026-01-13T07:00:00+00:00,2026-01-13T12:00:00+05:00,24,25.0,13b9888b1498e1c2870803440b667d7661880cbe0eae7aea6590e60ac9b0ca84,0.5033333333333333,5.73,5.88,6.0,56.0,5.7,962.8,0.9659258262890683,-0.25881904510252063,0.22177215755648186,0.975098513039961
validation_selection,2026-01-11T06:00:00+00:00,2026-01-11T00:00:00+00:00,2026-01-13T07:00:00+00:00,2026-01-13T12:00:00+05:00,48,49.0,c3dc3adad84464a1f1c5717ca63a9d29b375f08604712fd655fd2318030668b5,0.5033333333333333,4.97,5.1,5.21,55.0,5.5,964.1,0.9659258262890683,-0.25881904510252063,0.22177215755648186,0.975098513039961
validation_selection,2026-01-12T06:00:00+00:00,2026-01-12T00:00:00+00:00,2026-01-13T08:00:00+00:00,2026-01-13T13:00:00+05:00,24,26.0,13b9888b1498e1c2870803440b667d7661880cbe0eae7aea6590e60ac9b0ca84,0.7066666666666667,6.1,6.25,6.38,55.0,6.1,961.8,0.8660254037844387,-0.4999999999999998,0.22177215755648186,0.975098513039961
validation_selection,2026-01-11T06:00:00+00:00,2026-01-11T00:00:00+00:00,2026-01-13T08:00:00+00:00,2026-01-13T13:00:00+05:00,48,50.0,c3dc3adad84464a1f1c5717ca63a9d29b375f08604712fd655fd2318030668b5,0.7066666666666667,5.45,5.59,5.71,54.0,5.8,963.1,0.8660254037844387,-0.4999999999999998,0.22177215755648186,0.975098513039961
validation_selection,2026-01-12T12:00:00+00:00,2026-01-12T06:00:00+00:00,2026-01-13T09:00:00+00:00,2026-01-13T14:00:00+05:00,24,21.0,b6fb41c2290b9ff78ec0923180be13367e6d910ca8c19ad4d6ae1e87e2d7ecc7,0.8166666666666668,6.15,6.31,6.44,56.0,5.8,961.2,0.7071067811865476,-0.7071067811865475,0.22177215755648186,0.975098513039961
validation_selection,2026-01-11T12:00:00+00:00,2026-01-11T06:00:00+00:00,2026-01-13T09:00:00+00:00,2026-01-13T14:00:00+05:00,48,45.0,7fd27357f5faa6c256c978546a6895b9096d36d37c3ebb60d612b7d61cbe2e01,0.8166666666666668,5.76,5.91,6.03,56.0,5.7,961.8,0.7071067811865476,-0.7071067811865475,0.22177215755648186,0.975098513039961
validation_selection,2026-01-12T12:00:00+00:00,2026-01-12T06:00:00+00:00,2026-01-13T10:00:00+00:00,2026-01-13T15:00:00+05:00,24,22.0,b6fb41c2290b9ff78ec0923180be13367e6d910ca8c19ad4d6ae1e87e2d7ecc7,0.9833333333333334,6.86,7.03,7.18,58.0,4.9,960.6,0.49999999999999994,-0.8660254037844387,0.22177215755648186,0.975098513039961
validation_selection,2026-01-11T12:00:00+00:00,2026-01-11T06:00:00+00:00,2026-01-13T10:00:00+00:00,2026-01-13T15:00:00+05:00,48,46.0,7fd27357f5faa6c256c978546a6895b9096d36d37c3ebb60d612b7d61cbe2e01,0.9833333333333334,6.53,6.7,6.84,57.0,5.0,961.1,0.49999999999999994,-0.8660254037844387,0.22177215755648186,0.975098513039961
validation_selection,2026-01-12T12:00:00+00:00,2026-01-12T06:00:00+00:00,2026-01-13T11:00:00+00:00,2026-01-13T16:00:00+05:00,24,23.0,b6fb41c2290b9ff78ec0923180be13367e6d910ca8c19ad4d6ae1e87e2d7ecc7,0.9883333333333333,7.49,7.68,7.84,60.0,3.2,959.9,0.258819045102521,-0.9659258262890682,0.22177215755648186,0.975098513039961
validation_selection,2026-01-11T12:00:00+00:00,2026-01-11T06:00:00+00:00,2026-01-13T11:00:00+00:00,2026-01-13T16:00:00+05:00,48,47.0,7fd27357f5faa6c256c978546a6895b9096d36d37c3ebb60d612b7d61cbe2e01,0.9883333333333333,7.31,7.5,7.66,60.0,3.3,960.3,0.258819045102521,-0.9659258262890682,0.22177215755648186,0.975098513039961
validation_selection,2026-01-12T12:00:00+00:00,2026-01-12T06:00:00+00:00,2026-01-13T12:00:00+00:00,2026-01-13T17:00:00+05:00,24,24.0,b6fb41c2290b9ff78ec0923180be13367e6d910ca8c19ad4d6ae1e87e2d7ecc7,0.9899999999999999,7.87,8.07,8.24,63.0,1.7,959.3,1.2246467991473532e-16,-1.0,0.22177215755648186,0.975098513039961
validation_selection,2026-01-11T12:00:00+00:00,2026-01-11T06:00:00+00:00,2026-01-13T12:00:00+00:00,2026-01-13T17:00:00+05:00,48,48.0,7fd27357f5faa6c256c978546a6895b9096d36d37c3ebb60d612b7d61cbe2e01,0.9899999999999999,7.56,7.76,7.92,63.0,1.8,959.7,1.2246467991473532e-16,-1.0,0.22177215755648186,0.975098513039961
validation_selection,2026-01-12T12:00:00+00:00,2026-01-12T06:00:00+00:00,2026-01-13T13:00:00+00:00,2026-01-13T18:00:00+05:00,24,25.0,b6fb41c2290b9ff78ec0923180be13367e6d910ca8c19ad4d6ae1e87e2d7ecc7,0.9899999999999999,8.16,8.37,8.54,65.0,0.9,958.6,-0.2588190451025208,-0.9659258262890683,0.22177215755648186,0.975098513039961
validation_selection,2026-01-11T12:00:00+00:00,2026-01-11T06:00:00+00:00,2026-01-13T13:00:00+00:00,2026-01-13T18:00:00+05:00,48,49.0,7fd27357f5faa6c256c978546a6895b9096d36d37c3ebb60d612b7d61cbe2e01,0.9899999999999999,7.68,7.87,8.04,65.0,1.1,959.3,-0.2588190451025208,-0.9659258262890683,0.22177215755648186,0.975098513039961
validation_selection,2026-01-12T12:00:00+00:00,2026-01-12T06:00:00+00:00,2026-01-13T14:00:00+00:00,2026-01-13T19:00:00+05:00,24,26.0,b6fb41c2290b9ff78ec0923180be13367e6d910ca8c19ad4d6ae1e87e2d7ecc7,0.9916666666666667,7.93,8.13,8.3,67.0,-0.2,958.0,-0.4999999999999997,-0.8660254037844388,0.22177215755648186,0.975098513039961
validation_selection,2026-01-11T12:00:00+00:00,2026-01-11T06:00:00+00:00,2026-01-13T14:00:00+00:00,2026-01-13T19:00:00+05:00,48,50.0,7fd27357f5faa6c256c978546a6895b9096d36d37c3ebb60d612b7d61cbe2e01,0.9916666666666667,7.51,7.71,7.87,67.0,0.1,958.7,-0.4999999999999997,-0.8660254037844388,0.22177215755648186,0.975098513039961
validation_selection,2026-01-12T18:00:00+00:00,2026-01-12T12:00:00+00:00,2026-01-13T15:00:00+00:00,2026-01-13T20:00:00+05:00,24,21.0,c27ed1c9ada86173af8012d2c107413b3351a8bcc379a5a530c3d114d7d5c691,0.995,7.53,7.73,7.89,75.0,-0.4,957.0,-0.7071067811865471,-0.7071067811865479,0.22177215755648186,0.975098513039961
validation_selection,2026-01-11T18:00:00+00:00,2026-01-11T12:00:00+00:00,2026-01-13T15:00:00+00:00,2026-01-13T20:00:00+05:00,48,45.0,f40924a10aedbfb252c91a32db90cf45c9ddf3ffaf34394b7c820b2f7d42c9a6,0.995,7.0,7.19,7.34,69.0,-0.6,957.7,-0.7071067811865471,-0.7071067811865479,0.22177215755648186,0.975098513039961
validation_selection,2026-01-12T18:00:00+00:00,2026-01-12T12:00:00+00:00,2026-01-13T16:00:00+00:00,2026-01-13T21:00:00+05:00,24,22.0,c27ed1c9ada86173af8012d2c107413b3351a8bcc379a5a530c3d114d7d5c691,0.9700000000000001,6.86,7.03,7.18,77.0,-0.5,956.3,-0.8660254037844385,-0.5000000000000004,0.22177215755648186,0.975098513039961
validation_selection,2026-01-11T18:00:00+00:00,2026-01-11T12:00:00+00:00,2026-01-13T16:00:00+00:00,2026-01-13T21:00:00+05:00,48,46.0,f40924a10aedbfb252c91a32db90cf45c9ddf3ffaf34394b7c820b2f7d42c9a6,0.9700000000000001,6.44,6.61,6.75,72.0,-1.0,957.0,-0.8660254037844385,-0.5000000000000004,0.22177215755648186,0.975098513039961
validation_selection,2026-01-12T18:00:00+00:00,2026-01-12T12:00:00+00:00,2026-01-13T17:00:00+00:00,2026-01-13T22:00:00+05:00,24,23.0,c27ed1c9ada86173af8012d2c107413b3351a8bcc379a5a530c3d114d7d5c691,0.9733333333333333,6.1,6.26,6.39,79.0,-0.4,956.1,-0.9659258262890683,-0.25881904510252063,0.22177215755648186,0.975098513039961
validation_selection,2026-01-11T18:00:00+00:00,2026-01-11T12:00:00+00:00,2026-01-13T17:00:00+00:00,2026-01-13T22:00:00+05:00,48,47.0,f40924a10aedbfb252c91a32db90cf45c9ddf3ffaf34394b7c820b2f7d42c9a6,0.9733333333333333,5.9,6.05,6.18,75.0,-1.0,956.5,-0.9659258262890683,-0.25881904510252063,0.22177215755648186,0.975098513039961
validation_selection,2026-01-12T18:00:00+00:00,2026-01-12T12:00:00+00:00,2026-01-13T18:00:00+00:00,2026-01-13T23:00:00+05:00,24,24.0,c27ed1c9ada86173af8012d2c107413b3351a8bcc379a5a530c3d114d7d5c691,0.8450000000000001,5.04,5.17,5.28,84.0,-0.3,955.7,-1.0,-1.8369701987210297e-16,0.22177215755648186,0.975098513039961
validation_selection,2026-01-11T18:00:00+00:00,2026-01-11T12:00:00+00:00,2026-01-13T18:00:00+00:00,2026-01-13T23:00:00+05:00,48,48.0,f40924a10aedbfb252c91a32db90cf45c9ddf3ffaf34394b7c820b2f7d42c9a6,0.8450000000000001,5.43,5.57,5.69,78.0,-0.6,956.4,-1.0,-1.8369701987210297e-16,0.22177215755648186,0.975098513039961
validation_selection,2026-01-12T18:00:00+00:00,2026-01-12T12:00:00+00:00,2026-01-13T19:00:00+00:00,2026-01-14T00:00:00+05:00,24,25.0,c27ed1c9ada86173af8012d2c107413b3351a8bcc379a5a530c3d114d7d5c691,0.7000000000000001,4.84,4.96,5.07,81.0,-0.3,955.3,-0.9659258262890684,0.2588190451025203,0.22177215755648186,0.975098513039961
validation_selection,2026-01-11T18:00:00+00:00,2026-01-11T12:00:00+00:00,2026-01-13T19:00:00+00:00,2026-01-14T00:00:00+05:00,48,49.0,f40924a10aedbfb252c91a32db90cf45c9ddf3ffaf34394b7c820b2f7d42c9a6,0.7000000000000001,4.86,4.99,5.09,83.0,-0.4,955.7,-0.9659258262890684,0.2588190451025203,0.22177215755648186,0.975098513039961
validation_selection,2026-01-12T18:00:00+00:00,2026-01-12T12:00:00+00:00,2026-01-13T20:00:00+00:00,2026-01-14T01:00:00+05:00,24,26.0,c27ed1c9ada86173af8012d2c107413b3351a8bcc379a5a530c3d114d7d5c691,0.79,4.75,4.87,4.98,80.0,-1.0,954.3,-0.8660254037844386,0.5000000000000001,0.22177215755648186,0.975098513039961
validation_selection,2026-01-11T18:00:00+00:00,2026-01-11T12:00:00+00:00,2026-01-13T20:00:00+00:00,2026-01-14T01:00:00+05:00,48,50.0,f40924a10aedbfb252c91a32db90cf45c9ddf3ffaf34394b7c820b2f7d42c9a6,0.79,5.3,5.43,5.55,75.0,-0.9,954.9,-0.8660254037844386,0.5000000000000001,0.22177215755648186,0.975098513039961
validation_selection,2026-01-13T00:00:00+00:00,2026-01-12T18:00:00+00:00,2026-01-13T21:00:00+00:00,2026-01-14T02:00:00+05:00,24,21.0,bf1e08a131a4f5091e6ae7430c29dbd65f6d4b93d492276bf18a3aec3418a37b,0.9133333333333332,4.37,4.48,4.58,83.0,-0.8,954.2,-0.7071067811865477,0.7071067811865474,0.22177215755648186,0.975098513039961
validation_selection,2026-01-12T00:00:00+00:00,2026-01-11T18:00:00+00:00,2026-01-13T21:00:00+00:00,2026-01-14T02:00:00+05:00,48,45.0,22fe944a1af6b63abbf17ab7fe19bfe5bbc76067d33552ffb2277c88e25bf7ba,0.9133333333333332,4.83,4.96,5.06,75.0,-1.9,954.3,-0.7071067811865477,0.7071067811865474,0.22177215755648186,0.975098513039961
validation_selection,2026-01-13T00:00:00+00:00,2026-01-12T18:00:00+00:00,2026-01-13T22:00:00+00:00,2026-01-14T03:00:00+05:00,24,22.0,bf1e08a131a4f5091e6ae7430c29dbd65f6d4b93d492276bf18a3aec3418a37b,0.7583333333333333,3.61,3.7,3.78,92.0,-1.4,953.5,-0.5000000000000004,0.8660254037844384,0.22177215755648186,0.975098513039961
validation_selection,2026-01-12T00:00:00+00:00,2026-01-11T18:00:00+00:00,2026-01-13T22:00:00+00:00,2026-01-14T03:00:00+05:00,48,46.0,22fe944a1af6b63abbf17ab7fe19bfe5bbc76067d33552ffb2277c88e25bf7ba,0.7583333333333333,4.59,4.71,4.8,75.0,-2.1,953.6,-0.5000000000000004,0.8660254037844384,0.22177215755648186,0.975098513039961
validation_selection,2026-01-13T00:00:00+00:00,2026-01-12T18:00:00+00:00,2026-01-13T23:00:00+00:00,2026-01-14T04:00:00+05:00,24,23.0,bf1e08a131a4f5091e6ae7430c29dbd65f6d4b93d492276bf18a3aec3418a37b,0.5,3.17,3.25,3.32,88.0,-1.8,952.7,-0.25881904510252157,0.9659258262890681,0.22177215755648186,0.975098513039961
validation_selection,2026-01-12T00:00:00+00:00,2026-01-11T18:00:00+00:00,2026-01-13T23:00:00+00:00,2026-01-14T04:00:00+05:00,48,47.0,22fe944a1af6b63abbf17ab7fe19bfe5bbc76067d33552ffb2277c88e25bf7ba,0.5,4.49,4.61,4.7,75.0,-2.3,953.2,-0.25881904510252157,0.9659258262890681,0.22177215755648186,0.975098513039961
validation_selection,2026-01-13T00:00:00+00:00,2026-01-12T18:00:00+00:00,2026-01-14T00:00:00+00:00,2026-01-14T05:00:00+05:00,24,24.0,bf1e08a131a4f5091e6ae7430c29dbd65f6d4b93d492276bf18a3aec3418a37b,0.3,2.85,2.93,2.99,82.0,-2.7,952.4,0.0,1.0,0.23851257519407648,0.9711394088771653
validation_selection,2026-01-12T00:00:00+00:00,2026-01-11T18:00:00+00:00,2026-01-14T00:00:00+00:00,2026-01-14T05:00:00+05:00,48,48.0,22fe944a1af6b63abbf17ab7fe19bfe5bbc76067d33552ffb2277c88e25bf7ba,0.3,3.59,3.68,3.76,82.0,-2.3,953.2,0.0,1.0,0.23851257519407648,0.9711394088771653
validation_selection,2026-01-13T00:00:00+00:00,2026-01-12T18:00:00+00:00,2026-01-14T01:00:00+00:00,2026-01-14T06:00:00+05:00,24,25.0,bf1e08a131a4f5091e6ae7430c29dbd65f6d4b93d492276bf18a3aec3418a37b,0.06333333333333334,2.29,2.35,2.4,92.0,-2.6,952.6,0.25881904510252074,0.9659258262890683,0.23851257519407648,0.9711394088771653
validation_selection,2026-01-12T00:00:00+00:00,2026-01-11T18:00:00+00:00,2026-01-14T01:00:00+00:00,2026-01-14T06:00:00+05:00,48,49.0,22fe944a1af6b63abbf17ab7fe19bfe5bbc76067d33552ffb2277c88e25bf7ba,0.06333333333333334,2.76,2.83,2.89,82.0,-2.1,953.1,0.25881904510252074,0.9659258262890683,0.23851257519407648,0.9711394088771653
validation_selection,2026-01-13T00:00:00+00:00,2026-01-12T18:00:00+00:00,2026-01-14T02:00:00+00:00,2026-01-14T07:00:00+05:00,24,26.0,bf1e08a131a4f5091e6ae7430c29dbd65f6d4b93d492276bf18a3aec3418a37b,0.03166666666666667,1.55,1.59,1.62,114.0,-3.1,952.5,0.49999999999999994,0.8660254037844387,0.23851257519407648,0.9711394088771653
validation_selection,2026-01-12T00:00:00+00:00,2026-01-11T18:00:00+00:00,2026-01-14T02:00:00+00:00,2026-01-14T07:00:00+05:00,48,50.0,22fe944a1af6b63abbf17ab7fe19bfe5bbc76067d33552ffb2277c88e25bf7ba,0.03166666666666667,2.41,2.47,2.53,82.0,-2.9,953.0,0.49999999999999994,0.8660254037844387,0.23851257519407648,0.9711394088771653
validation_selection,2026-01-13T06:00:00+00:00,2026-01-13T00:00:00+00:00,2026-01-14T03:00:00+00:00,2026-01-14T08:00:00+05:00,24,21.0,20c3ed44518e64a47408dfe87da9272ceefbb28dd8fb256e655855b5cd7ddaa8,0.34833333333333333,1.0,1.03,1.05,113.0,-2.4,952.8,0.7071067811865476,0.7071067811865476,0.23851257519407648,0.9711394088771653
validation_selection,2026-01-12T06:00:00+00:00,2026-01-12T00:00:00+00:00,2026-01-14T03:00:00+00:00,2026-01-14T08:00:00+05:00,48,45.0,13b9888b1498e1c2870803440b667d7661880cbe0eae7aea6590e60ac9b0ca84,0.34833333333333333,2.13,2.19,2.23,259.0,-1.8,953.7,0.7071067811865476,0.7071067811865476,0.23851257519407648,0.9711394088771653
validation_selection,2026-01-13T06:00:00+00:00,2026-01-13T00:00:00+00:00,2026-01-14T04:00:00+00:00,2026-01-14T09:00:00+05:00,24,22.0,20c3ed44518e64a47408dfe87da9272ceefbb28dd8fb256e655855b5cd7ddaa8,0.26333333333333336,0.44,0.45,0.46,180.0,0.2,953.7,0.8660254037844386,0.5000000000000001,0.23851257519407648,0.9711394088771653
validation_selection,2026-01-12T06:00:00+00:00,2026-01-12T00:00:00+00:00,2026-01-14T04:00:00+00:00,2026-01-14T09:00:00+05:00,48,46.0,13b9888b1498e1c2870803440b667d7661880cbe0eae7aea6590e60ac9b0ca84,0.26333333333333336,2.66,2.73,2.78,256.0,-0.3,954.7,0.8660254037844386,0.5000000000000001,0.23851257519407648,0.9711394088771653
validation_selection,2026-01-13T06:00:00+00:00,2026-01-13T00:00:00+00:00,2026-01-14T05:00:00+00:00,2026-01-14T10:00:00+05:00,24,23.0,20c3ed44518e64a47408dfe87da9272ceefbb28dd8fb256e655855b5cd7ddaa8,0.05666666666666667,0.73,0.75,0.77,270.0,2.0,954.0,0.9659258262890683,0.25881904510252074,0.23851257519407648,0.9711394088771653
validation_selection,2026-01-12T06:00:00+00:00,2026-01-12T00:00:00+00:00,2026-01-14T05:00:00+00:00,2026-01-14T10:00:00+05:00,48,47.0,13b9888b1498e1c2870803440b667d7661880cbe0eae7aea6590e60ac9b0ca84,0.05666666666666667,2.44,2.5,2.55,258.0,1.3,955.1,0.9659258262890683,0.25881904510252074,0.23851257519407648,0.9711394088771653
validation_selection,2026-01-13T06:00:00+00:00,2026-01-13T00:00:00+00:00,2026-01-14T06:00:00+00:00,2026-01-14T11:00:00+05:00,24,24.0,20c3ed44518e64a47408dfe87da9272ceefbb28dd8fb256e655855b5cd7ddaa8,0.028333333333333332,1.48,1.52,1.55,279.0,3.2,954.0,1.0,6.123233995736766e-17,0.23851257519407648,0.9711394088771653
validation_selection,2026-01-12T06:00:00+00:00,2026-01-12T00:00:00+00:00,2026-01-14T06:00:00+00:00,2026-01-14T11:00:00+05:00,48,48.0,13b9888b1498e1c2870803440b667d7661880cbe0eae7aea6590e60ac9b0ca84,0.028333333333333332,2.59,2.65,2.71,273.0,2.5,955.1,1.0,6.123233995736766e-17,0.23851257519407648,0.9711394088771653
validation_selection,2026-01-13T06:00:00+00:00,2026-01-13T00:00:00+00:00,2026-01-14T07:00:00+00:00,2026-01-14T12:00:00+05:00,24,25.0,20c3ed44518e64a47408dfe87da9272ceefbb28dd8fb256e655855b5cd7ddaa8,0.06999999999999999,2.0,2.06,2.1,274.0,4.1,953.3,0.9659258262890683,-0.25881904510252063,0.23851257519407648,0.9711394088771653
validation_selection,2026-01-12T06:00:00+00:00,2026-01-12T00:00:00+00:00,2026-01-14T07:00:00+00:00,2026-01-14T12:00:00+05:00,48,49.0,13b9888b1498e1c2870803440b667d7661880cbe0eae7aea6590e60ac9b0ca84,0.06999999999999999,2.78,2.85,2.91,271.0,3.3,954.5,0.9659258262890683,-0.25881904510252063,0.23851257519407648,0.9711394088771653
validation_selection,2026-01-13T06:00:00+00:00,2026-01-13T00:00:00+00:00,2026-01-14T08:00:00+00:00,2026-01-14T13:00:00+05:00,24,26.0,20c3ed44518e64a47408dfe87da9272ceefbb28dd8fb256e655855b5cd7ddaa8,0.125,2.98,3.05,3.12,267.0,4.5,952.8,0.8660254037844387,-0.4999999999999998,0.23851257519407648,0.9711394088771653
validation_selection,2026-01-12T06:00:00+00:00,2026-01-12T00:00:00+00:00,2026-01-14T08:00:00+00:00,2026-01-14T13:00:00+05:00,48,50.0,13b9888b1498e1c2870803440b667d7661880cbe0eae7aea6590e60ac9b0ca84,0.125,3.36,3.45,3.52,268.0,3.7,954.0,0.8660254037844387,-0.4999999999999998,0.23851257519407648,0.9711394088771653
validation_selection,2026-01-13T12:00:00+00:00,2026-01-13T06:00:00+00:00,2026-01-14T09:00:00+00:00,2026-01-14T14:00:00+05:00,24,21.0,620ab9d36379a3a269b4aeb681c4ad6c57704d3950a8ed621542c7f2cadf2734,0.1366666666666667,3.89,3.99,4.07,262.0,4.4,952.7,0.7071067811865476,-0.7071067811865475,0.23851257519407648,0.9711394088771653
validation_selection,2026-01-12T12:00:00+00:00,2026-01-12T06:00:00+00:00,2026-01-14T09:00:00+00:00,2026-01-14T14:00:00+05:00,48,45.0,b6fb41c2290b9ff78ec0923180be13367e6d910ca8c19ad4d6ae1e87e2d7ecc7,0.1366666666666667,3.76,3.86,3.94,266.0,3.9,953.7,0.7071067811865476,-0.7071067811865475,0.23851257519407648,0.9711394088771653
validation_selection,2026-01-13T12:00:00+00:00,2026-01-13T06:00:00+00:00,2026-01-14T10:00:00+00:00,2026-01-14T15:00:00+05:00,24,22.0,620ab9d36379a3a269b4aeb681c4ad6c57704d3950a8ed621542c7f2cadf2734,0.14833333333333334,4.28,4.39,4.48,255.0,3.3,953.1,0.49999999999999994,-0.8660254037844387,0.23851257519407648,0.9711394088771653
validation_selection,2026-01-12T12:00:00+00:00,2026-01-12T06:00:00+00:00,2026-01-14T10:00:00+00:00,2026-01-14T15:00:00+05:00,48,46.0,b6fb41c2290b9ff78ec0923180be13367e6d910ca8c19ad4d6ae1e87e2d7ecc7,0.14833333333333334,3.83,3.93,4.01,263.0,3.0,953.8,0.49999999999999994,-0.8660254037844387,0.23851257519407648,0.9711394088771653
validation_selection,2026-01-13T12:00:00+00:00,2026-01-13T06:00:00+00:00,2026-01-14T11:00:00+00:00,2026-01-14T16:00:00+05:00,24,23.0,620ab9d36379a3a269b4aeb681c4ad6c57704d3950a8ed621542c7f2cadf2734,0.12,4.16,4.27,4.36,252.0,1.1,953.0,0.258819045102521,-0.9659258262890682,0.23851257519407648,0.9711394088771653
validation_selection,2026-01-12T12:00:00+00:00,2026-01-12T06:00:00+00:00,2026-01-14T11:00:00+00:00,2026-01-14T16:00:00+05:00,48,47.0,b6fb41c2290b9ff78ec0923180be13367e6d910ca8c19ad4d6ae1e87e2d7ecc7,0.12,4.3,4.41,4.5,250.0,0.9,953.6,0.258819045102521,-0.9659258262890682,0.23851257519407648,0.9711394088771653
validation_selection,2026-01-13T12:00:00+00:00,2026-01-13T06:00:00+00:00,2026-01-14T12:00:00+00:00,2026-01-14T17:00:00+05:00,24,24.0,620ab9d36379a3a269b4aeb681c4ad6c57704d3950a8ed621542c7f2cadf2734,0.16833333333333333,4.69,4.81,4.91,243.0,-1.0,952.9,1.2246467991473532e-16,-1.0,0.23851257519407648,0.9711394088771653
validation_selection,2026-01-12T12:00:00+00:00,2026-01-12T06:00:00+00:00,2026-01-14T12:00:00+00:00,2026-01-14T17:00:00+05:00,48,48.0,b6fb41c2290b9ff78ec0923180be13367e6d910ca8c19ad4d6ae1e87e2d7ecc7,0.16833333333333333,5.25,5.39,5.5,243.0,-1.4,953.8,1.2246467991473532e-16,-1.0,0.23851257519407648,0.9711394088771653
validation_selection,2026-01-13T12:00:00+00:00,2026-01-13T06:00:00+00:00,2026-01-14T13:00:00+00:00,2026-01-14T18:00:00+05:00,24,25.0,620ab9d36379a3a269b4aeb681c4ad6c57704d3950a8ed621542c7f2cadf2734,0.13333333333333333,5.06,5.19,5.3,242.0,-1.8,952.9,-0.2588190451025208,-0.9659258262890683,0.23851257519407648,0.9711394088771653
validation_selection,2026-01-12T12:00:00+00:00,2026-01-12T06:00:00+00:00,2026-01-14T13:00:00+00:00,2026-01-14T18:00:00+05:00,48,49.0,b6fb41c2290b9ff78ec0923180be13367e6d910ca8c19ad4d6ae1e87e2d7ecc7,0.13333333333333333,5.68,5.83,5.95,237.0,-1.9,954.0,-0.2588190451025208,-0.9659258262890683,0.23851257519407648,0.9711394088771653
validation_selection,2026-01-13T12:00:00+00:00,2026-01-13T06:00:00+00:00,2026-01-14T14:00:00+00:00,2026-01-14T19:00:00+05:00,24,26.0,620ab9d36379a3a269b4aeb681c4ad6c57704d3950a8ed621542c7f2cadf2734,0.1366666666666667,5.74,5.89,6.01,240.0,-2.6,953.0,-0.4999999999999997,-0.8660254037844388,0.23851257519407648,0.9711394088771653
validation_selection,2026-01-12T12:00:00+00:00,2026-01-12T06:00:00+00:00,2026-01-14T14:00:00+00:00,2026-01-14T19:00:00+05:00,48,50.0,b6fb41c2290b9ff78ec0923180be13367e6d910ca8c19ad4d6ae1e87e2d7ecc7,0.1366666666666667,5.59,5.74,5.86,240.0,-2.2,954.1,-0.4999999999999997,-0.8660254037844388,0.23851257519407648,0.9711394088771653
validation_selection,2026-01-13T18:00:00+00:00,2026-01-13T12:00:00+00:00,2026-01-14T15:00:00+00:00,2026-01-14T20:00:00+05:00,24,21.0,f73f5dbefff5d03a0dedb4c0320df517591d4027ed01766e835a6bec1a01fb82,0.205,5.67,5.82,5.94,241.0,-2.5,953.2,-0.7071067811865471,-0.7071067811865479,0.23851257519407648,0.9711394088771653
validation_selection,2026-01-12T18:00:00+00:00,2026-01-12T12:00:00+00:00,2026-01-14T15:00:00+00:00,2026-01-14T20:00:00+05:00,48,45.0,c27ed1c9ada86173af8012d2c107413b3351a8bcc379a5a530c3d114d7d5c691,0.205,6.06,6.22,6.34,243.0,-2.1,953.5,-0.7071067811865471,-0.7071067811865479,0.23851257519407648,0.9711394088771653
validation_selection,2026-01-13T18:00:00+00:00,2026-01-13T12:00:00+00:00,2026-01-14T16:00:00+00:00,2026-01-14T21:00:00+05:00,24,22.0,f73f5dbefff5d03a0dedb4c0320df517591d4027ed01766e835a6bec1a01fb82,0.3666666666666667,5.72,5.87,5.99,240.0,-2.8,953.2,-0.8660254037844385,-0.5000000000000004,0.23851257519407648,0.9711394088771653
validation_selection,2026-01-12T18:00:00+00:00,2026-01-12T12:00:00+00:00,2026-01-14T16:00:00+00:00,2026-01-14T21:00:00+05:00,48,46.0,c27ed1c9ada86173af8012d2c107413b3351a8bcc379a5a530c3d114d7d5c691,0.3666666666666667,6.23,6.4,6.53,244.0,-2.4,953.7,-0.8660254037844385,-0.5000000000000004,0.23851257519407648,0.9711394088771653
validation_selection,2026-01-13T18:00:00+00:00,2026-01-13T12:00:00+00:00,2026-01-14T17:00:00+00:00,2026-01-14T22:00:00+05:00,24,23.0,f73f5dbefff5d03a0dedb4c0320df517591d4027ed01766e835a6bec1a01fb82,0.27666666666666667,5.73,5.87,6.0,239.0,-3.2,953.6,-0.9659258262890683,-0.25881904510252063,0.23851257519407648,0.9711394088771653
validation_selection,2026-01-12T18:00:00+00:00,2026-01-12T12:00:00+00:00,2026-01-14T17:00:00+00:00,2026-01-14T22:00:00+05:00,48,47.0,c27ed1c9ada86173af8012d2c107413b3351a8bcc379a5a530c3d114d7d5c691,0.27666666666666667,5.93,6.08,6.21,245.0,-2.8,953.9,-0.9659258262890683,-0.25881904510252063,0.23851257519407648,0.9711394088771653
validation_selection,2026-01-13T18:00:00+00:00,2026-01-13T12:00:00+00:00,2026-01-14T18:00:00+00:00,2026-01-14T23:00:00+05:00,24,24.0,f73f5dbefff5d03a0dedb4c0320df517591d4027ed01766e835a6bec1a01fb82,0.13333333333333333,4.88,5.01,5.11,238.0,-3.5,953.8,-1.0,-1.8369701987210297e-16,0.23851257519407648,0.9711394088771653
validation_selection,2026-01-12T18:00:00+00:00,2026-01-12T12:00:00+00:00,2026-01-14T18:00:00+00:00,2026-01-14T23:00:00+05:00,48,48.0,c27ed1c9ada86173af8012d2c107413b3351a8bcc379a5a530c3d114d7d5c691,0.13333333333333333,5.56,5.71,5.83,253.0,-3.6,954.1,-1.0,-1.8369701987210297e-16,0.23851257519407648,0.9711394088771653
validation_selection,2026-01-13T18:00:00+00:00,2026-01-13T12:00:00+00:00,2026-01-14T19:00:00+00:00,2026-01-15T00:00:00+05:00,24,25.0,f73f5dbefff5d03a0dedb4c0320df517591d4027ed01766e835a6bec1a01fb82,0.06,4.56,4.68,4.78,252.0,-3.9,954.1,-0.9659258262890684,0.2588190451025203,0.23851257519407648,0.9711394088771653
validation_selection,2026-01-12T18:00:00+00:00,2026-01-12T12:00:00+00:00,2026-01-14T19:00:00+00:00,2026-01-15T00:00:00+05:00,48,49.0,c27ed1c9ada86173af8012d2c107413b3351a8bcc379a5a530c3d114d7d5c691,0.06,4.89,5.02,5.12,250.0,-4.7,954.4,-0.9659258262890684,0.2588190451025203,0.23851257519407648,0.9711394088771653
validation_selection,2026-01-13T18:00:00+00:00,2026-01-13T12:00:00+00:00,2026-01-14T20:00:00+00:00,2026-01-15T01:00:00+05:00,24,26.0,f73f5dbefff5d03a0dedb4c0320df517591d4027ed01766e835a6bec1a01fb82,0.02,4.47,4.59,4.68,250.0,-4.8,954.2,-0.8660254037844386,0.5000000000000001,0.23851257519407648,0.9711394088771653
validation_selection,2026-01-12T18:00:00+00:00,2026-01-12T12:00:00+00:00,2026-01-14T20:00:00+00:00,2026-01-15T01:00:00+05:00,48,50.0,c27ed1c9ada86173af8012d2c107413b3351a8bcc379a5a530c3d114d7d5c691,0.02,4.25,4.36,4.45,252.0,-5.4,954.6,-0.8660254037844386,0.5000000000000001,0.23851257519407648,0.9711394088771653
validation_selection,2026-01-14T00:00:00+00:00,2026-01-13T18:00:00+00:00,2026-01-14T21:00:00+00:00,2026-01-15T02:00:00+05:00,24,21.0,f3635f885e46a5dbf907aed19d27ea173a5e7b82868c510c401d8561ab6ce377,0.011666666666666667,3.08,3.16,3.23,252.0,-5.1,953.9,-0.7071067811865477,0.7071067811865474,0.23851257519407648,0.9711394088771653
validation_selection,2026-01-13T00:00:00+00:00,2026-01-12T18:00:00+00:00,2026-01-14T21:00:00+00:00,2026-01-15T02:00:00+05:00,48,45.0,bf1e08a131a4f5091e6ae7430c29dbd65f6d4b93d492276bf18a3aec3418a37b,0.011666666666666667,3.37,3.46,3.53,259.0,-6.1,954.7,-0.7071067811865477,0.7071067811865474,0.23851257519407648,0.9711394088771653
validation_selection,2026-01-14T00:00:00+00:00,2026-01-13T18:00:00+00:00,2026-01-14T22:00:00+00:00,2026-01-15T03:00:00+05:00,24,22.0,f3635f885e46a5dbf907aed19d27ea173a5e7b82868c510c401d8561ab6ce377,0.011666666666666667,3.12,3.2,3.27,272.0,-5.4,954.2,-0.5000000000000004,0.8660254037844384,0.23851257519407648,0.9711394088771653
validation_selection,2026-01-13T00:00:00+00:00,2026-01-12T18:00:00+00:00,2026-01-14T22:00:00+00:00,2026-01-15T03:00:00+05:00,48,46.0,bf1e08a131a4f5091e6ae7430c29dbd65f6d4b93d492276bf18a3aec3418a37b,0.011666666666666667,2.8,2.87,2.93,263.0,-6.7,954.8,-0.5000000000000004,0.8660254037844384,0.23851257519407648,0.9711394088771653
validation_selection,2026-01-14T00:00:00+00:00,2026-01-13T18:00:00+00:00,2026-01-14T23:00:00+00:00,2026-01-15T04:00:00+05:00,24,23.0,f3635f885e46a5dbf907aed19d27ea173a5e7b82868c510c401d8561ab6ce377,0.01,2.77,2.84,2.9,256.0,-6.1,954.5,-0.25881904510252157,0.9659258262890681,0.23851257519407648,0.9711394088771653
validation_selection,2026-01-13T00:00:00+00:00,2026-01-12T18:00:00+00:00,2026-01-14T23:00:00+00:00,2026-01-15T04:00:00+05:00,48,47.0,bf1e08a131a4f5091e6ae7430c29dbd65f6d4b93d492276bf18a3aec3418a37b,0.01,2.25,2.3,2.35,266.0,-7.1,955.0,-0.25881904510252157,0.9659258262890681,0.23851257519407648,0.9711394088771653
validation_selection,2026-01-14T00:00:00+00:00,2026-01-13T18:00:00+00:00,2026-01-15T00:00:00+00:00,2026-01-15T05:00:00+05:00,24,24.0,f3635f885e46a5dbf907aed19d27ea173a5e7b82868c510c401d8561ab6ce377,0.01,2.34,2.4,2.45,258.0,-6.0,954.9,0.0,1.0,0.2551824131233728,0.9668929289391521
validation_selection,2026-01-13T00:00:00+00:00,2026-01-12T18:00:00+00:00,2026-01-15T00:00:00+00:00,2026-01-15T05:00:00+05:00,48,48.0,bf1e08a131a4f5091e6ae7430c29dbd65f6d4b93d492276bf18a3aec3418a37b,0.01,1.72,1.77,1.8,278.0,-7.3,955.6,0.0,1.0,0.2551824131233728,0.9668929289391521
validation_selection,2026-01-14T00:00:00+00:00,2026-01-13T18:00:00+00:00,2026-01-15T01:00:00+00:00,2026-01-15T06:00:00+05:00,24,25.0,f3635f885e46a5dbf907aed19d27ea173a5e7b82868c510c401d8561ab6ce377,0.01,2.15,2.21,2.25,266.0,-5.9,955.4,0.25881904510252074,0.9659258262890683,0.2551824131233728,0.9668929289391521
validation_selection,2026-01-13T00:00:00+00:00,2026-01-12T18:00:00+00:00,2026-01-15T01:00:00+00:00,2026-01-15T06:00:00+05:00,48,49.0,bf1e08a131a4f5091e6ae7430c29dbd65f6d4b93d492276bf18a3aec3418a37b,0.01,1.9,1.95,1.99,267.0,-7.7,956.2,0.25881904510252074,0.9659258262890683,0.2551824131233728,0.9668929289391521
validation_selection,2026-01-14T00:00:00+00:00,2026-01-13T18:00:00+00:00,2026-01-15T02:00:00+00:00,2026-01-15T07:00:00+05:00,24,26.0,f3635f885e46a5dbf907aed19d27ea173a5e7b82868c510c401d8561ab6ce377,0.01,1.81,1.86,1.9,264.0,-5.8,956.0,0.49999999999999994,0.8660254037844387,0.2551824131233728,0.9668929289391521
validation_selection,2026-01-13T00:00:00+00:00,2026-01-12T18:00:00+00:00,2026-01-15T02:00:00+00:00,2026-01-15T07:00:00+05:00,48,50.0,bf1e08a131a4f5091e6ae7430c29dbd65f6d4b93d492276bf18a3aec3418a37b,0.01,2.44,2.5,2.55,269.0,-7.8,956.5,0.49999999999999994,0.8660254037844387,0.2551824131233728,0.9668929289391521
validation_selection,2026-01-14T06:00:00+00:00,2026-01-14T00:00:00+00:00,2026-01-15T03:00:00+00:00,2026-01-15T08:00:00+05:00,24,21.0,c9e1afcd5eca61a50d9c25206c3641ddba19c1e1c65ae9778d0a78ca66fed86f,0.01,0.81,0.83,0.85,303.0,-5.2,956.2,0.7071067811865476,0.7071067811865476,0.2551824131233728,0.9668929289391521
validation_selection,2026-01-13T06:00:00+00:00,2026-01-13T00:00:00+00:00,2026-01-15T03:00:00+00:00,2026-01-15T08:00:00+05:00,48,45.0,20c3ed44518e64a47408dfe87da9272ceefbb28dd8fb256e655855b5cd7ddaa8,0.01,2.27,2.33,2.38,255.0,-6.8,957.0,0.7071067811865476,0.7071067811865476,0.2551824131233728,0.9668929289391521
validation_selection,2026-01-14T06:00:00+00:00,2026-01-14T00:00:00+00:00,2026-01-15T04:00:00+00:00,2026-01-15T09:00:00+05:00,24,22.0,c9e1afcd5eca61a50d9c25206c3641ddba19c1e1c65ae9778d0a78ca66fed86f,0.01,2.04,2.09,2.14,310.0,-5.0,956.9,0.8660254037844386,0.5000000000000001,0.2551824131233728,0.9668929289391521
validation_selection,2026-01-13T06:00:00+00:00,2026-01-13T00:00:00+00:00,2026-01-15T04:00:00+00:00,2026-01-15T09:00:00+05:00,48,46.0,20c3ed44518e64a47408dfe87da9272ceefbb28dd8fb256e655855b5cd7ddaa8,0.01,1.81,1.86,1.89,284.0,-5.7,957.4,0.8660254037844386,0.5000000000000001,0.2551824131233728,0.9668929289391521
validation_selection,2026-01-14T06:00:00+00:00,2026-01-14T00:00:00+00:00,2026-01-15T05:00:00+00:00,2026-01-15T10:00:00+05:00,24,23.0,c9e1afcd5eca61a50d9c25206c3641ddba19c1e1c65ae9778d0a78ca66fed86f,0.01,1.31,1.35,1.37,329.0,-4.3,956.9,0.9659258262890683,0.25881904510252074,0.2551824131233728,0.9668929289391521
validation_selection,2026-01-13T06:00:00+00:00,2026-01-13T00:00:00+00:00,2026-01-15T05:00:00+00:00,2026-01-15T10:00:00+05:00,48,47.0,20c3ed44518e64a47408dfe87da9272ceefbb28dd8fb256e655855b5cd7ddaa8,0.01,1.49,1.53,1.56,32.0,-4.4,956.6,0.9659258262890683,0.25881904510252074,0.2551824131233728,0.9668929289391521
validation_selection,2026-01-14T06:00:00+00:00,2026-01-14T00:00:00+00:00,2026-01-15T06:00:00+00:00,2026-01-15T11:00:00+05:00,24,24.0,c9e1afcd5eca61a50d9c25206c3641ddba19c1e1c65ae9778d0a78ca66fed86f,0.01,1.86,1.9,1.94,23.0,-3.3,956.3,1.0,6.123233995736766e-17,0.2551824131233728,0.9668929289391521
validation_selection,2026-01-13T06:00:00+00:00,2026-01-13T00:00:00+00:00,2026-01-15T06:00:00+00:00,2026-01-15T11:00:00+05:00,48,48.0,20c3ed44518e64a47408dfe87da9272ceefbb28dd8fb256e655855b5cd7ddaa8,0.01,2.99,3.07,3.13,24.0,-3.3,956.1,1.0,6.123233995736766e-17,0.2551824131233728,0.9668929289391521
validation_selection,2026-01-14T06:00:00+00:00,2026-01-14T00:00:00+00:00,2026-01-15T07:00:00+00:00,2026-01-15T12:00:00+05:00,24,25.0,c9e1afcd5eca61a50d9c25206c3641ddba19c1e1c65ae9778d0a78ca66fed86f,0.01,3.41,3.5,3.57,44.0,-2.5,955.2,0.9659258262890683,-0.25881904510252063,0.2551824131233728,0.9668929289391521
validation_selection,2026-01-13T06:00:00+00:00,2026-01-13T00:00:00+00:00,2026-01-15T07:00:00+00:00,2026-01-15T12:00:00+05:00,48,49.0,20c3ed44518e64a47408dfe87da9272ceefbb28dd8fb256e655855b5cd7ddaa8,0.01,1.06,1.09,1.11,16.0,-3.5,955.9,0.9659258262890683,-0.25881904510252063,0.2551824131233728,0.9668929289391521
validation_selection,2026-01-14T06:00:00+00:00,2026-01-14T00:00:00+00:00,2026-01-15T08:00:00+00:00,2026-01-15T13:00:00+05:00,24,26.0,c9e1afcd5eca61a50d9c25206c3641ddba19c1e1c65ae9778d0a78ca66fed86f,0.01,3.53,3.62,3.69,41.0,-1.8,953.9,0.8660254037844387,-0.4999999999999998,0.2551824131233728,0.9668929289391521
validation_selection,2026-01-13T06:00:00+00:00,2026-01-13T00:00:00+00:00,2026-01-15T08:00:00+00:00,2026-01-15T13:00:00+05:00,48,50.0,20c3ed44518e64a47408dfe87da9272ceefbb28dd8fb256e655855b5cd7ddaa8,0.01,0.68,0.69,0.71,30.0,-1.7,955.6,0.8660254037844387,-0.4999999999999998,0.2551824131233728,0.9668929289391521
validation_selection,2026-01-14T12:00:00+00:00,2026-01-14T06:00:00+00:00,2026-01-15T09:00:00+00:00,2026-01-15T14:00:00+05:00,24,21.0,d7823a8a76ac748876f50ec54156c80cdb018c105094606b5a8f17b058f94e00,0.005,3.48,3.58,3.65,42.0,-2.3,954.5,0.7071067811865476,-0.7071067811865475,0.2551824131233728,0.9668929289391521
validation_selection,2026-01-13T12:00:00+00:00,2026-01-13T06:00:00+00:00,2026-01-15T09:00:00+00:00,2026-01-15T14:00:00+05:00,48,45.0,620ab9d36379a3a269b4aeb681c4ad6c57704d3950a8ed621542c7f2cadf2734,0.005,1.7,1.75,1.78,24.0,-1.6,954.9,0.7071067811865476,-0.7071067811865475,0.2551824131233728,0.9668929289391521
validation_selection,2026-01-14T12:00:00+00:00,2026-01-14T06:00:00+00:00,2026-01-15T10:00:00+00:00,2026-01-15T15:00:00+05:00,24,22.0,d7823a8a76ac748876f50ec54156c80cdb018c105094606b5a8f17b058f94e00,0.024999999999999998,3.92,4.02,4.11,55.0,-1.7,953.5,0.49999999999999994,-0.8660254037844387,0.2551824131233728,0.9668929289391521
validation_selection,2026-01-13T12:00:00+00:00,2026-01-13T06:00:00+00:00,2026-01-15T10:00:00+00:00,2026-01-15T15:00:00+05:00,48,46.0,620ab9d36379a3a269b4aeb681c4ad6c57704d3950a8ed621542c7f2cadf2734,0.024999999999999998,1.23,1.26,1.29,34.0,-2.2,954.9,0.49999999999999994,-0.8660254037844387,0.2551824131233728,0.9668929289391521
validation_selection,2026-01-14T12:00:00+00:00,2026-01-14T06:00:00+00:00,2026-01-15T11:00:00+00:00,2026-01-15T16:00:00+05:00,24,23.0,d7823a8a76ac748876f50ec54156c80cdb018c105094606b5a8f17b058f94e00,0.04833333333333334,5.04,5.17,5.27,47.0,-2.2,953.4,0.258819045102521,-0.9659258262890682,0.2551824131233728,0.9668929289391521
validation_selection,2026-01-13T12:00:00+00:00,2026-01-13T06:00:00+00:00,2026-01-15T11:00:00+00:00,2026-01-15T16:00:00+05:00,48,47.0,620ab9d36379a3a269b4aeb681c4ad6c57704d3950a8ed621542c7f2cadf2734,0.04833333333333334,1.68,1.73,1.76,68.0,-2.8,954.6,0.258819045102521,-0.9659258262890682,0.2551824131233728,0.9668929289391521
validation_selection,2026-01-14T12:00:00+00:00,2026-01-14T06:00:00+00:00,2026-01-15T12:00:00+00:00,2026-01-15T17:00:00+05:00,24,24.0,d7823a8a76ac748876f50ec54156c80cdb018c105094606b5a8f17b058f94e00,0.08666666666666667,0.35,0.36,0.37,56.0,-2.5,954.1,1.2246467991473532e-16,-1.0,0.2551824131233728,0.9668929289391521
validation_selection,2026-01-13T12:00:00+00:00,2026-01-13T06:00:00+00:00,2026-01-15T12:00:00+00:00,2026-01-15T17:00:00+05:00,48,48.0,620ab9d36379a3a269b4aeb681c4ad6c57704d3950a8ed621542c7f2cadf2734,0.08666666666666667,2.7,2.77,2.83,70.0,-3.2,953.9,1.2246467991473532e-16,-1.0,0.2551824131233728,0.9668929289391521
validation_selection,2026-01-14T12:00:00+00:00,2026-01-14T06:00:00+00:00,2026-01-15T13:00:00+00:00,2026-01-15T18:00:00+05:00,24,25.0,d7823a8a76ac748876f50ec54156c80cdb018c105094606b5a8f17b058f94e00,0.10333333333333333,2.16,2.22,2.27,301.0,-2.5,954.6,-0.2588190451025208,-0.9659258262890683,0.2551824131233728,0.9668929289391521
validation_selection,2026-01-13T12:00:00+00:00,2026-01-13T06:00:00+00:00,2026-01-15T13:00:00+00:00,2026-01-15T18:00:00+05:00,48,49.0,620ab9d36379a3a269b4aeb681c4ad6c57704d3950a8ed621542c7f2cadf2734,0.10333333333333333,1.47,1.51,1.54,34.0,-3.7,954.3,-0.2588190451025208,-0.9659258262890683,0.2551824131233728,0.9668929289391521
validation_selection,2026-01-14T12:00:00+00:00,2026-01-14T06:00:00+00:00,2026-01-15T14:00:00+00:00,2026-01-15T19:00:00+05:00,24,26.0,d7823a8a76ac748876f50ec54156c80cdb018c105094606b5a8f17b058f94e00,0.05666666666666667,2.01,2.06,2.1,264.0,-2.8,954.8,-0.4999999999999997,-0.8660254037844388,0.2551824131233728,0.9668929289391521
validation_selection,2026-01-13T12:00:00+00:00,2026-01-13T06:00:00+00:00,2026-01-15T14:00:00+00:00,2026-01-15T19:00:00+05:00,48,50.0,620ab9d36379a3a269b4aeb681c4ad6c57704d3950a8ed621542c7f2cadf2734,0.05666666666666667,2.08,2.13,2.17,261.0,-2.7,955.1,-0.4999999999999997,-0.8660254037844388,0.2551824131233728,0.9668929289391521
validation_selection,2026-01-14T18:00:00+00:00,2026-01-14T12:00:00+00:00,2026-01-15T15:00:00+00:00,2026-01-15T20:00:00+05:00,24,21.0,65c272d5ac4ab11576ec2631089f9f62e7345a7dc306cb8bc8e32b2bf17c5c3d,0.11166666666666665,1.47,1.51,1.54,264.0,-2.7,955.2,-0.7071067811865471,-0.7071067811865479,0.2551824131233728,0.9668929289391521
validation_selection,2026-01-13T18:00:00+00:00,2026-01-13T12:00:00+00:00,2026-01-15T15:00:00+00:00,2026-01-15T20:00:00+05:00,48,45.0,f73f5dbefff5d03a0dedb4c0320df517591d4027ed01766e835a6bec1a01fb82,0.11166666666666665,2.53,2.59,2.65,19.0,-2.8,954.1,-0.7071067811865471,-0.7071067811865479,0.2551824131233728,0.9668929289391521
validation_selection,2026-01-14T18:00:00+00:00,2026-01-14T12:00:00+00:00,2026-01-15T16:00:00+00:00,2026-01-15T21:00:00+05:00,24,22.0,65c272d5ac4ab11576ec2631089f9f62e7345a7dc306cb8bc8e32b2bf17c5c3d,0.28833333333333333,1.44,1.48,1.51,294.0,-3.1,955.0,-0.8660254037844385,-0.5000000000000004,0.2551824131233728,0.9668929289391521
validation_selection,2026-01-13T18:00:00+00:00,2026-01-13T12:00:00+00:00,2026-01-15T16:00:00+00:00,2026-01-15T21:00:00+05:00,48,46.0,f73f5dbefff5d03a0dedb4c0320df517591d4027ed01766e835a6bec1a01fb82,0.28833333333333333,0.84,0.86,0.88,10.0,-3.5,954.3,-0.8660254037844385,-0.5000000000000004,0.2551824131233728,0.9668929289391521
validation_selection,2026-01-14T18:00:00+00:00,2026-01-14T12:00:00+00:00,2026-01-15T17:00:00+00:00,2026-01-15T22:00:00+05:00,24,23.0,65c272d5ac4ab11576ec2631089f9f62e7345a7dc306cb8bc8e32b2bf17c5c3d,0.056666666666666664,2.52,2.58,2.64,255.0,-3.2,955.6,-0.9659258262890683,-0.25881904510252063,0.2551824131233728,0.9668929289391521
validation_selection,2026-01-13T18:00:00+00:00,2026-01-13T12:00:00+00:00,2026-01-15T17:00:00+00:00,2026-01-15T22:00:00+05:00,48,47.0,f73f5dbefff5d03a0dedb4c0320df517591d4027ed01766e835a6bec1a01fb82,0.056666666666666664,1.3,1.33,1.36,257.0,-3.9,954.3,-0.9659258262890683,-0.25881904510252063,0.2551824131233728,0.9668929289391521
validation_selection,2026-01-14T18:00:00+00:00,2026-01-14T12:00:00+00:00,2026-01-15T18:00:00+00:00,2026-01-15T23:00:00+05:00,24,24.0,65c272d5ac4ab11576ec2631089f9f62e7345a7dc306cb8bc8e32b2bf17c5c3d,0.006666666666666667,3.73,3.82,3.9,243.0,-3.4,955.9,-1.0,-1.8369701987210297e-16,0.2551824131233728,0.9668929289391521
validation_selection,2026-01-13T18:00:00+00:00,2026-01-13T12:00:00+00:00,2026-01-15T18:00:00+00:00,2026-01-15T23:00:00+05:00,48,48.0,f73f5dbefff5d03a0dedb4c0320df517591d4027ed01766e835a6bec1a01fb82,0.006666666666666667,0.86,0.89,0.9,286.0,-3.4,954.3,-1.0,-1.8369701987210297e-16,0.2551824131233728,0.9668929289391521
validation_selection,2026-01-14T18:00:00+00:00,2026-01-14T12:00:00+00:00,2026-01-15T19:00:00+00:00,2026-01-16T00:00:00+05:00,24,25.0,65c272d5ac4ab11576ec2631089f9f62e7345a7dc306cb8bc8e32b2bf17c5c3d,0.09833333333333334,2.7,2.77,2.82,264.0,-3.0,955.5,-0.9659258262890684,0.2588190451025203,0.2551824131233728,0.9668929289391521
validation_selection,2026-01-13T18:00:00+00:00,2026-01-13T12:00:00+00:00,2026-01-15T19:00:00+00:00,2026-01-16T00:00:00+05:00,48,49.0,f73f5dbefff5d03a0dedb4c0320df517591d4027ed01766e835a6bec1a01fb82,0.09833333333333334,0.76,0.78,0.8,297.0,-3.9,953.9,-0.9659258262890684,0.2588190451025203,0.2551824131233728,0.9668929289391521
validation_selection,2026-01-14T18:00:00+00:00,2026-01-14T12:00:00+00:00,2026-01-15T20:00:00+00:00,2026-01-16T01:00:00+05:00,24,26.0,65c272d5ac4ab11576ec2631089f9f62e7345a7dc306cb8bc8e32b2bf17c5c3d,0.14,1.91,1.96,2.0,264.0,-3.6,954.9,-0.8660254037844386,0.5000000000000001,0.2551824131233728,0.9668929289391521
validation_selection,2026-01-13T18:00:00+00:00,2026-01-13T12:00:00+00:00,2026-01-15T20:00:00+00:00,2026-01-16T01:00:00+05:00,48,50.0,f73f5dbefff5d03a0dedb4c0320df517591d4027ed01766e835a6bec1a01fb82,0.14,2.16,2.22,2.27,306.0,-3.7,954.0,-0.8660254037844386,0.5000000000000001,0.2551824131233728,0.9668929289391521
validation_selection,2026-01-15T00:00:00+00:00,2026-01-14T18:00:00+00:00,2026-01-15T21:00:00+00:00,2026-01-16T02:00:00+05:00,24,21.0,a61546e39b5d7cd779c0884f2ecf235387d830ae9e57676f1aa1f278e0522593,0.08333333333333333,3.11,3.19,3.26,253.0,-3.5,954.8,-0.7071067811865477,0.7071067811865474,0.2551824131233728,0.9668929289391521
validation_selection,2026-01-14T00:00:00+00:00,2026-01-13T18:00:00+00:00,2026-01-15T21:00:00+00:00,2026-01-16T02:00:00+05:00,48,45.0,f3635f885e46a5dbf907aed19d27ea173a5e7b82868c510c401d8561ab6ce377,0.08333333333333333,2.3,2.36,2.41,249.0,-3.4,954.3,-0.7071067811865477,0.7071067811865474,0.2551824131233728,0.9668929289391521
validation_selection,2026-01-15T00:00:00+00:00,2026-01-14T18:00:00+00:00,2026-01-15T22:00:00+00:00,2026-01-16T03:00:00+05:00,24,22.0,a61546e39b5d7cd779c0884f2ecf235387d830ae9e57676f1aa1f278e0522593,0.04833333333333334,3.87,3.98,4.06,264.0,-4.0,954.8,-0.5000000000000004,0.8660254037844384,0.2551824131233728,0.9668929289391521
validation_selection,2026-01-14T00:00:00+00:00,2026-01-13T18:00:00+00:00,2026-01-15T22:00:00+00:00,2026-01-16T03:00:00+05:00,48,46.0,f3635f885e46a5dbf907aed19d27ea173a5e7b82868c510c401d8561ab6ce377,0.04833333333333334,2.24,2.3,2.35,272.0,-3.9,953.7,-0.5000000000000004,0.8660254037844384,0.2551824131233728,0.9668929289391521
validation_selection,2026-01-15T00:00:00+00:00,2026-01-14T18:00:00+00:00,2026-01-15T23:00:00+00:00,2026-01-16T04:00:00+05:00,24,23.0,a61546e39b5d7cd779c0884f2ecf235387d830ae9e57676f1aa1f278e0522593,0.03666666666666667,2.81,2.88,2.94,244.0,-4.0,954.3,-0.25881904510252157,0.9659258262890681,0.2551824131233728,0.9668929289391521
validation_selection,2026-01-14T00:00:00+00:00,2026-01-13T18:00:00+00:00,2026-01-15T23:00:00+00:00,2026-01-16T04:00:00+05:00,48,47.0,f3635f885e46a5dbf907aed19d27ea173a5e7b82868c510c401d8561ab6ce377,0.03666666666666667,3.26,3.35,3.42,256.0,-3.6,953.5,-0.25881904510252157,0.9659258262890681,0.2551824131233728,0.9668929289391521
validation_selection,2026-01-15T00:00:00+00:00,2026-01-14T18:00:00+00:00,2026-01-16T00:00:00+00:00,2026-01-16T05:00:00+05:00,24,24.0,a61546e39b5d7cd779c0884f2ecf235387d830ae9e57676f1aa1f278e0522593,0.013333333333333334,3.21,3.29,3.36,250.0,-4.1,954.4,0.0,1.0,0.2717767384711357,0.9623603298276545
validation_selection,2026-01-14T00:00:00+00:00,2026-01-13T18:00:00+00:00,2026-01-16T00:00:00+00:00,2026-01-16T05:00:00+05:00,48,48.0,f3635f885e46a5dbf907aed19d27ea173a5e7b82868c510c401d8561ab6ce377,0.013333333333333334,3.91,4.01,4.09,247.0,-3.3,953.8,0.0,1.0,0.2717767384711357,0.9623603298276545
validation_selection,2026-01-15T00:00:00+00:00,2026-01-14T18:00:00+00:00,2026-01-16T01:00:00+00:00,2026-01-16T06:00:00+05:00,24,25.0,a61546e39b5d7cd779c0884f2ecf235387d830ae9e57676f1aa1f278e0522593,0.041666666666666664,2.66,2.72,2.78,223.0,-4.2,953.8,0.25881904510252074,0.9659258262890683,0.2717767384711357,0.9623603298276545
validation_selection,2026-01-14T00:00:00+00:00,2026-01-13T18:00:00+00:00,2026-01-16T01:00:00+00:00,2026-01-16T06:00:00+05:00,48,49.0,f3635f885e46a5dbf907aed19d27ea173a5e7b82868c510c401d8561ab6ce377,0.041666666666666664,4.14,4.24,4.33,236.0,-3.0,954.3,0.25881904510252074,0.9659258262890683,0.2717767384711357,0.9623603298276545
validation_selection,2026-01-15T00:00:00+00:00,2026-01-14T18:00:00+00:00,2026-01-16T02:00:00+00:00,2026-01-16T07:00:00+05:00,24,26.0,a61546e39b5d7cd779c0884f2ecf235387d830ae9e57676f1aa1f278e0522593,0.02666666666666667,2.78,2.85,2.91,255.0,-4.4,953.6,0.49999999999999994,0.8660254037844387,0.2717767384711357,0.9623603298276545
validation_selection,2026-01-14T00:00:00+00:00,2026-01-13T18:00:00+00:00,2026-01-16T02:00:00+00:00,2026-01-16T07:00:00+05:00,48,50.0,f3635f885e46a5dbf907aed19d27ea173a5e7b82868c510c401d8561ab6ce377,0.02666666666666667,4.35,4.46,4.55,222.0,-3.0,954.6,0.49999999999999994,0.8660254037844387,0.2717767384711357,0.9623603298276545
validation_selection,2026-01-15T06:00:00+00:00,2026-01-15T00:00:00+00:00,2026-01-16T03:00:00+00:00,2026-01-16T08:00:00+05:00,24,21.0,3316e549e878e86b10b41aaddc4c80fce03af7b2a20858bdb7d0225330df7ad3,0.018333333333333333,3.76,3.86,3.94,222.0,-3.5,954.2,0.7071067811865476,0.7071067811865476,0.2717767384711357,0.9623603298276545
validation_selection,2026-01-14T06:00:00+00:00,2026-01-14T00:00:00+00:00,2026-01-16T03:00:00+00:00,2026-01-16T08:00:00+05:00,48,45.0,c9e1afcd5eca61a50d9c25206c3641ddba19c1e1c65ae9778d0a78ca66fed86f,0.018333333333333333,4.34,4.45,4.54,235.0,-3.2,954.6,0.7071067811865476,0.7071067811865476,0.2717767384711357,0.9623603298276545
validation_selection,2026-01-15T06:00:00+00:00,2026-01-15T00:00:00+00:00,2026-01-16T04:00:00+00:00,2026-01-16T09:00:00+05:00,24,22.0,3316e549e878e86b10b41aaddc4c80fce03af7b2a20858bdb7d0225330df7ad3,0.02666666666666667,2.75,2.82,2.88,233.0,-3.1,953.7,0.8660254037844386,0.5000000000000001,0.2717767384711357,0.9623603298276545
validation_selection,2026-01-14T06:00:00+00:00,2026-01-14T00:00:00+00:00,2026-01-16T04:00:00+00:00,2026-01-16T09:00:00+05:00,48,46.0,c9e1afcd5eca61a50d9c25206c3641ddba19c1e1c65ae9778d0a78ca66fed86f,0.02666666666666667,4.43,4.55,4.64,240.0,-3.3,954.9,0.8660254037844386,0.5000000000000001,0.2717767384711357,0.9623603298276545
validation_selection,2026-01-15T06:00:00+00:00,2026-01-15T00:00:00+00:00,2026-01-16T05:00:00+00:00,2026-01-16T10:00:00+05:00,24,23.0,3316e549e878e86b10b41aaddc4c80fce03af7b2a20858bdb7d0225330df7ad3,0.02666666666666667,3.17,3.25,3.32,271.0,-2.5,953.5,0.9659258262890683,0.25881904510252074,0.2717767384711357,0.9623603298276545
validation_selection,2026-01-14T06:00:00+00:00,2026-01-14T00:00:00+00:00,2026-01-16T05:00:00+00:00,2026-01-16T10:00:00+05:00,48,47.0,c9e1afcd5eca61a50d9c25206c3641ddba19c1e1c65ae9778d0a78ca66fed86f,0.02666666666666667,3.84,3.94,4.02,244.0,-3.3,954.4,0.9659258262890683,0.25881904510252074,0.2717767384711357,0.9623603298276545
validation_selection,2026-01-15T06:00:00+00:00,2026-01-15T00:00:00+00:00,2026-01-16T06:00:00+00:00,2026-01-16T11:00:00+05:00,24,24.0,3316e549e878e86b10b41aaddc4c80fce03af7b2a20858bdb7d0225330df7ad3,0.024999999999999998,3.44,3.53,3.6,258.0,-2.4,953.1,1.0,6.123233995736766e-17,0.2717767384711357,0.9623603298276545
validation_selection,2026-01-14T06:00:00+00:00,2026-01-14T00:00:00+00:00,2026-01-16T06:00:00+00:00,2026-01-16T11:00:00+05:00,48,48.0,c9e1afcd5eca61a50d9c25206c3641ddba19c1e1c65ae9778d0a78ca66fed86f,0.024999999999999998,4.48,4.6,4.69,262.0,-2.9,954.3,1.0,6.123233995736766e-17,0.2717767384711357,0.9623603298276545
validation_selection,2026-01-15T06:00:00+00:00,2026-01-15T00:00:00+00:00,2026-01-16T07:00:00+00:00,2026-01-16T12:00:00+05:00,24,25.0,3316e549e878e86b10b41aaddc4c80fce03af7b2a20858bdb7d0225330df7ad3,0.03666666666666667,3.3,3.39,3.46,262.0,-2.0,951.9,0.9659258262890683,-0.25881904510252063,0.2717767384711357,0.9623603298276545
validation_selection,2026-01-14T06:00:00+00:00,2026-01-14T00:00:00+00:00,2026-01-16T07:00:00+00:00,2026-01-16T12:00:00+05:00,48,49.0,c9e1afcd5eca61a50d9c25206c3641ddba19c1e1c65ae9778d0a78ca66fed86f,0.03666666666666667,4.91,5.04,5.15,263.0,-3.2,953.8,0.9659258262890683,-0.25881904510252063,0.2717767384711357,0.9623603298276545
validation_selection,2026-01-15T06:00:00+00:00,2026-01-15T00:00:00+00:00,2026-01-16T08:00:00+00:00,2026-01-16T13:00:00+05:00,24,26.0,3316e549e878e86b10b41aaddc4c80fce03af7b2a20858bdb7d0225330df7ad3,0.105,3.76,3.86,3.93,273.0,-2.0,951.1,0.8660254037844387,-0.4999999999999998,0.2717767384711357,0.9623603298276545
validation_selection,2026-01-14T06:00:00+00:00,2026-01-14T00:00:00+00:00,2026-01-16T08:00:00+00:00,2026-01-16T13:00:00+05:00,48,50.0,c9e1afcd5eca61a50d9c25206c3641ddba19c1e1c65ae9778d0a78ca66fed86f,0.105,4.65,4.77,4.87,255.0,-3.2,952.8,0.8660254037844387,-0.4999999999999998,0.2717767384711357,0.9623603298276545
validation_selection,2026-01-15T12:00:00+00:00,2026-01-15T06:00:00+00:00,2026-01-16T09:00:00+00:00,2026-01-16T14:00:00+05:00,24,21.0,e09445d666de9a993f149f294d9194f24202d497bc23c0ebc3ea0ad6dc790c6c,0.215,4.64,4.76,4.85,267.0,-3.2,951.5,0.7071067811865476,-0.7071067811865475,0.2717767384711357,0.9623603298276545
validation_selection,2026-01-14T12:00:00+00:00,2026-01-14T06:00:00+00:00,2026-01-16T09:00:00+00:00,2026-01-16T14:00:00+05:00,48,45.0,d7823a8a76ac748876f50ec54156c80cdb018c105094606b5a8f17b058f94e00,0.215,4.72,4.84,4.94,254.0,-3.5,952.5,0.7071067811865476,-0.7071067811865475,0.2717767384711357,0.9623603298276545
validation_selection,2026-01-15T12:00:00+00:00,2026-01-15T06:00:00+00:00,2026-01-16T10:00:00+00:00,2026-01-16T15:00:00+05:00,24,22.0,e09445d666de9a993f149f294d9194f24202d497bc23c0ebc3ea0ad6dc790c6c,0.4283333333333333,4.3,4.41,4.5,252.0,-3.5,951.8,0.49999999999999994,-0.8660254037844387,0.2717767384711357,0.9623603298276545
validation_selection,2026-01-14T12:00:00+00:00,2026-01-14T06:00:00+00:00,2026-01-16T10:00:00+00:00,2026-01-16T15:00:00+05:00,48,46.0,d7823a8a76ac748876f50ec54156c80cdb018c105094606b5a8f17b058f94e00,0.4283333333333333,5.77,5.92,6.04,254.0,-3.9,953.1,0.49999999999999994,-0.8660254037844387,0.2717767384711357,0.9623603298276545
validation_selection,2026-01-15T12:00:00+00:00,2026-01-15T06:00:00+00:00,2026-01-16T11:00:00+00:00,2026-01-16T16:00:00+05:00,24,23.0,e09445d666de9a993f149f294d9194f24202d497bc23c0ebc3ea0ad6dc790c6c,0.455,4.67,4.79,4.89,254.0,-3.9,951.7,0.258819045102521,-0.9659258262890682,0.2717767384711357,0.9623603298276545
validation_selection,2026-01-14T12:00:00+00:00,2026-01-14T06:00:00+00:00,2026-01-16T11:00:00+00:00,2026-01-16T16:00:00+05:00,48,47.0,d7823a8a76ac748876f50ec54156c80cdb018c105094606b5a8f17b058f94e00,0.455,5.79,5.94,6.07,257.0,-4.3,953.1,0.258819045102521,-0.9659258262890682,0.2717767384711357,0.9623603298276545
validation_selection,2026-01-15T12:00:00+00:00,2026-01-15T06:00:00+00:00,2026-01-16T12:00:00+00:00,2026-01-16T17:00:00+05:00,24,24.0,e09445d666de9a993f149f294d9194f24202d497bc23c0ebc3ea0ad6dc790c6c,0.45,5.19,5.32,5.43,248.0,-5.0,951.8,1.2246467991473532e-16,-1.0,0.2717767384711357,0.9623603298276545
validation_selection,2026-01-14T12:00:00+00:00,2026-01-14T06:00:00+00:00,2026-01-16T12:00:00+00:00,2026-01-16T17:00:00+05:00,48,48.0,d7823a8a76ac748876f50ec54156c80cdb018c105094606b5a8f17b058f94e00,0.45,6.25,6.41,6.54,254.0,-5.5,953.6,1.2246467991473532e-16,-1.0,0.2717767384711357,0.9623603298276545
validation_selection,2026-01-15T12:00:00+00:00,2026-01-15T06:00:00+00:00,2026-01-16T13:00:00+00:00,2026-01-16T18:00:00+05:00,24,25.0,e09445d666de9a993f149f294d9194f24202d497bc23c0ebc3ea0ad6dc790c6c,0.6716666666666667,5.11,5.24,5.35,246.0,-5.9,951.8,-0.2588190451025208,-0.9659258262890683,0.2717767384711357,0.9623603298276545
validation_selection,2026-01-14T12:00:00+00:00,2026-01-14T06:00:00+00:00,2026-01-16T13:00:00+00:00,2026-01-16T18:00:00+05:00,48,49.0,d7823a8a76ac748876f50ec54156c80cdb018c105094606b5a8f17b058f94e00,0.6716666666666667,6.03,6.18,6.31,247.0,-6.4,953.6,-0.2588190451025208,-0.9659258262890683,0.2717767384711357,0.9623603298276545
validation_selection,2026-01-15T12:00:00+00:00,2026-01-15T06:00:00+00:00,2026-01-16T14:00:00+00:00,2026-01-16T19:00:00+05:00,24,26.0,e09445d666de9a993f149f294d9194f24202d497bc23c0ebc3ea0ad6dc790c6c,0.7916666666666666,6.4,6.56,6.7,252.0,-7.1,952.5,-0.4999999999999997,-0.8660254037844388,0.2717767384711357,0.9623603298276545
validation_selection,2026-01-14T12:00:00+00:00,2026-01-14T06:00:00+00:00,2026-01-16T14:00:00+00:00,2026-01-16T19:00:00+05:00,48,50.0,d7823a8a76ac748876f50ec54156c80cdb018c105094606b5a8f17b058f94e00,0.7916666666666666,6.51,6.68,6.82,239.0,-7.4,953.7,-0.4999999999999997,-0.8660254037844388,0.2717767384711357,0.9623603298276545
validation_selection,2026-01-15T18:00:00+00:00,2026-01-15T12:00:00+00:00,2026-01-16T15:00:00+00:00,2026-01-16T20:00:00+05:00,24,21.0,2ca287de7fe297f628f576716d7e0bc157f2c2546c875e5ae05665385ed2c093,0.91,6.54,6.71,6.85,242.0,-8.2,952.5,-0.7071067811865471,-0.7071067811865479,0.2717767384711357,0.9623603298276545
validation_selection,2026-01-14T18:00:00+00:00,2026-01-14T12:00:00+00:00,2026-01-16T15:00:00+00:00,2026-01-16T20:00:00+05:00,48,45.0,65c272d5ac4ab11576ec2631089f9f62e7345a7dc306cb8bc8e32b2bf17c5c3d,0.91,5.84,5.99,6.12,243.0,-8.2,953.7,-0.7071067811865471,-0.7071067811865479,0.2717767384711357,0.9623603298276545
validation_selection,2026-01-15T18:00:00+00:00,2026-01-15T12:00:00+00:00,2026-01-16T16:00:00+00:00,2026-01-16T21:00:00+05:00,24,22.0,2ca287de7fe297f628f576716d7e0bc157f2c2546c875e5ae05665385ed2c093,0.8883333333333333,7.31,7.5,7.66,249.0,-8.9,953.1,-0.8660254037844385,-0.5000000000000004,0.2717767384711357,0.9623603298276545
validation_selection,2026-01-14T18:00:00+00:00,2026-01-14T12:00:00+00:00,2026-01-16T16:00:00+00:00,2026-01-16T21:00:00+05:00,48,46.0,65c272d5ac4ab11576ec2631089f9f62e7345a7dc306cb8bc8e32b2bf17c5c3d,0.8883333333333333,5.94,6.09,6.22,240.0,-8.5,953.7,-0.8660254037844385,-0.5000000000000004,0.2717767384711357,0.9623603298276545
validation_selection,2026-01-15T18:00:00+00:00,2026-01-15T12:00:00+00:00,2026-01-16T17:00:00+00:00,2026-01-16T22:00:00+05:00,24,23.0,2ca287de7fe297f628f576716d7e0bc157f2c2546c875e5ae05665385ed2c093,0.9233333333333333,7.5,7.7,7.86,245.0,-9.7,953.6,-0.9659258262890683,-0.25881904510252063,0.2717767384711357,0.9623603298276545
validation_selection,2026-01-14T18:00:00+00:00,2026-01-14T12:00:00+00:00,2026-01-16T17:00:00+00:00,2026-01-16T22:00:00+05:00,48,47.0,65c272d5ac4ab11576ec2631089f9f62e7345a7dc306cb8bc8e32b2bf17c5c3d,0.9233333333333333,6.89,7.07,7.21,243.0,-9.5,954.5,-0.9659258262890683,-0.25881904510252063,0.2717767384711357,0.9623603298276545
validation_selection,2026-01-15T18:00:00+00:00,2026-01-15T12:00:00+00:00,2026-01-16T18:00:00+00:00,2026-01-16T23:00:00+05:00,24,24.0,2ca287de7fe297f628f576716d7e0bc157f2c2546c875e5ae05665385ed2c093,0.7833333333333333,8.24,8.45,8.63,244.0,-10.4,954.4,-1.0,-1.8369701987210297e-16,0.2717767384711357,0.9623603298276545
validation_selection,2026-01-14T18:00:00+00:00,2026-01-14T12:00:00+00:00,2026-01-16T18:00:00+00:00,2026-01-16T23:00:00+05:00,48,48.0,65c272d5ac4ab11576ec2631089f9f62e7345a7dc306cb8bc8e32b2bf17c5c3d,0.7833333333333333,7.39,7.58,7.74,244.0,-10.2,955.1,-1.0,-1.8369701987210297e-16,0.2717767384711357,0.9623603298276545
validation_selection,2026-01-15T18:00:00+00:00,2026-01-15T12:00:00+00:00,2026-01-16T19:00:00+00:00,2026-01-17T00:00:00+05:00,24,25.0,2ca287de7fe297f628f576716d7e0bc157f2c2546c875e5ae05665385ed2c093,0.9199999999999999,8.4,8.62,8.79,246.0,-11.2,954.9,-0.9659258262890684,0.2588190451025203,0.2717767384711357,0.9623603298276545
validation_selection,2026-01-14T18:00:00+00:00,2026-01-14T12:00:00+00:00,2026-01-16T19:00:00+00:00,2026-01-17T00:00:00+05:00,48,49.0,65c272d5ac4ab11576ec2631089f9f62e7345a7dc306cb8bc8e32b2bf17c5c3d,0.9199999999999999,7.41,7.6,7.76,244.0,-11.2,955.4,-0.9659258262890684,0.2588190451025203,0.2717767384711357,0.9623603298276545
validation_selection,2026-01-15T18:00:00+00:00,2026-01-15T12:00:00+00:00,2026-01-16T20:00:00+00:00,2026-01-17T01:00:00+05:00,24,26.0,2ca287de7fe297f628f576716d7e0bc157f2c2546c875e5ae05665385ed2c093,0.9683333333333333,9.01,9.25,9.44,248.0,-12.1,955.6,-0.8660254037844386,0.5000000000000001,0.2717767384711357,0.9623603298276545
validation_selection,2026-01-14T18:00:00+00:00,2026-01-14T12:00:00+00:00,2026-01-16T20:00:00+00:00,2026-01-17T01:00:00+05:00,48,50.0,65c272d5ac4ab11576ec2631089f9f62e7345a7dc306cb8bc8e32b2bf17c5c3d,0.9683333333333333,7.57,7.77,7.93,246.0,-12.3,955.9,-0.8660254037844386,0.5000000000000001,0.2717767384711357,0.9623603298276545
validation_selection,2026-01-16T00:00:00+00:00,2026-01-15T18:00:00+00:00,2026-01-16T21:00:00+00:00,2026-01-17T02:00:00+05:00,24,21.0,d25f3ba3a32bdd34d4e5ee00cea0115e0a2a3ccaef549389c570ff82ad1402a2,0.8966666666666666,9.73,9.98,10.19,248.0,-13.1,956.2,-0.7071067811865477,0.7071067811865474,0.2717767384711357,0.9623603298276545
validation_selection,2026-01-15T00:00:00+00:00,2026-01-14T18:00:00+00:00,2026-01-16T21:00:00+00:00,2026-01-17T02:00:00+05:00,48,45.0,a61546e39b5d7cd779c0884f2ecf235387d830ae9e57676f1aa1f278e0522593,0.8966666666666666,8.84,9.07,9.26,247.0,-13.2,956.6,-0.7071067811865477,0.7071067811865474,0.2717767384711357,0.9623603298276545
validation_selection,2026-01-16T00:00:00+00:00,2026-01-15T18:00:00+00:00,2026-01-16T22:00:00+00:00,2026-01-17T03:00:00+05:00,24,22.0,d25f3ba3a32bdd34d4e5ee00cea0115e0a2a3ccaef549389c570ff82ad1402a2,0.7949999999999999,10.63,10.9,11.13,249.0,-14.1,957.0,-0.5000000000000004,0.8660254037844384,0.2717767384711357,0.9623603298276545
validation_selection,2026-01-15T00:00:00+00:00,2026-01-14T18:00:00+00:00,2026-01-16T22:00:00+00:00,2026-01-17T03:00:00+05:00,48,46.0,a61546e39b5d7cd779c0884f2ecf235387d830ae9e57676f1aa1f278e0522593,0.7949999999999999,10.33,10.6,10.82,250.0,-14.2,957.8,-0.5000000000000004,0.8660254037844384,0.2717767384711357,0.9623603298276545
validation_selection,2026-01-16T00:00:00+00:00,2026-01-15T18:00:00+00:00,2026-01-16T23:00:00+00:00,2026-01-17T04:00:00+05:00,24,23.0,d25f3ba3a32bdd34d4e5ee00cea0115e0a2a3ccaef549389c570ff82ad1402a2,0.7400000000000001,10.7,10.98,11.21,250.0,-14.6,957.5,-0.25881904510252157,0.9659258262890681,0.2717767384711357,0.9623603298276545
validation_selection,2026-01-15T00:00:00+00:00,2026-01-14T18:00:00+00:00,2026-01-16T23:00:00+00:00,2026-01-17T04:00:00+05:00,48,47.0,a61546e39b5d7cd779c0884f2ecf235387d830ae9e57676f1aa1f278e0522593,0.7400000000000001,10.16,10.43,10.64,248.0,-14.9,958.2,-0.25881904510252157,0.9659258262890681,0.2717767384711357,0.9623603298276545
validation_selection,2026-01-16T00:00:00+00:00,2026-01-15T18:00:00+00:00,2026-01-17T00:00:00+00:00,2026-01-17T05:00:00+05:00,24,24.0,d25f3ba3a32bdd34d4e5ee00cea0115e0a2a3ccaef549389c570ff82ad1402a2,0.9349999999999999,10.42,10.69,10.91,247.0,-15.0,958.2,0.0,1.0,0.2882906407095177,0.9575429528116719
validation_selection,2026-01-15T00:00:00+00:00,2026-01-14T18:00:00+00:00,2026-01-17T00:00:00+00:00,2026-01-17T05:00:00+05:00,48,48.0,a61546e39b5d7cd779c0884f2ecf235387d830ae9e57676f1aa1f278e0522593,0.9349999999999999,9.96,10.22,10.43,245.0,-15.4,958.9,0.0,1.0,0.2882906407095177,0.9575429528116719
validation_selection,2026-01-16T00:00:00+00:00,2026-01-15T18:00:00+00:00,2026-01-17T01:00:00+00:00,2026-01-17T06:00:00+05:00,24,25.0,d25f3ba3a32bdd34d4e5ee00cea0115e0a2a3ccaef549389c570ff82ad1402a2,0.7983333333333333,10.75,11.03,11.26,249.0,-15.4,959.3,0.25881904510252074,0.9659258262890683,0.2882906407095177,0.9575429528116719
validation_selection,2026-01-15T00:00:00+00:00,2026-01-14T18:00:00+00:00,2026-01-17T01:00:00+00:00,2026-01-17T06:00:00+05:00,48,49.0,a61546e39b5d7cd779c0884f2ecf235387d830ae9e57676f1aa1f278e0522593,0.7983333333333333,10.38,10.65,10.87,248.0,-15.8,959.9,0.25881904510252074,0.9659258262890683,0.2882906407095177,0.9575429528116719
validation_selection,2026-01-16T00:00:00+00:00,2026-01-15T18:00:00+00:00,2026-01-17T02:00:00+00:00,2026-01-17T07:00:00+05:00,24,26.0,d25f3ba3a32bdd34d4e5ee00cea0115e0a2a3ccaef549389c570ff82ad1402a2,0.535,10.48,10.75,10.98,247.0,-15.7,960.4,0.49999999999999994,0.8660254037844387,0.2882906407095177,0.9575429528116719
validation_selection,2026-01-15T00:00:00+00:00,2026-01-14T18:00:00+00:00,2026-01-17T02:00:00+00:00,2026-01-17T07:00:00+05:00,48,50.0,a61546e39b5d7cd779c0884f2ecf235387d830ae9e57676f1aa1f278e0522593,0.535,9.72,9.98,10.18,245.0,-16.1,960.9,0.49999999999999994,0.8660254037844387,0.2882906407095177,0.9575429528116719
validation_selection,2026-01-16T06:00:00+00:00,2026-01-16T00:00:00+00:00,2026-01-17T03:00:00+00:00,2026-01-17T08:00:00+05:00,24,21.0,78f78c5e228ccc508e5bf4ece88045f3339c6da416f5b52f72085d942a31a86e,0.38833333333333336,9.74,9.99,10.2,247.0,-16.3,961.9,0.7071067811865476,0.7071067811865476,0.2882906407095177,0.9575429528116719
validation_selection,2026-01-15T06:00:00+00:00,2026-01-15T00:00:00+00:00,2026-01-17T03:00:00+00:00,2026-01-17T08:00:00+05:00,48,45.0,3316e549e878e86b10b41aaddc4c80fce03af7b2a20858bdb7d0225330df7ad3,0.38833333333333336,10.16,10.43,10.64,246.0,-16.2,962.0,0.7071067811865476,0.7071067811865476,0.2882906407095177,0.9575429528116719
validation_selection,2026-01-16T06:00:00+00:00,2026-01-16T00:00:00+00:00,2026-01-17T04:00:00+00:00,2026-01-17T09:00:00+05:00,24,22.0,78f78c5e228ccc508e5bf4ece88045f3339c6da416f5b52f72085d942a31a86e,0.36333333333333334,8.7,8.92,9.11,244.0,-16.1,962.9,0.8660254037844386,0.5000000000000001,0.2882906407095177,0.9575429528116719
validation_selection,2026-01-15T06:00:00+00:00,2026-01-15T00:00:00+00:00,2026-01-17T04:00:00+00:00,2026-01-17T09:00:00+05:00,48,46.0,3316e549e878e86b10b41aaddc4c80fce03af7b2a20858bdb7d0225330df7ad3,0.36333333333333334,9.15,9.39,9.58,247.0,-15.6,963.1,0.8660254037844386,0.5000000000000001,0.2882906407095177,0.9575429528116719
validation_selection,2026-01-16T06:00:00+00:00,2026-01-16T00:00:00+00:00,2026-01-17T05:00:00+00:00,2026-01-17T10:00:00+05:00,24,23.0,78f78c5e228ccc508e5bf4ece88045f3339c6da416f5b52f72085d942a31a86e,0.225,7.01,7.19,7.34,247.0,-15.3,963.4,0.9659258262890683,0.25881904510252074,0.2882906407095177,0.9575429528116719
validation_selection,2026-01-15T06:00:00+00:00,2026-01-15T00:00:00+00:00,2026-01-17T05:00:00+00:00,2026-01-17T10:00:00+05:00,48,47.0,3316e549e878e86b10b41aaddc4c80fce03af7b2a20858bdb7d0225330df7ad3,0.225,7.99,8.19,8.36,246.0,-15.2,963.7,0.9659258262890683,0.25881904510252074,0.2882906407095177,0.9575429528116719
validation_selection,2026-01-16T06:00:00+00:00,2026-01-16T00:00:00+00:00,2026-01-17T06:00:00+00:00,2026-01-17T11:00:00+05:00,24,24.0,78f78c5e228ccc508e5bf4ece88045f3339c6da416f5b52f72085d942a31a86e,0.11833333333333333,5.87,6.02,6.15,246.0,-14.8,963.8,1.0,6.123233995736766e-17,0.2882906407095177,0.9575429528116719
validation_selection,2026-01-15T06:00:00+00:00,2026-01-15T00:00:00+00:00,2026-01-17T06:00:00+00:00,2026-01-17T11:00:00+05:00,48,48.0,3316e549e878e86b10b41aaddc4c80fce03af7b2a20858bdb7d0225330df7ad3,0.11833333333333333,7.18,7.36,7.51,246.0,-14.4,964.2,1.0,6.123233995736766e-17,0.2882906407095177,0.9575429528116719
validation_selection,2026-01-16T06:00:00+00:00,2026-01-16T00:00:00+00:00,2026-01-17T07:00:00+00:00,2026-01-17T12:00:00+05:00,24,25.0,78f78c5e228ccc508e5bf4ece88045f3339c6da416f5b52f72085d942a31a86e,0.018333333333333333,4.9,5.03,5.13,251.0,-14.2,963.8,0.9659258262890683,-0.25881904510252063,0.2882906407095177,0.9575429528116719
validation_selection,2026-01-15T06:00:00+00:00,2026-01-15T00:00:00+00:00,2026-01-17T07:00:00+00:00,2026-01-17T12:00:00+05:00,48,49.0,3316e549e878e86b10b41aaddc4c80fce03af7b2a20858bdb7d0225330df7ad3,0.018333333333333333,5.54,5.68,5.8,249.0,-13.4,964.1,0.9659258262890683,-0.25881904510252063,0.2882906407095177,0.9575429528116719
validation_selection,2026-01-16T06:00:00+00:00,2026-01-16T00:00:00+00:00,2026-01-17T08:00:00+00:00,2026-01-17T13:00:00+05:00,24,26.0,78f78c5e228ccc508e5bf4ece88045f3339c6da416f5b52f72085d942a31a86e,0.05333333333333334,4.47,4.58,4.68,256.0,-13.5,964.1,0.8660254037844387,-0.4999999999999998,0.2882906407095177,0.9575429528116719
validation_selection,2026-01-15T06:00:00+00:00,2026-01-15T00:00:00+00:00,2026-01-17T08:00:00+00:00,2026-01-17T13:00:00+05:00,48,50.0,3316e549e878e86b10b41aaddc4c80fce03af7b2a20858bdb7d0225330df7ad3,0.05333333333333334,4.61,4.73,4.83,257.0,-13.1,964.5,0.8660254037844387,-0.4999999999999998,0.2882906407095177,0.9575429528116719
validation_selection,2026-01-16T12:00:00+00:00,2026-01-16T06:00:00+00:00,2026-01-17T09:00:00+00:00,2026-01-17T14:00:00+05:00,24,21.0,ec240d623defe5d0a90c76b4dc7781159ab9a481cd61d300639cabee54953084,0.08666666666666667,3.59,3.69,3.76,254.0,-13.5,964.2,0.7071067811865476,-0.7071067811865475,0.2882906407095177,0.9575429528116719
validation_selection,2026-01-15T12:00:00+00:00,2026-01-15T06:00:00+00:00,2026-01-17T09:00:00+00:00,2026-01-17T14:00:00+05:00,48,45.0,e09445d666de9a993f149f294d9194f24202d497bc23c0ebc3ea0ad6dc790c6c,0.08666666666666667,3.88,3.98,4.06,255.0,-12.3,964.6,0.7071067811865476,-0.7071067811865475,0.2882906407095177,0.9575429528116719
validation_selection,2026-01-16T12:00:00+00:00,2026-01-16T06:00:00+00:00,2026-01-17T10:00:00+00:00,2026-01-17T15:00:00+05:00,24,22.0,ec240d623defe5d0a90c76b4dc7781159ab9a481cd61d300639cabee54953084,0.05333333333333334,2.97,3.05,3.11,260.0,-13.4,964.8,0.49999999999999994,-0.8660254037844387,0.2882906407095177,0.9575429528116719
validation_selection,2026-01-15T12:00:00+00:00,2026-01-15T06:00:00+00:00,2026-01-17T10:00:00+00:00,2026-01-17T15:00:00+05:00,48,46.0,e09445d666de9a993f149f294d9194f24202d497bc23c0ebc3ea0ad6dc790c6c,0.05333333333333334,3.3,3.39,3.46,262.0,-12.7,965.1,0.49999999999999994,-0.8660254037844387,0.2882906407095177,0.9575429528116719
validation_selection,2026-01-16T12:00:00+00:00,2026-01-16T06:00:00+00:00,2026-01-17T11:00:00+00:00,2026-01-17T16:00:00+05:00,24,23.0,ec240d623defe5d0a90c76b4dc7781159ab9a481cd61d300639cabee54953084,0.04,2.84,2.91,2.97,265.0,-13.9,965.4,0.258819045102521,-0.9659258262890682,0.2882906407095177,0.9575429528116719
validation_selection,2026-01-15T12:00:00+00:00,2026-01-15T06:00:00+00:00,2026-01-17T11:00:00+00:00,2026-01-17T16:00:00+05:00,48,47.0,e09445d666de9a993f149f294d9194f24202d497bc23c0ebc3ea0ad6dc790c6c,0.04,2.96,3.04,3.1,261.0,-13.3,965.5,0.258819045102521,-0.9659258262890682,0.2882906407095177,0.9575429528116719
validation_selection,2026-01-16T12:00:00+00:00,2026-01-16T06:00:00+00:00,2026-01-17T12:00:00+00:00,2026-01-17T17:00:00+05:00,24,24.0,ec240d623defe5d0a90c76b4dc7781159ab9a481cd61d300639cabee54953084,0.01,2.58,2.65,2.7,259.0,-14.3,965.8,1.2246467991473532e-16,-1.0,0.2882906407095177,0.9575429528116719
validation_selection,2026-01-15T12:00:00+00:00,2026-01-15T06:00:00+00:00,2026-01-17T12:00:00+00:00,2026-01-17T17:00:00+05:00,48,48.0,e09445d666de9a993f149f294d9194f24202d497bc23c0ebc3ea0ad6dc790c6c,0.01,2.25,2.31,2.36,252.0,-13.8,965.8,1.2246467991473532e-16,-1.0,0.2882906407095177,0.9575429528116719
validation_selection,2026-01-16T12:00:00+00:00,2026-01-16T06:00:00+00:00,2026-01-17T13:00:00+00:00,2026-01-17T18:00:00+05:00,24,25.0,ec240d623defe5d0a90c76b4dc7781159ab9a481cd61d300639cabee54953084,0.013333333333333334,2.02,2.07,2.11,262.0,-14.4,966.1,-0.2588190451025208,-0.9659258262890683,0.2882906407095177,0.9575429528116719
validation_selection,2026-01-15T12:00:00+00:00,2026-01-15T06:00:00+00:00,2026-01-17T13:00:00+00:00,2026-01-17T18:00:00+05:00,48,49.0,e09445d666de9a993f149f294d9194f24202d497bc23c0ebc3ea0ad6dc790c6c,0.013333333333333334,2.11,2.16,2.21,263.0,-13.8,966.3,-0.2588190451025208,-0.9659258262890683,0.2882906407095177,0.9575429528116719
validation_selection,2026-01-16T12:00:00+00:00,2026-01-16T06:00:00+00:00,2026-01-17T14:00:00+00:00,2026-01-17T19:00:00+05:00,24,26.0,ec240d623defe5d0a90c76b4dc7781159ab9a481cd61d300639cabee54953084,0.03,2.2,2.26,2.31,252.0,-14.7,966.2,-0.4999999999999997,-0.8660254037844388,0.2882906407095177,0.9575429528116719
validation_selection,2026-01-15T12:00:00+00:00,2026-01-15T06:00:00+00:00,2026-01-17T14:00:00+00:00,2026-01-17T19:00:00+05:00,48,50.0,e09445d666de9a993f149f294d9194f24202d497bc23c0ebc3ea0ad6dc790c6c,0.03,2.32,2.38,2.43,255.0,-14.1,966.4,-0.4999999999999997,-0.8660254037844388,0.2882906407095177,0.9575429528116719
validation_selection,2026-01-16T18:00:00+00:00,2026-01-16T12:00:00+00:00,2026-01-17T15:00:00+00:00,2026-01-17T20:00:00+05:00,24,21.0,ee2a49b903f32c1968da36354e221f5f24adc98abfa3ca327b83ec4883796887,0.011666666666666667,2.83,2.91,2.97,243.0,-15.1,966.4,-0.7071067811865471,-0.7071067811865479,0.2882906407095177,0.9575429528116719
validation_selection,2026-01-15T18:00:00+00:00,2026-01-15T12:00:00+00:00,2026-01-17T15:00:00+00:00,2026-01-17T20:00:00+05:00,48,45.0,2ca287de7fe297f628f576716d7e0bc157f2c2546c875e5ae05665385ed2c093,0.011666666666666667,2.0,2.06,2.1,252.0,-14.3,966.2,-0.7071067811865471,-0.7071067811865479,0.2882906407095177,0.9575429528116719
validation_selection,2026-01-16T18:00:00+00:00,2026-01-16T12:00:00+00:00,2026-01-17T16:00:00+00:00,2026-01-17T21:00:00+05:00,24,22.0,ee2a49b903f32c1968da36354e221f5f24adc98abfa3ca327b83ec4883796887,0.01,2.4,2.46,2.51,241.0,-15.1,966.6,-0.8660254037844385,-0.5000000000000004,0.2882906407095177,0.9575429528116719
validation_selection,2026-01-15T18:00:00+00:00,2026-01-15T12:00:00+00:00,2026-01-17T16:00:00+00:00,2026-01-17T21:00:00+05:00,48,46.0,2ca287de7fe297f628f576716d7e0bc157f2c2546c875e5ae05665385ed2c093,0.01,1.82,1.87,1.91,262.0,-14.4,966.4,-0.8660254037844385,-0.5000000000000004,0.2882906407095177,0.9575429528116719
validation_selection,2026-01-16T18:00:00+00:00,2026-01-16T12:00:00+00:00,2026-01-17T17:00:00+00:00,2026-01-17T22:00:00+05:00,24,23.0,ee2a49b903f32c1968da36354e221f5f24adc98abfa3ca327b83ec4883796887,0.01,2.07,2.12,2.17,255.0,-15.3,966.7,-0.9659258262890683,-0.25881904510252063,0.2882906407095177,0.9575429528116719
validation_selection,2026-01-15T18:00:00+00:00,2026-01-15T12:00:00+00:00,2026-01-17T17:00:00+00:00,2026-01-17T22:00:00+05:00,48,47.0,2ca287de7fe297f628f576716d7e0bc157f2c2546c875e5ae05665385ed2c093,0.01,1.51,1.55,1.58,268.0,-14.2,966.6,-0.9659258262890683,-0.25881904510252063,0.2882906407095177,0.9575429528116719
validation_selection,2026-01-16T18:00:00+00:00,2026-01-16T12:00:00+00:00,2026-01-17T18:00:00+00:00,2026-01-17T23:00:00+05:00,24,24.0,ee2a49b903f32c1968da36354e221f5f24adc98abfa3ca327b83ec4883796887,0.01,1.88,1.93,1.97,249.0,-15.7,966.7,-1.0,-1.8369701987210297e-16,0.2882906407095177,0.9575429528116719
validation_selection,2026-01-15T18:00:00+00:00,2026-01-15T12:00:00+00:00,2026-01-17T18:00:00+00:00,2026-01-17T23:00:00+05:00,48,48.0,2ca287de7fe297f628f576716d7e0bc157f2c2546c875e5ae05665385ed2c093,0.01,1.33,1.37,1.39,294.0,-14.5,966.7,-1.0,-1.8369701987210297e-16,0.2882906407095177,0.9575429528116719
validation_selection,2026-01-16T18:00:00+00:00,2026-01-16T12:00:00+00:00,2026-01-17T19:00:00+00:00,2026-01-18T00:00:00+05:00,24,25.0,ee2a49b903f32c1968da36354e221f5f24adc98abfa3ca327b83ec4883796887,0.01,1.13,1.16,1.18,277.0,-16.0,966.7,-0.9659258262890684,0.2588190451025203,0.2882906407095177,0.9575429528116719
validation_selection,2026-01-15T18:00:00+00:00,2026-01-15T12:00:00+00:00,2026-01-17T19:00:00+00:00,2026-01-18T00:00:00+05:00,48,49.0,2ca287de7fe297f628f576716d7e0bc157f2c2546c875e5ae05665385ed2c093,0.01,1.25,1.28,1.31,309.0,-14.8,966.8,-0.9659258262890684,0.2588190451025203,0.2882906407095177,0.9575429528116719
validation_selection,2026-01-16T18:00:00+00:00,2026-01-16T12:00:00+00:00,2026-01-17T20:00:00+00:00,2026-01-18T01:00:00+05:00,24,26.0,ee2a49b903f32c1968da36354e221f5f24adc98abfa3ca327b83ec4883796887,0.01,0.86,0.89,0.9,286.0,-16.1,966.9,-0.8660254037844386,0.5000000000000001,0.2882906407095177,0.9575429528116719
validation_selection,2026-01-15T18:00:00+00:00,2026-01-15T12:00:00+00:00,2026-01-17T20:00:00+00:00,2026-01-18T01:00:00+05:00,48,50.0,2ca287de7fe297f628f576716d7e0bc157f2c2546c875e5ae05665385ed2c093,0.01,1.55,1.59,1.62,314.0,-15.1,966.8,-0.8660254037844386,0.5000000000000001,0.2882906407095177,0.9575429528116719
validation_selection,2026-01-17T00:00:00+00:00,2026-01-16T18:00:00+00:00,2026-01-17T21:00:00+00:00,2026-01-18T02:00:00+05:00,24,21.0,79ab439402942c1fb9e3e24fbfbd9a7525b95f393673765ebc9c4c963e6e1f0b,0.01,0.39,0.4,0.41,300.0,-15.7,966.9,-0.7071067811865477,0.7071067811865474,0.2882906407095177,0.9575429528116719
validation_selection,2026-01-16T00:00:00+00:00,2026-01-15T18:00:00+00:00,2026-01-17T21:00:00+00:00,2026-01-18T02:00:00+05:00,48,45.0,d25f3ba3a32bdd34d4e5ee00cea0115e0a2a3ccaef549389c570ff82ad1402a2,0.01,0.63,0.65,0.66,293.0,-15.4,966.6,-0.7071067811865477,0.7071067811865474,0.2882906407095177,0.9575429528116719
validation_selection,2026-01-17T00:00:00+00:00,2026-01-16T18:00:00+00:00,2026-01-17T22:00:00+00:00,2026-01-18T03:00:00+05:00,24,22.0,79ab439402942c1fb9e3e24fbfbd9a7525b95f393673765ebc9c4c963e6e1f0b,0.01,0.3,0.3,0.31,351.0,-15.6,966.6,-0.5000000000000004,0.8660254037844384,0.2882906407095177,0.9575429528116719
validation_selection,2026-01-16T00:00:00+00:00,2026-01-15T18:00:00+00:00,2026-01-17T22:00:00+00:00,2026-01-18T03:00:00+05:00,48,46.0,d25f3ba3a32bdd34d4e5ee00cea0115e0a2a3ccaef549389c570ff82ad1402a2,0.01,0.59,0.61,0.62,325.0,-15.6,966.3,-0.5000000000000004,0.8660254037844384,0.2882906407095177,0.9575429528116719
validation_selection,2026-01-17T00:00:00+00:00,2026-01-16T18:00:00+00:00,2026-01-17T23:00:00+00:00,2026-01-18T04:00:00+05:00,24,23.0,79ab439402942c1fb9e3e24fbfbd9a7525b95f393673765ebc9c4c963e6e1f0b,0.01,0.29,0.3,0.31,90.0,-15.5,966.0,-0.25881904510252157,0.9659258262890681,0.2882906407095177,0.9575429528116719
validation_selection,2026-01-16T00:00:00+00:00,2026-01-15T18:00:00+00:00,2026-01-17T23:00:00+00:00,2026-01-18T04:00:00+05:00,48,47.0,d25f3ba3a32bdd34d4e5ee00cea0115e0a2a3ccaef549389c570ff82ad1402a2,0.01,0.5,0.51,0.53,331.0,-15.8,965.9,-0.25881904510252157,0.9659258262890681,0.2882906407095177,0.9575429528116719
validation_selection,2026-01-17T00:00:00+00:00,2026-01-16T18:00:00+00:00,2026-01-18T00:00:00+00:00,2026-01-18T05:00:00+05:00,24,24.0,79ab439402942c1fb9e3e24fbfbd9a7525b95f393673765ebc9c4c963e6e1f0b,0.01,0.86,0.88,0.9,47.0,-15.1,966.0,0.0,1.0,0.3047192331091634,0.9524422234305676
validation_selection,2026-01-16T00:00:00+00:00,2026-01-15T18:00:00+00:00,2026-01-18T00:00:00+00:00,2026-01-18T05:00:00+05:00,48,48.0,d25f3ba3a32bdd34d4e5ee00cea0115e0a2a3ccaef549389c570ff82ad1402a2,0.01,0.49,0.5,0.51,360.0,-15.8,965.9,0.0,1.0,0.3047192331091634,0.9524422234305676
validation_selection,2026-01-17T00:00:00+00:00,2026-01-16T18:00:00+00:00,2026-01-18T01:00:00+00:00,2026-01-18T06:00:00+05:00,24,25.0,79ab439402942c1fb9e3e24fbfbd9a7525b95f393673765ebc9c4c963e6e1f0b,0.01,1.28,1.31,1.34,50.0,-15.0,966.3,0.25881904510252074,0.9659258262890683,0.3047192331091634,0.9524422234305676
validation_selection,2026-01-16T00:00:00+00:00,2026-01-15T18:00:00+00:00,2026-01-18T01:00:00+00:00,2026-01-18T06:00:00+05:00,48,49.0,d25f3ba3a32bdd34d4e5ee00cea0115e0a2a3ccaef549389c570ff82ad1402a2,0.01,0.66,0.68,0.69,343.0,-15.3,966.5,0.25881904510252074,0.9659258262890683,0.3047192331091634,0.9524422234305676
validation_selection,2026-01-17T00:00:00+00:00,2026-01-16T18:00:00+00:00,2026-01-18T02:00:00+00:00,2026-01-18T07:00:00+05:00,24,26.0,79ab439402942c1fb9e3e24fbfbd9a7525b95f393673765ebc9c4c963e6e1f0b,0.016666666666666666,1.22,1.25,1.28,61.0,-14.7,966.8,0.49999999999999994,0.8660254037844387,0.3047192331091634,0.9524422234305676
validation_selection,2026-01-16T00:00:00+00:00,2026-01-15T18:00:00+00:00,2026-01-18T02:00:00+00:00,2026-01-18T07:00:00+05:00,48,50.0,d25f3ba3a32bdd34d4e5ee00cea0115e0a2a3ccaef549389c570ff82ad1402a2,0.016666666666666666,0.64,0.65,0.67,328.0,-14.8,966.9,0.49999999999999994,0.8660254037844387,0.3047192331091634,0.9524422234305676
validation_selection,2026-01-17T06:00:00+00:00,2026-01-17T00:00:00+00:00,2026-01-18T03:00:00+00:00,2026-01-18T08:00:00+05:00,24,21.0,3916e18eb6439c9bf69ef96eaee620fe43decbbacb269eda77bad279d0de661b,0.011666666666666667,1.14,1.17,1.2,40.0,-14.9,967.0,0.7071067811865476,0.7071067811865476,0.3047192331091634,0.9524422234305676
validation_selection,2026-01-16T06:00:00+00:00,2026-01-16T00:00:00+00:00,2026-01-18T03:00:00+00:00,2026-01-18T08:00:00+05:00,48,45.0,78f78c5e228ccc508e5bf4ece88045f3339c6da416f5b52f72085d942a31a86e,0.011666666666666667,1.33,1.36,1.39,54.0,-14.5,966.9,0.7071067811865476,0.7071067811865476,0.3047192331091634,0.9524422234305676
validation_selection,2026-01-17T06:00:00+00:00,2026-01-17T00:00:00+00:00,2026-01-18T04:00:00+00:00,2026-01-18T09:00:00+05:00,24,22.0,3916e18eb6439c9bf69ef96eaee620fe43decbbacb269eda77bad279d0de661b,0.085,1.74,1.78,1.82,38.0,-13.9,967.3,0.8660254037844386,0.5000000000000001,0.3047192331091634,0.9524422234305676
validation_selection,2026-01-16T06:00:00+00:00,2026-01-16T00:00:00+00:00,2026-01-18T04:00:00+00:00,2026-01-18T09:00:00+05:00,48,46.0,78f78c5e228ccc508e5bf4ece88045f3339c6da416f5b52f72085d942a31a86e,0.085,1.97,2.02,2.07,57.0,-13.8,967.1,0.8660254037844386,0.5000000000000001,0.3047192331091634,0.9524422234305676
validation_selection,2026-01-17T06:00:00+00:00,2026-01-17T00:00:00+00:00,2026-01-18T05:00:00+00:00,2026-01-18T10:00:00+05:00,24,23.0,3916e18eb6439c9bf69ef96eaee620fe43decbbacb269eda77bad279d0de661b,0.04666666666666667,1.91,1.96,2.0,38.0,-13.0,967.1,0.9659258262890683,0.25881904510252074,0.3047192331091634,0.9524422234305676
validation_selection,2026-01-16T06:00:00+00:00,2026-01-16T00:00:00+00:00,2026-01-18T05:00:00+00:00,2026-01-18T10:00:00+05:00,48,47.0,78f78c5e228ccc508e5bf4ece88045f3339c6da416f5b52f72085d942a31a86e,0.04666666666666667,2.59,2.65,2.71,43.0,-12.9,966.9,0.9659258262890683,0.25881904510252074,0.3047192331091634,0.9524422234305676
validation_selection,2026-01-17T06:00:00+00:00,2026-01-17T00:00:00+00:00,2026-01-18T06:00:00+00:00,2026-01-18T11:00:00+05:00,24,24.0,3916e18eb6439c9bf69ef96eaee620fe43decbbacb269eda77bad279d0de661b,0.14333333333333334,2.8,2.87,2.93,40.0,-11.8,966.5,1.0,6.123233995736766e-17,0.3047192331091634,0.9524422234305676
validation_selection,2026-01-16T06:00:00+00:00,2026-01-16T00:00:00+00:00,2026-01-18T06:00:00+00:00,2026-01-18T11:00:00+05:00,48,48.0,78f78c5e228ccc508e5bf4ece88045f3339c6da416f5b52f72085d942a31a86e,0.14333333333333334,3.24,3.32,3.39,46.0,-11.6,966.3,1.0,6.123233995736766e-17,0.3047192331091634,0.9524422234305676
validation_selection,2026-01-17T06:00:00+00:00,2026-01-17T00:00:00+00:00,2026-01-18T07:00:00+00:00,2026-01-18T12:00:00+05:00,24,25.0,3916e18eb6439c9bf69ef96eaee620fe43decbbacb269eda77bad279d0de661b,0.2383333333333333,3.72,3.82,3.9,45.0,-9.6,965.8,0.9659258262890683,-0.25881904510252063,0.3047192331091634,0.9524422234305676
validation_selection,2026-01-16T06:00:00+00:00,2026-01-16T00:00:00+00:00,2026-01-18T07:00:00+00:00,2026-01-18T12:00:00+05:00,48,49.0,78f78c5e228ccc508e5bf4ece88045f3339c6da416f5b52f72085d942a31a86e,0.2383333333333333,3.97,4.07,4.15,47.0,-9.8,965.5,0.9659258262890683,-0.25881904510252063,0.3047192331091634,0.9524422234305676
validation_selection,2026-01-17T06:00:00+00:00,2026-01-17T00:00:00+00:00,2026-01-18T08:00:00+00:00,2026-01-18T13:00:00+05:00,24,26.0,3916e18eb6439c9bf69ef96eaee620fe43decbbacb269eda77bad279d0de661b,0.38999999999999996,4.31,4.42,4.51,46.0,-8.5,964.9,0.8660254037844387,-0.4999999999999998,0.3047192331091634,0.9524422234305676
validation_selection,2026-01-16T06:00:00+00:00,2026-01-16T00:00:00+00:00,2026-01-18T08:00:00+00:00,2026-01-18T13:00:00+05:00,48,50.0,78f78c5e228ccc508e5bf4ece88045f3339c6da416f5b52f72085d942a31a86e,0.38999999999999996,4.16,4.26,4.35,51.0,-8.7,964.8,0.8660254037844387,-0.4999999999999998,0.3047192331091634,0.9524422234305676
validation_selection,2026-01-17T12:00:00+00:00,2026-01-17T06:00:00+00:00,2026-01-18T09:00:00+00:00,2026-01-18T14:00:00+05:00,24,21.0,f832da379f865a433fdabcbbf2d02951235dc95951a08a645a58c574999a6b56,0.4383333333333333,4.55,4.67,4.77,47.0,-7.2,964.7,0.7071067811865476,-0.7071067811865475,0.3047192331091634,0.9524422234305676
validation_selection,2026-01-16T12:00:00+00:00,2026-01-16T06:00:00+00:00,2026-01-18T09:00:00+00:00,2026-01-18T14:00:00+05:00,48,45.0,ec240d623defe5d0a90c76b4dc7781159ab9a481cd61d300639cabee54953084,0.4383333333333333,5.77,5.92,6.04,49.0,-7.9,964.8,0.7071067811865476,-0.7071067811865475,0.3047192331091634,0.9524422234305676
validation_selection,2026-01-17T12:00:00+00:00,2026-01-17T06:00:00+00:00,2026-01-18T10:00:00+00:00,2026-01-18T15:00:00+05:00,24,22.0,f832da379f865a433fdabcbbf2d02951235dc95951a08a645a58c574999a6b56,0.25666666666666665,4.38,4.49,4.59,47.0,-7.2,964.7,0.49999999999999994,-0.8660254037844387,0.3047192331091634,0.9524422234305676
validation_selection,2026-01-16T12:00:00+00:00,2026-01-16T06:00:00+00:00,2026-01-18T10:00:00+00:00,2026-01-18T15:00:00+05:00,48,46.0,ec240d623defe5d0a90c76b4dc7781159ab9a481cd61d300639cabee54953084,0.25666666666666665,5.41,5.55,5.67,45.0,-8.4,964.7,0.49999999999999994,-0.8660254037844387,0.3047192331091634,0.9524422234305676
validation_selection,2026-01-17T12:00:00+00:00,2026-01-17T06:00:00+00:00,2026-01-18T11:00:00+00:00,2026-01-18T16:00:00+05:00,24,23.0,f832da379f865a433fdabcbbf2d02951235dc95951a08a645a58c574999a6b56,0.19499999999999998,4.21,4.32,4.4,47.0,-7.9,964.7,0.258819045102521,-0.9659258262890682,0.3047192331091634,0.9524422234305676
validation_selection,2026-01-16T12:00:00+00:00,2026-01-16T06:00:00+00:00,2026-01-18T11:00:00+00:00,2026-01-18T16:00:00+05:00,48,47.0,ec240d623defe5d0a90c76b4dc7781159ab9a481cd61d300639cabee54953084,0.19499999999999998,5.21,5.34,5.45,48.0,-8.9,964.7,0.258819045102521,-0.9659258262890682,0.3047192331091634,0.9524422234305676
validation_selection,2026-01-17T12:00:00+00:00,2026-01-17T06:00:00+00:00,2026-01-18T12:00:00+00:00,2026-01-18T17:00:00+05:00,24,24.0,f832da379f865a433fdabcbbf2d02951235dc95951a08a645a58c574999a6b56,0.12833333333333333,4.06,4.16,4.25,51.0,-9.7,964.5,1.2246467991473532e-16,-1.0,0.3047192331091634,0.9524422234305676
validation_selection,2026-01-16T12:00:00+00:00,2026-01-16T06:00:00+00:00,2026-01-18T12:00:00+00:00,2026-01-18T17:00:00+05:00,48,48.0,ec240d623defe5d0a90c76b4dc7781159ab9a481cd61d300639cabee54953084,0.12833333333333333,5.37,5.51,5.62,54.0,-10.3,964.7,1.2246467991473532e-16,-1.0,0.3047192331091634,0.9524422234305676
validation_selection,2026-01-17T12:00:00+00:00,2026-01-17T06:00:00+00:00,2026-01-18T13:00:00+00:00,2026-01-18T18:00:00+05:00,24,25.0,f832da379f865a433fdabcbbf2d02951235dc95951a08a645a58c574999a6b56,0.18666666666666668,3.86,3.96,4.04,61.0,-10.3,964.7,-0.2588190451025208,-0.9659258262890683,0.3047192331091634,0.9524422234305676
validation_selection,2026-01-16T12:00:00+00:00,2026-01-16T06:00:00+00:00,2026-01-18T13:00:00+00:00,2026-01-18T18:00:00+05:00,48,49.0,ec240d623defe5d0a90c76b4dc7781159ab9a481cd61d300639cabee54953084,0.18666666666666668,5.16,5.29,5.4,59.0,-11.2,964.6,-0.2588190451025208,-0.9659258262890683,0.3047192331091634,0.9524422234305676
validation_selection,2026-01-17T12:00:00+00:00,2026-01-17T06:00:00+00:00,2026-01-18T14:00:00+00:00,2026-01-18T19:00:00+05:00,24,26.0,f832da379f865a433fdabcbbf2d02951235dc95951a08a645a58c574999a6b56,0.18166666666666667,4.3,4.41,4.5,61.0,-10.3,964.6,-0.4999999999999997,-0.8660254037844388,0.3047192331091634,0.9524422234305676
validation_selection,2026-01-16T12:00:00+00:00,2026-01-16T06:00:00+00:00,2026-01-18T14:00:00+00:00,2026-01-18T19:00:00+05:00,48,50.0,ec240d623defe5d0a90c76b4dc7781159ab9a481cd61d300639cabee54953084,0.18166666666666667,5.34,5.48,5.59,58.0,-11.5,964.6,-0.4999999999999997,-0.8660254037844388,0.3047192331091634,0.9524422234305676
validation_selection,2026-01-17T18:00:00+00:00,2026-01-17T12:00:00+00:00,2026-01-18T15:00:00+00:00,2026-01-18T20:00:00+05:00,24,21.0,0ff0e7052daf4ebdafcb8b02f4eab0372eca883465281be86db5125a89d18108,0.24166666666666667,3.99,4.1,4.18,66.0,-11.3,964.0,-0.7071067811865471,-0.7071067811865479,0.3047192331091634,0.9524422234305676
validation_selection,2026-01-16T18:00:00+00:00,2026-01-16T12:00:00+00:00,2026-01-18T15:00:00+00:00,2026-01-18T20:00:00+05:00,48,45.0,ee2a49b903f32c1968da36354e221f5f24adc98abfa3ca327b83ec4883796887,0.24166666666666667,4.81,4.93,5.03,60.0,-11.4,964.4,-0.7071067811865471,-0.7071067811865479,0.3047192331091634,0.9524422234305676
validation_selection,2026-01-17T18:00:00+00:00,2026-01-17T12:00:00+00:00,2026-01-18T16:00:00+00:00,2026-01-18T21:00:00+05:00,24,22.0,0ff0e7052daf4ebdafcb8b02f4eab0372eca883465281be86db5125a89d18108,0.25333333333333335,4.73,4.85,4.95,65.0,-11.3,963.8,-0.8660254037844385,-0.5000000000000004,0.3047192331091634,0.9524422234305676
validation_selection,2026-01-16T18:00:00+00:00,2026-01-16T12:00:00+00:00,2026-01-18T16:00:00+00:00,2026-01-18T21:00:00+05:00,48,46.0,ee2a49b903f32c1968da36354e221f5f24adc98abfa3ca327b83ec4883796887,0.25333333333333335,5.08,5.22,5.32,58.0,-11.4,964.3,-0.8660254037844385,-0.5000000000000004,0.3047192331091634,0.9524422234305676
validation_selection,2026-01-17T18:00:00+00:00,2026-01-17T12:00:00+00:00,2026-01-18T17:00:00+00:00,2026-01-18T22:00:00+05:00,24,23.0,0ff0e7052daf4ebdafcb8b02f4eab0372eca883465281be86db5125a89d18108,0.2916666666666667,5.47,5.61,5.73,62.0,-11.1,963.6,-0.9659258262890683,-0.25881904510252063,0.3047192331091634,0.9524422234305676
validation_selection,2026-01-16T18:00:00+00:00,2026-01-16T12:00:00+00:00,2026-01-18T17:00:00+00:00,2026-01-18T22:00:00+05:00,48,47.0,ee2a49b903f32c1968da36354e221f5f24adc98abfa3ca327b83ec4883796887,0.2916666666666667,5.77,5.92,6.04,57.0,-11.5,964.1,-0.9659258262890683,-0.25881904510252063,0.3047192331091634,0.9524422234305676
validation_selection,2026-01-17T18:00:00+00:00,2026-01-17T12:00:00+00:00,2026-01-18T18:00:00+00:00,2026-01-18T23:00:00+05:00,24,24.0,0ff0e7052daf4ebdafcb8b02f4eab0372eca883465281be86db5125a89d18108,0.2333333333333333,5.98,6.13,6.26,58.0,-10.9,963.4,-1.0,-1.8369701987210297e-16,0.3047192331091634,0.9524422234305676
validation_selection,2026-01-16T18:00:00+00:00,2026-01-16T12:00:00+00:00,2026-01-18T18:00:00+00:00,2026-01-18T23:00:00+05:00,48,48.0,ee2a49b903f32c1968da36354e221f5f24adc98abfa3ca327b83ec4883796887,0.2333333333333333,5.91,6.06,6.19,56.0,-11.2,963.9,-1.0,-1.8369701987210297e-16,0.3047192331091634,0.9524422234305676
validation_selection,2026-01-17T18:00:00+00:00,2026-01-17T12:00:00+00:00,2026-01-18T19:00:00+00:00,2026-01-19T00:00:00+05:00,24,25.0,0ff0e7052daf4ebdafcb8b02f4eab0372eca883465281be86db5125a89d18108,0.35000000000000003,6.1,6.25,6.38,57.0,-10.7,963.2,-0.9659258262890684,0.2588190451025203,0.3047192331091634,0.9524422234305676
validation_selection,2026-01-16T18:00:00+00:00,2026-01-16T12:00:00+00:00,2026-01-18T19:00:00+00:00,2026-01-19T00:00:00+05:00,48,49.0,ee2a49b903f32c1968da36354e221f5f24adc98abfa3ca327b83ec4883796887,0.35000000000000003,6.01,6.17,6.3,57.0,-11.6,963.5,-0.9659258262890684,0.2588190451025203,0.3047192331091634,0.9524422234305676
validation_selection,2026-01-17T18:00:00+00:00,2026-01-17T12:00:00+00:00,2026-01-18T20:00:00+00:00,2026-01-19T01:00:00+05:00,24,26.0,0ff0e7052daf4ebdafcb8b02f4eab0372eca883465281be86db5125a89d18108,0.505,6.24,6.41,6.54,56.0,-10.7,962.7,-0.8660254037844386,0.5000000000000001,0.3047192331091634,0.9524422234305676
validation_selection,2026-01-16T18:00:00+00:00,2026-01-16T12:00:00+00:00,2026-01-18T20:00:00+00:00,2026-01-19T01:00:00+05:00,48,50.0,ee2a49b903f32c1968da36354e221f5f24adc98abfa3ca327b83ec4883796887,0.505,5.87,6.02,6.15,58.0,-11.7,963.1,-0.8660254037844386,0.5000000000000001,0.3047192331091634,0.9524422234305676
validation_selection,2026-01-18T00:00:00+00:00,2026-01-17T18:00:00+00:00,2026-01-18T21:00:00+00:00,2026-01-19T02:00:00+05:00,24,21.0,27ed0f154bd9af2779d191cc827f735b5790d19312b611308c6dfc3361b5af3a,0.5033333333333333,6.62,6.8,6.94,57.0,-10.6,962.1,-0.7071067811865477,0.7071067811865474,0.3047192331091634,0.9524422234305676
validation_selection,2026-01-17T00:00:00+00:00,2026-01-16T18:00:00+00:00,2026-01-18T21:00:00+00:00,2026-01-19T02:00:00+05:00,48,45.0,79ab439402942c1fb9e3e24fbfbd9a7525b95f393673765ebc9c4c963e6e1f0b,0.5033333333333333,6.26,6.42,6.56,58.0,-11.7,963.0,-0.7071067811865477,0.7071067811865474,0.3047192331091634,0.9524422234305676
validation_selection,2026-01-18T00:00:00+00:00,2026-01-17T18:00:00+00:00,2026-01-18T22:00:00+00:00,2026-01-19T03:00:00+05:00,24,22.0,27ed0f154bd9af2779d191cc827f735b5790d19312b611308c6dfc3361b5af3a,0.36999999999999994,6.76,6.94,7.08,58.0,-10.7,961.7,-0.5000000000000004,0.8660254037844384,0.3047192331091634,0.9524422234305676
validation_selection,2026-01-17T00:00:00+00:00,2026-01-16T18:00:00+00:00,2026-01-18T22:00:00+00:00,2026-01-19T03:00:00+05:00,48,46.0,79ab439402942c1fb9e3e24fbfbd9a7525b95f393673765ebc9c4c963e6e1f0b,0.36999999999999994,6.3,6.47,6.6,61.0,-11.5,962.7,-0.5000000000000004,0.8660254037844384,0.3047192331091634,0.9524422234305676
validation_selection,2026-01-18T00:00:00+00:00,2026-01-17T18:00:00+00:00,2026-01-18T23:00:00+00:00,2026-01-19T04:00:00+05:00,24,23.0,27ed0f154bd9af2779d191cc827f735b5790d19312b611308c6dfc3361b5af3a,0.345,6.74,6.91,7.05,62.0,-10.6,961.1,-0.25881904510252157,0.9659258262890681,0.3047192331091634,0.9524422234305676
validation_selection,2026-01-17T00:00:00+00:00,2026-01-16T18:00:00+00:00,2026-01-18T23:00:00+00:00,2026-01-19T04:00:00+05:00,48,47.0,79ab439402942c1fb9e3e24fbfbd9a7525b95f393673765ebc9c4c963e6e1f0b,0.345,6.34,6.51,6.64,63.0,-11.0,962.4,-0.25881904510252157,0.9659258262890681,0.3047192331091634,0.9524422234305676
validation_selection,2026-01-18T00:00:00+00:00,2026-01-17T18:00:00+00:00,2026-01-19T00:00:00+00:00,2026-01-19T05:00:00+05:00,24,24.0,27ed0f154bd9af2779d191cc827f735b5790d19312b611308c6dfc3361b5af3a,0.5033333333333333,6.8,6.98,7.12,64.0,-10.2,961.3,0.0,1.0,0.321057654185271,0.9470596510722283
validation_selection,2026-01-17T00:00:00+00:00,2026-01-16T18:00:00+00:00,2026-01-19T00:00:00+00:00,2026-01-19T05:00:00+05:00,48,48.0,79ab439402942c1fb9e3e24fbfbd9a7525b95f393673765ebc9c4c963e6e1f0b,0.5033333333333333,6.67,6.84,6.99,62.0,-10.9,962.4,0.0,1.0,0.321057654185271,0.9470596510722283
validation_selection,2026-01-18T00:00:00+00:00,2026-01-17T18:00:00+00:00,2026-01-19T01:00:00+00:00,2026-01-19T06:00:00+05:00,24,25.0,27ed0f154bd9af2779d191cc827f735b5790d19312b611308c6dfc3361b5af3a,0.33666666666666667,6.8,6.98,7.12,65.0,-10.1,961.4,0.25881904510252074,0.9659258262890683,0.321057654185271,0.9470596510722283
validation_selection,2026-01-17T00:00:00+00:00,2026-01-16T18:00:00+00:00,2026-01-19T01:00:00+00:00,2026-01-19T06:00:00+05:00,48,49.0,79ab439402942c1fb9e3e24fbfbd9a7525b95f393673765ebc9c4c963e6e1f0b,0.33666666666666667,6.92,7.1,7.24,61.0,-10.8,962.3,0.25881904510252074,0.9659258262890683,0.321057654185271,0.9470596510722283
validation_selection,2026-01-18T00:00:00+00:00,2026-01-17T18:00:00+00:00,2026-01-19T02:00:00+00:00,2026-01-19T07:00:00+05:00,24,26.0,27ed0f154bd9af2779d191cc827f735b5790d19312b611308c6dfc3361b5af3a,0.13666666666666666,6.82,7.0,7.14,64.0,-9.9,961.4,0.49999999999999994,0.8660254037844387,0.321057654185271,0.9470596510722283
validation_selection,2026-01-17T00:00:00+00:00,2026-01-16T18:00:00+00:00,2026-01-19T02:00:00+00:00,2026-01-19T07:00:00+05:00,48,50.0,79ab439402942c1fb9e3e24fbfbd9a7525b95f393673765ebc9c4c963e6e1f0b,0.13666666666666666,6.94,7.12,7.27,61.0,-10.7,962.3,0.49999999999999994,0.8660254037844387,0.321057654185271,0.9470596510722283
validation_selection,2026-01-18T06:00:00+00:00,2026-01-18T00:00:00+00:00,2026-01-19T03:00:00+00:00,2026-01-19T08:00:00+05:00,24,21.0,4437866d055c6fcea932fde5c3a1ab8fcac5efcd5595486e166adc1ac296a099,0.21333333333333335,6.78,6.95,7.1,63.0,-10.3,961.4,0.7071067811865476,0.7071067811865476,0.321057654185271,0.9470596510722283
validation_selection,2026-01-17T06:00:00+00:00,2026-01-17T00:00:00+00:00,2026-01-19T03:00:00+00:00,2026-01-19T08:00:00+05:00,48,45.0,3916e18eb6439c9bf69ef96eaee620fe43decbbacb269eda77bad279d0de661b,0.21333333333333335,6.87,7.04,7.19,63.0,-9.9,961.8,0.7071067811865476,0.7071067811865476,0.321057654185271,0.9470596510722283
validation_selection,2026-01-18T06:00:00+00:00,2026-01-18T00:00:00+00:00,2026-01-19T04:00:00+00:00,2026-01-19T09:00:00+05:00,24,22.0,4437866d055c6fcea932fde5c3a1ab8fcac5efcd5595486e166adc1ac296a099,0.31166666666666665,7.63,7.83,7.99,63.0,-8.8,961.6,0.8660254037844386,0.5000000000000001,0.321057654185271,0.9470596510722283
validation_selection,2026-01-17T06:00:00+00:00,2026-01-17T00:00:00+00:00,2026-01-19T04:00:00+00:00,2026-01-19T09:00:00+05:00,48,46.0,3916e18eb6439c9bf69ef96eaee620fe43decbbacb269eda77bad279d0de661b,0.31166666666666665,7.2,7.39,7.54,61.0,-7.9,962.2,0.8660254037844386,0.5000000000000001,0.321057654185271,0.9470596510722283
validation_selection,2026-01-18T06:00:00+00:00,2026-01-18T00:00:00+00:00,2026-01-19T05:00:00+00:00,2026-01-19T10:00:00+05:00,24,23.0,4437866d055c6fcea932fde5c3a1ab8fcac5efcd5595486e166adc1ac296a099,0.22666666666666668,7.69,7.89,8.05,56.0,-7.0,961.3,0.9659258262890683,0.25881904510252074,0.321057654185271,0.9470596510722283
validation_selection,2026-01-17T06:00:00+00:00,2026-01-17T00:00:00+00:00,2026-01-19T05:00:00+00:00,2026-01-19T10:00:00+05:00,48,47.0,3916e18eb6439c9bf69ef96eaee620fe43decbbacb269eda77bad279d0de661b,0.22666666666666668,7.08,7.26,7.41,54.0,-5.9,962.0,0.9659258262890683,0.25881904510252074,0.321057654185271,0.9470596510722283
validation_selection,2026-01-18T06:00:00+00:00,2026-01-18T00:00:00+00:00,2026-01-19T06:00:00+00:00,2026-01-19T11:00:00+05:00,24,24.0,4437866d055c6fcea932fde5c3a1ab8fcac5efcd5595486e166adc1ac296a099,0.3016666666666667,7.61,7.8,7.97,50.0,-6.0,960.6,1.0,6.123233995736766e-17,0.321057654185271,0.9470596510722283
validation_selection,2026-01-17T06:00:00+00:00,2026-01-17T00:00:00+00:00,2026-01-19T06:00:00+00:00,2026-01-19T11:00:00+05:00,48,48.0,3916e18eb6439c9bf69ef96eaee620fe43decbbacb269eda77bad279d0de661b,0.3016666666666667,7.84,8.04,8.21,52.0,-3.5,961.5,1.0,6.123233995736766e-17,0.321057654185271,0.9470596510722283
validation_selection,2026-01-18T06:00:00+00:00,2026-01-18T00:00:00+00:00,2026-01-19T07:00:00+00:00,2026-01-19T12:00:00+05:00,24,25.0,4437866d055c6fcea932fde5c3a1ab8fcac5efcd5595486e166adc1ac296a099,0.3333333333333333,7.93,8.14,8.3,47.0,-4.8,959.6,0.9659258262890683,-0.25881904510252063,0.321057654185271,0.9470596510722283
validation_selection,2026-01-17T06:00:00+00:00,2026-01-17T00:00:00+00:00,2026-01-19T07:00:00+00:00,2026-01-19T12:00:00+05:00,48,49.0,3916e18eb6439c9bf69ef96eaee620fe43decbbacb269eda77bad279d0de661b,0.3333333333333333,8.36,8.58,8.76,52.0,-1.8,960.6,0.9659258262890683,-0.25881904510252063,0.321057654185271,0.9470596510722283
validation_selection,2026-01-18T06:00:00+00:00,2026-01-18T00:00:00+00:00,2026-01-19T08:00:00+00:00,2026-01-19T13:00:00+05:00,24,26.0,4437866d055c6fcea932fde5c3a1ab8fcac5efcd5595486e166adc1ac296a099,0.2916666666666667,8.03,8.24,8.41,47.0,-3.3,959.1,0.8660254037844387,-0.4999999999999998,0.321057654185271,0.9470596510722283
validation_selection,2026-01-17T06:00:00+00:00,2026-01-17T00:00:00+00:00,2026-01-19T08:00:00+00:00,2026-01-19T13:00:00+05:00,48,50.0,3916e18eb6439c9bf69ef96eaee620fe43decbbacb269eda77bad279d0de661b,0.2916666666666667,8.45,8.67,8.85,53.0,-1.2,959.9,0.8660254037844387,-0.4999999999999998,0.321057654185271,0.9470596510722283
validation_selection,2026-01-18T12:00:00+00:00,2026-01-18T06:00:00+00:00,2026-01-19T09:00:00+00:00,2026-01-19T14:00:00+05:00,24,21.0,5ce8a70b460241c5959d0394af8b190302bb2fb7b573bc85f5332d7c8676f27d,0.305,7.76,7.96,8.12,46.0,-2.6,959.1,0.7071067811865476,-0.7071067811865475,0.321057654185271,0.9470596510722283
validation_selection,2026-01-17T12:00:00+00:00,2026-01-17T06:00:00+00:00,2026-01-19T09:00:00+00:00,2026-01-19T14:00:00+05:00,48,45.0,f832da379f865a433fdabcbbf2d02951235dc95951a08a645a58c574999a6b56,0.305,8.16,8.37,8.55,50.0,-1.3,959.2,0.7071067811865476,-0.7071067811865475,0.321057654185271,0.9470596510722283
validation_selection,2026-01-18T12:00:00+00:00,2026-01-18T06:00:00+00:00,2026-01-19T10:00:00+00:00,2026-01-19T15:00:00+05:00,24,22.0,5ce8a70b460241c5959d0394af8b190302bb2fb7b573bc85f5332d7c8676f27d,0.27999999999999997,7.55,7.74,7.91,46.0,-3.4,959.0,0.49999999999999994,-0.8660254037844387,0.321057654185271,0.9470596510722283
validation_selection,2026-01-17T12:00:00+00:00,2026-01-17T06:00:00+00:00,2026-01-19T10:00:00+00:00,2026-01-19T15:00:00+05:00,48,46.0,f832da379f865a433fdabcbbf2d02951235dc95951a08a645a58c574999a6b56,0.27999999999999997,7.45,7.64,7.8,48.0,-1.6,959.2,0.49999999999999994,-0.8660254037844387,0.321057654185271,0.9470596510722283
validation_selection,2026-01-18T12:00:00+00:00,2026-01-18T06:00:00+00:00,2026-01-19T11:00:00+00:00,2026-01-19T16:00:00+05:00,24,23.0,5ce8a70b460241c5959d0394af8b190302bb2fb7b573bc85f5332d7c8676f27d,0.16833333333333333,7.02,7.2,7.35,52.0,-4.8,958.8,0.258819045102521,-0.9659258262890682,0.321057654185271,0.9470596510722283
validation_selection,2026-01-17T12:00:00+00:00,2026-01-17T06:00:00+00:00,2026-01-19T11:00:00+00:00,2026-01-19T16:00:00+05:00,48,47.0,f832da379f865a433fdabcbbf2d02951235dc95951a08a645a58c574999a6b56,0.16833333333333333,7.78,7.98,8.15,50.0,-3.2,959.1,0.258819045102521,-0.9659258262890682,0.321057654185271,0.9470596510722283
validation_selection,2026-01-18T12:00:00+00:00,2026-01-18T06:00:00+00:00,2026-01-19T12:00:00+00:00,2026-01-19T17:00:00+05:00,24,24.0,5ce8a70b460241c5959d0394af8b190302bb2fb7b573bc85f5332d7c8676f27d,0.3066666666666667,6.3,6.47,6.6,58.0,-6.2,958.7,1.2246467991473532e-16,-1.0,0.321057654185271,0.9470596510722283
validation_selection,2026-01-17T12:00:00+00:00,2026-01-17T06:00:00+00:00,2026-01-19T12:00:00+00:00,2026-01-19T17:00:00+05:00,48,48.0,f832da379f865a433fdabcbbf2d02951235dc95951a08a645a58c574999a6b56,0.3066666666666667,6.95,7.13,7.28,56.0,-5.2,959.0,1.2246467991473532e-16,-1.0,0.321057654185271,0.9470596510722283
validation_selection,2026-01-18T12:00:00+00:00,2026-01-18T06:00:00+00:00,2026-01-19T13:00:00+00:00,2026-01-19T18:00:00+05:00,24,25.0,5ce8a70b460241c5959d0394af8b190302bb2fb7b573bc85f5332d7c8676f27d,0.4816666666666667,5.21,5.35,5.46,62.0,-8.2,958.5,-0.2588190451025208,-0.9659258262890683,0.321057654185271,0.9470596510722283
validation_selection,2026-01-17T12:00:00+00:00,2026-01-17T06:00:00+00:00,2026-01-19T13:00:00+00:00,2026-01-19T18:00:00+05:00,48,49.0,f832da379f865a433fdabcbbf2d02951235dc95951a08a645a58c574999a6b56,0.4816666666666667,5.65,5.79,5.91,62.0,-6.3,959.1,-0.2588190451025208,-0.9659258262890683,0.321057654185271,0.9470596510722283
validation_selection,2026-01-18T12:00:00+00:00,2026-01-18T06:00:00+00:00,2026-01-19T14:00:00+00:00,2026-01-19T19:00:00+05:00,24,26.0,5ce8a70b460241c5959d0394af8b190302bb2fb7b573bc85f5332d7c8676f27d,0.295,4.8,4.92,5.02,65.0,-8.9,958.3,-0.4999999999999997,-0.8660254037844388,0.321057654185271,0.9470596510722283
validation_selection,2026-01-17T12:00:00+00:00,2026-01-17T06:00:00+00:00,2026-01-19T14:00:00+00:00,2026-01-19T19:00:00+05:00,48,50.0,f832da379f865a433fdabcbbf2d02951235dc95951a08a645a58c574999a6b56,0.295,5.12,5.26,5.36,65.0,-7.2,959.0,-0.4999999999999997,-0.8660254037844388,0.321057654185271,0.9470596510722283
validation_selection,2026-01-18T18:00:00+00:00,2026-01-18T12:00:00+00:00,2026-01-19T15:00:00+00:00,2026-01-19T20:00:00+05:00,24,21.0,2d9f5d28b9ecaffe68de8a6e7c6591ab086e5f313227ca593b72c7561072f5ae,0.24833333333333332,3.87,3.97,4.06,69.0,-8.3,958.7,-0.7071067811865471,-0.7071067811865479,0.321057654185271,0.9470596510722283
validation_selection,2026-01-17T18:00:00+00:00,2026-01-17T12:00:00+00:00,2026-01-19T15:00:00+00:00,2026-01-19T20:00:00+05:00,48,45.0,0ff0e7052daf4ebdafcb8b02f4eab0372eca883465281be86db5125a89d18108,0.24833333333333332,4.92,5.05,5.16,69.0,-7.6,958.6,-0.7071067811865471,-0.7071067811865479,0.321057654185271,0.9470596510722283
validation_selection,2026-01-18T18:00:00+00:00,2026-01-18T12:00:00+00:00,2026-01-19T16:00:00+00:00,2026-01-19T21:00:00+05:00,24,22.0,2d9f5d28b9ecaffe68de8a6e7c6591ab086e5f313227ca593b72c7561072f5ae,0.018333333333333333,3.3,3.38,3.45,71.0,-9.4,958.3,-0.8660254037844385,-0.5000000000000004,0.321057654185271,0.9470596510722283
validation_selection,2026-01-17T18:00:00+00:00,2026-01-17T12:00:00+00:00,2026-01-19T16:00:00+00:00,2026-01-19T21:00:00+05:00,48,46.0,0ff0e7052daf4ebdafcb8b02f4eab0372eca883465281be86db5125a89d18108,0.018333333333333333,4.27,4.38,4.47,71.0,-7.8,958.4,-0.8660254037844385,-0.5000000000000004,0.321057654185271,0.9470596510722283
validation_selection,2026-01-18T18:00:00+00:00,2026-01-18T12:00:00+00:00,2026-01-19T17:00:00+00:00,2026-01-19T22:00:00+05:00,24,23.0,2d9f5d28b9ecaffe68de8a6e7c6591ab086e5f313227ca593b72c7561072f5ae,0.06,2.68,2.75,2.81,74.0,-9.1,958.4,-0.9659258262890683,-0.25881904510252063,0.321057654185271,0.9470596510722283
validation_selection,2026-01-17T18:00:00+00:00,2026-01-17T12:00:00+00:00,2026-01-19T17:00:00+00:00,2026-01-19T22:00:00+05:00,48,47.0,0ff0e7052daf4ebdafcb8b02f4eab0372eca883465281be86db5125a89d18108,0.06,3.67,3.76,3.84,73.0,-7.9,958.5,-0.9659258262890683,-0.25881904510252063,0.321057654185271,0.9470596510722283
validation_selection,2026-01-18T18:00:00+00:00,2026-01-18T12:00:00+00:00,2026-01-19T18:00:00+00:00,2026-01-19T23:00:00+05:00,24,24.0,2d9f5d28b9ecaffe68de8a6e7c6591ab086e5f313227ca593b72c7561072f5ae,0.02,2.41,2.47,2.52,69.0,-9.4,958.3,-1.0,-1.8369701987210297e-16,0.321057654185271,0.9470596510722283
validation_selection,2026-01-17T18:00:00+00:00,2026-01-17T12:00:00+00:00,2026-01-19T18:00:00+00:00,2026-01-19T23:00:00+05:00,48,48.0,0ff0e7052daf4ebdafcb8b02f4eab0372eca883465281be86db5125a89d18108,0.02,3.48,3.57,3.64,68.0,-8.4,958.3,-1.0,-1.8369701987210297e-16,0.321057654185271,0.9470596510722283
validation_selection,2026-01-18T18:00:00+00:00,2026-01-18T12:00:00+00:00,2026-01-19T19:00:00+00:00,2026-01-20T00:00:00+05:00,24,25.0,2d9f5d28b9ecaffe68de8a6e7c6591ab086e5f313227ca593b72c7561072f5ae,0.01,2.22,2.28,2.33,64.0,-9.6,958.4,-0.9659258262890684,0.2588190451025203,0.321057654185271,0.9470596510722283
validation_selection,2026-01-17T18:00:00+00:00,2026-01-17T12:00:00+00:00,2026-01-19T19:00:00+00:00,2026-01-20T00:00:00+05:00,48,49.0,0ff0e7052daf4ebdafcb8b02f4eab0372eca883465281be86db5125a89d18108,0.01,4.1,4.2,4.29,63.0,-9.0,957.9,-0.9659258262890684,0.2588190451025203,0.321057654185271,0.9470596510722283
validation_selection,2026-01-18T18:00:00+00:00,2026-01-18T12:00:00+00:00,2026-01-19T20:00:00+00:00,2026-01-20T01:00:00+05:00,24,26.0,2d9f5d28b9ecaffe68de8a6e7c6591ab086e5f313227ca593b72c7561072f5ae,0.01,2.11,2.17,2.21,64.0,-9.4,958.6,-0.8660254037844386,0.5000000000000001,0.321057654185271,0.9470596510722283
validation_selection,2026-01-17T18:00:00+00:00,2026-01-17T12:00:00+00:00,2026-01-19T20:00:00+00:00,2026-01-20T01:00:00+05:00,48,50.0,0ff0e7052daf4ebdafcb8b02f4eab0372eca883465281be86db5125a89d18108,0.01,4.25,4.36,4.45,63.0,-9.0,957.8,-0.8660254037844386,0.5000000000000001,0.321057654185271,0.9470596510722283
validation_selection,2026-01-19T00:00:00+00:00,2026-01-18T18:00:00+00:00,2026-01-19T21:00:00+00:00,2026-01-20T02:00:00+05:00,24,21.0,953e78bd98c45d17c32c0f048ca0b9cdd8d9d0874fcc651189d353dc156a9c3a,0.008333333333333333,2.73,2.8,2.86,66.0,-9.2,958.6,-0.7071067811865477,0.7071067811865474,0.321057654185271,0.9470596510722283
validation_selection,2026-01-18T00:00:00+00:00,2026-01-17T18:00:00+00:00,2026-01-19T21:00:00+00:00,2026-01-20T02:00:00+05:00,48,45.0,27ed0f154bd9af2779d191cc827f735b5790d19312b611308c6dfc3361b5af3a,0.008333333333333333,3.95,4.05,4.14,66.0,-8.9,957.9,-0.7071067811865477,0.7071067811865474,0.321057654185271,0.9470596510722283
validation_selection,2026-01-19T00:00:00+00:00,2026-01-18T18:00:00+00:00,2026-01-19T22:00:00+00:00,2026-01-20T03:00:00+05:00,24,22.0,953e78bd98c45d17c32c0f048ca0b9cdd8d9d0874fcc651189d353dc156a9c3a,0.01,2.02,2.07,2.11,70.0,-8.9,958.9,-0.5000000000000004,0.8660254037844384,0.321057654185271,0.9470596510722283
validation_selection,2026-01-18T00:00:00+00:00,2026-01-17T18:00:00+00:00,2026-01-19T22:00:00+00:00,2026-01-20T03:00:00+05:00,48,46.0,27ed0f154bd9af2779d191cc827f735b5790d19312b611308c6dfc3361b5af3a,0.01,3.93,4.03,4.11,67.0,-8.8,957.9,-0.5000000000000004,0.8660254037844384,0.321057654185271,0.9470596510722283
validation_selection,2026-01-19T00:00:00+00:00,2026-01-18T18:00:00+00:00,2026-01-19T23:00:00+00:00,2026-01-20T04:00:00+05:00,24,23.0,953e78bd98c45d17c32c0f048ca0b9cdd8d9d0874fcc651189d353dc156a9c3a,0.011666666666666667,1.37,1.4,1.43,86.0,-8.4,958.9,-0.25881904510252157,0.9659258262890681,0.321057654185271,0.9470596510722283
validation_selection,2026-01-18T00:00:00+00:00,2026-01-17T18:00:00+00:00,2026-01-19T23:00:00+00:00,2026-01-20T04:00:00+05:00,48,47.0,27ed0f154bd9af2779d191cc827f735b5790d19312b611308c6dfc3361b5af3a,0.011666666666666667,3.44,3.53,3.6,69.0,-9.0,958.0,-0.25881904510252157,0.9659258262890681,0.321057654185271,0.9470596510722283
validation_selection,2026-01-19T00:00:00+00:00,2026-01-18T18:00:00+00:00,2026-01-20T00:00:00+00:00,2026-01-20T05:00:00+05:00,24,24.0,953e78bd98c45d17c32c0f048ca0b9cdd8d9d0874fcc651189d353dc156a9c3a,0.075,1.51,1.55,1.58,75.0,-9.2,958.8,0.0,1.0,0.3373010691361842,0.9413968285264122
validation_selection,2026-01-18T00:00:00+00:00,2026-01-17T18:00:00+00:00,2026-01-20T00:00:00+00:00,2026-01-20T05:00:00+05:00,48,48.0,27ed0f154bd9af2779d191cc827f735b5790d19312b611308c6dfc3361b5af3a,0.075,2.48,2.55,2.6,79.0,-8.5,958.6,0.0,1.0,0.3373010691361842,0.9413968285264122
validation_selection,2026-01-19T00:00:00+00:00,2026-01-18T18:00:00+00:00,2026-01-20T01:00:00+00:00,2026-01-20T06:00:00+05:00,24,25.0,953e78bd98c45d17c32c0f048ca0b9cdd8d9d0874fcc651189d353dc156a9c3a,0.02,1.79,1.83,1.87,79.0,-8.9,959.1,0.25881904510252074,0.9659258262890683,0.3373010691361842,0.9413968285264122
validation_selection,2026-01-18T00:00:00+00:00,2026-01-17T18:00:00+00:00,2026-01-20T01:00:00+00:00,2026-01-20T06:00:00+05:00,48,49.0,27ed0f154bd9af2779d191cc827f735b5790d19312b611308c6dfc3361b5af3a,0.02,1.34,1.37,1.4,100.0,-8.3,959.2,0.25881904510252074,0.9659258262890683,0.3373010691361842,0.9413968285264122
validation_selection,2026-01-19T00:00:00+00:00,2026-01-18T18:00:00+00:00,2026-01-20T02:00:00+00:00,2026-01-20T07:00:00+05:00,24,26.0,953e78bd98c45d17c32c0f048ca0b9cdd8d9d0874fcc651189d353dc156a9c3a,0.01,1.22,1.25,1.28,74.0,-9.2,959.4,0.49999999999999994,0.8660254037844387,0.3373010691361842,0.9413968285264122
validation_selection,2026-01-18T00:00:00+00:00,2026-01-17T18:00:00+00:00,2026-01-20T02:00:00+00:00,2026-01-20T07:00:00+05:00,48,50.0,27ed0f154bd9af2779d191cc827f735b5790d19312b611308c6dfc3361b5af3a,0.01,0.52,0.53,0.54,139.0,-8.3,959.6,0.49999999999999994,0.8660254037844387,0.3373010691361842,0.9413968285264122
validation_selection,2026-01-19T06:00:00+00:00,2026-01-19T00:00:00+00:00,2026-01-20T03:00:00+00:00,2026-01-20T08:00:00+05:00,24,21.0,d64af6bd884fe8ec9341e340e3d0f906e781a5c064f6e0e6260f4624cac9ea5b,0.008333333333333333,0.68,0.7,0.72,356.0,-8.8,960.1,0.7071067811865476,0.7071067811865476,0.3373010691361842,0.9413968285264122
validation_selection,2026-01-18T06:00:00+00:00,2026-01-18T00:00:00+00:00,2026-01-20T03:00:00+00:00,2026-01-20T08:00:00+05:00,48,45.0,4437866d055c6fcea932fde5c3a1ab8fcac5efcd5595486e166adc1ac296a099,0.008333333333333333,1.28,1.31,1.34,108.0,-7.5,959.2,0.7071067811865476,0.7071067811865476,0.3373010691361842,0.9413968285264122
validation_selection,2026-01-19T06:00:00+00:00,2026-01-19T00:00:00+00:00,2026-01-20T04:00:00+00:00,2026-01-20T09:00:00+05:00,24,22.0,d64af6bd884fe8ec9341e340e3d0f906e781a5c064f6e0e6260f4624cac9ea5b,0.008333333333333333,0.25,0.25,0.26,259.0,-8.6,960.6,0.8660254037844386,0.5000000000000001,0.3373010691361842,0.9413968285264122
validation_selection,2026-01-18T06:00:00+00:00,2026-01-18T00:00:00+00:00,2026-01-20T04:00:00+00:00,2026-01-20T09:00:00+05:00,48,46.0,4437866d055c6fcea932fde5c3a1ab8fcac5efcd5595486e166adc1ac296a099,0.008333333333333333,0.35,0.36,0.37,196.0,-7.1,960.0,0.8660254037844386,0.5000000000000001,0.3373010691361842,0.9413968285264122
validation_selection,2026-01-19T06:00:00+00:00,2026-01-19T00:00:00+00:00,2026-01-20T05:00:00+00:00,2026-01-20T10:00:00+05:00,24,23.0,d64af6bd884fe8ec9341e340e3d0f906e781a5c064f6e0e6260f4624cac9ea5b,0.02,1.51,1.55,1.59,266.0,-6.3,961.2,0.9659258262890683,0.25881904510252074,0.3373010691361842,0.9413968285264122
validation_selection,2026-01-18T06:00:00+00:00,2026-01-18T00:00:00+00:00,2026-01-20T05:00:00+00:00,2026-01-20T10:00:00+05:00,48,47.0,4437866d055c6fcea932fde5c3a1ab8fcac5efcd5595486e166adc1ac296a099,0.02,1.0,1.03,1.05,247.0,-6.2,960.4,0.9659258262890683,0.25881904510252074,0.3373010691361842,0.9413968285264122
validation_selection,2026-01-19T06:00:00+00:00,2026-01-19T00:00:00+00:00,2026-01-20T06:00:00+00:00,2026-01-20T11:00:00+05:00,24,24.0,d64af6bd884fe8ec9341e340e3d0f906e781a5c064f6e0e6260f4624cac9ea5b,0.06,2.47,2.53,2.59,285.0,-4.8,961.5,1.0,6.123233995736766e-17,0.3373010691361842,0.9413968285264122
validation_selection,2026-01-18T06:00:00+00:00,2026-01-18T00:00:00+00:00,2026-01-20T06:00:00+00:00,2026-01-20T11:00:00+05:00,48,48.0,4437866d055c6fcea932fde5c3a1ab8fcac5efcd5595486e166adc1ac296a099,0.06,1.66,1.7,1.74,242.0,-4.8,960.5,1.0,6.123233995736766e-17,0.3373010691361842,0.9413968285264122
validation_selection,2026-01-19T06:00:00+00:00,2026-01-19T00:00:00+00:00,2026-01-20T07:00:00+00:00,2026-01-20T12:00:00+05:00,24,25.0,d64af6bd884fe8ec9341e340e3d0f906e781a5c064f6e0e6260f4624cac9ea5b,0.011666666666666667,2.3,2.35,2.4,274.0,-3.8,960.8,0.9659258262890683,-0.25881904510252063,0.3373010691361842,0.9413968285264122
validation_selection,2026-01-18T06:00:00+00:00,2026-01-18T00:00:00+00:00,2026-01-20T07:00:00+00:00,2026-01-20T12:00:00+05:00,48,49.0,4437866d055c6fcea932fde5c3a1ab8fcac5efcd5595486e166adc1ac296a099,0.011666666666666667,2.07,2.13,2.17,240.0,-4.2,959.8,0.9659258262890683,-0.25881904510252063,0.3373010691361842,0.9413968285264122
validation_selection,2026-01-19T06:00:00+00:00,2026-01-19T00:00:00+00:00,2026-01-20T08:00:00+00:00,2026-01-20T13:00:00+05:00,24,26.0,d64af6bd884fe8ec9341e340e3d0f906e781a5c064f6e0e6260f4624cac9ea5b,0.03333333333333333,2.25,2.3,2.35,283.0,-3.1,960.2,0.8660254037844387,-0.4999999999999998,0.3373010691361842,0.9413968285264122
validation_selection,2026-01-18T06:00:00+00:00,2026-01-18T00:00:00+00:00,2026-01-20T08:00:00+00:00,2026-01-20T13:00:00+05:00,48,50.0,4437866d055c6fcea932fde5c3a1ab8fcac5efcd5595486e166adc1ac296a099,0.03333333333333333,2.18,2.24,2.28,243.0,-3.0,959.5,0.8660254037844387,-0.4999999999999998,0.3373010691361842,0.9413968285264122
validation_selection,2026-01-19T12:00:00+00:00,2026-01-19T06:00:00+00:00,2026-01-20T09:00:00+00:00,2026-01-20T14:00:00+05:00,24,21.0,ca344b0d900f5e1b868dfd64dd41e6eee547ef914338ce1ad3eef5a9714bd999,0.08333333333333333,2.5,2.57,2.62,263.0,-3.1,960.1,0.7071067811865476,-0.7071067811865475,0.3373010691361842,0.9413968285264122
validation_selection,2026-01-18T12:00:00+00:00,2026-01-18T06:00:00+00:00,2026-01-20T09:00:00+00:00,2026-01-20T14:00:00+05:00,48,45.0,5ce8a70b460241c5959d0394af8b190302bb2fb7b573bc85f5332d7c8676f27d,0.08333333333333333,2.61,2.68,2.74,256.0,-2.2,959.2,0.7071067811865476,-0.7071067811865475,0.3373010691361842,0.9413968285264122
validation_selection,2026-01-19T12:00:00+00:00,2026-01-19T06:00:00+00:00,2026-01-20T10:00:00+00:00,2026-01-20T15:00:00+05:00,24,22.0,ca344b0d900f5e1b868dfd64dd41e6eee547ef914338ce1ad3eef5a9714bd999,0.04,2.24,2.3,2.35,270.0,-3.5,960.0,0.49999999999999994,-0.8660254037844387,0.3373010691361842,0.9413968285264122
validation_selection,2026-01-18T12:00:00+00:00,2026-01-18T06:00:00+00:00,2026-01-20T10:00:00+00:00,2026-01-20T15:00:00+05:00,48,46.0,5ce8a70b460241c5959d0394af8b190302bb2fb7b573bc85f5332d7c8676f27d,0.04,2.6,2.67,2.72,283.0,-2.6,958.9,0.49999999999999994,-0.8660254037844387,0.3373010691361842,0.9413968285264122
validation_selection,2026-01-19T12:00:00+00:00,2026-01-19T06:00:00+00:00,2026-01-20T11:00:00+00:00,2026-01-20T16:00:00+05:00,24,23.0,ca344b0d900f5e1b868dfd64dd41e6eee547ef914338ce1ad3eef5a9714bd999,0.016666666666666666,2.33,2.39,2.44,299.0,-5.3,959.8,0.258819045102521,-0.9659258262890682,0.3373010691361842,0.9413968285264122
validation_selection,2026-01-18T12:00:00+00:00,2026-01-18T06:00:00+00:00,2026-01-20T11:00:00+00:00,2026-01-20T16:00:00+05:00,48,47.0,5ce8a70b460241c5959d0394af8b190302bb2fb7b573bc85f5332d7c8676f27d,0.016666666666666666,3.39,3.48,3.55,286.0,-4.4,958.7,0.258819045102521,-0.9659258262890682,0.3373010691361842,0.9413968285264122
validation_selection,2026-01-19T12:00:00+00:00,2026-01-19T06:00:00+00:00,2026-01-20T12:00:00+00:00,2026-01-20T17:00:00+05:00,24,24.0,ca344b0d900f5e1b868dfd64dd41e6eee547ef914338ce1ad3eef5a9714bd999,0.008333333333333333,1.53,1.57,1.6,307.0,-7.8,959.3,1.2246467991473532e-16,-1.0,0.3373010691361842,0.9413968285264122
validation_selection,2026-01-18T12:00:00+00:00,2026-01-18T06:00:00+00:00,2026-01-20T12:00:00+00:00,2026-01-20T17:00:00+05:00,48,48.0,5ce8a70b460241c5959d0394af8b190302bb2fb7b573bc85f5332d7c8676f27d,0.008333333333333333,3.35,3.43,3.5,283.0,-6.8,958.5,1.2246467991473532e-16,-1.0,0.3373010691361842,0.9413968285264122
validation_selection,2026-01-19T12:00:00+00:00,2026-01-19T06:00:00+00:00,2026-01-20T13:00:00+00:00,2026-01-20T18:00:00+05:00,24,25.0,ca344b0d900f5e1b868dfd64dd41e6eee547ef914338ce1ad3eef5a9714bd999,0.01,1.21,1.24,1.26,346.0,-8.1,959.4,-0.2588190451025208,-0.9659258262890683,0.3373010691361842,0.9413968285264122
validation_selection,2026-01-18T12:00:00+00:00,2026-01-18T06:00:00+00:00,2026-01-20T13:00:00+00:00,2026-01-20T18:00:00+05:00,48,49.0,5ce8a70b460241c5959d0394af8b190302bb2fb7b573bc85f5332d7c8676f27d,0.01,2.32,2.38,2.43,278.0,-7.7,958.4,-0.2588190451025208,-0.9659258262890683,0.3373010691361842,0.9413968285264122
validation_selection,2026-01-19T12:00:00+00:00,2026-01-19T06:00:00+00:00,2026-01-20T14:00:00+00:00,2026-01-20T19:00:00+05:00,24,26.0,ca344b0d900f5e1b868dfd64dd41e6eee547ef914338ce1ad3eef5a9714bd999,0.01,1.56,1.6,1.63,20.0,-8.7,959.2,-0.4999999999999997,-0.8660254037844388,0.3373010691361842,0.9413968285264122
validation_selection,2026-01-18T12:00:00+00:00,2026-01-18T06:00:00+00:00,2026-01-20T14:00:00+00:00,2026-01-20T19:00:00+05:00,48,50.0,5ce8a70b460241c5959d0394af8b190302bb2fb7b573bc85f5332d7c8676f27d,0.01,1.62,1.66,1.7,303.0,-7.7,958.3,-0.4999999999999997,-0.8660254037844388,0.3373010691361842,0.9413968285264122
validation_selection,2026-01-19T18:00:00+00:00,2026-01-19T12:00:00+00:00,2026-01-20T15:00:00+00:00,2026-01-20T20:00:00+05:00,24,21.0,7ce2f8c63adc4e0e9de7f1f8d3a10fdadec8b83e397c319f0b198247af521b18,0.01,1.57,1.61,1.65,30.0,-8.9,959.2,-0.7071067811865471,-0.7071067811865479,0.3373010691361842,0.9413968285264122
validation_selection,2026-01-18T18:00:00+00:00,2026-01-18T12:00:00+00:00,2026-01-20T15:00:00+00:00,2026-01-20T20:00:00+05:00,48,45.0,2d9f5d28b9ecaffe68de8a6e7c6591ab086e5f313227ca593b72c7561072f5ae,0.01,2.35,2.41,2.46,42.0,-8.2,957.9,-0.7071067811865471,-0.7071067811865479,0.3373010691361842,0.9413968285264122
validation_selection,2026-01-19T18:00:00+00:00,2026-01-19T12:00:00+00:00,2026-01-20T16:00:00+00:00,2026-01-20T21:00:00+05:00,24,22.0,7ce2f8c63adc4e0e9de7f1f8d3a10fdadec8b83e397c319f0b198247af521b18,0.01,2.8,2.87,2.93,55.0,-9.0,958.9,-0.8660254037844385,-0.5000000000000004,0.3373010691361842,0.9413968285264122
validation_selection,2026-01-18T18:00:00+00:00,2026-01-18T12:00:00+00:00,2026-01-20T16:00:00+00:00,2026-01-20T21:00:00+05:00,48,46.0,2d9f5d28b9ecaffe68de8a6e7c6591ab086e5f313227ca593b72c7561072f5ae,0.01,3.03,3.11,3.17,53.0,-7.9,957.9,-0.8660254037844385,-0.5000000000000004,0.3373010691361842,0.9413968285264122
validation_selection,2026-01-19T18:00:00+00:00,2026-01-19T12:00:00+00:00,2026-01-20T17:00:00+00:00,2026-01-20T22:00:00+05:00,24,23.0,7ce2f8c63adc4e0e9de7f1f8d3a10fdadec8b83e397c319f0b198247af521b18,0.034999999999999996,4.48,4.6,4.69,59.0,-9.4,958.7,-0.9659258262890683,-0.25881904510252063,0.3373010691361842,0.9413968285264122
validation_selection,2026-01-18T18:00:00+00:00,2026-01-18T12:00:00+00:00,2026-01-20T17:00:00+00:00,2026-01-20T22:00:00+05:00,48,47.0,2d9f5d28b9ecaffe68de8a6e7c6591ab086e5f313227ca593b72c7561072f5ae,0.034999999999999996,4.2,4.31,4.4,58.0,-9.2,957.6,-0.9659258262890683,-0.25881904510252063,0.3373010691361842,0.9413968285264122
validation_selection,2026-01-19T18:00:00+00:00,2026-01-19T12:00:00+00:00,2026-01-20T18:00:00+00:00,2026-01-20T23:00:00+05:00,24,24.0,7ce2f8c63adc4e0e9de7f1f8d3a10fdadec8b83e397c319f0b198247af521b18,0.16,5.63,5.78,5.9,60.0,-9.4,958.7,-1.0,-1.8369701987210297e-16,0.3373010691361842,0.9413968285264122
validation_selection,2026-01-18T18:00:00+00:00,2026-01-18T12:00:00+00:00,2026-01-20T18:00:00+00:00,2026-01-20T23:00:00+05:00,48,48.0,2d9f5d28b9ecaffe68de8a6e7c6591ab086e5f313227ca593b72c7561072f5ae,0.16,5.22,5.35,5.46,60.0,-8.8,957.6,-1.0,-1.8369701987210297e-16,0.3373010691361842,0.9413968285264122
validation_selection,2026-01-19T18:00:00+00:00,2026-01-19T12:00:00+00:00,2026-01-20T19:00:00+00:00,2026-01-21T00:00:00+05:00,24,25.0,7ce2f8c63adc4e0e9de7f1f8d3a10fdadec8b83e397c319f0b198247af521b18,0.26333333333333336,5.98,6.14,6.27,60.0,-10.1,958.2,-0.9659258262890684,0.2588190451025203,0.3373010691361842,0.9413968285264122
validation_selection,2026-01-18T18:00:00+00:00,2026-01-18T12:00:00+00:00,2026-01-20T19:00:00+00:00,2026-01-21T00:00:00+05:00,48,49.0,2d9f5d28b9ecaffe68de8a6e7c6591ab086e5f313227ca593b72c7561072f5ae,0.26333333333333336,5.62,5.76,5.88,59.0,-9.5,957.1,-0.9659258262890684,0.2588190451025203,0.3373010691361842,0.9413968285264122
validation_selection,2026-01-19T18:00:00+00:00,2026-01-19T12:00:00+00:00,2026-01-20T20:00:00+00:00,2026-01-21T01:00:00+05:00,24,26.0,7ce2f8c63adc4e0e9de7f1f8d3a10fdadec8b83e397c319f0b198247af521b18,0.2966666666666667,6.7,6.87,7.01,58.0,-9.8,957.8,-0.8660254037844386,0.5000000000000001,0.3373010691361842,0.9413968285264122
validation_selection,2026-01-18T18:00:00+00:00,2026-01-18T12:00:00+00:00,2026-01-20T20:00:00+00:00,2026-01-21T01:00:00+05:00,48,50.0,2d9f5d28b9ecaffe68de8a6e7c6591ab086e5f313227ca593b72c7561072f5ae,0.2966666666666667,6.29,6.46,6.59,59.0,-9.2,956.9,-0.8660254037844386,0.5000000000000001,0.3373010691361842,0.9413968285264122
validation_selection,2026-01-20T00:00:00+00:00,2026-01-19T18:00:00+00:00,2026-01-20T21:00:00+00:00,2026-01-21T02:00:00+05:00,24,21.0,bb993402f42362af285ad90d6f04c26f0d0c45c358ebae2c98f85d89f49cd6d2,0.44,7.08,7.26,7.41,59.0,-10.1,957.2,-0.7071067811865477,0.7071067811865474,0.3373010691361842,0.9413968285264122
validation_selection,2026-01-19T00:00:00+00:00,2026-01-18T18:00:00+00:00,2026-01-20T21:00:00+00:00,2026-01-21T02:00:00+05:00,48,45.0,953e78bd98c45d17c32c0f048ca0b9cdd8d9d0874fcc651189d353dc156a9c3a,0.44,6.68,6.85,6.99,60.0,-9.4,956.6,-0.7071067811865477,0.7071067811865474,0.3373010691361842,0.9413968285264122
validation_selection,2026-01-20T00:00:00+00:00,2026-01-19T18:00:00+00:00,2026-01-20T22:00:00+00:00,2026-01-21T03:00:00+05:00,24,22.0,bb993402f42362af285ad90d6f04c26f0d0c45c358ebae2c98f85d89f49cd6d2,0.6516666666666667,7.79,7.99,8.16,60.0,-10.0,956.4,-0.5000000000000004,0.8660254037844384,0.3373010691361842,0.9413968285264122
validation_selection,2026-01-19T00:00:00+00:00,2026-01-18T18:00:00+00:00,2026-01-20T22:00:00+00:00,2026-01-21T03:00:00+05:00,48,46.0,953e78bd98c45d17c32c0f048ca0b9cdd8d9d0874fcc651189d353dc156a9c3a,0.6516666666666667,7.28,7.47,7.63,61.0,-9.5,955.9,-0.5000000000000004,0.8660254037844384,0.3373010691361842,0.9413968285264122
validation_selection,2026-01-20T00:00:00+00:00,2026-01-19T18:00:00+00:00,2026-01-20T23:00:00+00:00,2026-01-21T04:00:00+05:00,24,23.0,bb993402f42362af285ad90d6f04c26f0d0c45c358ebae2c98f85d89f49cd6d2,0.835,8.39,8.61,8.79,63.0,-10.1,955.7,-0.25881904510252157,0.9659258262890681,0.3373010691361842,0.9413968285264122
validation_selection,2026-01-19T00:00:00+00:00,2026-01-18T18:00:00+00:00,2026-01-20T23:00:00+00:00,2026-01-21T04:00:00+05:00,48,47.0,953e78bd98c45d17c32c0f048ca0b9cdd8d9d0874fcc651189d353dc156a9c3a,0.835,7.78,7.98,8.15,64.0,-9.6,955.3,-0.25881904510252157,0.9659258262890681,0.3373010691361842,0.9413968285264122
validation_selection,2026-01-20T00:00:00+00:00,2026-01-19T18:00:00+00:00,2026-01-21T00:00:00+00:00,2026-01-21T05:00:00+05:00,24,24.0,bb993402f42362af285ad90d6f04c26f0d0c45c358ebae2c98f85d89f49cd6d2,0.945,8.66,8.88,9.06,65.0,-9.9,955.6,0.0,1.0,0.3534446712740877,0.9354554315134164
validation_selection,2026-01-19T00:00:00+00:00,2026-01-18T18:00:00+00:00,2026-01-21T00:00:00+00:00,2026-01-21T05:00:00+05:00,48,48.0,953e78bd98c45d17c32c0f048ca0b9cdd8d9d0874fcc651189d353dc156a9c3a,0.945,8.19,8.41,8.58,64.0,-9.6,955.1,0.0,1.0,0.3534446712740877,0.9354554315134164
validation_selection,2026-01-20T00:00:00+00:00,2026-01-19T18:00:00+00:00,2026-01-21T01:00:00+00:00,2026-01-21T06:00:00+05:00,24,25.0,bb993402f42362af285ad90d6f04c26f0d0c45c358ebae2c98f85d89f49cd6d2,0.8866666666666667,8.51,8.73,8.91,66.0,-9.8,955.6,0.25881904510252074,0.9659258262890683,0.3534446712740877,0.9354554315134164
validation_selection,2026-01-19T00:00:00+00:00,2026-01-18T18:00:00+00:00,2026-01-21T01:00:00+00:00,2026-01-21T06:00:00+05:00,48,49.0,953e78bd98c45d17c32c0f048ca0b9cdd8d9d0874fcc651189d353dc156a9c3a,0.8866666666666667,8.35,8.57,8.75,66.0,-9.4,955.1,0.25881904510252074,0.9659258262890683,0.3534446712740877,0.9354554315134164
validation_selection,2026-01-20T00:00:00+00:00,2026-01-19T18:00:00+00:00,2026-01-21T02:00:00+00:00,2026-01-21T07:00:00+05:00,24,26.0,bb993402f42362af285ad90d6f04c26f0d0c45c358ebae2c98f85d89f49cd6d2,0.9816666666666666,8.46,8.68,8.86,66.0,-9.7,955.7,0.49999999999999994,0.8660254037844387,0.3534446712740877,0.9354554315134164
validation_selection,2026-01-19T00:00:00+00:00,2026-01-18T18:00:00+00:00,2026-01-21T02:00:00+00:00,2026-01-21T07:00:00+05:00,48,50.0,953e78bd98c45d17c32c0f048ca0b9cdd8d9d0874fcc651189d353dc156a9c3a,0.9816666666666666,8.15,8.36,8.53,67.0,-9.4,955.1,0.49999999999999994,0.8660254037844387,0.3534446712740877,0.9354554315134164
validation_selection,2026-01-20T06:00:00+00:00,2026-01-20T00:00:00+00:00,2026-01-21T03:00:00+00:00,2026-01-21T08:00:00+05:00,24,21.0,7f6a0d8284eab42ed1930d6be36b8c45a23454843f1d492cc4dede65dfe40e5b,0.9866666666666667,8.64,8.86,9.04,65.0,-8.9,956.1,0.7071067811865476,0.7071067811865476,0.3534446712740877,0.9354554315134164
validation_selection,2026-01-19T06:00:00+00:00,2026-01-19T00:00:00+00:00,2026-01-21T03:00:00+00:00,2026-01-21T08:00:00+05:00,48,45.0,d64af6bd884fe8ec9341e340e3d0f906e781a5c064f6e0e6260f4624cac9ea5b,0.9866666666666667,8.58,8.8,8.99,67.0,-8.3,955.3,0.7071067811865476,0.7071067811865476,0.3534446712740877,0.9354554315134164
validation_selection,2026-01-20T06:00:00+00:00,2026-01-20T00:00:00+00:00,2026-01-21T04:00:00+00:00,2026-01-21T09:00:00+05:00,24,22.0,7f6a0d8284eab42ed1930d6be36b8c45a23454843f1d492cc4dede65dfe40e5b,0.9899999999999999,8.49,8.71,8.89,66.0,-6.8,956.1,0.8660254037844386,0.5000000000000001,0.3534446712740877,0.9354554315134164
validation_selection,2026-01-19T06:00:00+00:00,2026-01-19T00:00:00+00:00,2026-01-21T04:00:00+00:00,2026-01-21T09:00:00+05:00,48,46.0,d64af6bd884fe8ec9341e340e3d0f906e781a5c064f6e0e6260f4624cac9ea5b,0.9899999999999999,8.85,9.08,9.27,65.0,-6.3,955.5,0.8660254037844386,0.5000000000000001,0.3534446712740877,0.9354554315134164
validation_selection,2026-01-20T06:00:00+00:00,2026-01-20T00:00:00+00:00,2026-01-21T05:00:00+00:00,2026-01-21T10:00:00+05:00,24,23.0,7f6a0d8284eab42ed1930d6be36b8c45a23454843f1d492cc4dede65dfe40e5b,0.9333333333333332,9.77,10.02,10.23,61.0,-5.2,955.8,0.9659258262890683,0.25881904510252074,0.3534446712740877,0.9354554315134164
validation_selection,2026-01-19T06:00:00+00:00,2026-01-19T00:00:00+00:00,2026-01-21T05:00:00+00:00,2026-01-21T10:00:00+05:00,48,47.0,d64af6bd884fe8ec9341e340e3d0f906e781a5c064f6e0e6260f4624cac9ea5b,0.9333333333333332,9.16,9.4,9.6,61.0,-4.1,955.5,0.9659258262890683,0.25881904510252074,0.3534446712740877,0.9354554315134164
validation_selection,2026-01-20T06:00:00+00:00,2026-01-20T00:00:00+00:00,2026-01-21T06:00:00+00:00,2026-01-21T11:00:00+05:00,24,24.0,7f6a0d8284eab42ed1930d6be36b8c45a23454843f1d492cc4dede65dfe40e5b,0.9883333333333333,10.45,10.72,10.94,57.0,-3.5,954.8,1.0,6.123233995736766e-17,0.3534446712740877,0.9354554315134164
validation_selection,2026-01-19T06:00:00+00:00,2026-01-19T00:00:00+00:00,2026-01-21T06:00:00+00:00,2026-01-21T11:00:00+05:00,48,48.0,d64af6bd884fe8ec9341e340e3d0f906e781a5c064f6e0e6260f4624cac9ea5b,0.9883333333333333,8.93,9.16,9.35,54.0,-2.2,954.7,1.0,6.123233995736766e-17,0.3534446712740877,0.9354554315134164
validation_selection,2026-01-20T06:00:00+00:00,2026-01-20T00:00:00+00:00,2026-01-21T07:00:00+00:00,2026-01-21T12:00:00+05:00,24,25.0,7f6a0d8284eab42ed1930d6be36b8c45a23454843f1d492cc4dede65dfe40e5b,0.9899999999999999,9.7,9.96,10.16,51.0,-1.9,953.8,0.9659258262890683,-0.25881904510252063,0.3534446712740877,0.9354554315134164
validation_selection,2026-01-19T06:00:00+00:00,2026-01-19T00:00:00+00:00,2026-01-21T07:00:00+00:00,2026-01-21T12:00:00+05:00,48,49.0,d64af6bd884fe8ec9341e340e3d0f906e781a5c064f6e0e6260f4624cac9ea5b,0.9899999999999999,8.9,9.13,9.32,51.0,-0.9,953.6,0.9659258262890683,-0.25881904510252063,0.3534446712740877,0.9354554315134164
validation_selection,2026-01-20T06:00:00+00:00,2026-01-20T00:00:00+00:00,2026-01-21T08:00:00+00:00,2026-01-21T13:00:00+05:00,24,26.0,7f6a0d8284eab42ed1930d6be36b8c45a23454843f1d492cc4dede65dfe40e5b,0.9899999999999999,9.72,9.97,10.18,52.0,-1.2,952.4,0.8660254037844387,-0.4999999999999998,0.3534446712740877,0.9354554315134164
validation_selection,2026-01-19T06:00:00+00:00,2026-01-19T00:00:00+00:00,2026-01-21T08:00:00+00:00,2026-01-21T13:00:00+05:00,48,50.0,d64af6bd884fe8ec9341e340e3d0f906e781a5c064f6e0e6260f4624cac9ea5b,0.9899999999999999,8.63,8.86,9.04,49.0,0.2,952.9,0.8660254037844387,-0.4999999999999998,0.3534446712740877,0.9354554315134164
validation_selection,2026-01-20T12:00:00+00:00,2026-01-20T06:00:00+00:00,2026-01-21T09:00:00+00:00,2026-01-21T14:00:00+05:00,24,21.0,00e6ea5aa0fe8c86a35cda6d989c456129d4bee34c4a79719f1972a498cf0eea,0.9866666666666667,9.69,9.95,10.15,55.0,0.3,951.4,0.7071067811865476,-0.7071067811865475,0.3534446712740877,0.9354554315134164
validation_selection,2026-01-19T12:00:00+00:00,2026-01-19T06:00:00+00:00,2026-01-21T09:00:00+00:00,2026-01-21T14:00:00+05:00,48,45.0,ca344b0d900f5e1b868dfd64dd41e6eee547ef914338ce1ad3eef5a9714bd999,0.9866666666666667,9.59,9.83,10.04,55.0,0.6,951.9,0.7071067811865476,-0.7071067811865475,0.3534446712740877,0.9354554315134164
validation_selection,2026-01-20T12:00:00+00:00,2026-01-20T06:00:00+00:00,2026-01-21T10:00:00+00:00,2026-01-21T15:00:00+05:00,24,22.0,00e6ea5aa0fe8c86a35cda6d989c456129d4bee34c4a79719f1972a498cf0eea,0.975,9.12,9.36,9.55,59.0,-0.1,951.1,0.49999999999999994,-0.8660254037844387,0.3534446712740877,0.9354554315134164
validation_selection,2026-01-19T12:00:00+00:00,2026-01-19T06:00:00+00:00,2026-01-21T10:00:00+00:00,2026-01-21T15:00:00+05:00,48,46.0,ca344b0d900f5e1b868dfd64dd41e6eee547ef914338ce1ad3eef5a9714bd999,0.975,9.27,9.51,9.71,57.0,0.2,951.3,0.49999999999999994,-0.8660254037844387,0.3534446712740877,0.9354554315134164
validation_selection,2026-01-20T12:00:00+00:00,2026-01-20T06:00:00+00:00,2026-01-21T11:00:00+00:00,2026-01-21T16:00:00+05:00,24,23.0,00e6ea5aa0fe8c86a35cda6d989c456129d4bee34c4a79719f1972a498cf0eea,0.985,8.12,8.33,8.5,61.0,-1.6,950.8,0.258819045102521,-0.9659258262890682,0.3534446712740877,0.9354554315134164
validation_selection,2026-01-19T12:00:00+00:00,2026-01-19T06:00:00+00:00,2026-01-21T11:00:00+00:00,2026-01-21T16:00:00+05:00,48,47.0,ca344b0d900f5e1b868dfd64dd41e6eee547ef914338ce1ad3eef5a9714bd999,0.985,8.42,8.64,8.82,61.0,-1.4,951.0,0.258819045102521,-0.9659258262890682,0.3534446712740877,0.9354554315134164
validation_selection,2026-01-20T12:00:00+00:00,2026-01-20T06:00:00+00:00,2026-01-21T12:00:00+00:00,2026-01-21T17:00:00+05:00,24,24.0,00e6ea5aa0fe8c86a35cda6d989c456129d4bee34c4a79719f1972a498cf0eea,0.9866666666666667,6.58,6.75,6.89,65.0,-4.5,949.9,1.2246467991473532e-16,-1.0,0.3534446712740877,0.9354554315134164
validation_selection,2026-01-19T12:00:00+00:00,2026-01-19T06:00:00+00:00,2026-01-21T12:00:00+00:00,2026-01-21T17:00:00+05:00,48,48.0,ca344b0d900f5e1b868dfd64dd41e6eee547ef914338ce1ad3eef5a9714bd999,0.9866666666666667,7.11,7.29,7.44,64.0,-3.8,950.1,1.2246467991473532e-16,-1.0,0.3534446712740877,0.9354554315134164
validation_selection,2026-01-20T12:00:00+00:00,2026-01-20T06:00:00+00:00,2026-01-21T13:00:00+00:00,2026-01-21T18:00:00+05:00,24,25.0,00e6ea5aa0fe8c86a35cda6d989c456129d4bee34c4a79719f1972a498cf0eea,0.2816666666666667,5.81,5.96,6.08,71.0,-6.3,949.2,-0.2588190451025208,-0.9659258262890683,0.3534446712740877,0.9354554315134164
validation_selection,2026-01-19T12:00:00+00:00,2026-01-19T06:00:00+00:00,2026-01-21T13:00:00+00:00,2026-01-21T18:00:00+05:00,48,49.0,ca344b0d900f5e1b868dfd64dd41e6eee547ef914338ce1ad3eef5a9714bd999,0.2816666666666667,6.73,6.9,7.04,67.0,-5.5,949.5,-0.2588190451025208,-0.9659258262890683,0.3534446712740877,0.9354554315134164
validation_selection,2026-01-20T12:00:00+00:00,2026-01-20T06:00:00+00:00,2026-01-21T14:00:00+00:00,2026-01-21T19:00:00+05:00,24,26.0,00e6ea5aa0fe8c86a35cda6d989c456129d4bee34c4a79719f1972a498cf0eea,0.05333333333333334,6.59,6.76,6.9,69.0,-6.4,948.1,-0.4999999999999997,-0.8660254037844388,0.3534446712740877,0.9354554315134164
validation_selection,2026-01-19T12:00:00+00:00,2026-01-19T06:00:00+00:00,2026-01-21T14:00:00+00:00,2026-01-21T19:00:00+05:00,48,50.0,ca344b0d900f5e1b868dfd64dd41e6eee547ef914338ce1ad3eef5a9714bd999,0.05333333333333334,6.83,7.01,7.15,66.0,-6.5,948.5,-0.4999999999999997,-0.8660254037844388,0.3534446712740877,0.9354554315134164
validation_selection,2026-01-20T18:00:00+00:00,2026-01-20T12:00:00+00:00,2026-01-21T15:00:00+00:00,2026-01-21T20:00:00+05:00,24,21.0,106453e0c6d7261fe725322766d6c312ae489ae62661ffd8f261f82976b72eb4,0.17166666666666666,7.68,7.87,8.04,65.0,-6.1,947.5,-0.7071067811865471,-0.7071067811865479,0.3534446712740877,0.9354554315134164
validation_selection,2026-01-19T18:00:00+00:00,2026-01-19T12:00:00+00:00,2026-01-21T15:00:00+00:00,2026-01-21T20:00:00+05:00,48,45.0,7ce2f8c63adc4e0e9de7f1f8d3a10fdadec8b83e397c319f0b198247af521b18,0.17166666666666666,8.7,8.93,9.11,65.0,-5.5,947.3,-0.7071067811865471,-0.7071067811865479,0.3534446712740877,0.9354554315134164
validation_selection,2026-01-20T18:00:00+00:00,2026-01-20T12:00:00+00:00,2026-01-21T16:00:00+00:00,2026-01-21T21:00:00+05:00,24,22.0,106453e0c6d7261fe725322766d6c312ae489ae62661ffd8f261f82976b72eb4,0.19999999999999998,8.22,8.43,8.6,64.0,-5.7,946.7,-0.8660254037844385,-0.5000000000000004,0.3534446712740877,0.9354554315134164
validation_selection,2026-01-19T18:00:00+00:00,2026-01-19T12:00:00+00:00,2026-01-21T16:00:00+00:00,2026-01-21T21:00:00+05:00,48,46.0,7ce2f8c63adc4e0e9de7f1f8d3a10fdadec8b83e397c319f0b198247af521b18,0.19999999999999998,9.0,9.24,9.43,68.0,-5.2,947.0,-0.8660254037844385,-0.5000000000000004,0.3534446712740877,0.9354554315134164
validation_selection,2026-01-20T18:00:00+00:00,2026-01-20T12:00:00+00:00,2026-01-21T17:00:00+00:00,2026-01-21T22:00:00+05:00,24,23.0,106453e0c6d7261fe725322766d6c312ae489ae62661ffd8f261f82976b72eb4,0.15833333333333333,8.2,8.41,8.59,68.0,-5.7,945.8,-0.9659258262890683,-0.25881904510252063,0.3534446712740877,0.9354554315134164
validation_selection,2026-01-19T18:00:00+00:00,2026-01-19T12:00:00+00:00,2026-01-21T17:00:00+00:00,2026-01-21T22:00:00+05:00,48,47.0,7ce2f8c63adc4e0e9de7f1f8d3a10fdadec8b83e397c319f0b198247af521b18,0.15833333333333333,7.71,7.91,8.07,73.0,-5.5,945.9,-0.9659258262890683,-0.25881904510252063,0.3534446712740877,0.9354554315134164
validation_selection,2026-01-20T18:00:00+00:00,2026-01-20T12:00:00+00:00,2026-01-21T18:00:00+00:00,2026-01-21T23:00:00+05:00,24,24.0,106453e0c6d7261fe725322766d6c312ae489ae62661ffd8f261f82976b72eb4,0.315,8.08,8.29,8.46,67.0,-5.9,944.8,-1.0,-1.8369701987210297e-16,0.3534446712740877,0.9354554315134164
validation_selection,2026-01-19T18:00:00+00:00,2026-01-19T12:00:00+00:00,2026-01-21T18:00:00+00:00,2026-01-21T23:00:00+05:00,48,48.0,7ce2f8c63adc4e0e9de7f1f8d3a10fdadec8b83e397c319f0b198247af521b18,0.315,8.04,8.25,8.42,67.0,-5.2,945.3,-1.0,-1.8369701987210297e-16,0.3534446712740877,0.9354554315134164
validation_selection,2026-01-20T18:00:00+00:00,2026-01-20T12:00:00+00:00,2026-01-21T19:00:00+00:00,2026-01-22T00:00:00+05:00,24,25.0,106453e0c6d7261fe725322766d6c312ae489ae62661ffd8f261f82976b72eb4,0.47500000000000003,8.17,8.38,8.56,68.0,-5.5,945.0,-0.9659258262890684,0.2588190451025203,0.3534446712740877,0.9354554315134164
validation_selection,2026-01-19T18:00:00+00:00,2026-01-19T12:00:00+00:00,2026-01-21T19:00:00+00:00,2026-01-22T00:00:00+05:00,48,49.0,7ce2f8c63adc4e0e9de7f1f8d3a10fdadec8b83e397c319f0b198247af521b18,0.47500000000000003,8.17,8.39,8.56,69.0,-5.4,944.9,-0.9659258262890684,0.2588190451025203,0.3534446712740877,0.9354554315134164
validation_selection,2026-01-20T18:00:00+00:00,2026-01-20T12:00:00+00:00,2026-01-21T20:00:00+00:00,2026-01-22T01:00:00+05:00,24,26.0,106453e0c6d7261fe725322766d6c312ae489ae62661ffd8f261f82976b72eb4,0.52,7.02,7.21,7.35,75.0,-5.9,944.3,-0.8660254037844386,0.5000000000000001,0.3534446712740877,0.9354554315134164
validation_selection,2026-01-19T18:00:00+00:00,2026-01-19T12:00:00+00:00,2026-01-21T20:00:00+00:00,2026-01-22T01:00:00+05:00,48,50.0,7ce2f8c63adc4e0e9de7f1f8d3a10fdadec8b83e397c319f0b198247af521b18,0.52,8.02,8.22,8.39,70.0,-5.5,944.4,-0.8660254037844386,0.5000000000000001,0.3534446712740877,0.9354554315134164
validation_selection,2026-01-21T00:00:00+00:00,2026-01-20T18:00:00+00:00,2026-01-21T21:00:00+00:00,2026-01-22T02:00:00+05:00,24,21.0,3838710579eb73d1aaf869eeac07e5dba97aa4f574533ae71124b706bfca3e48,0.385,6.82,6.99,7.14,67.0,-5.6,944.6,-0.7071067811865477,0.7071067811865474,0.3534446712740877,0.9354554315134164
validation_selection,2026-01-20T00:00:00+00:00,2026-01-19T18:00:00+00:00,2026-01-21T21:00:00+00:00,2026-01-22T02:00:00+05:00,48,45.0,bb993402f42362af285ad90d6f04c26f0d0c45c358ebae2c98f85d89f49cd6d2,0.385,6.85,7.02,7.17,70.0,-5.6,944.4,-0.7071067811865477,0.7071067811865474,0.3534446712740877,0.9354554315134164
validation_selection,2026-01-21T00:00:00+00:00,2026-01-20T18:00:00+00:00,2026-01-21T22:00:00+00:00,2026-01-22T03:00:00+05:00,24,22.0,3838710579eb73d1aaf869eeac07e5dba97aa4f574533ae71124b706bfca3e48,0.4283333333333334,5.13,5.27,5.37,72.0,-6.4,944.9,-0.5000000000000004,0.8660254037844384,0.3534446712740877,0.9354554315134164
validation_selection,2026-01-20T00:00:00+00:00,2026-01-19T18:00:00+00:00,2026-01-21T22:00:00+00:00,2026-01-22T03:00:00+05:00,48,46.0,bb993402f42362af285ad90d6f04c26f0d0c45c358ebae2c98f85d89f49cd6d2,0.4283333333333334,4.78,4.9,5.0,72.0,-6.0,944.8,-0.5000000000000004,0.8660254037844384,0.3534446712740877,0.9354554315134164
validation_selection,2026-01-21T00:00:00+00:00,2026-01-20T18:00:00+00:00,2026-01-21T23:00:00+00:00,2026-01-22T04:00:00+05:00,24,23.0,3838710579eb73d1aaf869eeac07e5dba97aa4f574533ae71124b706bfca3e48,0.15166666666666667,2.4,2.46,2.51,63.0,-7.7,944.8,-0.25881904510252157,0.9659258262890681,0.3534446712740877,0.9354554315134164
validation_selection,2026-01-20T00:00:00+00:00,2026-01-19T18:00:00+00:00,2026-01-21T23:00:00+00:00,2026-01-22T04:00:00+05:00,48,47.0,bb993402f42362af285ad90d6f04c26f0d0c45c358ebae2c98f85d89f49cd6d2,0.15166666666666667,1.27,1.3,1.33,92.0,-7.3,944.8,-0.25881904510252157,0.9659258262890681,0.3534446712740877,0.9354554315134164
validation_selection,2026-01-21T00:00:00+00:00,2026-01-20T18:00:00+00:00,2026-01-22T00:00:00+00:00,2026-01-22T05:00:00+05:00,24,24.0,3838710579eb73d1aaf869eeac07e5dba97aa4f574533ae71124b706bfca3e48,0.29833333333333334,1.57,1.61,1.65,74.0,-8.3,944.4,0.0,1.0,0.3694836834473831,0.9292372181882051
validation_selection,2026-01-20T00:00:00+00:00,2026-01-19T18:00:00+00:00,2026-01-22T00:00:00+00:00,2026-01-22T05:00:00+05:00,48,48.0,bb993402f42362af285ad90d6f04c26f0d0c45c358ebae2c98f85d89f49cd6d2,0.29833333333333334,1.29,1.32,1.35,79.0,-8.2,943.8,0.0,1.0,0.3694836834473831,0.9292372181882051
validation_selection,2026-01-21T00:00:00+00:00,2026-01-20T18:00:00+00:00,2026-01-22T01:00:00+00:00,2026-01-22T06:00:00+05:00,24,25.0,3838710579eb73d1aaf869eeac07e5dba97aa4f574533ae71124b706bfca3e48,0.09000000000000001,1.51,1.55,1.58,358.0,-7.9,945.2,0.25881904510252074,0.9659258262890683,0.3694836834473831,0.9292372181882051
validation_selection,2026-01-20T00:00:00+00:00,2026-01-19T18:00:00+00:00,2026-01-22T01:00:00+00:00,2026-01-22T06:00:00+05:00,48,49.0,bb993402f42362af285ad90d6f04c26f0d0c45c358ebae2c98f85d89f49cd6d2,0.09000000000000001,2.03,2.08,2.13,60.0,-7.5,944.2,0.25881904510252074,0.9659258262890683,0.3694836834473831,0.9292372181882051
validation_selection,2026-01-21T00:00:00+00:00,2026-01-20T18:00:00+00:00,2026-01-22T02:00:00+00:00,2026-01-22T07:00:00+05:00,24,26.0,3838710579eb73d1aaf869eeac07e5dba97aa4f574533ae71124b706bfca3e48,0.02666666666666667,2.16,2.22,2.27,194.0,-8.0,945.2,0.49999999999999994,0.8660254037844387,0.3694836834473831,0.9292372181882051
validation_selection,2026-01-20T00:00:00+00:00,2026-01-19T18:00:00+00:00,2026-01-22T02:00:00+00:00,2026-01-22T07:00:00+05:00,48,50.0,bb993402f42362af285ad90d6f04c26f0d0c45c358ebae2c98f85d89f49cd6d2,0.02666666666666667,3.68,3.77,3.85,58.0,-8.2,942.5,0.49999999999999994,0.8660254037844387,0.3694836834473831,0.9292372181882051
validation_selection,2026-01-21T06:00:00+00:00,2026-01-21T00:00:00+00:00,2026-01-22T03:00:00+00:00,2026-01-22T08:00:00+05:00,24,21.0,164cb821fa729d4d7d5212d46b94cb98da6ac653e8f2f456eb463f161dfb6c87,0.01,2.72,2.79,2.84,81.0,-7.2,943.9,0.7071067811865476,0.7071067811865476,0.3694836834473831,0.9292372181882051
validation_selection,2026-01-20T06:00:00+00:00,2026-01-20T00:00:00+00:00,2026-01-22T03:00:00+00:00,2026-01-22T08:00:00+05:00,48,45.0,7f6a0d8284eab42ed1930d6be36b8c45a23454843f1d492cc4dede65dfe40e5b,0.01,1.47,1.51,1.54,84.0,-7.5,943.8,0.7071067811865476,0.7071067811865476,0.3694836834473831,0.9292372181882051
validation_selection,2026-01-21T06:00:00+00:00,2026-01-21T00:00:00+00:00,2026-01-22T04:00:00+00:00,2026-01-22T09:00:00+05:00,24,22.0,164cb821fa729d4d7d5212d46b94cb98da6ac653e8f2f456eb463f161dfb6c87,0.028333333333333335,5.49,5.63,5.75,48.0,-5.1,943.8,0.8660254037844386,0.5000000000000001,0.3694836834473831,0.9292372181882051
validation_selection,2026-01-20T06:00:00+00:00,2026-01-20T00:00:00+00:00,2026-01-22T04:00:00+00:00,2026-01-22T09:00:00+05:00,48,46.0,7f6a0d8284eab42ed1930d6be36b8c45a23454843f1d492cc4dede65dfe40e5b,0.028333333333333335,6.0,6.16,6.29,48.0,-4.8,943.4,0.8660254037844386,0.5000000000000001,0.3694836834473831,0.9292372181882051
validation_selection,2026-01-21T06:00:00+00:00,2026-01-21T00:00:00+00:00,2026-01-22T05:00:00+00:00,2026-01-22T10:00:00+05:00,24,23.0,164cb821fa729d4d7d5212d46b94cb98da6ac653e8f2f456eb463f161dfb6c87,0.016666666666666666,4.8,4.92,5.03,55.0,-1.5,944.2,0.9659258262890683,0.25881904510252074,0.3694836834473831,0.9292372181882051
validation_selection,2026-01-20T06:00:00+00:00,2026-01-20T00:00:00+00:00,2026-01-22T05:00:00+00:00,2026-01-22T10:00:00+05:00,48,47.0,7f6a0d8284eab42ed1930d6be36b8c45a23454843f1d492cc4dede65dfe40e5b,0.016666666666666666,6.21,6.37,6.51,62.0,-1.7,943.4,0.9659258262890683,0.25881904510252074,0.3694836834473831,0.9292372181882051
validation_selection,2026-01-21T06:00:00+00:00,2026-01-21T00:00:00+00:00,2026-01-22T06:00:00+00:00,2026-01-22T11:00:00+05:00,24,24.0,164cb821fa729d4d7d5212d46b94cb98da6ac653e8f2f456eb463f161dfb6c87,0.01,5.44,5.58,5.7,54.0,-0.5,943.2,1.0,6.123233995736766e-17,0.3694836834473831,0.9292372181882051
validation_selection,2026-01-20T06:00:00+00:00,2026-01-20T00:00:00+00:00,2026-01-22T06:00:00+00:00,2026-01-22T11:00:00+05:00,48,48.0,7f6a0d8284eab42ed1930d6be36b8c45a23454843f1d492cc4dede65dfe40e5b,0.01,6.73,6.9,7.04,54.0,0.2,942.6,1.0,6.123233995736766e-17,0.3694836834473831,0.9292372181882051
validation_selection,2026-01-21T06:00:00+00:00,2026-01-21T00:00:00+00:00,2026-01-22T07:00:00+00:00,2026-01-22T12:00:00+05:00,24,25.0,164cb821fa729d4d7d5212d46b94cb98da6ac653e8f2f456eb463f161dfb6c87,0.008333333333333333,5.75,5.9,6.02,36.0,0.7,942.9,0.9659258262890683,-0.25881904510252063,0.3694836834473831,0.9292372181882051
validation_selection,2026-01-20T06:00:00+00:00,2026-01-20T00:00:00+00:00,2026-01-22T07:00:00+00:00,2026-01-22T12:00:00+05:00,48,49.0,7f6a0d8284eab42ed1930d6be36b8c45a23454843f1d492cc4dede65dfe40e5b,0.008333333333333333,4.47,4.59,4.68,16.0,0.8,943.3,0.9659258262890683,-0.25881904510252063,0.3694836834473831,0.9292372181882051
validation_selection,2026-01-21T06:00:00+00:00,2026-01-21T00:00:00+00:00,2026-01-22T08:00:00+00:00,2026-01-22T13:00:00+05:00,24,26.0,164cb821fa729d4d7d5212d46b94cb98da6ac653e8f2f456eb463f161dfb6c87,0.14833333333333334,1.92,1.97,2.01,336.0,0.3,943.0,0.8660254037844387,-0.4999999999999998,0.3694836834473831,0.9292372181882051
validation_selection,2026-01-20T06:00:00+00:00,2026-01-20T00:00:00+00:00,2026-01-22T08:00:00+00:00,2026-01-22T13:00:00+05:00,48,50.0,7f6a0d8284eab42ed1930d6be36b8c45a23454843f1d492cc4dede65dfe40e5b,0.14833333333333334,3.59,3.69,3.76,257.0,-0.4,943.8,0.8660254037844387,-0.4999999999999998,0.3694836834473831,0.9292372181882051
validation_selection,2026-01-21T12:00:00+00:00,2026-01-21T06:00:00+00:00,2026-01-22T09:00:00+00:00,2026-01-22T14:00:00+05:00,24,21.0,3a53f6833bd3955e29562ce55f28205b9b6f2cf50e81b1d8d55fbc217756b54d,0.3283333333333333,2.7,2.77,2.83,290.0,-0.5,943.3,0.7071067811865476,-0.7071067811865475,0.3694836834473831,0.9292372181882051
validation_selection,2026-01-20T12:00:00+00:00,2026-01-20T06:00:00+00:00,2026-01-22T09:00:00+00:00,2026-01-22T14:00:00+05:00,48,45.0,00e6ea5aa0fe8c86a35cda6d989c456129d4bee34c4a79719f1972a498cf0eea,0.3283333333333333,4.52,4.63,4.73,277.0,-0.6,944.2,0.7071067811865476,-0.7071067811865475,0.3694836834473831,0.9292372181882051
validation_selection,2026-01-21T12:00:00+00:00,2026-01-21T06:00:00+00:00,2026-01-22T10:00:00+00:00,2026-01-22T15:00:00+05:00,24,22.0,3a53f6833bd3955e29562ce55f28205b9b6f2cf50e81b1d8d55fbc217756b54d,0.32166666666666666,5.58,5.72,5.84,265.0,-1.6,945.0,0.49999999999999994,-0.8660254037844387,0.3694836834473831,0.9292372181882051
validation_selection,2026-01-20T12:00:00+00:00,2026-01-20T06:00:00+00:00,2026-01-22T10:00:00+00:00,2026-01-22T15:00:00+05:00,48,46.0,00e6ea5aa0fe8c86a35cda6d989c456129d4bee34c4a79719f1972a498cf0eea,0.32166666666666666,5.61,5.75,5.87,269.0,-1.3,945.6,0.49999999999999994,-0.8660254037844387,0.3694836834473831,0.9292372181882051
validation_selection,2026-01-21T12:00:00+00:00,2026-01-21T06:00:00+00:00,2026-01-22T11:00:00+00:00,2026-01-22T16:00:00+05:00,24,23.0,3a53f6833bd3955e29562ce55f28205b9b6f2cf50e81b1d8d55fbc217756b54d,0.49499999999999994,4.56,4.68,4.77,241.0,-2.6,944.8,0.258819045102521,-0.9659258262890682,0.3694836834473831,0.9292372181882051
validation_selection,2026-01-20T12:00:00+00:00,2026-01-20T06:00:00+00:00,2026-01-22T11:00:00+00:00,2026-01-22T16:00:00+05:00,48,47.0,00e6ea5aa0fe8c86a35cda6d989c456129d4bee34c4a79719f1972a498cf0eea,0.49499999999999994,5.37,5.51,5.62,234.0,-2.5,945.8,0.258819045102521,-0.9659258262890682,0.3694836834473831,0.9292372181882051
validation_selection,2026-01-21T12:00:00+00:00,2026-01-21T06:00:00+00:00,2026-01-22T12:00:00+00:00,2026-01-22T17:00:00+05:00,24,24.0,3a53f6833bd3955e29562ce55f28205b9b6f2cf50e81b1d8d55fbc217756b54d,0.5116666666666666,6.97,7.16,7.3,237.0,-4.2,945.8,1.2246467991473532e-16,-1.0,0.3694836834473831,0.9292372181882051
validation_selection,2026-01-20T12:00:00+00:00,2026-01-20T06:00:00+00:00,2026-01-22T12:00:00+00:00,2026-01-22T17:00:00+05:00,48,48.0,00e6ea5aa0fe8c86a35cda6d989c456129d4bee34c4a79719f1972a498cf0eea,0.5116666666666666,7.11,7.3,7.45,238.0,-4.5,946.5,1.2246467991473532e-16,-1.0,0.3694836834473831,0.9292372181882051
validation_selection,2026-01-21T12:00:00+00:00,2026-01-21T06:00:00+00:00,2026-01-22T13:00:00+00:00,2026-01-22T18:00:00+05:00,24,25.0,3a53f6833bd3955e29562ce55f28205b9b6f2cf50e81b1d8d55fbc217756b54d,0.4683333333333333,7.97,8.18,8.35,236.0,-4.7,947.0,-0.2588190451025208,-0.9659258262890683,0.3694836834473831,0.9292372181882051
validation_selection,2026-01-20T12:00:00+00:00,2026-01-20T06:00:00+00:00,2026-01-22T13:00:00+00:00,2026-01-22T18:00:00+05:00,48,49.0,00e6ea5aa0fe8c86a35cda6d989c456129d4bee34c4a79719f1972a498cf0eea,0.4683333333333333,7.14,7.33,7.48,234.0,-4.5,947.1,-0.2588190451025208,-0.9659258262890683,0.3694836834473831,0.9292372181882051
validation_selection,2026-01-21T12:00:00+00:00,2026-01-21T06:00:00+00:00,2026-01-22T14:00:00+00:00,2026-01-22T19:00:00+05:00,24,26.0,3a53f6833bd3955e29562ce55f28205b9b6f2cf50e81b1d8d55fbc217756b54d,0.7733333333333333,7.3,7.49,7.65,235.0,-4.8,947.3,-0.4999999999999997,-0.8660254037844388,0.3694836834473831,0.9292372181882051
validation_selection,2026-01-20T12:00:00+00:00,2026-01-20T06:00:00+00:00,2026-01-22T14:00:00+00:00,2026-01-22T19:00:00+05:00,48,50.0,00e6ea5aa0fe8c86a35cda6d989c456129d4bee34c4a79719f1972a498cf0eea,0.7733333333333333,7.49,7.68,7.84,240.0,-5.2,947.9,-0.4999999999999997,-0.8660254037844388,0.3694836834473831,0.9292372181882051
validation_selection,2026-01-21T18:00:00+00:00,2026-01-21T12:00:00+00:00,2026-01-22T15:00:00+00:00,2026-01-22T20:00:00+05:00,24,21.0,5efac2619b76beb7088bbbf8035cd1c6858030a5deedc1b97d5bddbafd904711,0.8183333333333334,9.05,9.28,9.47,244.0,-5.7,948.5,-0.7071067811865471,-0.7071067811865479,0.3694836834473831,0.9292372181882051
validation_selection,2026-01-20T18:00:00+00:00,2026-01-20T12:00:00+00:00,2026-01-22T15:00:00+00:00,2026-01-22T20:00:00+05:00,48,45.0,106453e0c6d7261fe725322766d6c312ae489ae62661ffd8f261f82976b72eb4,0.8183333333333334,7.05,7.23,7.38,246.0,-5.8,948.4,-0.7071067811865471,-0.7071067811865479,0.3694836834473831,0.9292372181882051
validation_selection,2026-01-21T18:00:00+00:00,2026-01-21T12:00:00+00:00,2026-01-22T16:00:00+00:00,2026-01-22T21:00:00+05:00,24,22.0,5efac2619b76beb7088bbbf8035cd1c6858030a5deedc1b97d5bddbafd904711,0.6983333333333334,9.52,9.77,9.97,238.0,-6.5,949.7,-0.8660254037844385,-0.5000000000000004,0.3694836834473831,0.9292372181882051
validation_selection,2026-01-20T18:00:00+00:00,2026-01-20T12:00:00+00:00,2026-01-22T16:00:00+00:00,2026-01-22T21:00:00+05:00,48,46.0,106453e0c6d7261fe725322766d6c312ae489ae62661ffd8f261f82976b72eb4,0.6983333333333334,9.75,10.01,10.21,239.0,-6.8,949.9,-0.8660254037844385,-0.5000000000000004,0.3694836834473831,0.9292372181882051
validation_selection,2026-01-21T18:00:00+00:00,2026-01-21T12:00:00+00:00,2026-01-22T17:00:00+00:00,2026-01-22T22:00:00+05:00,24,23.0,5efac2619b76beb7088bbbf8035cd1c6858030a5deedc1b97d5bddbafd904711,0.965,8.86,9.09,9.28,247.0,-6.9,950.3,-0.9659258262890683,-0.25881904510252063,0.3694836834473831,0.9292372181882051
validation_selection,2026-01-20T18:00:00+00:00,2026-01-20T12:00:00+00:00,2026-01-22T17:00:00+00:00,2026-01-22T22:00:00+05:00,48,47.0,106453e0c6d7261fe725322766d6c312ae489ae62661ffd8f261f82976b72eb4,0.965,8.22,8.43,8.61,244.0,-6.5,950.0,-0.9659258262890683,-0.25881904510252063,0.3694836834473831,0.9292372181882051
validation_selection,2026-01-21T18:00:00+00:00,2026-01-21T12:00:00+00:00,2026-01-22T18:00:00+00:00,2026-01-22T23:00:00+05:00,24,24.0,5efac2619b76beb7088bbbf8035cd1c6858030a5deedc1b97d5bddbafd904711,0.9783333333333334,9.27,9.51,9.71,246.0,-8.1,951.5,-1.0,-1.8369701987210297e-16,0.3694836834473831,0.9292372181882051
validation_selection,2026-01-20T18:00:00+00:00,2026-01-20T12:00:00+00:00,2026-01-22T18:00:00+00:00,2026-01-22T23:00:00+05:00,48,48.0,106453e0c6d7261fe725322766d6c312ae489ae62661ffd8f261f82976b72eb4,0.9783333333333334,9.55,9.79,10.0,240.0,-6.5,951.0,-1.0,-1.8369701987210297e-16,0.3694836834473831,0.9292372181882051
validation_selection,2026-01-21T18:00:00+00:00,2026-01-21T12:00:00+00:00,2026-01-22T19:00:00+00:00,2026-01-23T00:00:00+05:00,24,25.0,5efac2619b76beb7088bbbf8035cd1c6858030a5deedc1b97d5bddbafd904711,0.9816666666666666,8.78,9.01,9.2,244.0,-8.4,952.3,-0.9659258262890684,0.2588190451025203,0.3694836834473831,0.9292372181882051
validation_selection,2026-01-20T18:00:00+00:00,2026-01-20T12:00:00+00:00,2026-01-22T19:00:00+00:00,2026-01-23T00:00:00+05:00,48,49.0,106453e0c6d7261fe725322766d6c312ae489ae62661ffd8f261f82976b72eb4,0.9816666666666666,8.14,8.35,8.52,246.0,-6.1,951.5,-0.9659258262890684,0.2588190451025203,0.3694836834473831,0.9292372181882051
validation_selection,2026-01-21T18:00:00+00:00,2026-01-21T12:00:00+00:00,2026-01-22T20:00:00+00:00,2026-01-23T01:00:00+05:00,24,26.0,5efac2619b76beb7088bbbf8035cd1c6858030a5deedc1b97d5bddbafd904711,0.985,7.53,7.73,7.89,240.0,-7.3,952.7,-0.8660254037844386,0.5000000000000001,0.3694836834473831,0.9292372181882051
validation_selection,2026-01-20T18:00:00+00:00,2026-01-20T12:00:00+00:00,2026-01-22T20:00:00+00:00,2026-01-23T01:00:00+05:00,48,50.0,106453e0c6d7261fe725322766d6c312ae489ae62661ffd8f261f82976b72eb4,0.985,8.8,9.03,9.21,247.0,-5.6,952.5,-0.8660254037844386,0.5000000000000001,0.3694836834473831,0.9292372181882051
validation_selection,2026-01-22T00:00:00+00:00,2026-01-21T18:00:00+00:00,2026-01-22T21:00:00+00:00,2026-01-23T02:00:00+05:00,24,21.0,ba8e276cdfdd759d791985519a1f31f2f82d70bcd4a1c03128c4927044c68c99,0.9816666666666666,8.92,9.15,9.34,239.0,-7.8,952.6,-0.7071067811865477,0.7071067811865474,0.3694836834473831,0.9292372181882051
validation_selection,2026-01-21T00:00:00+00:00,2026-01-20T18:00:00+00:00,2026-01-22T21:00:00+00:00,2026-01-23T02:00:00+05:00,48,45.0,3838710579eb73d1aaf869eeac07e5dba97aa4f574533ae71124b706bfca3e48,0.9816666666666666,8.05,8.26,8.43,246.0,-5.9,952.4,-0.7071067811865477,0.7071067811865474,0.3694836834473831,0.9292372181882051
validation_selection,2026-01-22T00:00:00+00:00,2026-01-21T18:00:00+00:00,2026-01-22T22:00:00+00:00,2026-01-23T03:00:00+05:00,24,22.0,ba8e276cdfdd759d791985519a1f31f2f82d70bcd4a1c03128c4927044c68c99,0.8316666666666667,7.83,8.04,8.2,250.0,-6.6,952.8,-0.5000000000000004,0.8660254037844384,0.3694836834473831,0.9292372181882051
validation_selection,2026-01-21T00:00:00+00:00,2026-01-20T18:00:00+00:00,2026-01-22T22:00:00+00:00,2026-01-23T03:00:00+05:00,48,46.0,3838710579eb73d1aaf869eeac07e5dba97aa4f574533ae71124b706bfca3e48,0.8316666666666667,7.71,7.91,8.08,249.0,-5.5,952.9,-0.5000000000000004,0.8660254037844384,0.3694836834473831,0.9292372181882051
validation_selection,2026-01-22T00:00:00+00:00,2026-01-21T18:00:00+00:00,2026-01-22T23:00:00+00:00,2026-01-23T04:00:00+05:00,24,23.0,ba8e276cdfdd759d791985519a1f31f2f82d70bcd4a1c03128c4927044c68c99,0.4666666666666666,8.46,8.68,8.86,243.0,-6.3,953.8,-0.25881904510252157,0.9659258262890681,0.3694836834473831,0.9292372181882051
validation_selection,2026-01-21T00:00:00+00:00,2026-01-20T18:00:00+00:00,2026-01-22T23:00:00+00:00,2026-01-23T04:00:00+05:00,48,47.0,3838710579eb73d1aaf869eeac07e5dba97aa4f574533ae71124b706bfca3e48,0.4666666666666666,6.86,7.03,7.18,257.0,-5.3,953.3,-0.25881904510252157,0.9659258262890681,0.3694836834473831,0.9292372181882051
validation_selection,2026-01-22T00:00:00+00:00,2026-01-21T18:00:00+00:00,2026-01-23T00:00:00+00:00,2026-01-23T05:00:00+05:00,24,24.0,ba8e276cdfdd759d791985519a1f31f2f82d70bcd4a1c03128c4927044c68c99,0.43333333333333335,7.48,7.67,7.83,250.0,-6.0,954.3,0.0,1.0,0.38541335945432564,0.9227440286201427
validation_selection,2026-01-21T00:00:00+00:00,2026-01-20T18:00:00+00:00,2026-01-23T00:00:00+00:00,2026-01-23T05:00:00+05:00,48,48.0,3838710579eb73d1aaf869eeac07e5dba97aa4f574533ae71124b706bfca3e48,0.43333333333333335,6.19,6.35,6.48,254.0,-5.2,954.3,0.0,1.0,0.38541335945432564,0.9227440286201427
validation_selection,2026-01-22T00:00:00+00:00,2026-01-21T18:00:00+00:00,2026-01-23T01:00:00+00:00,2026-01-23T06:00:00+05:00,24,25.0,ba8e276cdfdd759d791985519a1f31f2f82d70bcd4a1c03128c4927044c68c99,0.4666666666666666,7.1,7.29,7.44,251.0,-5.8,954.6,0.25881904510252074,0.9659258262890683,0.38541335945432564,0.9227440286201427
validation_selection,2026-01-21T00:00:00+00:00,2026-01-20T18:00:00+00:00,2026-01-23T01:00:00+00:00,2026-01-23T06:00:00+05:00,48,49.0,3838710579eb73d1aaf869eeac07e5dba97aa4f574533ae71124b706bfca3e48,0.4666666666666666,5.86,6.01,6.13,252.0,-4.8,955.0,0.25881904510252074,0.9659258262890683,0.38541335945432564,0.9227440286201427
validation_selection,2026-01-22T00:00:00+00:00,2026-01-21T18:00:00+00:00,2026-01-23T02:00:00+00:00,2026-01-23T07:00:00+05:00,24,26.0,ba8e276cdfdd759d791985519a1f31f2f82d70bcd4a1c03128c4927044c68c99,0.3116666666666667,6.55,6.72,6.86,252.0,-5.7,955.6,0.49999999999999994,0.8660254037844387,0.38541335945432564,0.9227440286201427
validation_selection,2026-01-21T00:00:00+00:00,2026-01-20T18:00:00+00:00,2026-01-23T02:00:00+00:00,2026-01-23T07:00:00+05:00,48,50.0,3838710579eb73d1aaf869eeac07e5dba97aa4f574533ae71124b706bfca3e48,0.3116666666666667,5.09,5.23,5.34,248.0,-4.8,954.9,0.49999999999999994,0.8660254037844387,0.38541335945432564,0.9227440286201427
validation_selection,2026-01-22T06:00:00+00:00,2026-01-22T00:00:00+00:00,2026-01-23T03:00:00+00:00,2026-01-23T08:00:00+05:00,24,21.0,1c1cbef5622bd32673b4814d43fab45270537a005760ef0057ffc7165bde1339,0.71,6.22,6.38,6.51,255.0,-5.4,955.9,0.7071067811865476,0.7071067811865476,0.38541335945432564,0.9227440286201427
validation_selection,2026-01-21T06:00:00+00:00,2026-01-21T00:00:00+00:00,2026-01-23T03:00:00+00:00,2026-01-23T08:00:00+05:00,48,45.0,164cb821fa729d4d7d5212d46b94cb98da6ac653e8f2f456eb463f161dfb6c87,0.71,6.02,6.17,6.3,249.0,-5.4,956.3,0.7071067811865476,0.7071067811865476,0.38541335945432564,0.9227440286201427
validation_selection,2026-01-22T06:00:00+00:00,2026-01-22T00:00:00+00:00,2026-01-23T04:00:00+00:00,2026-01-23T09:00:00+05:00,24,22.0,1c1cbef5622bd32673b4814d43fab45270537a005760ef0057ffc7165bde1339,0.8483333333333333,5.54,5.69,5.8,246.0,-4.9,957.1,0.8660254037844386,0.5000000000000001,0.38541335945432564,0.9227440286201427
validation_selection,2026-01-21T06:00:00+00:00,2026-01-21T00:00:00+00:00,2026-01-23T04:00:00+00:00,2026-01-23T09:00:00+05:00,48,46.0,164cb821fa729d4d7d5212d46b94cb98da6ac653e8f2f456eb463f161dfb6c87,0.8483333333333333,4.57,4.69,4.79,256.0,-4.4,956.9,0.8660254037844386,0.5000000000000001,0.38541335945432564,0.9227440286201427
validation_selection,2026-01-22T06:00:00+00:00,2026-01-22T00:00:00+00:00,2026-01-23T05:00:00+00:00,2026-01-23T10:00:00+05:00,24,23.0,1c1cbef5622bd32673b4814d43fab45270537a005760ef0057ffc7165bde1339,0.9199999999999999,4.92,5.04,5.15,252.0,-3.9,957.4,0.9659258262890683,0.25881904510252074,0.38541335945432564,0.9227440286201427
validation_selection,2026-01-21T06:00:00+00:00,2026-01-21T00:00:00+00:00,2026-01-23T05:00:00+00:00,2026-01-23T10:00:00+05:00,48,47.0,164cb821fa729d4d7d5212d46b94cb98da6ac653e8f2f456eb463f161dfb6c87,0.9199999999999999,2.99,3.06,3.13,244.0,-3.9,957.3,0.9659258262890683,0.25881904510252074,0.38541335945432564,0.9227440286201427
validation_selection,2026-01-22T06:00:00+00:00,2026-01-22T00:00:00+00:00,2026-01-23T06:00:00+00:00,2026-01-23T11:00:00+05:00,24,24.0,1c1cbef5622bd32673b4814d43fab45270537a005760ef0057ffc7165bde1339,0.47666666666666674,4.24,4.35,4.44,261.0,-3.2,957.5,1.0,6.123233995736766e-17,0.38541335945432564,0.9227440286201427
validation_selection,2026-01-21T06:00:00+00:00,2026-01-21T00:00:00+00:00,2026-01-23T06:00:00+00:00,2026-01-23T11:00:00+05:00,48,48.0,164cb821fa729d4d7d5212d46b94cb98da6ac653e8f2f456eb463f161dfb6c87,0.47666666666666674,2.4,2.46,2.51,204.0,-3.2,957.1,1.0,6.123233995736766e-17,0.38541335945432564,0.9227440286201427
validation_selection,2026-01-22T06:00:00+00:00,2026-01-22T00:00:00+00:00,2026-01-23T07:00:00+00:00,2026-01-23T12:00:00+05:00,24,25.0,1c1cbef5622bd32673b4814d43fab45270537a005760ef0057ffc7165bde1339,0.25,3.78,3.87,3.95,250.0,-2.4,956.6,0.9659258262890683,-0.25881904510252063,0.38541335945432564,0.9227440286201427
validation_selection,2026-01-21T06:00:00+00:00,2026-01-21T00:00:00+00:00,2026-01-23T07:00:00+00:00,2026-01-23T12:00:00+05:00,48,49.0,164cb821fa729d4d7d5212d46b94cb98da6ac653e8f2f456eb463f161dfb6c87,0.25,2.32,2.38,2.43,202.0,-2.7,956.5,0.9659258262890683,-0.25881904510252063,0.38541335945432564,0.9227440286201427
validation_selection,2026-01-22T06:00:00+00:00,2026-01-22T00:00:00+00:00,2026-01-23T08:00:00+00:00,2026-01-23T13:00:00+05:00,24,26.0,1c1cbef5622bd32673b4814d43fab45270537a005760ef0057ffc7165bde1339,0.12833333333333333,3.81,3.91,3.99,238.0,-1.8,956.6,0.8660254037844387,-0.4999999999999998,0.38541335945432564,0.9227440286201427
validation_selection,2026-01-21T06:00:00+00:00,2026-01-21T00:00:00+00:00,2026-01-23T08:00:00+00:00,2026-01-23T13:00:00+05:00,48,50.0,164cb821fa729d4d7d5212d46b94cb98da6ac653e8f2f456eb463f161dfb6c87,0.12833333333333333,3.0,3.08,3.14,226.0,-2.5,956.2,0.8660254037844387,-0.4999999999999998,0.38541335945432564,0.9227440286201427
validation_selection,2026-01-22T12:00:00+00:00,2026-01-22T06:00:00+00:00,2026-01-23T09:00:00+00:00,2026-01-23T14:00:00+05:00,24,21.0,f835f4cf7370bfffb071ea7014992784e501aba5e24e5260af98d40ed83bb943,0.16833333333333333,3.8,3.89,3.98,241.0,-1.7,956.8,0.7071067811865476,-0.7071067811865475,0.38541335945432564,0.9227440286201427
validation_selection,2026-01-21T12:00:00+00:00,2026-01-21T06:00:00+00:00,2026-01-23T09:00:00+00:00,2026-01-23T14:00:00+05:00,48,45.0,3a53f6833bd3955e29562ce55f28205b9b6f2cf50e81b1d8d55fbc217756b54d,0.16833333333333333,3.15,3.23,3.3,238.0,-2.4,956.3,0.7071067811865476,-0.7071067811865475,0.38541335945432564,0.9227440286201427
validation_selection,2026-01-22T12:00:00+00:00,2026-01-22T06:00:00+00:00,2026-01-23T10:00:00+00:00,2026-01-23T15:00:00+05:00,24,22.0,f835f4cf7370bfffb071ea7014992784e501aba5e24e5260af98d40ed83bb943,0.315,3.35,3.43,3.51,228.0,-1.8,957.2,0.49999999999999994,-0.8660254037844387,0.38541335945432564,0.9227440286201427
validation_selection,2026-01-21T12:00:00+00:00,2026-01-21T06:00:00+00:00,2026-01-23T10:00:00+00:00,2026-01-23T15:00:00+05:00,48,46.0,3a53f6833bd3955e29562ce55f28205b9b6f2cf50e81b1d8d55fbc217756b54d,0.315,2.48,2.55,2.6,222.0,-2.5,956.4,0.49999999999999994,-0.8660254037844387,0.38541335945432564,0.9227440286201427
validation_selection,2026-01-22T12:00:00+00:00,2026-01-22T06:00:00+00:00,2026-01-23T11:00:00+00:00,2026-01-23T16:00:00+05:00,24,23.0,f835f4cf7370bfffb071ea7014992784e501aba5e24e5260af98d40ed83bb943,0.6533333333333333,2.34,2.41,2.45,223.0,-2.8,957.4,0.258819045102521,-0.9659258262890682,0.38541335945432564,0.9227440286201427
validation_selection,2026-01-21T12:00:00+00:00,2026-01-21T06:00:00+00:00,2026-01-23T11:00:00+00:00,2026-01-23T16:00:00+05:00,48,47.0,3a53f6833bd3955e29562ce55f28205b9b6f2cf50e81b1d8d55fbc217756b54d,0.6533333333333333,3.42,3.51,3.58,237.0,-2.7,956.9,0.258819045102521,-0.9659258262890682,0.38541335945432564,0.9227440286201427
validation_selection,2026-01-22T12:00:00+00:00,2026-01-22T06:00:00+00:00,2026-01-23T12:00:00+00:00,2026-01-23T17:00:00+05:00,24,24.0,f835f4cf7370bfffb071ea7014992784e501aba5e24e5260af98d40ed83bb943,0.5433333333333333,4.66,4.78,4.88,217.0,-3.9,958.0,1.2246467991473532e-16,-1.0,0.38541335945432564,0.9227440286201427
validation_selection,2026-01-21T12:00:00+00:00,2026-01-21T06:00:00+00:00,2026-01-23T12:00:00+00:00,2026-01-23T17:00:00+05:00,48,48.0,3a53f6833bd3955e29562ce55f28205b9b6f2cf50e81b1d8d55fbc217756b54d,0.5433333333333333,4.04,4.14,4.23,250.0,-3.6,957.4,1.2246467991473532e-16,-1.0,0.38541335945432564,0.9227440286201427
validation_selection,2026-01-22T12:00:00+00:00,2026-01-22T06:00:00+00:00,2026-01-23T13:00:00+00:00,2026-01-23T18:00:00+05:00,24,25.0,f835f4cf7370bfffb071ea7014992784e501aba5e24e5260af98d40ed83bb943,0.3833333333333333,5.34,5.48,5.6,232.0,-4.2,959.0,-0.2588190451025208,-0.9659258262890683,0.38541335945432564,0.9227440286201427
validation_selection,2026-01-21T12:00:00+00:00,2026-01-21T06:00:00+00:00,2026-01-23T13:00:00+00:00,2026-01-23T18:00:00+05:00,48,49.0,3a53f6833bd3955e29562ce55f28205b9b6f2cf50e81b1d8d55fbc217756b54d,0.3833333333333333,5.02,5.15,5.26,252.0,-3.9,958.0,-0.2588190451025208,-0.9659258262890683,0.38541335945432564,0.9227440286201427
validation_selection,2026-01-22T12:00:00+00:00,2026-01-22T06:00:00+00:00,2026-01-23T14:00:00+00:00,2026-01-23T19:00:00+05:00,24,26.0,f835f4cf7370bfffb071ea7014992784e501aba5e24e5260af98d40ed83bb943,0.15333333333333335,6.49,6.66,6.79,251.0,-4.0,959.5,-0.4999999999999997,-0.8660254037844388,0.38541335945432564,0.9227440286201427
validation_selection,2026-01-21T12:00:00+00:00,2026-01-21T06:00:00+00:00,2026-01-23T14:00:00+00:00,2026-01-23T19:00:00+05:00,48,50.0,3a53f6833bd3955e29562ce55f28205b9b6f2cf50e81b1d8d55fbc217756b54d,0.15333333333333335,6.75,6.92,7.07,255.0,-3.9,958.4,-0.4999999999999997,-0.8660254037844388,0.38541335945432564,0.9227440286201427
validation_selection,2026-01-22T18:00:00+00:00,2026-01-22T12:00:00+00:00,2026-01-23T15:00:00+00:00,2026-01-23T20:00:00+05:00,24,21.0,53180a27e96eee223107f5f32159ba2a4b705d9982a58ca2c5c91c390c0a0b44,0.07166666666666667,6.08,6.23,6.36,256.0,-4.7,959.9,-0.7071067811865471,-0.7071067811865479,0.38541335945432564,0.9227440286201427
validation_selection,2026-01-21T18:00:00+00:00,2026-01-21T12:00:00+00:00,2026-01-23T15:00:00+00:00,2026-01-23T20:00:00+05:00,48,45.0,5efac2619b76beb7088bbbf8035cd1c6858030a5deedc1b97d5bddbafd904711,0.07166666666666667,6.45,6.62,6.76,262.0,-4.7,959.2,-0.7071067811865471,-0.7071067811865479,0.38541335945432564,0.9227440286201427
validation_selection,2026-01-22T18:00:00+00:00,2026-01-22T12:00:00+00:00,2026-01-23T16:00:00+00:00,2026-01-23T21:00:00+05:00,24,22.0,53180a27e96eee223107f5f32159ba2a4b705d9982a58ca2c5c91c390c0a0b44,0.023333333333333334,5.8,5.96,6.08,246.0,-5.1,960.2,-0.8660254037844385,-0.5000000000000004,0.38541335945432564,0.9227440286201427
validation_selection,2026-01-21T18:00:00+00:00,2026-01-21T12:00:00+00:00,2026-01-23T16:00:00+00:00,2026-01-23T21:00:00+05:00,48,46.0,5efac2619b76beb7088bbbf8035cd1c6858030a5deedc1b97d5bddbafd904711,0.023333333333333334,6.27,6.43,6.56,255.0,-5.5,958.9,-0.8660254037844385,-0.5000000000000004,0.38541335945432564,0.9227440286201427
validation_selection,2026-01-22T18:00:00+00:00,2026-01-22T12:00:00+00:00,2026-01-23T17:00:00+00:00,2026-01-23T22:00:00+05:00,24,23.0,53180a27e96eee223107f5f32159ba2a4b705d9982a58ca2c5c91c390c0a0b44,0.03833333333333334,5.4,5.54,5.65,233.0,-5.7,960.3,-0.9659258262890683,-0.25881904510252063,0.38541335945432564,0.9227440286201427
validation_selection,2026-01-21T18:00:00+00:00,2026-01-21T12:00:00+00:00,2026-01-23T17:00:00+00:00,2026-01-23T22:00:00+05:00,48,47.0,5efac2619b76beb7088bbbf8035cd1c6858030a5deedc1b97d5bddbafd904711,0.03833333333333334,6.53,6.7,6.84,234.0,-6.0,959.3,-0.9659258262890683,-0.25881904510252063,0.38541335945432564,0.9227440286201427
validation_selection,2026-01-22T18:00:00+00:00,2026-01-22T12:00:00+00:00,2026-01-23T18:00:00+00:00,2026-01-23T23:00:00+05:00,24,24.0,53180a27e96eee223107f5f32159ba2a4b705d9982a58ca2c5c91c390c0a0b44,0.01,5.22,5.36,5.47,230.0,-6.3,959.8,-1.0,-1.8369701987210297e-16,0.38541335945432564,0.9227440286201427
validation_selection,2026-01-21T18:00:00+00:00,2026-01-21T12:00:00+00:00,2026-01-23T18:00:00+00:00,2026-01-23T23:00:00+05:00,48,48.0,5efac2619b76beb7088bbbf8035cd1c6858030a5deedc1b97d5bddbafd904711,0.01,6.31,6.48,6.61,222.0,-6.4,960.1,-1.0,-1.8369701987210297e-16,0.38541335945432564,0.9227440286201427
validation_selection,2026-01-22T18:00:00+00:00,2026-01-22T12:00:00+00:00,2026-01-23T19:00:00+00:00,2026-01-24T00:00:00+05:00,24,25.0,53180a27e96eee223107f5f32159ba2a4b705d9982a58ca2c5c91c390c0a0b44,0.01,4.81,4.94,5.04,212.0,-6.5,959.8,-0.9659258262890684,0.2588190451025203,0.38541335945432564,0.9227440286201427
validation_selection,2026-01-21T18:00:00+00:00,2026-01-21T12:00:00+00:00,2026-01-23T19:00:00+00:00,2026-01-24T00:00:00+05:00,48,49.0,5efac2619b76beb7088bbbf8035cd1c6858030a5deedc1b97d5bddbafd904711,0.01,5.48,5.63,5.74,240.0,-6.1,960.0,-0.9659258262890684,0.2588190451025203,0.38541335945432564,0.9227440286201427
validation_selection,2026-01-22T18:00:00+00:00,2026-01-22T12:00:00+00:00,2026-01-23T20:00:00+00:00,2026-01-24T01:00:00+05:00,24,26.0,53180a27e96eee223107f5f32159ba2a4b705d9982a58ca2c5c91c390c0a0b44,0.011666666666666667,4.05,4.16,4.24,198.0,-7.4,959.4,-0.8660254037844386,0.5000000000000001,0.38541335945432564,0.9227440286201427
validation_selection,2026-01-21T18:00:00+00:00,2026-01-21T12:00:00+00:00,2026-01-23T20:00:00+00:00,2026-01-24T01:00:00+05:00,48,50.0,5efac2619b76beb7088bbbf8035cd1c6858030a5deedc1b97d5bddbafd904711,0.011666666666666667,5.58,5.72,5.84,234.0,-6.4,959.7,-0.8660254037844386,0.5000000000000001,0.38541335945432564,0.9227440286201427
validation_selection,2026-01-23T00:00:00+00:00,2026-01-22T18:00:00+00:00,2026-01-23T21:00:00+00:00,2026-01-24T02:00:00+05:00,24,21.0,81ad8eb51227a461d09e36b6ae2b59c078848f7b9a1dd6cab628e3d85f9e10c1,0.01,1.19,1.22,1.24,199.0,-8.9,958.9,-0.7071067811865477,0.7071067811865474,0.38541335945432564,0.9227440286201427
validation_selection,2026-01-22T00:00:00+00:00,2026-01-21T18:00:00+00:00,2026-01-23T21:00:00+00:00,2026-01-24T02:00:00+05:00,48,45.0,ba8e276cdfdd759d791985519a1f31f2f82d70bcd4a1c03128c4927044c68c99,0.01,4.46,4.57,4.67,210.0,-6.6,959.9,-0.7071067811865477,0.7071067811865474,0.38541335945432564,0.9227440286201427
validation_selection,2026-01-23T00:00:00+00:00,2026-01-22T18:00:00+00:00,2026-01-23T22:00:00+00:00,2026-01-24T03:00:00+05:00,24,22.0,81ad8eb51227a461d09e36b6ae2b59c078848f7b9a1dd6cab628e3d85f9e10c1,0.01,0.44,0.45,0.46,84.0,-9.2,958.5,-0.5000000000000004,0.8660254037844384,0.38541335945432564,0.9227440286201427
validation_selection,2026-01-22T00:00:00+00:00,2026-01-21T18:00:00+00:00,2026-01-23T22:00:00+00:00,2026-01-24T03:00:00+05:00,48,46.0,ba8e276cdfdd759d791985519a1f31f2f82d70bcd4a1c03128c4927044c68c99,0.01,3.76,3.86,3.94,193.0,-7.5,959.3,-0.5000000000000004,0.8660254037844384,0.38541335945432564,0.9227440286201427
validation_selection,2026-01-23T00:00:00+00:00,2026-01-22T18:00:00+00:00,2026-01-23T23:00:00+00:00,2026-01-24T04:00:00+05:00,24,23.0,81ad8eb51227a461d09e36b6ae2b59c078848f7b9a1dd6cab628e3d85f9e10c1,0.01,3.02,3.1,3.16,90.0,-9.7,958.7,-0.25881904510252157,0.9659258262890681,0.38541335945432564,0.9227440286201427
validation_selection,2026-01-22T00:00:00+00:00,2026-01-21T18:00:00+00:00,2026-01-23T23:00:00+00:00,2026-01-24T04:00:00+05:00,48,47.0,ba8e276cdfdd759d791985519a1f31f2f82d70bcd4a1c03128c4927044c68c99,0.01,2.97,3.04,3.11,166.0,-8.7,958.6,-0.25881904510252157,0.9659258262890681,0.38541335945432564,0.9227440286201427
validation_selection,2026-01-23T00:00:00+00:00,2026-01-22T18:00:00+00:00,2026-01-24T00:00:00+00:00,2026-01-24T05:00:00+05:00,24,24.0,81ad8eb51227a461d09e36b6ae2b59c078848f7b9a1dd6cab628e3d85f9e10c1,0.01,4.73,4.85,4.95,76.0,-9.9,959.1,0.0,1.0,0.4012289854475009,0.9159777842484877
validation_selection,2026-01-22T00:00:00+00:00,2026-01-21T18:00:00+00:00,2026-01-24T00:00:00+00:00,2026-01-24T05:00:00+05:00,48,48.0,ba8e276cdfdd759d791985519a1f31f2f82d70bcd4a1c03128c4927044c68c99,0.01,1.9,1.95,1.99,132.0,-9.9,958.3,0.0,1.0,0.4012289854475009,0.9159777842484877
validation_selection,2026-01-23T00:00:00+00:00,2026-01-22T18:00:00+00:00,2026-01-24T01:00:00+00:00,2026-01-24T06:00:00+05:00,24,25.0,81ad8eb51227a461d09e36b6ae2b59c078848f7b9a1dd6cab628e3d85f9e10c1,0.018333333333333333,5.22,5.35,5.46,79.0,-9.2,959.8,0.25881904510252074,0.9659258262890683,0.4012289854475009,0.9159777842484877
validation_selection,2026-01-22T00:00:00+00:00,2026-01-21T18:00:00+00:00,2026-01-24T01:00:00+00:00,2026-01-24T06:00:00+05:00,48,49.0,ba8e276cdfdd759d791985519a1f31f2f82d70bcd4a1c03128c4927044c68c99,0.018333333333333333,2.73,2.8,2.86,112.0,-9.7,958.9,0.25881904510252074,0.9659258262890683,0.4012289854475009,0.9159777842484877
validation_selection,2026-01-23T00:00:00+00:00,2026-01-22T18:00:00+00:00,2026-01-24T02:00:00+00:00,2026-01-24T07:00:00+05:00,24,26.0,81ad8eb51227a461d09e36b6ae2b59c078848f7b9a1dd6cab628e3d85f9e10c1,0.03666666666666667,5.97,6.12,6.25,73.0,-9.1,960.0,0.49999999999999994,0.8660254037844387,0.4012289854475009,0.9159777842484877
validation_selection,2026-01-22T00:00:00+00:00,2026-01-21T18:00:00+00:00,2026-01-24T02:00:00+00:00,2026-01-24T07:00:00+05:00,48,50.0,ba8e276cdfdd759d791985519a1f31f2f82d70bcd4a1c03128c4927044c68c99,0.03666666666666667,3.54,3.63,3.71,98.0,-9.1,959.5,0.49999999999999994,0.8660254037844387,0.4012289854475009,0.9159777842484877
validation_selection,2026-01-23T06:00:00+00:00,2026-01-23T00:00:00+00:00,2026-01-24T03:00:00+00:00,2026-01-24T08:00:00+05:00,24,21.0,ffdd9ccc33b4574e562e09d52d49a80d16f5d48fefc3e4c588c5cfb05db454db,0.11499999999999999,6.63,6.8,6.94,72.0,-9.5,959.5,0.7071067811865476,0.7071067811865476,0.4012289854475009,0.9159777842484877
validation_selection,2026-01-22T06:00:00+00:00,2026-01-22T00:00:00+00:00,2026-01-24T03:00:00+00:00,2026-01-24T08:00:00+05:00,48,45.0,1c1cbef5622bd32673b4814d43fab45270537a005760ef0057ffc7165bde1339,0.11499999999999999,5.21,5.34,5.45,79.0,-8.6,959.3,0.7071067811865476,0.7071067811865476,0.4012289854475009,0.9159777842484877
validation_selection,2026-01-23T06:00:00+00:00,2026-01-23T00:00:00+00:00,2026-01-24T04:00:00+00:00,2026-01-24T09:00:00+05:00,24,22.0,ffdd9ccc33b4574e562e09d52d49a80d16f5d48fefc3e4c588c5cfb05db454db,0.01,7.13,7.31,7.47,75.0,-7.0,960.0,0.8660254037844386,0.5000000000000001,0.4012289854475009,0.9159777842484877
validation_selection,2026-01-22T06:00:00+00:00,2026-01-22T00:00:00+00:00,2026-01-24T04:00:00+00:00,2026-01-24T09:00:00+05:00,48,46.0,1c1cbef5622bd32673b4814d43fab45270537a005760ef0057ffc7165bde1339,0.01,6.52,6.69,6.83,72.0,-6.6,959.7,0.8660254037844386,0.5000000000000001,0.4012289854475009,0.9159777842484877
validation_selection,2026-01-23T06:00:00+00:00,2026-01-23T00:00:00+00:00,2026-01-24T05:00:00+00:00,2026-01-24T10:00:00+05:00,24,23.0,ffdd9ccc33b4574e562e09d52d49a80d16f5d48fefc3e4c588c5cfb05db454db,0.44,7.71,7.91,8.07,70.0,-4.6,960.1,0.9659258262890683,0.25881904510252074,0.4012289854475009,0.9159777842484877
validation_selection,2026-01-22T06:00:00+00:00,2026-01-22T00:00:00+00:00,2026-01-24T05:00:00+00:00,2026-01-24T10:00:00+05:00,48,47.0,1c1cbef5622bd32673b4814d43fab45270537a005760ef0057ffc7165bde1339,0.44,8.1,8.31,8.48,67.0,-3.9,959.6,0.9659258262890683,0.25881904510252074,0.4012289854475009,0.9159777842484877
validation_selection,2026-01-23T06:00:00+00:00,2026-01-23T00:00:00+00:00,2026-01-24T06:00:00+00:00,2026-01-24T11:00:00+05:00,24,24.0,ffdd9ccc33b4574e562e09d52d49a80d16f5d48fefc3e4c588c5cfb05db454db,0.98,8.92,9.15,9.34,65.0,-3.2,959.5,1.0,6.123233995736766e-17,0.4012289854475009,0.9159777842484877
validation_selection,2026-01-22T06:00:00+00:00,2026-01-22T00:00:00+00:00,2026-01-24T06:00:00+00:00,2026-01-24T11:00:00+05:00,48,48.0,1c1cbef5622bd32673b4814d43fab45270537a005760ef0057ffc7165bde1339,0.98,9.86,10.11,10.32,62.0,-2.4,959.0,1.0,6.123233995736766e-17,0.4012289854475009,0.9159777842484877
validation_selection,2026-01-23T06:00:00+00:00,2026-01-23T00:00:00+00:00,2026-01-24T07:00:00+00:00,2026-01-24T12:00:00+05:00,24,25.0,ffdd9ccc33b4574e562e09d52d49a80d16f5d48fefc3e4c588c5cfb05db454db,0.6233333333333333,9.62,9.87,10.07,66.0,-2.6,958.5,0.9659258262890683,-0.25881904510252063,0.4012289854475009,0.9159777842484877
validation_selection,2026-01-22T06:00:00+00:00,2026-01-22T00:00:00+00:00,2026-01-24T07:00:00+00:00,2026-01-24T12:00:00+05:00,48,49.0,1c1cbef5622bd32673b4814d43fab45270537a005760ef0057ffc7165bde1339,0.6233333333333333,10.83,11.11,11.34,64.0,-1.5,958.1,0.9659258262890683,-0.25881904510252063,0.4012289854475009,0.9159777842484877
validation_selection,2026-01-23T06:00:00+00:00,2026-01-23T00:00:00+00:00,2026-01-24T08:00:00+00:00,2026-01-24T13:00:00+05:00,24,26.0,ffdd9ccc33b4574e562e09d52d49a80d16f5d48fefc3e4c588c5cfb05db454db,0.98,9.52,9.77,9.97,69.0,-1.9,957.7,0.8660254037844387,-0.4999999999999998,0.4012289854475009,0.9159777842484877
validation_selection,2026-01-22T06:00:00+00:00,2026-01-22T00:00:00+00:00,2026-01-24T08:00:00+00:00,2026-01-24T13:00:00+05:00,48,50.0,1c1cbef5622bd32673b4814d43fab45270537a005760ef0057ffc7165bde1339,0.98,10.63,10.91,11.14,68.0,-1.1,957.6,0.8660254037844387,-0.4999999999999998,0.4012289854475009,0.9159777842484877
validation_selection,2026-01-23T12:00:00+00:00,2026-01-23T06:00:00+00:00,2026-01-24T09:00:00+00:00,2026-01-24T14:00:00+05:00,24,21.0,58128e5ce0eef8e8927fe46ef1565374741a676a629162a4c58facaa79ce6a1d,0.9816666666666666,8.45,8.67,8.85,76.0,-1.5,957.7,0.7071067811865476,-0.7071067811865475,0.4012289854475009,0.9159777842484877
validation_selection,2026-01-22T12:00:00+00:00,2026-01-22T06:00:00+00:00,2026-01-24T09:00:00+00:00,2026-01-24T14:00:00+05:00,48,45.0,f835f4cf7370bfffb071ea7014992784e501aba5e24e5260af98d40ed83bb943,0.9816666666666666,10.19,10.45,10.67,71.0,-1.5,957.2,0.7071067811865476,-0.7071067811865475,0.4012289854475009,0.9159777842484877
validation_selection,2026-01-23T12:00:00+00:00,2026-01-23T06:00:00+00:00,2026-01-24T10:00:00+00:00,2026-01-24T15:00:00+05:00,24,22.0,58128e5ce0eef8e8927fe46ef1565374741a676a629162a4c58facaa79ce6a1d,0.9899999999999999,8.27,8.48,8.66,78.0,-1.7,957.6,0.49999999999999994,-0.8660254037844387,0.4012289854475009,0.9159777842484877
validation_selection,2026-01-22T12:00:00+00:00,2026-01-22T06:00:00+00:00,2026-01-24T10:00:00+00:00,2026-01-24T15:00:00+05:00,48,46.0,f835f4cf7370bfffb071ea7014992784e501aba5e24e5260af98d40ed83bb943,0.9899999999999999,9.73,9.98,10.19,73.0,-1.4,957.3,0.49999999999999994,-0.8660254037844387,0.4012289854475009,0.9159777842484877
validation_selection,2026-01-23T12:00:00+00:00,2026-01-23T06:00:00+00:00,2026-01-24T11:00:00+00:00,2026-01-24T16:00:00+05:00,24,23.0,58128e5ce0eef8e8927fe46ef1565374741a676a629162a4c58facaa79ce6a1d,0.985,8.63,8.85,9.04,76.0,-2.9,957.3,0.258819045102521,-0.9659258262890682,0.4012289854475009,0.9159777842484877
validation_selection,2026-01-22T12:00:00+00:00,2026-01-22T06:00:00+00:00,2026-01-24T11:00:00+00:00,2026-01-24T16:00:00+05:00,48,47.0,f835f4cf7370bfffb071ea7014992784e501aba5e24e5260af98d40ed83bb943,0.985,9.69,9.94,10.15,79.0,-2.4,957.1,0.258819045102521,-0.9659258262890682,0.4012289854475009,0.9159777842484877
validation_selection,2026-01-23T12:00:00+00:00,2026-01-23T06:00:00+00:00,2026-01-24T12:00:00+00:00,2026-01-24T17:00:00+05:00,24,24.0,58128e5ce0eef8e8927fe46ef1565374741a676a629162a4c58facaa79ce6a1d,0.9899999999999999,8.54,8.76,8.94,81.0,-4.7,956.6,1.2246467991473532e-16,-1.0,0.4012289854475009,0.9159777842484877
validation_selection,2026-01-22T12:00:00+00:00,2026-01-22T06:00:00+00:00,2026-01-24T12:00:00+00:00,2026-01-24T17:00:00+05:00,48,48.0,f835f4cf7370bfffb071ea7014992784e501aba5e24e5260af98d40ed83bb943,0.9899999999999999,9.65,9.91,10.11,80.0,-3.9,956.7,1.2246467991473532e-16,-1.0,0.4012289854475009,0.9159777842484877
validation_selection,2026-01-23T12:00:00+00:00,2026-01-23T06:00:00+00:00,2026-01-24T13:00:00+00:00,2026-01-24T18:00:00+05:00,24,25.0,58128e5ce0eef8e8927fe46ef1565374741a676a629162a4c58facaa79ce6a1d,0.9899999999999999,8.52,8.74,8.92,85.0,-6.0,955.5,-0.2588190451025208,-0.9659258262890683,0.4012289854475009,0.9159777842484877
validation_selection,2026-01-22T12:00:00+00:00,2026-01-22T06:00:00+00:00,2026-01-24T13:00:00+00:00,2026-01-24T18:00:00+05:00,48,49.0,f835f4cf7370bfffb071ea7014992784e501aba5e24e5260af98d40ed83bb943,0.9899999999999999,9.24,9.48,9.68,82.0,-5.2,956.2,-0.2588190451025208,-0.9659258262890683,0.4012289854475009,0.9159777842484877
validation_selection,2026-01-23T12:00:00+00:00,2026-01-23T06:00:00+00:00,2026-01-24T14:00:00+00:00,2026-01-24T19:00:00+05:00,24,26.0,58128e5ce0eef8e8927fe46ef1565374741a676a629162a4c58facaa79ce6a1d,0.9899999999999999,8.98,9.21,9.4,83.0,-6.2,954.8,-0.4999999999999997,-0.8660254037844388,0.4012289854475009,0.9159777842484877
validation_selection,2026-01-22T12:00:00+00:00,2026-01-22T06:00:00+00:00,2026-01-24T14:00:00+00:00,2026-01-24T19:00:00+05:00,48,50.0,f835f4cf7370bfffb071ea7014992784e501aba5e24e5260af98d40ed83bb943,0.9899999999999999,8.81,9.04,9.23,85.0,-5.7,955.8,-0.4999999999999997,-0.8660254037844388,0.4012289854475009,0.9159777842484877
validation_selection,2026-01-23T18:00:00+00:00,2026-01-23T12:00:00+00:00,2026-01-24T15:00:00+00:00,2026-01-24T20:00:00+05:00,24,21.0,c99a5abce15b682b6d32810396ddd4ba4d7ae8f7d2121db66fbbe2dcef2bc29a,0.955,9.01,9.24,9.43,80.0,-6.3,954.5,-0.7071067811865471,-0.7071067811865479,0.4012289854475009,0.9159777842484877
validation_selection,2026-01-22T18:00:00+00:00,2026-01-22T12:00:00+00:00,2026-01-24T15:00:00+00:00,2026-01-24T20:00:00+05:00,48,45.0,53180a27e96eee223107f5f32159ba2a4b705d9982a58ca2c5c91c390c0a0b44,0.955,9.19,9.43,9.63,82.0,-5.4,954.4,-0.7071067811865471,-0.7071067811865479,0.4012289854475009,0.9159777842484877
validation_selection,2026-01-23T18:00:00+00:00,2026-01-23T12:00:00+00:00,2026-01-24T16:00:00+00:00,2026-01-24T21:00:00+05:00,24,22.0,c99a5abce15b682b6d32810396ddd4ba4d7ae8f7d2121db66fbbe2dcef2bc29a,0.9899999999999999,8.46,8.68,8.86,80.0,-6.3,954.1,-0.8660254037844385,-0.5000000000000004,0.4012289854475009,0.9159777842484877
validation_selection,2026-01-22T18:00:00+00:00,2026-01-22T12:00:00+00:00,2026-01-24T16:00:00+00:00,2026-01-24T21:00:00+05:00,48,46.0,53180a27e96eee223107f5f32159ba2a4b705d9982a58ca2c5c91c390c0a0b44,0.9899999999999999,8.71,8.94,9.12,85.0,-4.9,954.2,-0.8660254037844385,-0.5000000000000004,0.4012289854475009,0.9159777842484877
validation_selection,2026-01-23T18:00:00+00:00,2026-01-23T12:00:00+00:00,2026-01-24T17:00:00+00:00,2026-01-24T22:00:00+05:00,24,23.0,c99a5abce15b682b6d32810396ddd4ba4d7ae8f7d2121db66fbbe2dcef2bc29a,0.9899999999999999,7.93,8.14,8.31,79.0,-6.0,954.0,-0.9659258262890683,-0.25881904510252063,0.4012289854475009,0.9159777842484877
validation_selection,2026-01-22T18:00:00+00:00,2026-01-22T12:00:00+00:00,2026-01-24T17:00:00+00:00,2026-01-24T22:00:00+05:00,48,47.0,53180a27e96eee223107f5f32159ba2a4b705d9982a58ca2c5c91c390c0a0b44,0.9899999999999999,8.38,8.6,8.78,84.0,-4.8,953.9,-0.9659258262890683,-0.25881904510252063,0.4012289854475009,0.9159777842484877
validation_selection,2026-01-23T18:00:00+00:00,2026-01-23T12:00:00+00:00,2026-01-24T18:00:00+00:00,2026-01-24T23:00:00+05:00,24,24.0,c99a5abce15b682b6d32810396ddd4ba4d7ae8f7d2121db66fbbe2dcef2bc29a,0.9883333333333333,7.62,7.82,7.98,78.0,-6.4,953.5,-1.0,-1.8369701987210297e-16,0.4012289854475009,0.9159777842484877
validation_selection,2026-01-22T18:00:00+00:00,2026-01-22T12:00:00+00:00,2026-01-24T18:00:00+00:00,2026-01-24T23:00:00+05:00,48,48.0,53180a27e96eee223107f5f32159ba2a4b705d9982a58ca2c5c91c390c0a0b44,0.9883333333333333,8.26,8.47,8.65,83.0,-5.3,953.2,-1.0,-1.8369701987210297e-16,0.4012289854475009,0.9159777842484877
validation_selection,2026-01-23T18:00:00+00:00,2026-01-23T12:00:00+00:00,2026-01-24T19:00:00+00:00,2026-01-25T00:00:00+05:00,24,25.0,c99a5abce15b682b6d32810396ddd4ba4d7ae8f7d2121db66fbbe2dcef2bc29a,0.965,7.33,7.52,7.68,78.0,-6.2,952.8,-0.9659258262890684,0.2588190451025203,0.4012289854475009,0.9159777842484877
validation_selection,2026-01-22T18:00:00+00:00,2026-01-22T12:00:00+00:00,2026-01-24T19:00:00+00:00,2026-01-25T00:00:00+05:00,48,49.0,53180a27e96eee223107f5f32159ba2a4b705d9982a58ca2c5c91c390c0a0b44,0.965,8.04,8.25,8.42,81.0,-5.0,952.5,-0.9659258262890684,0.2588190451025203,0.4012289854475009,0.9159777842484877
validation_selection,2026-01-23T18:00:00+00:00,2026-01-23T12:00:00+00:00,2026-01-24T20:00:00+00:00,2026-01-25T01:00:00+05:00,24,26.0,c99a5abce15b682b6d32810396ddd4ba4d7ae8f7d2121db66fbbe2dcef2bc29a,0.5499999999999999,7.22,7.41,7.56,75.0,-5.6,952.3,-0.8660254037844386,0.5000000000000001,0.4012289854475009,0.9159777842484877
validation_selection,2026-01-22T18:00:00+00:00,2026-01-22T12:00:00+00:00,2026-01-24T20:00:00+00:00,2026-01-25T01:00:00+05:00,48,50.0,53180a27e96eee223107f5f32159ba2a4b705d9982a58ca2c5c91c390c0a0b44,0.5499999999999999,7.77,7.97,8.14,78.0,-4.5,951.7,-0.8660254037844386,0.5000000000000001,0.4012289854475009,0.9159777842484877
validation_selection,2026-01-24T00:00:00+00:00,2026-01-23T18:00:00+00:00,2026-01-24T21:00:00+00:00,2026-01-25T02:00:00+05:00,24,21.0,10a1acbb9e11953a2ad32923f8af5fd3773f178c1895a478f4b02cbef75e3b67,0.2383333333333333,7.06,7.24,7.39,72.0,-5.4,951.8,-0.7071067811865477,0.7071067811865474,0.4012289854475009,0.9159777842484877
validation_selection,2026-01-23T00:00:00+00:00,2026-01-22T18:00:00+00:00,2026-01-24T21:00:00+00:00,2026-01-25T02:00:00+05:00,48,45.0,81ad8eb51227a461d09e36b6ae2b59c078848f7b9a1dd6cab628e3d85f9e10c1,0.2383333333333333,7.39,7.58,7.74,74.0,-4.6,951.9,-0.7071067811865477,0.7071067811865474,0.4012289854475009,0.9159777842484877
validation_selection,2026-01-24T00:00:00+00:00,2026-01-23T18:00:00+00:00,2026-01-24T22:00:00+00:00,2026-01-25T03:00:00+05:00,24,22.0,10a1acbb9e11953a2ad32923f8af5fd3773f178c1895a478f4b02cbef75e3b67,0.49,6.54,6.71,6.85,74.0,-5.0,951.7,-0.5000000000000004,0.8660254037844384,0.4012289854475009,0.9159777842484877
validation_selection,2026-01-23T00:00:00+00:00,2026-01-22T18:00:00+00:00,2026-01-24T22:00:00+00:00,2026-01-25T03:00:00+05:00,48,46.0,81ad8eb51227a461d09e36b6ae2b59c078848f7b9a1dd6cab628e3d85f9e10c1,0.49,6.86,7.04,7.19,70.0,-4.8,951.5,-0.5000000000000004,0.8660254037844384,0.4012289854475009,0.9159777842484877
validation_selection,2026-01-24T00:00:00+00:00,2026-01-23T18:00:00+00:00,2026-01-24T23:00:00+00:00,2026-01-25T04:00:00+05:00,24,23.0,10a1acbb9e11953a2ad32923f8af5fd3773f178c1895a478f4b02cbef75e3b67,0.595,5.92,6.07,6.2,71.0,-5.4,951.7,-0.25881904510252157,0.9659258262890681,0.4012289854475009,0.9159777842484877
validation_selection,2026-01-23T00:00:00+00:00,2026-01-22T18:00:00+00:00,2026-01-24T23:00:00+00:00,2026-01-25T04:00:00+05:00,48,47.0,81ad8eb51227a461d09e36b6ae2b59c078848f7b9a1dd6cab628e3d85f9e10c1,0.595,6.25,6.41,6.54,69.0,-5.0,951.5,-0.25881904510252157,0.9659258262890681,0.4012289854475009,0.9159777842484877
validation_selection,2026-01-24T00:00:00+00:00,2026-01-23T18:00:00+00:00,2026-01-25T00:00:00+00:00,2026-01-25T05:00:00+05:00,24,24.0,10a1acbb9e11953a2ad32923f8af5fd3773f178c1895a478f4b02cbef75e3b67,0.14166666666666666,5.0,5.13,5.23,66.0,-5.5,952.0,0.0,1.0,0.4169258813287287,0.908940487313808
validation_selection,2026-01-23T00:00:00+00:00,2026-01-22T18:00:00+00:00,2026-01-25T00:00:00+00:00,2026-01-25T05:00:00+05:00,48,48.0,81ad8eb51227a461d09e36b6ae2b59c078848f7b9a1dd6cab628e3d85f9e10c1,0.14166666666666666,4.97,5.1,5.2,69.0,-5.4,951.9,0.0,1.0,0.4169258813287287,0.908940487313808
validation_selection,2026-01-24T00:00:00+00:00,2026-01-23T18:00:00+00:00,2026-01-25T01:00:00+00:00,2026-01-25T06:00:00+05:00,24,25.0,10a1acbb9e11953a2ad32923f8af5fd3773f178c1895a478f4b02cbef75e3b67,0.023333333333333334,1.29,1.32,1.35,65.0,-6.5,953.1,0.25881904510252074,0.9659258262890683,0.4169258813287287,0.908940487313808
validation_selection,2026-01-23T00:00:00+00:00,2026-01-22T18:00:00+00:00,2026-01-25T01:00:00+00:00,2026-01-25T06:00:00+05:00,48,49.0,81ad8eb51227a461d09e36b6ae2b59c078848f7b9a1dd6cab628e3d85f9e10c1,0.023333333333333334,2.24,2.29,2.34,70.0,-5.5,952.9,0.25881904510252074,0.9659258262890683,0.4169258813287287,0.908940487313808
validation_selection,2026-01-24T00:00:00+00:00,2026-01-23T18:00:00+00:00,2026-01-25T02:00:00+00:00,2026-01-25T07:00:00+05:00,24,26.0,10a1acbb9e11953a2ad32923f8af5fd3773f178c1895a478f4b02cbef75e3b67,0.3733333333333333,2.37,2.43,2.48,217.0,-6.2,954.2,0.49999999999999994,0.8660254037844387,0.4169258813287287,0.908940487313808
validation_selection,2026-01-23T00:00:00+00:00,2026-01-22T18:00:00+00:00,2026-01-25T02:00:00+00:00,2026-01-25T07:00:00+05:00,48,50.0,81ad8eb51227a461d09e36b6ae2b59c078848f7b9a1dd6cab628e3d85f9e10c1,0.3733333333333333,1.63,1.68,1.71,80.0,-5.9,953.7,0.49999999999999994,0.8660254037844387,0.4169258813287287,0.908940487313808
validation_selection,2026-01-24T06:00:00+00:00,2026-01-24T00:00:00+00:00,2026-01-25T03:00:00+00:00,2026-01-25T08:00:00+05:00,24,21.0,59cc3d5628e76466a100e48c2bf0103db1873fa510a5f3c23539b5ea843abdb3,0.37000000000000005,3.4,3.49,3.56,218.0,-6.3,954.8,0.7071067811865476,0.7071067811865476,0.4169258813287287,0.908940487313808
validation_selection,2026-01-23T06:00:00+00:00,2026-01-23T00:00:00+00:00,2026-01-25T03:00:00+00:00,2026-01-25T08:00:00+05:00,48,45.0,ffdd9ccc33b4574e562e09d52d49a80d16f5d48fefc3e4c588c5cfb05db454db,0.37000000000000005,2.08,2.14,2.18,191.0,-5.0,954.8,0.7071067811865476,0.7071067811865476,0.4169258813287287,0.908940487313808
validation_selection,2026-01-24T06:00:00+00:00,2026-01-24T00:00:00+00:00,2026-01-25T04:00:00+00:00,2026-01-25T09:00:00+05:00,24,22.0,59cc3d5628e76466a100e48c2bf0103db1873fa510a5f3c23539b5ea843abdb3,0.13166666666666668,2.43,2.49,2.54,232.0,-3.7,955.8,0.8660254037844386,0.5000000000000001,0.4169258813287287,0.908940487313808
validation_selection,2026-01-23T06:00:00+00:00,2026-01-23T00:00:00+00:00,2026-01-25T04:00:00+00:00,2026-01-25T09:00:00+05:00,48,46.0,ffdd9ccc33b4574e562e09d52d49a80d16f5d48fefc3e4c588c5cfb05db454db,0.13166666666666668,2.33,2.39,2.44,206.0,-3.0,955.5,0.8660254037844386,0.5000000000000001,0.4169258813287287,0.908940487313808
validation_selection,2026-01-24T06:00:00+00:00,2026-01-24T00:00:00+00:00,2026-01-25T05:00:00+00:00,2026-01-25T10:00:00+05:00,24,23.0,59cc3d5628e76466a100e48c2bf0103db1873fa510a5f3c23539b5ea843abdb3,0.06999999999999999,1.22,1.25,1.28,265.0,-1.8,956.3,0.9659258262890683,0.25881904510252074,0.4169258813287287,0.908940487313808
validation_selection,2026-01-23T06:00:00+00:00,2026-01-23T00:00:00+00:00,2026-01-25T05:00:00+00:00,2026-01-25T10:00:00+05:00,48,47.0,ffdd9ccc33b4574e562e09d52d49a80d16f5d48fefc3e4c588c5cfb05db454db,0.06999999999999999,1.08,1.1,1.13,175.0,-0.5,955.7,0.9659258262890683,0.25881904510252074,0.4169258813287287,0.908940487313808
validation_selection,2026-01-24T06:00:00+00:00,2026-01-24T00:00:00+00:00,2026-01-25T06:00:00+00:00,2026-01-25T11:00:00+05:00,24,24.0,59cc3d5628e76466a100e48c2bf0103db1873fa510a5f3c23539b5ea843abdb3,0.005,0.54,0.55,0.56,360.0,-0.6,956.1,1.0,6.123233995736766e-17,0.4169258813287287,0.908940487313808
validation_selection,2026-01-23T06:00:00+00:00,2026-01-23T00:00:00+00:00,2026-01-25T06:00:00+00:00,2026-01-25T11:00:00+05:00,48,48.0,ffdd9ccc33b4574e562e09d52d49a80d16f5d48fefc3e4c588c5cfb05db454db,0.005,1.97,2.02,2.07,33.0,0.9,955.5,1.0,6.123233995736766e-17,0.4169258813287287,0.908940487313808
validation_selection,2026-01-24T06:00:00+00:00,2026-01-24T00:00:00+00:00,2026-01-25T07:00:00+00:00,2026-01-25T12:00:00+05:00,24,25.0,59cc3d5628e76466a100e48c2bf0103db1873fa510a5f3c23539b5ea843abdb3,0.01,0.96,0.98,1.01,24.0,0.7,955.4,0.9659258262890683,-0.25881904510252063,0.4169258813287287,0.908940487313808
validation_selection,2026-01-23T06:00:00+00:00,2026-01-23T00:00:00+00:00,2026-01-25T07:00:00+00:00,2026-01-25T12:00:00+05:00,48,49.0,ffdd9ccc33b4574e562e09d52d49a80d16f5d48fefc3e4c588c5cfb05db454db,0.01,1.85,1.9,1.94,2.0,1.0,955.6,0.9659258262890683,-0.25881904510252063,0.4169258813287287,0.908940487313808
validation_selection,2026-01-24T06:00:00+00:00,2026-01-24T00:00:00+00:00,2026-01-25T08:00:00+00:00,2026-01-25T13:00:00+05:00,24,26.0,59cc3d5628e76466a100e48c2bf0103db1873fa510a5f3c23539b5ea843abdb3,0.008333333333333333,1.12,1.15,1.17,360.0,1.3,955.2,0.8660254037844387,-0.4999999999999998,0.4169258813287287,0.908940487313808
validation_selection,2026-01-23T06:00:00+00:00,2026-01-23T00:00:00+00:00,2026-01-25T08:00:00+00:00,2026-01-25T13:00:00+05:00,48,50.0,ffdd9ccc33b4574e562e09d52d49a80d16f5d48fefc3e4c588c5cfb05db454db,0.008333333333333333,1.25,1.28,1.31,291.0,1.4,955.8,0.8660254037844387,-0.4999999999999998,0.4169258813287287,0.908940487313808
validation_selection,2026-01-24T12:00:00+00:00,2026-01-24T06:00:00+00:00,2026-01-25T09:00:00+00:00,2026-01-25T14:00:00+05:00,24,21.0,a291134b9a7bde13d40e97c3a2cdfc1da248c83933196b1dd42ceefd6fe4215d,0.01,1.74,1.78,1.82,11.0,1.8,954.9,0.7071067811865476,-0.7071067811865475,0.4169258813287287,0.908940487313808
validation_selection,2026-01-23T12:00:00+00:00,2026-01-23T06:00:00+00:00,2026-01-25T09:00:00+00:00,2026-01-25T14:00:00+05:00,48,45.0,58128e5ce0eef8e8927fe46ef1565374741a676a629162a4c58facaa79ce6a1d,0.01,2.07,2.12,2.17,278.0,2.2,955.8,0.7071067811865476,-0.7071067811865475,0.4169258813287287,0.908940487313808
validation_selection,2026-01-24T12:00:00+00:00,2026-01-24T06:00:00+00:00,2026-01-25T10:00:00+00:00,2026-01-25T15:00:00+05:00,24,22.0,a291134b9a7bde13d40e97c3a2cdfc1da248c83933196b1dd42ceefd6fe4215d,0.01,2.25,2.3,2.35,274.0,1.4,955.9,0.49999999999999994,-0.8660254037844387,0.4169258813287287,0.908940487313808
validation_selection,2026-01-23T12:00:00+00:00,2026-01-23T06:00:00+00:00,2026-01-25T10:00:00+00:00,2026-01-25T15:00:00+05:00,48,46.0,58128e5ce0eef8e8927fe46ef1565374741a676a629162a4c58facaa79ce6a1d,0.01,3.07,3.15,3.21,252.0,2.0,956.5,0.49999999999999994,-0.8660254037844387,0.4169258813287287,0.908940487313808
validation_selection,2026-01-24T12:00:00+00:00,2026-01-24T06:00:00+00:00,2026-01-25T11:00:00+00:00,2026-01-25T16:00:00+05:00,24,23.0,a291134b9a7bde13d40e97c3a2cdfc1da248c83933196b1dd42ceefd6fe4215d,0.01,4.9,5.02,5.13,260.0,0.2,956.8,0.258819045102521,-0.9659258262890682,0.4169258813287287,0.908940487313808
validation_selection,2026-01-23T12:00:00+00:00,2026-01-23T06:00:00+00:00,2026-01-25T11:00:00+00:00,2026-01-25T16:00:00+05:00,48,47.0,58128e5ce0eef8e8927fe46ef1565374741a676a629162a4c58facaa79ce6a1d,0.01,4.86,4.98,5.09,257.0,0.5,957.3,0.258819045102521,-0.9659258262890682,0.4169258813287287,0.908940487313808
validation_selection,2026-01-24T12:00:00+00:00,2026-01-24T06:00:00+00:00,2026-01-25T12:00:00+00:00,2026-01-25T17:00:00+05:00,24,24.0,a291134b9a7bde13d40e97c3a2cdfc1da248c83933196b1dd42ceefd6fe4215d,0.01,5.69,5.83,5.95,256.0,-1.5,957.6,1.2246467991473532e-16,-1.0,0.4169258813287287,0.908940487313808
validation_selection,2026-01-23T12:00:00+00:00,2026-01-23T06:00:00+00:00,2026-01-25T12:00:00+00:00,2026-01-25T17:00:00+05:00,48,48.0,58128e5ce0eef8e8927fe46ef1565374741a676a629162a4c58facaa79ce6a1d,0.01,5.24,5.38,5.49,250.0,-3.1,957.7,1.2246467991473532e-16,-1.0,0.4169258813287287,0.908940487313808
validation_selection,2026-01-24T12:00:00+00:00,2026-01-24T06:00:00+00:00,2026-01-25T13:00:00+00:00,2026-01-25T18:00:00+05:00,24,25.0,a291134b9a7bde13d40e97c3a2cdfc1da248c83933196b1dd42ceefd6fe4215d,0.01,3.24,3.32,3.39,225.0,-2.6,957.9,-0.2588190451025208,-0.9659258262890683,0.4169258813287287,0.908940487313808
validation_selection,2026-01-23T12:00:00+00:00,2026-01-23T06:00:00+00:00,2026-01-25T13:00:00+00:00,2026-01-25T18:00:00+05:00,48,49.0,58128e5ce0eef8e8927fe46ef1565374741a676a629162a4c58facaa79ce6a1d,0.01,4.47,4.58,4.68,231.0,-3.2,958.5,-0.2588190451025208,-0.9659258262890683,0.4169258813287287,0.908940487313808
validation_selection,2026-01-24T12:00:00+00:00,2026-01-24T06:00:00+00:00,2026-01-25T14:00:00+00:00,2026-01-25T19:00:00+05:00,24,26.0,a291134b9a7bde13d40e97c3a2cdfc1da248c83933196b1dd42ceefd6fe4215d,0.03333333333333333,1.18,1.21,1.24,218.0,-3.5,957.5,-0.4999999999999997,-0.8660254037844388,0.4169258813287287,0.908940487313808
validation_selection,2026-01-23T12:00:00+00:00,2026-01-23T06:00:00+00:00,2026-01-25T14:00:00+00:00,2026-01-25T19:00:00+05:00,48,50.0,58128e5ce0eef8e8927fe46ef1565374741a676a629162a4c58facaa79ce6a1d,0.03333333333333333,3.31,3.4,3.47,229.0,-3.9,958.6,-0.4999999999999997,-0.8660254037844388,0.4169258813287287,0.908940487313808
validation_selection,2026-01-24T18:00:00+00:00,2026-01-24T12:00:00+00:00,2026-01-25T15:00:00+00:00,2026-01-25T20:00:00+05:00,24,21.0,82011df78ad3cc3e6e2d08e090a8abe9e81bb8afbb0a6305bffceae70c003f32,0.13333333333333333,3.45,3.54,3.61,211.0,-3.6,957.8,-0.7071067811865471,-0.7071067811865479,0.4169258813287287,0.908940487313808
validation_selection,2026-01-23T18:00:00+00:00,2026-01-23T12:00:00+00:00,2026-01-25T15:00:00+00:00,2026-01-25T20:00:00+05:00,48,45.0,c99a5abce15b682b6d32810396ddd4ba4d7ae8f7d2121db66fbbe2dcef2bc29a,0.13333333333333333,1.97,2.02,2.06,230.0,-3.7,958.0,-0.7071067811865471,-0.7071067811865479,0.4169258813287287,0.908940487313808
validation_selection,2026-01-24T18:00:00+00:00,2026-01-24T12:00:00+00:00,2026-01-25T16:00:00+00:00,2026-01-25T21:00:00+05:00,24,22.0,82011df78ad3cc3e6e2d08e090a8abe9e81bb8afbb0a6305bffceae70c003f32,0.215,2.92,2.99,3.05,232.0,-3.5,957.7,-0.8660254037844385,-0.5000000000000004,0.4169258813287287,0.908940487313808
validation_selection,2026-01-23T18:00:00+00:00,2026-01-23T12:00:00+00:00,2026-01-25T16:00:00+00:00,2026-01-25T21:00:00+05:00,48,46.0,c99a5abce15b682b6d32810396ddd4ba4d7ae8f7d2121db66fbbe2dcef2bc29a,0.215,3.0,3.08,3.14,222.0,-2.4,958.1,-0.8660254037844385,-0.5000000000000004,0.4169258813287287,0.908940487313808
validation_selection,2026-01-24T18:00:00+00:00,2026-01-24T12:00:00+00:00,2026-01-25T17:00:00+00:00,2026-01-25T22:00:00+05:00,24,23.0,82011df78ad3cc3e6e2d08e090a8abe9e81bb8afbb0a6305bffceae70c003f32,0.32666666666666666,1.66,1.7,1.73,227.0,-3.1,958.0,-0.9659258262890683,-0.25881904510252063,0.4169258813287287,0.908940487313808
validation_selection,2026-01-23T18:00:00+00:00,2026-01-23T12:00:00+00:00,2026-01-25T17:00:00+00:00,2026-01-25T22:00:00+05:00,48,47.0,c99a5abce15b682b6d32810396ddd4ba4d7ae8f7d2121db66fbbe2dcef2bc29a,0.32666666666666666,2.42,2.48,2.53,228.0,-2.1,958.0,-0.9659258262890683,-0.25881904510252063,0.4169258813287287,0.908940487313808
validation_selection,2026-01-24T18:00:00+00:00,2026-01-24T12:00:00+00:00,2026-01-25T18:00:00+00:00,2026-01-25T23:00:00+05:00,24,24.0,82011df78ad3cc3e6e2d08e090a8abe9e81bb8afbb0a6305bffceae70c003f32,0.5416666666666666,0.92,0.95,0.97,162.0,-1.9,958.3,-1.0,-1.8369701987210297e-16,0.4169258813287287,0.908940487313808
validation_selection,2026-01-23T18:00:00+00:00,2026-01-23T12:00:00+00:00,2026-01-25T18:00:00+00:00,2026-01-25T23:00:00+05:00,48,48.0,c99a5abce15b682b6d32810396ddd4ba4d7ae8f7d2121db66fbbe2dcef2bc29a,0.5416666666666666,1.39,1.43,1.46,234.0,-1.6,958.1,-1.0,-1.8369701987210297e-16,0.4169258813287287,0.908940487313808
validation_selection,2026-01-24T18:00:00+00:00,2026-01-24T12:00:00+00:00,2026-01-25T19:00:00+00:00,2026-01-26T00:00:00+05:00,24,25.0,82011df78ad3cc3e6e2d08e090a8abe9e81bb8afbb0a6305bffceae70c003f32,0.22,1.49,1.53,1.56,79.0,-2.5,958.0,-0.9659258262890684,0.2588190451025203,0.4169258813287287,0.908940487313808
validation_selection,2026-01-23T18:00:00+00:00,2026-01-23T12:00:00+00:00,2026-01-25T19:00:00+00:00,2026-01-26T00:00:00+05:00,48,49.0,c99a5abce15b682b6d32810396ddd4ba4d7ae8f7d2121db66fbbe2dcef2bc29a,0.22,0.34,0.35,0.36,135.0,-1.9,958.1,-0.9659258262890684,0.2588190451025203,0.4169258813287287,0.908940487313808
validation_selection,2026-01-24T18:00:00+00:00,2026-01-24T12:00:00+00:00,2026-01-25T20:00:00+00:00,2026-01-26T01:00:00+05:00,24,26.0,82011df78ad3cc3e6e2d08e090a8abe9e81bb8afbb0a6305bffceae70c003f32,0.18166666666666667,3.34,3.42,3.49,78.0,-3.7,957.8,-0.8660254037844386,0.5000000000000001,0.4169258813287287,0.908940487313808
validation_selection,2026-01-23T18:00:00+00:00,2026-01-23T12:00:00+00:00,2026-01-25T20:00:00+00:00,2026-01-26T01:00:00+05:00,48,50.0,c99a5abce15b682b6d32810396ddd4ba4d7ae8f7d2121db66fbbe2dcef2bc29a,0.18166666666666667,3.17,3.26,3.32,79.0,-3.0,958.1,-0.8660254037844386,0.5000000000000001,0.4169258813287287,0.908940487313808
validation_selection,2026-01-25T00:00:00+00:00,2026-01-24T18:00:00+00:00,2026-01-25T21:00:00+00:00,2026-01-26T02:00:00+05:00,24,21.0,82e5e3a6d6df9334a995f64a7480b4dea547f53d58996b3e0a0d4fef9d87eb39,0.3066666666666667,3.51,3.6,3.68,76.0,-4.1,957.7,-0.7071067811865477,0.7071067811865474,0.4169258813287287,0.908940487313808
validation_selection,2026-01-24T00:00:00+00:00,2026-01-23T18:00:00+00:00,2026-01-25T21:00:00+00:00,2026-01-26T02:00:00+05:00,48,45.0,10a1acbb9e11953a2ad32923f8af5fd3773f178c1895a478f4b02cbef75e3b67,0.3066666666666667,3.67,3.77,3.84,79.0,-3.7,958.7,-0.7071067811865477,0.7071067811865474,0.4169258813287287,0.908940487313808
validation_selection,2026-01-25T00:00:00+00:00,2026-01-24T18:00:00+00:00,2026-01-25T22:00:00+00:00,2026-01-26T03:00:00+05:00,24,22.0,82e5e3a6d6df9334a995f64a7480b4dea547f53d58996b3e0a0d4fef9d87eb39,0.31833333333333336,4.8,4.92,5.03,77.0,-3.7,958.1,-0.5000000000000004,0.8660254037844384,0.4169258813287287,0.908940487313808
validation_selection,2026-01-24T00:00:00+00:00,2026-01-23T18:00:00+00:00,2026-01-25T22:00:00+00:00,2026-01-26T03:00:00+05:00,48,46.0,10a1acbb9e11953a2ad32923f8af5fd3773f178c1895a478f4b02cbef75e3b67,0.31833333333333336,3.69,3.78,3.86,75.0,-3.9,958.9,-0.5000000000000004,0.8660254037844384,0.4169258813287287,0.908940487313808
validation_selection,2026-01-25T00:00:00+00:00,2026-01-24T18:00:00+00:00,2026-01-25T23:00:00+00:00,2026-01-26T04:00:00+05:00,24,23.0,82e5e3a6d6df9334a995f64a7480b4dea547f53d58996b3e0a0d4fef9d87eb39,0.22,5.05,5.18,5.29,77.0,-4.0,958.2,-0.25881904510252157,0.9659258262890681,0.4169258813287287,0.908940487313808
validation_selection,2026-01-24T00:00:00+00:00,2026-01-23T18:00:00+00:00,2026-01-25T23:00:00+00:00,2026-01-26T04:00:00+05:00,48,47.0,10a1acbb9e11953a2ad32923f8af5fd3773f178c1895a478f4b02cbef75e3b67,0.22,4.35,4.46,4.56,77.0,-4.3,959.2,-0.25881904510252157,0.9659258262890681,0.4169258813287287,0.908940487313808
validation_selection,2026-01-25T00:00:00+00:00,2026-01-24T18:00:00+00:00,2026-01-26T00:00:00+00:00,2026-01-26T05:00:00+05:00,24,24.0,82e5e3a6d6df9334a995f64a7480b4dea547f53d58996b3e0a0d4fef9d87eb39,0.5299999999999999,5.46,5.6,5.71,71.0,-4.5,958.5,0.0,1.0,0.4324994021339788,0.901634220265486
validation_selection,2026-01-24T00:00:00+00:00,2026-01-23T18:00:00+00:00,2026-01-26T00:00:00+00:00,2026-01-26T05:00:00+05:00,48,48.0,10a1acbb9e11953a2ad32923f8af5fd3773f178c1895a478f4b02cbef75e3b67,0.5299999999999999,4.65,4.77,4.87,80.0,-4.0,959.5,0.0,1.0,0.4324994021339788,0.901634220265486
validation_selection,2026-01-25T00:00:00+00:00,2026-01-24T18:00:00+00:00,2026-01-26T01:00:00+00:00,2026-01-26T06:00:00+05:00,24,25.0,82e5e3a6d6df9334a995f64a7480b4dea547f53d58996b3e0a0d4fef9d87eb39,0.27,6.06,6.22,6.35,69.0,-5.3,958.9,0.25881904510252074,0.9659258262890683,0.4324994021339788,0.901634220265486
validation_selection,2026-01-24T00:00:00+00:00,2026-01-23T18:00:00+00:00,2026-01-26T01:00:00+00:00,2026-01-26T06:00:00+05:00,48,49.0,10a1acbb9e11953a2ad32923f8af5fd3773f178c1895a478f4b02cbef75e3b67,0.27,5.1,5.23,5.34,71.0,-4.4,959.6,0.25881904510252074,0.9659258262890683,0.4324994021339788,0.901634220265486
validation_selection,2026-01-25T00:00:00+00:00,2026-01-24T18:00:00+00:00,2026-01-26T02:00:00+00:00,2026-01-26T07:00:00+05:00,24,26.0,82e5e3a6d6df9334a995f64a7480b4dea547f53d58996b3e0a0d4fef9d87eb39,0.20166666666666666,6.3,6.47,6.6,71.0,-6.0,959.0,0.49999999999999994,0.8660254037844387,0.4324994021339788,0.901634220265486
validation_selection,2026-01-24T00:00:00+00:00,2026-01-23T18:00:00+00:00,2026-01-26T02:00:00+00:00,2026-01-26T07:00:00+05:00,48,50.0,10a1acbb9e11953a2ad32923f8af5fd3773f178c1895a478f4b02cbef75e3b67,0.20166666666666666,5.78,5.93,6.06,69.0,-5.1,959.9,0.49999999999999994,0.8660254037844387,0.4324994021339788,0.901634220265486
validation_selection,2026-01-25T06:00:00+00:00,2026-01-25T00:00:00+00:00,2026-01-26T03:00:00+00:00,2026-01-26T08:00:00+05:00,24,21.0,174a7f4cb248e5d14a6d0a3a43e676c20755ad9e95a12d5b273dce071d2df964,0.18666666666666668,6.77,6.95,7.09,67.0,-6.1,959.2,0.7071067811865476,0.7071067811865476,0.4324994021339788,0.901634220265486
validation_selection,2026-01-24T06:00:00+00:00,2026-01-24T00:00:00+00:00,2026-01-26T03:00:00+00:00,2026-01-26T08:00:00+05:00,48,45.0,59cc3d5628e76466a100e48c2bf0103db1873fa510a5f3c23539b5ea843abdb3,0.18666666666666668,6.71,6.89,7.03,62.0,-5.6,959.3,0.7071067811865476,0.7071067811865476,0.4324994021339788,0.901634220265486
validation_selection,2026-01-25T06:00:00+00:00,2026-01-25T00:00:00+00:00,2026-01-26T04:00:00+00:00,2026-01-26T09:00:00+05:00,24,22.0,174a7f4cb248e5d14a6d0a3a43e676c20755ad9e95a12d5b273dce071d2df964,0.24,7.43,7.63,7.78,62.0,-3.7,959.6,0.8660254037844386,0.5000000000000001,0.4324994021339788,0.901634220265486
validation_selection,2026-01-24T06:00:00+00:00,2026-01-24T00:00:00+00:00,2026-01-26T04:00:00+00:00,2026-01-26T09:00:00+05:00,48,46.0,59cc3d5628e76466a100e48c2bf0103db1873fa510a5f3c23539b5ea843abdb3,0.24,7.3,7.49,7.65,59.0,-3.8,959.5,0.8660254037844386,0.5000000000000001,0.4324994021339788,0.901634220265486
validation_selection,2026-01-25T06:00:00+00:00,2026-01-25T00:00:00+00:00,2026-01-26T05:00:00+00:00,2026-01-26T10:00:00+05:00,24,23.0,174a7f4cb248e5d14a6d0a3a43e676c20755ad9e95a12d5b273dce071d2df964,0.245,8.81,9.03,9.22,64.0,-1.9,959.4,0.9659258262890683,0.25881904510252074,0.4324994021339788,0.901634220265486
validation_selection,2026-01-24T06:00:00+00:00,2026-01-24T00:00:00+00:00,2026-01-26T05:00:00+00:00,2026-01-26T10:00:00+05:00,48,47.0,59cc3d5628e76466a100e48c2bf0103db1873fa510a5f3c23539b5ea843abdb3,0.245,8.29,8.51,8.68,60.0,-1.3,959.7,0.9659258262890683,0.25881904510252074,0.4324994021339788,0.901634220265486
validation_selection,2026-01-25T06:00:00+00:00,2026-01-25T00:00:00+00:00,2026-01-26T06:00:00+00:00,2026-01-26T11:00:00+05:00,24,24.0,174a7f4cb248e5d14a6d0a3a43e676c20755ad9e95a12d5b273dce071d2df964,0.5083333333333333,7.75,7.95,8.11,57.0,-0.3,958.9,1.0,6.123233995736766e-17,0.4324994021339788,0.901634220265486
validation_selection,2026-01-24T06:00:00+00:00,2026-01-24T00:00:00+00:00,2026-01-26T06:00:00+00:00,2026-01-26T11:00:00+05:00,48,48.0,59cc3d5628e76466a100e48c2bf0103db1873fa510a5f3c23539b5ea843abdb3,0.5083333333333333,7.95,8.16,8.32,55.0,0.1,959.4,1.0,6.123233995736766e-17,0.4324994021339788,0.901634220265486
validation_selection,2026-01-25T06:00:00+00:00,2026-01-25T00:00:00+00:00,2026-01-26T07:00:00+00:00,2026-01-26T12:00:00+05:00,24,25.0,174a7f4cb248e5d14a6d0a3a43e676c20755ad9e95a12d5b273dce071d2df964,0.8466666666666667,8.16,8.37,8.54,54.0,1.6,957.9,0.9659258262890683,-0.25881904510252063,0.4324994021339788,0.901634220265486
validation_selection,2026-01-24T06:00:00+00:00,2026-01-24T00:00:00+00:00,2026-01-26T07:00:00+00:00,2026-01-26T12:00:00+05:00,48,49.0,59cc3d5628e76466a100e48c2bf0103db1873fa510a5f3c23539b5ea843abdb3,0.8466666666666667,8.13,8.34,8.51,52.0,0.7,958.5,0.9659258262890683,-0.25881904510252063,0.4324994021339788,0.901634220265486
validation_selection,2026-01-25T06:00:00+00:00,2026-01-25T00:00:00+00:00,2026-01-26T08:00:00+00:00,2026-01-26T13:00:00+05:00,24,26.0,174a7f4cb248e5d14a6d0a3a43e676c20755ad9e95a12d5b273dce071d2df964,0.7966666666666667,8.28,8.5,8.68,53.0,1.8,956.8,0.8660254037844387,-0.4999999999999998,0.4324994021339788,0.901634220265486
validation_selection,2026-01-24T06:00:00+00:00,2026-01-24T00:00:00+00:00,2026-01-26T08:00:00+00:00,2026-01-26T13:00:00+05:00,48,50.0,59cc3d5628e76466a100e48c2bf0103db1873fa510a5f3c23539b5ea843abdb3,0.7966666666666667,8.34,8.56,8.74,53.0,2.0,957.8,0.8660254037844387,-0.4999999999999998,0.4324994021339788,0.901634220265486
validation_selection,2026-01-25T12:00:00+00:00,2026-01-25T06:00:00+00:00,2026-01-26T09:00:00+00:00,2026-01-26T14:00:00+05:00,24,21.0,47b2eb044bb0d2fbee7a89f049d8691bb2e7bcd6ffa043ec6ecd76aab52858ee,0.75,7.74,7.94,8.1,54.0,2.5,957.1,0.7071067811865476,-0.7071067811865475,0.4324994021339788,0.901634220265486
validation_selection,2026-01-24T12:00:00+00:00,2026-01-24T06:00:00+00:00,2026-01-26T09:00:00+00:00,2026-01-26T14:00:00+05:00,48,45.0,a291134b9a7bde13d40e97c3a2cdfc1da248c83933196b1dd42ceefd6fe4215d,0.75,8.33,8.55,8.73,54.0,2.3,957.2,0.7071067811865476,-0.7071067811865475,0.4324994021339788,0.901634220265486
validation_selection,2026-01-25T12:00:00+00:00,2026-01-25T06:00:00+00:00,2026-01-26T10:00:00+00:00,2026-01-26T15:00:00+05:00,24,22.0,47b2eb044bb0d2fbee7a89f049d8691bb2e7bcd6ffa043ec6ecd76aab52858ee,0.7383333333333333,8.04,8.25,8.42,59.0,2.2,956.9,0.49999999999999994,-0.8660254037844387,0.4324994021339788,0.901634220265486
validation_selection,2026-01-24T12:00:00+00:00,2026-01-24T06:00:00+00:00,2026-01-26T10:00:00+00:00,2026-01-26T15:00:00+05:00,48,46.0,a291134b9a7bde13d40e97c3a2cdfc1da248c83933196b1dd42ceefd6fe4215d,0.7383333333333333,8.55,8.77,8.95,59.0,1.4,956.8,0.49999999999999994,-0.8660254037844387,0.4324994021339788,0.901634220265486
validation_selection,2026-01-25T12:00:00+00:00,2026-01-25T06:00:00+00:00,2026-01-26T11:00:00+00:00,2026-01-26T16:00:00+05:00,24,23.0,47b2eb044bb0d2fbee7a89f049d8691bb2e7bcd6ffa043ec6ecd76aab52858ee,0.7016666666666667,7.76,7.96,8.13,64.0,0.3,956.5,0.258819045102521,-0.9659258262890682,0.4324994021339788,0.901634220265486
validation_selection,2026-01-24T12:00:00+00:00,2026-01-24T06:00:00+00:00,2026-01-26T11:00:00+00:00,2026-01-26T16:00:00+05:00,48,47.0,a291134b9a7bde13d40e97c3a2cdfc1da248c83933196b1dd42ceefd6fe4215d,0.7016666666666667,7.85,8.05,8.22,63.0,0.4,956.8,0.258819045102521,-0.9659258262890682,0.4324994021339788,0.901634220265486
validation_selection,2026-01-25T12:00:00+00:00,2026-01-25T06:00:00+00:00,2026-01-26T12:00:00+00:00,2026-01-26T17:00:00+05:00,24,24.0,47b2eb044bb0d2fbee7a89f049d8691bb2e7bcd6ffa043ec6ecd76aab52858ee,0.48333333333333334,6.96,7.14,7.29,69.0,-2.0,955.9,1.2246467991473532e-16,-1.0,0.4324994021339788,0.901634220265486
validation_selection,2026-01-24T12:00:00+00:00,2026-01-24T06:00:00+00:00,2026-01-26T12:00:00+00:00,2026-01-26T17:00:00+05:00,48,48.0,a291134b9a7bde13d40e97c3a2cdfc1da248c83933196b1dd42ceefd6fe4215d,0.48333333333333334,7.0,7.18,7.33,68.0,-2.0,956.5,1.2246467991473532e-16,-1.0,0.4324994021339788,0.901634220265486
validation_selection,2026-01-25T12:00:00+00:00,2026-01-25T06:00:00+00:00,2026-01-26T13:00:00+00:00,2026-01-26T18:00:00+05:00,24,25.0,47b2eb044bb0d2fbee7a89f049d8691bb2e7bcd6ffa043ec6ecd76aab52858ee,0.62,6.55,6.72,6.86,70.0,-3.9,955.4,-0.2588190451025208,-0.9659258262890683,0.4324994021339788,0.901634220265486
validation_selection,2026-01-24T12:00:00+00:00,2026-01-24T06:00:00+00:00,2026-01-26T13:00:00+00:00,2026-01-26T18:00:00+05:00,48,49.0,a291134b9a7bde13d40e97c3a2cdfc1da248c83933196b1dd42ceefd6fe4215d,0.62,6.45,6.62,6.76,68.0,-3.7,956.2,-0.2588190451025208,-0.9659258262890683,0.4324994021339788,0.901634220265486
validation_selection,2026-01-25T12:00:00+00:00,2026-01-25T06:00:00+00:00,2026-01-26T14:00:00+00:00,2026-01-26T19:00:00+05:00,24,26.0,47b2eb044bb0d2fbee7a89f049d8691bb2e7bcd6ffa043ec6ecd76aab52858ee,0.8716666666666667,6.96,7.14,7.29,66.0,-4.6,954.9,-0.4999999999999997,-0.8660254037844388,0.4324994021339788,0.901634220265486
validation_selection,2026-01-24T12:00:00+00:00,2026-01-24T06:00:00+00:00,2026-01-26T14:00:00+00:00,2026-01-26T19:00:00+05:00,48,50.0,a291134b9a7bde13d40e97c3a2cdfc1da248c83933196b1dd42ceefd6fe4215d,0.8716666666666667,6.53,6.7,6.84,68.0,-4.4,956.0,-0.4999999999999997,-0.8660254037844388,0.4324994021339788,0.901634220265486
validation_selection,2026-01-25T18:00:00+00:00,2026-01-25T12:00:00+00:00,2026-01-26T15:00:00+00:00,2026-01-26T20:00:00+05:00,24,21.0,2c2c8cbb884c7223578c3df2e77e5675ec3ac539cfbc589cdf3b2b2884c7cc88,0.3666666666666667,7.28,7.47,7.62,65.0,-4.7,955.2,-0.7071067811865471,-0.7071067811865479,0.4324994021339788,0.901634220265486
validation_selection,2026-01-24T18:00:00+00:00,2026-01-24T12:00:00+00:00,2026-01-26T15:00:00+00:00,2026-01-26T20:00:00+05:00,48,45.0,82011df78ad3cc3e6e2d08e090a8abe9e81bb8afbb0a6305bffceae70c003f32,0.3666666666666667,6.87,7.05,7.2,66.0,-4.9,954.9,-0.7071067811865471,-0.7071067811865479,0.4324994021339788,0.901634220265486
validation_selection,2026-01-25T18:00:00+00:00,2026-01-25T12:00:00+00:00,2026-01-26T16:00:00+00:00,2026-01-26T21:00:00+05:00,24,22.0,2c2c8cbb884c7223578c3df2e77e5675ec3ac539cfbc589cdf3b2b2884c7cc88,0.16666666666666666,7.58,7.78,7.94,63.0,-4.7,954.9,-0.8660254037844385,-0.5000000000000004,0.4324994021339788,0.901634220265486
validation_selection,2026-01-24T18:00:00+00:00,2026-01-24T12:00:00+00:00,2026-01-26T16:00:00+00:00,2026-01-26T21:00:00+05:00,48,46.0,82011df78ad3cc3e6e2d08e090a8abe9e81bb8afbb0a6305bffceae70c003f32,0.16666666666666666,6.78,6.96,7.1,65.0,-4.9,954.8,-0.8660254037844385,-0.5000000000000004,0.4324994021339788,0.901634220265486
validation_selection,2026-01-25T18:00:00+00:00,2026-01-25T12:00:00+00:00,2026-01-26T17:00:00+00:00,2026-01-26T22:00:00+05:00,24,23.0,2c2c8cbb884c7223578c3df2e77e5675ec3ac539cfbc589cdf3b2b2884c7cc88,0.6766666666666666,7.61,7.8,7.97,64.0,-5.0,954.6,-0.9659258262890683,-0.25881904510252063,0.4324994021339788,0.901634220265486
validation_selection,2026-01-24T18:00:00+00:00,2026-01-24T12:00:00+00:00,2026-01-26T17:00:00+00:00,2026-01-26T22:00:00+05:00,48,47.0,82011df78ad3cc3e6e2d08e090a8abe9e81bb8afbb0a6305bffceae70c003f32,0.6766666666666666,6.0,6.16,6.29,67.0,-5.0,954.5,-0.9659258262890683,-0.25881904510252063,0.4324994021339788,0.901634220265486
validation_selection,2026-01-25T18:00:00+00:00,2026-01-25T12:00:00+00:00,2026-01-26T18:00:00+00:00,2026-01-26T23:00:00+05:00,24,24.0,2c2c8cbb884c7223578c3df2e77e5675ec3ac539cfbc589cdf3b2b2884c7cc88,0.9266666666666666,7.02,7.2,7.35,65.0,-5.2,954.1,-1.0,-1.8369701987210297e-16,0.4324994021339788,0.901634220265486
validation_selection,2026-01-24T18:00:00+00:00,2026-01-24T12:00:00+00:00,2026-01-26T18:00:00+00:00,2026-01-26T23:00:00+05:00,48,48.0,82011df78ad3cc3e6e2d08e090a8abe9e81bb8afbb0a6305bffceae70c003f32,0.9266666666666666,5.09,5.22,5.33,67.0,-5.7,954.2,-1.0,-1.8369701987210297e-16,0.4324994021339788,0.901634220265486
validation_selection,2026-01-25T18:00:00+00:00,2026-01-25T12:00:00+00:00,2026-01-26T19:00:00+00:00,2026-01-27T00:00:00+05:00,24,25.0,2c2c8cbb884c7223578c3df2e77e5675ec3ac539cfbc589cdf3b2b2884c7cc88,0.7050000000000001,6.09,6.24,6.37,66.0,-5.5,953.8,-0.9659258262890684,0.2588190451025203,0.4324994021339788,0.901634220265486
validation_selection,2026-01-24T18:00:00+00:00,2026-01-24T12:00:00+00:00,2026-01-26T19:00:00+00:00,2026-01-27T00:00:00+05:00,48,49.0,82011df78ad3cc3e6e2d08e090a8abe9e81bb8afbb0a6305bffceae70c003f32,0.7050000000000001,4.26,4.37,4.46,70.0,-5.7,954.0,-0.9659258262890684,0.2588190451025203,0.4324994021339788,0.901634220265486
validation_selection,2026-01-25T18:00:00+00:00,2026-01-25T12:00:00+00:00,2026-01-26T20:00:00+00:00,2026-01-27T01:00:00+05:00,24,26.0,2c2c8cbb884c7223578c3df2e77e5675ec3ac539cfbc589cdf3b2b2884c7cc88,0.6266666666666666,5.28,5.41,5.52,65.0,-5.7,953.5,-0.8660254037844386,0.5000000000000001,0.4324994021339788,0.901634220265486
validation_selection,2026-01-24T18:00:00+00:00,2026-01-24T12:00:00+00:00,2026-01-26T20:00:00+00:00,2026-01-27T01:00:00+05:00,48,50.0,82011df78ad3cc3e6e2d08e090a8abe9e81bb8afbb0a6305bffceae70c003f32,0.6266666666666666,3.79,3.89,3.97,70.0,-6.6,953.4,-0.8660254037844386,0.5000000000000001,0.4324994021339788,0.901634220265486
validation_selection,2026-01-26T00:00:00+00:00,2026-01-25T18:00:00+00:00,2026-01-26T21:00:00+00:00,2026-01-27T02:00:00+05:00,24,21.0,962b8fd0c0e857e8496a756b9f8f89af3e4935e7e0343236d6ec83246bfbab5e,0.49,5.61,5.75,5.87,66.0,-5.7,953.2,-0.7071067811865477,0.7071067811865474,0.4324994021339788,0.901634220265486
validation_selection,2026-01-25T00:00:00+00:00,2026-01-24T18:00:00+00:00,2026-01-26T21:00:00+00:00,2026-01-27T02:00:00+05:00,48,45.0,82e5e3a6d6df9334a995f64a7480b4dea547f53d58996b3e0a0d4fef9d87eb39,0.49,3.24,3.32,3.39,69.0,-6.3,953.8,-0.7071067811865477,0.7071067811865474,0.4324994021339788,0.901634220265486
validation_selection,2026-01-26T00:00:00+00:00,2026-01-25T18:00:00+00:00,2026-01-26T22:00:00+00:00,2026-01-27T03:00:00+05:00,24,22.0,962b8fd0c0e857e8496a756b9f8f89af3e4935e7e0343236d6ec83246bfbab5e,0.935,4.78,4.9,5.0,65.0,-6.4,953.0,-0.5000000000000004,0.8660254037844384,0.4324994021339788,0.901634220265486
validation_selection,2026-01-25T00:00:00+00:00,2026-01-24T18:00:00+00:00,2026-01-26T22:00:00+00:00,2026-01-27T03:00:00+05:00,48,46.0,82e5e3a6d6df9334a995f64a7480b4dea547f53d58996b3e0a0d4fef9d87eb39,0.935,2.89,2.96,3.02,68.0,-6.3,953.4,-0.5000000000000004,0.8660254037844384,0.4324994021339788,0.901634220265486
validation_selection,2026-01-26T00:00:00+00:00,2026-01-25T18:00:00+00:00,2026-01-26T23:00:00+00:00,2026-01-27T04:00:00+05:00,24,23.0,962b8fd0c0e857e8496a756b9f8f89af3e4935e7e0343236d6ec83246bfbab5e,0.6733333333333333,4.04,4.14,4.23,67.0,-6.3,953.2,-0.25881904510252157,0.9659258262890681,0.4324994021339788,0.901634220265486
validation_selection,2026-01-25T00:00:00+00:00,2026-01-24T18:00:00+00:00,2026-01-26T23:00:00+00:00,2026-01-27T04:00:00+05:00,48,47.0,82e5e3a6d6df9334a995f64a7480b4dea547f53d58996b3e0a0d4fef9d87eb39,0.6733333333333333,1.8,1.85,1.89,71.0,-6.2,953.4,-0.25881904510252157,0.9659258262890681,0.4324994021339788,0.901634220265486
validation_selection,2026-01-26T00:00:00+00:00,2026-01-25T18:00:00+00:00,2026-01-27T00:00:00+00:00,2026-01-27T05:00:00+05:00,24,24.0,962b8fd0c0e857e8496a756b9f8f89af3e4935e7e0343236d6ec83246bfbab5e,0.28833333333333333,2.84,2.92,2.98,68.0,-6.5,953.6,0.0,1.0,0.44794493940789115,0.8940611451454876
validation_selection,2026-01-25T00:00:00+00:00,2026-01-24T18:00:00+00:00,2026-01-27T00:00:00+00:00,2026-01-27T05:00:00+05:00,48,48.0,82e5e3a6d6df9334a995f64a7480b4dea547f53d58996b3e0a0d4fef9d87eb39,0.28833333333333333,0.28,0.29,0.3,59.0,-6.1,954.0,0.0,1.0,0.44794493940789115,0.8940611451454876
validation_selection,2026-01-26T00:00:00+00:00,2026-01-25T18:00:00+00:00,2026-01-27T01:00:00+00:00,2026-01-27T06:00:00+05:00,24,25.0,962b8fd0c0e857e8496a756b9f8f89af3e4935e7e0343236d6ec83246bfbab5e,0.028333333333333332,1.52,1.56,1.59,84.0,-6.2,953.8,0.25881904510252074,0.9659258262890683,0.44794493940789115,0.8940611451454876
validation_selection,2026-01-25T00:00:00+00:00,2026-01-24T18:00:00+00:00,2026-01-27T01:00:00+00:00,2026-01-27T06:00:00+05:00,48,49.0,82e5e3a6d6df9334a995f64a7480b4dea547f53d58996b3e0a0d4fef9d87eb39,0.028333333333333332,0.64,0.65,0.67,266.0,-6.7,954.2,0.25881904510252074,0.9659258262890683,0.44794493940789115,0.8940611451454876
validation_selection,2026-01-26T00:00:00+00:00,2026-01-25T18:00:00+00:00,2026-01-27T02:00:00+00:00,2026-01-27T07:00:00+05:00,24,26.0,962b8fd0c0e857e8496a756b9f8f89af3e4935e7e0343236d6ec83246bfbab5e,0.013333333333333334,0.91,0.93,0.95,216.0,-6.2,954.3,0.49999999999999994,0.8660254037844387,0.44794493940789115,0.8940611451454876
validation_selection,2026-01-25T00:00:00+00:00,2026-01-24T18:00:00+00:00,2026-01-27T02:00:00+00:00,2026-01-27T07:00:00+05:00,48,50.0,82e5e3a6d6df9334a995f64a7480b4dea547f53d58996b3e0a0d4fef9d87eb39,0.013333333333333334,0.64,0.65,0.67,266.0,-5.8,954.6,0.49999999999999994,0.8660254037844387,0.44794493940789115,0.8940611451454876
validation_selection,2026-01-26T06:00:00+00:00,2026-01-26T00:00:00+00:00,2026-01-27T03:00:00+00:00,2026-01-27T08:00:00+05:00,24,21.0,9387a80e1f1580c9391428ba21a106bc1158d9c2cc2291e3c6e50fb7b661612a,0.01,0.64,0.66,0.67,81.0,-5.5,954.8,0.7071067811865476,0.7071067811865476,0.44794493940789115,0.8940611451454876
validation_selection,2026-01-25T06:00:00+00:00,2026-01-25T00:00:00+00:00,2026-01-27T03:00:00+00:00,2026-01-27T08:00:00+05:00,48,45.0,174a7f4cb248e5d14a6d0a3a43e676c20755ad9e95a12d5b273dce071d2df964,0.01,1.33,1.36,1.39,242.0,-4.3,955.1,0.7071067811865476,0.7071067811865476,0.44794493940789115,0.8940611451454876
validation_selection,2026-01-26T06:00:00+00:00,2026-01-26T00:00:00+00:00,2026-01-27T04:00:00+00:00,2026-01-27T09:00:00+05:00,24,22.0,9387a80e1f1580c9391428ba21a106bc1158d9c2cc2291e3c6e50fb7b661612a,0.008333333333333333,0.22,0.22,0.23,243.0,-2.8,955.8,0.8660254037844386,0.5000000000000001,0.44794493940789115,0.8940611451454876
validation_selection,2026-01-25T06:00:00+00:00,2026-01-25T00:00:00+00:00,2026-01-27T04:00:00+00:00,2026-01-27T09:00:00+05:00,48,46.0,174a7f4cb248e5d14a6d0a3a43e676c20755ad9e95a12d5b273dce071d2df964,0.008333333333333333,1.19,1.22,1.24,251.0,-2.2,955.4,0.8660254037844386,0.5000000000000001,0.44794493940789115,0.8940611451454876
validation_selection,2026-01-26T06:00:00+00:00,2026-01-26T00:00:00+00:00,2026-01-27T05:00:00+00:00,2026-01-27T10:00:00+05:00,24,23.0,9387a80e1f1580c9391428ba21a106bc1158d9c2cc2291e3c6e50fb7b661612a,0.01,0.73,0.75,0.77,233.0,-1.2,956.1,0.9659258262890683,0.25881904510252074,0.44794493940789115,0.8940611451454876
validation_selection,2026-01-25T06:00:00+00:00,2026-01-25T00:00:00+00:00,2026-01-27T05:00:00+00:00,2026-01-27T10:00:00+05:00,48,47.0,174a7f4cb248e5d14a6d0a3a43e676c20755ad9e95a12d5b273dce071d2df964,0.01,1.32,1.35,1.38,274.0,-1.0,955.6,0.9659258262890683,0.25881904510252074,0.44794493940789115,0.8940611451454876
validation_selection,2026-01-26T06:00:00+00:00,2026-01-26T00:00:00+00:00,2026-01-27T06:00:00+00:00,2026-01-27T11:00:00+05:00,24,24.0,9387a80e1f1580c9391428ba21a106bc1158d9c2cc2291e3c6e50fb7b661612a,0.01,0.5,0.51,0.52,281.0,0.4,955.8,1.0,6.123233995736766e-17,0.44794493940789115,0.8940611451454876
validation_selection,2026-01-25T06:00:00+00:00,2026-01-25T00:00:00+00:00,2026-01-27T06:00:00+00:00,2026-01-27T11:00:00+05:00,48,48.0,174a7f4cb248e5d14a6d0a3a43e676c20755ad9e95a12d5b273dce071d2df964,0.01,0.97,0.99,1.01,311.0,-0.4,955.5,1.0,6.123233995736766e-17,0.44794493940789115,0.8940611451454876
validation_selection,2026-01-26T06:00:00+00:00,2026-01-26T00:00:00+00:00,2026-01-27T07:00:00+00:00,2026-01-27T12:00:00+05:00,24,25.0,9387a80e1f1580c9391428ba21a106bc1158d9c2cc2291e3c6e50fb7b661612a,0.01,0.61,0.63,0.64,299.0,1.1,954.8,0.9659258262890683,-0.25881904510252063,0.44794493940789115,0.8940611451454876
validation_selection,2026-01-25T06:00:00+00:00,2026-01-25T00:00:00+00:00,2026-01-27T07:00:00+00:00,2026-01-27T12:00:00+05:00,48,49.0,174a7f4cb248e5d14a6d0a3a43e676c20755ad9e95a12d5b273dce071d2df964,0.01,0.88,0.9,0.92,289.0,0.8,954.9,0.9659258262890683,-0.25881904510252063,0.44794493940789115,0.8940611451454876
validation_selection,2026-01-26T06:00:00+00:00,2026-01-26T00:00:00+00:00,2026-01-27T08:00:00+00:00,2026-01-27T13:00:00+05:00,24,26.0,9387a80e1f1580c9391428ba21a106bc1158d9c2cc2291e3c6e50fb7b661612a,0.01,0.79,0.81,0.83,313.0,2.5,954.1,0.8660254037844387,-0.4999999999999998,0.44794493940789115,0.8940611451454876
validation_selection,2026-01-25T06:00:00+00:00,2026-01-25T00:00:00+00:00,2026-01-27T08:00:00+00:00,2026-01-27T13:00:00+05:00,48,50.0,174a7f4cb248e5d14a6d0a3a43e676c20755ad9e95a12d5b273dce071d2df964,0.01,1.08,1.11,1.13,306.0,1.7,954.3,0.8660254037844387,-0.4999999999999998,0.44794493940789115,0.8940611451454876
validation_selection,2026-01-26T12:00:00+00:00,2026-01-26T06:00:00+00:00,2026-01-27T09:00:00+00:00,2026-01-27T14:00:00+05:00,24,21.0,b4207b6610379d5c152d764c9b58ad9f369ede61cdb2ab97974f953d57f55a89,0.01,0.18,0.18,0.18,34.0,3.0,953.5,0.7071067811865476,-0.7071067811865475,0.44794493940789115,0.8940611451454876
validation_selection,2026-01-25T12:00:00+00:00,2026-01-25T06:00:00+00:00,2026-01-27T09:00:00+00:00,2026-01-27T14:00:00+05:00,48,45.0,47b2eb044bb0d2fbee7a89f049d8691bb2e7bcd6ffa043ec6ecd76aab52858ee,0.01,0.99,1.02,1.04,349.0,2.4,953.1,0.7071067811865476,-0.7071067811865475,0.44794493940789115,0.8940611451454876
validation_selection,2026-01-26T12:00:00+00:00,2026-01-26T06:00:00+00:00,2026-01-27T10:00:00+00:00,2026-01-27T15:00:00+05:00,24,22.0,b4207b6610379d5c152d764c9b58ad9f369ede61cdb2ab97974f953d57f55a89,0.01,0.39,0.4,0.41,330.0,2.8,953.3,0.49999999999999994,-0.8660254037844387,0.44794493940789115,0.8940611451454876
validation_selection,2026-01-25T12:00:00+00:00,2026-01-25T06:00:00+00:00,2026-01-27T10:00:00+00:00,2026-01-27T15:00:00+05:00,48,46.0,47b2eb044bb0d2fbee7a89f049d8691bb2e7bcd6ffa043ec6ecd76aab52858ee,0.01,0.21,0.21,0.22,45.0,2.3,953.1,0.49999999999999994,-0.8660254037844387,0.44794493940789115,0.8940611451454876
validation_selection,2026-01-26T12:00:00+00:00,2026-01-26T06:00:00+00:00,2026-01-27T11:00:00+00:00,2026-01-27T16:00:00+05:00,24,23.0,b4207b6610379d5c152d764c9b58ad9f369ede61cdb2ab97974f953d57f55a89,0.01,0.96,0.99,1.01,300.0,0.6,952.9,0.258819045102521,-0.9659258262890682,0.44794493940789115,0.8940611451454876
validation_selection,2026-01-25T12:00:00+00:00,2026-01-25T06:00:00+00:00,2026-01-27T11:00:00+00:00,2026-01-27T16:00:00+05:00,48,47.0,47b2eb044bb0d2fbee7a89f049d8691bb2e7bcd6ffa043ec6ecd76aab52858ee,0.01,0.64,0.65,0.67,238.0,0.6,952.7,0.258819045102521,-0.9659258262890682,0.44794493940789115,0.8940611451454876
validation_selection,2026-01-26T12:00:00+00:00,2026-01-26T06:00:00+00:00,2026-01-27T12:00:00+00:00,2026-01-27T17:00:00+05:00,24,24.0,b4207b6610379d5c152d764c9b58ad9f369ede61cdb2ab97974f953d57f55a89,0.01,1.22,1.25,1.28,265.0,-1.0,952.6,1.2246467991473532e-16,-1.0,0.44794493940789115,0.8940611451454876
validation_selection,2026-01-25T12:00:00+00:00,2026-01-25T06:00:00+00:00,2026-01-27T12:00:00+00:00,2026-01-27T17:00:00+05:00,48,48.0,47b2eb044bb0d2fbee7a89f049d8691bb2e7bcd6ffa043ec6ecd76aab52858ee,0.01,0.68,0.69,0.71,300.0,-0.8,952.5,1.2246467991473532e-16,-1.0,0.44794493940789115,0.8940611451454876
validation_selection,2026-01-26T12:00:00+00:00,2026-01-26T06:00:00+00:00,2026-01-27T13:00:00+00:00,2026-01-27T18:00:00+05:00,24,25.0,b4207b6610379d5c152d764c9b58ad9f369ede61cdb2ab97974f953d57f55a89,0.01,1.9,1.95,1.99,241.0,-1.3,953.0,-0.2588190451025208,-0.9659258262890683,0.44794493940789115,0.8940611451454876
validation_selection,2026-01-25T12:00:00+00:00,2026-01-25T06:00:00+00:00,2026-01-27T13:00:00+00:00,2026-01-27T18:00:00+05:00,48,49.0,47b2eb044bb0d2fbee7a89f049d8691bb2e7bcd6ffa043ec6ecd76aab52858ee,0.01,0.59,0.61,0.62,189.0,-1.7,952.7,-0.2588190451025208,-0.9659258262890683,0.44794493940789115,0.8940611451454876
validation_selection,2026-01-26T12:00:00+00:00,2026-01-26T06:00:00+00:00,2026-01-27T14:00:00+00:00,2026-01-27T19:00:00+05:00,24,26.0,b4207b6610379d5c152d764c9b58ad9f369ede61cdb2ab97974f953d57f55a89,0.01,2.36,2.42,2.47,248.0,-1.0,953.0,-0.4999999999999997,-0.8660254037844388,0.44794493940789115,0.8940611451454876
validation_selection,2026-01-25T12:00:00+00:00,2026-01-25T06:00:00+00:00,2026-01-27T14:00:00+00:00,2026-01-27T19:00:00+05:00,48,50.0,47b2eb044bb0d2fbee7a89f049d8691bb2e7bcd6ffa043ec6ecd76aab52858ee,0.01,1.1,1.13,1.15,225.0,-0.8,952.6,-0.4999999999999997,-0.8660254037844388,0.44794493940789115,0.8940611451454876
validation_selection,2026-01-26T18:00:00+00:00,2026-01-26T12:00:00+00:00,2026-01-27T15:00:00+00:00,2026-01-27T20:00:00+05:00,24,21.0,c72e0583ccd20aff1bdc81ce805a8f7234019a9e404207a6c868ee6ea4b77dad,0.013333333333333334,4.34,4.45,4.54,243.0,-0.5,953.1,-0.7071067811865471,-0.7071067811865479,0.44794493940789115,0.8940611451454876
validation_selection,2026-01-25T18:00:00+00:00,2026-01-25T12:00:00+00:00,2026-01-27T15:00:00+00:00,2026-01-27T20:00:00+05:00,48,45.0,2c2c8cbb884c7223578c3df2e77e5675ec3ac539cfbc589cdf3b2b2884c7cc88,0.013333333333333334,1.64,1.69,1.72,258.0,-0.9,952.8,-0.7071067811865471,-0.7071067811865479,0.44794493940789115,0.8940611451454876
validation_selection,2026-01-26T18:00:00+00:00,2026-01-26T12:00:00+00:00,2026-01-27T16:00:00+00:00,2026-01-27T21:00:00+05:00,24,22.0,c72e0583ccd20aff1bdc81ce805a8f7234019a9e404207a6c868ee6ea4b77dad,0.006666666666666667,4.41,4.52,4.61,241.0,-0.9,953.0,-0.8660254037844385,-0.5000000000000004,0.44794493940789115,0.8940611451454876
validation_selection,2026-01-25T18:00:00+00:00,2026-01-25T12:00:00+00:00,2026-01-27T16:00:00+00:00,2026-01-27T21:00:00+05:00,48,46.0,2c2c8cbb884c7223578c3df2e77e5675ec3ac539cfbc589cdf3b2b2884c7cc88,0.006666666666666667,1.81,1.86,1.9,246.0,-1.1,952.6,-0.8660254037844385,-0.5000000000000004,0.44794493940789115,0.8940611451454876
validation_selection,2026-01-26T18:00:00+00:00,2026-01-26T12:00:00+00:00,2026-01-27T17:00:00+00:00,2026-01-27T22:00:00+05:00,24,23.0,c72e0583ccd20aff1bdc81ce805a8f7234019a9e404207a6c868ee6ea4b77dad,0.008333333333333333,4.05,4.15,4.24,239.0,-1.4,952.7,-0.9659258262890683,-0.25881904510252063,0.44794493940789115,0.8940611451454876
validation_selection,2026-01-25T18:00:00+00:00,2026-01-25T12:00:00+00:00,2026-01-27T17:00:00+00:00,2026-01-27T22:00:00+05:00,48,47.0,2c2c8cbb884c7223578c3df2e77e5675ec3ac539cfbc589cdf3b2b2884c7cc88,0.008333333333333333,1.87,1.92,1.96,242.0,-1.6,952.5,-0.9659258262890683,-0.25881904510252063,0.44794493940789115,0.8940611451454876
validation_selection,2026-01-26T18:00:00+00:00,2026-01-26T12:00:00+00:00,2026-01-27T18:00:00+00:00,2026-01-27T23:00:00+05:00,24,24.0,c72e0583ccd20aff1bdc81ce805a8f7234019a9e404207a6c868ee6ea4b77dad,0.01,3.99,4.09,4.18,242.0,-0.5,952.8,-1.0,-1.8369701987210297e-16,0.44794493940789115,0.8940611451454876
validation_selection,2026-01-25T18:00:00+00:00,2026-01-25T12:00:00+00:00,2026-01-27T18:00:00+00:00,2026-01-27T23:00:00+05:00,48,48.0,2c2c8cbb884c7223578c3df2e77e5675ec3ac539cfbc589cdf3b2b2884c7cc88,0.01,2.39,2.45,2.5,272.0,-2.6,952.5,-1.0,-1.8369701987210297e-16,0.44794493940789115,0.8940611451454876
validation_selection,2026-01-26T18:00:00+00:00,2026-01-26T12:00:00+00:00,2026-01-27T19:00:00+00:00,2026-01-28T00:00:00+05:00,24,25.0,c72e0583ccd20aff1bdc81ce805a8f7234019a9e404207a6c868ee6ea4b77dad,0.01,3.99,4.1,4.18,246.0,-0.6,952.7,-0.9659258262890684,0.2588190451025203,0.44794493940789115,0.8940611451454876
validation_selection,2026-01-25T18:00:00+00:00,2026-01-25T12:00:00+00:00,2026-01-27T19:00:00+00:00,2026-01-28T00:00:00+05:00,48,49.0,2c2c8cbb884c7223578c3df2e77e5675ec3ac539cfbc589cdf3b2b2884c7cc88,0.01,2.13,2.18,2.23,254.0,-2.7,952.8,-0.9659258262890684,0.2588190451025203,0.44794493940789115,0.8940611451454876
validation_selection,2026-01-26T18:00:00+00:00,2026-01-26T12:00:00+00:00,2026-01-27T20:00:00+00:00,2026-01-28T01:00:00+05:00,24,26.0,c72e0583ccd20aff1bdc81ce805a8f7234019a9e404207a6c868ee6ea4b77dad,0.01,4.15,4.26,4.35,254.0,-0.7,952.8,-0.8660254037844386,0.5000000000000001,0.44794493940789115,0.8940611451454876
validation_selection,2026-01-25T18:00:00+00:00,2026-01-25T12:00:00+00:00,2026-01-27T20:00:00+00:00,2026-01-28T01:00:00+05:00,48,50.0,2c2c8cbb884c7223578c3df2e77e5675ec3ac539cfbc589cdf3b2b2884c7cc88,0.01,2.38,2.44,2.49,247.0,-2.2,953.0,-0.8660254037844386,0.5000000000000001,0.44794493940789115,0.8940611451454876
validation_selection,2026-01-27T00:00:00+00:00,2026-01-26T18:00:00+00:00,2026-01-27T21:00:00+00:00,2026-01-28T02:00:00+05:00,24,21.0,68bfd285e324007d801d6e28c8a505100a3d9d3f6f566260aa0e1830f0af755a,0.01,4.63,4.75,4.84,258.0,-1.4,953.6,-0.7071067811865477,0.7071067811865474,0.44794493940789115,0.8940611451454876
validation_selection,2026-01-26T00:00:00+00:00,2026-01-25T18:00:00+00:00,2026-01-27T21:00:00+00:00,2026-01-28T02:00:00+05:00,48,45.0,962b8fd0c0e857e8496a756b9f8f89af3e4935e7e0343236d6ec83246bfbab5e,0.01,4.04,4.14,4.23,262.0,-3.4,953.3,-0.7071067811865477,0.7071067811865474,0.44794493940789115,0.8940611451454876
validation_selection,2026-01-27T00:00:00+00:00,2026-01-26T18:00:00+00:00,2026-01-27T22:00:00+00:00,2026-01-28T03:00:00+05:00,24,22.0,68bfd285e324007d801d6e28c8a505100a3d9d3f6f566260aa0e1830f0af755a,0.01,4.76,4.88,4.98,246.0,-1.2,953.9,-0.5000000000000004,0.8660254037844384,0.44794493940789115,0.8940611451454876
validation_selection,2026-01-26T00:00:00+00:00,2026-01-25T18:00:00+00:00,2026-01-27T22:00:00+00:00,2026-01-28T03:00:00+05:00,48,46.0,962b8fd0c0e857e8496a756b9f8f89af3e4935e7e0343236d6ec83246bfbab5e,0.01,4.55,4.67,4.77,254.0,-3.9,953.2,-0.5000000000000004,0.8660254037844384,0.44794493940789115,0.8940611451454876
validation_selection,2026-01-27T00:00:00+00:00,2026-01-26T18:00:00+00:00,2026-01-27T23:00:00+00:00,2026-01-28T04:00:00+05:00,24,23.0,68bfd285e324007d801d6e28c8a505100a3d9d3f6f566260aa0e1830f0af755a,0.01,5.04,5.17,5.28,247.0,-1.5,954.2,-0.25881904510252157,0.9659258262890681,0.44794493940789115,0.8940611451454876
validation_selection,2026-01-26T00:00:00+00:00,2026-01-25T18:00:00+00:00,2026-01-27T23:00:00+00:00,2026-01-28T04:00:00+05:00,48,47.0,962b8fd0c0e857e8496a756b9f8f89af3e4935e7e0343236d6ec83246bfbab5e,0.01,5.46,5.6,5.72,250.0,-4.1,953.8,-0.25881904510252157,0.9659258262890681,0.44794493940789115,0.8940611451454876
validation_selection,2026-01-27T00:00:00+00:00,2026-01-26T18:00:00+00:00,2026-01-28T00:00:00+00:00,2026-01-28T05:00:00+05:00,24,24.0,68bfd285e324007d801d6e28c8a505100a3d9d3f6f566260aa0e1830f0af755a,0.01,5.08,5.21,5.32,246.0,-1.8,954.6,0.0,1.0,0.4632579225674917,0.88622350294858
validation_selection,2026-01-26T00:00:00+00:00,2026-01-25T18:00:00+00:00,2026-01-28T00:00:00+00:00,2026-01-28T05:00:00+05:00,48,48.0,962b8fd0c0e857e8496a756b9f8f89af3e4935e7e0343236d6ec83246bfbab5e,0.01,5.46,5.6,5.72,247.0,-5.2,954.0,0.0,1.0,0.4632579225674917,0.88622350294858
validation_selection,2026-01-27T00:00:00+00:00,2026-01-26T18:00:00+00:00,2026-01-28T01:00:00+00:00,2026-01-28T06:00:00+05:00,24,25.0,68bfd285e324007d801d6e28c8a505100a3d9d3f6f566260aa0e1830f0af755a,0.008333333333333333,5.47,5.61,5.73,243.0,-1.6,955.3,0.25881904510252074,0.9659258262890683,0.4632579225674917,0.88622350294858
validation_selection,2026-01-26T00:00:00+00:00,2026-01-25T18:00:00+00:00,2026-01-28T01:00:00+00:00,2026-01-28T06:00:00+05:00,48,49.0,962b8fd0c0e857e8496a756b9f8f89af3e4935e7e0343236d6ec83246bfbab5e,0.008333333333333333,4.18,4.29,4.37,253.0,-4.2,954.7,0.25881904510252074,0.9659258262890683,0.4632579225674917,0.88622350294858
validation_selection,2026-01-27T00:00:00+00:00,2026-01-26T18:00:00+00:00,2026-01-28T02:00:00+00:00,2026-01-28T07:00:00+05:00,24,26.0,68bfd285e324007d801d6e28c8a505100a3d9d3f6f566260aa0e1830f0af755a,0.03,5.32,5.46,5.57,233.0,-1.7,955.8,0.49999999999999994,0.8660254037844387,0.4632579225674917,0.88622350294858
validation_selection,2026-01-26T00:00:00+00:00,2026-01-25T18:00:00+00:00,2026-01-28T02:00:00+00:00,2026-01-28T07:00:00+05:00,48,50.0,962b8fd0c0e857e8496a756b9f8f89af3e4935e7e0343236d6ec83246bfbab5e,0.03,4.39,4.51,4.6,251.0,-4.3,955.2,0.49999999999999994,0.8660254037844387,0.4632579225674917,0.88622350294858
validation_selection,2026-01-27T06:00:00+00:00,2026-01-27T00:00:00+00:00,2026-01-28T03:00:00+00:00,2026-01-28T08:00:00+05:00,24,21.0,14082a1ac487bd6465761adc91af45252a963d07268867039b47a43eb5845c7b,0.03166666666666667,4.15,4.26,4.35,239.0,-1.2,955.7,0.7071067811865476,0.7071067811865476,0.4632579225674917,0.88622350294858
validation_selection,2026-01-26T06:00:00+00:00,2026-01-26T00:00:00+00:00,2026-01-28T03:00:00+00:00,2026-01-28T08:00:00+05:00,48,45.0,9387a80e1f1580c9391428ba21a106bc1158d9c2cc2291e3c6e50fb7b661612a,0.03166666666666667,5.69,5.84,5.96,245.0,-2.6,956.3,0.7071067811865476,0.7071067811865476,0.4632579225674917,0.88622350294858
validation_selection,2026-01-27T06:00:00+00:00,2026-01-27T00:00:00+00:00,2026-01-28T04:00:00+00:00,2026-01-28T09:00:00+05:00,24,22.0,14082a1ac487bd6465761adc91af45252a963d07268867039b47a43eb5845c7b,0.01,3.67,3.77,3.85,248.0,0.3,956.4,0.8660254037844386,0.5000000000000001,0.4632579225674917,0.88622350294858
validation_selection,2026-01-26T06:00:00+00:00,2026-01-26T00:00:00+00:00,2026-01-28T04:00:00+00:00,2026-01-28T09:00:00+05:00,48,46.0,9387a80e1f1580c9391428ba21a106bc1158d9c2cc2291e3c6e50fb7b661612a,0.01,5.04,5.17,5.28,247.0,-0.9,956.9,0.8660254037844386,0.5000000000000001,0.4632579225674917,0.88622350294858
validation_selection,2026-01-27T06:00:00+00:00,2026-01-27T00:00:00+00:00,2026-01-28T05:00:00+00:00,2026-01-28T10:00:00+05:00,24,23.0,14082a1ac487bd6465761adc91af45252a963d07268867039b47a43eb5845c7b,0.01,2.56,2.63,2.69,261.0,0.8,956.8,0.9659258262890683,0.25881904510252074,0.4632579225674917,0.88622350294858
validation_selection,2026-01-26T06:00:00+00:00,2026-01-26T00:00:00+00:00,2026-01-28T05:00:00+00:00,2026-01-28T10:00:00+05:00,48,47.0,9387a80e1f1580c9391428ba21a106bc1158d9c2cc2291e3c6e50fb7b661612a,0.01,3.29,3.37,3.44,249.0,0.6,957.3,0.9659258262890683,0.25881904510252074,0.4632579225674917,0.88622350294858
validation_selection,2026-01-27T06:00:00+00:00,2026-01-27T00:00:00+00:00,2026-01-28T06:00:00+00:00,2026-01-28T11:00:00+05:00,24,24.0,14082a1ac487bd6465761adc91af45252a963d07268867039b47a43eb5845c7b,0.01,1.8,1.85,1.89,270.0,1.8,956.9,1.0,6.123233995736766e-17,0.4632579225674917,0.88622350294858
validation_selection,2026-01-26T06:00:00+00:00,2026-01-26T00:00:00+00:00,2026-01-28T06:00:00+00:00,2026-01-28T11:00:00+05:00,48,48.0,9387a80e1f1580c9391428ba21a106bc1158d9c2cc2291e3c6e50fb7b661612a,0.01,2.24,2.3,2.35,236.0,1.8,956.9,1.0,6.123233995736766e-17,0.4632579225674917,0.88622350294858
validation_selection,2026-01-27T06:00:00+00:00,2026-01-27T00:00:00+00:00,2026-01-28T07:00:00+00:00,2026-01-28T12:00:00+05:00,24,25.0,14082a1ac487bd6465761adc91af45252a963d07268867039b47a43eb5845c7b,0.01,1.03,1.06,1.08,262.0,2.4,956.6,0.9659258262890683,-0.25881904510252063,0.4632579225674917,0.88622350294858
validation_selection,2026-01-26T06:00:00+00:00,2026-01-26T00:00:00+00:00,2026-01-28T07:00:00+00:00,2026-01-28T12:00:00+05:00,48,49.0,9387a80e1f1580c9391428ba21a106bc1158d9c2cc2291e3c6e50fb7b661612a,0.01,1.99,2.04,2.08,287.0,2.6,956.6,0.9659258262890683,-0.25881904510252063,0.4632579225674917,0.88622350294858
validation_selection,2026-01-27T06:00:00+00:00,2026-01-27T00:00:00+00:00,2026-01-28T08:00:00+00:00,2026-01-28T13:00:00+05:00,24,26.0,14082a1ac487bd6465761adc91af45252a963d07268867039b47a43eb5845c7b,0.01,0.31,0.32,0.33,39.0,2.3,956.1,0.8660254037844387,-0.4999999999999998,0.4632579225674917,0.88622350294858
validation_selection,2026-01-26T06:00:00+00:00,2026-01-26T00:00:00+00:00,2026-01-28T08:00:00+00:00,2026-01-28T13:00:00+05:00,48,50.0,9387a80e1f1580c9391428ba21a106bc1158d9c2cc2291e3c6e50fb7b661612a,0.01,1.62,1.66,1.7,327.0,2.4,956.4,0.8660254037844387,-0.4999999999999998,0.4632579225674917,0.88622350294858
validation_selection,2026-01-27T12:00:00+00:00,2026-01-27T06:00:00+00:00,2026-01-28T09:00:00+00:00,2026-01-28T14:00:00+05:00,24,21.0,4c51a37ecbfa2c7dcf7b9c60744e11db8588de269f56868c7ee5d8a2dc85f2bf,0.01,1.52,1.56,1.6,277.0,2.1,956.4,0.7071067811865476,-0.7071067811865475,0.4632579225674917,0.88622350294858
validation_selection,2026-01-26T12:00:00+00:00,2026-01-26T06:00:00+00:00,2026-01-28T09:00:00+00:00,2026-01-28T14:00:00+05:00,48,45.0,b4207b6610379d5c152d764c9b58ad9f369ede61cdb2ab97974f953d57f55a89,0.01,1.1,1.12,1.15,302.0,2.5,956.5,0.7071067811865476,-0.7071067811865475,0.4632579225674917,0.88622350294858
validation_selection,2026-01-27T12:00:00+00:00,2026-01-27T06:00:00+00:00,2026-01-28T10:00:00+00:00,2026-01-28T15:00:00+05:00,24,22.0,4c51a37ecbfa2c7dcf7b9c60744e11db8588de269f56868c7ee5d8a2dc85f2bf,0.051666666666666666,0.24,0.25,0.26,53.0,1.9,956.9,0.49999999999999994,-0.8660254037844387,0.4632579225674917,0.88622350294858
validation_selection,2026-01-26T12:00:00+00:00,2026-01-26T06:00:00+00:00,2026-01-28T10:00:00+00:00,2026-01-28T15:00:00+05:00,48,46.0,b4207b6610379d5c152d764c9b58ad9f369ede61cdb2ab97974f953d57f55a89,0.051666666666666666,1.17,1.2,1.23,17.0,2.2,956.8,0.49999999999999994,-0.8660254037844387,0.4632579225674917,0.88622350294858
validation_selection,2026-01-27T12:00:00+00:00,2026-01-27T06:00:00+00:00,2026-01-28T11:00:00+00:00,2026-01-28T16:00:00+05:00,24,23.0,4c51a37ecbfa2c7dcf7b9c60744e11db8588de269f56868c7ee5d8a2dc85f2bf,0.125,1.33,1.36,1.39,98.0,0.9,957.0,0.258819045102521,-0.9659258262890682,0.4632579225674917,0.88622350294858
validation_selection,2026-01-26T12:00:00+00:00,2026-01-26T06:00:00+00:00,2026-01-28T11:00:00+00:00,2026-01-28T16:00:00+05:00,48,47.0,b4207b6610379d5c152d764c9b58ad9f369ede61cdb2ab97974f953d57f55a89,0.125,1.67,1.71,1.75,52.0,0.7,957.0,0.258819045102521,-0.9659258262890682,0.4632579225674917,0.88622350294858
validation_selection,2026-01-27T12:00:00+00:00,2026-01-27T06:00:00+00:00,2026-01-28T12:00:00+00:00,2026-01-28T17:00:00+05:00,24,24.0,4c51a37ecbfa2c7dcf7b9c60744e11db8588de269f56868c7ee5d8a2dc85f2bf,0.20833333333333334,2.81,2.88,2.94,73.0,-0.6,957.3,1.2246467991473532e-16,-1.0,0.4632579225674917,0.88622350294858
validation_selection,2026-01-26T12:00:00+00:00,2026-01-26T06:00:00+00:00,2026-01-28T12:00:00+00:00,2026-01-28T17:00:00+05:00,48,48.0,b4207b6610379d5c152d764c9b58ad9f369ede61cdb2ab97974f953d57f55a89,0.20833333333333334,3.36,3.45,3.52,66.0,-1.4,956.9,1.2246467991473532e-16,-1.0,0.4632579225674917,0.88622350294858
validation_selection,2026-01-27T12:00:00+00:00,2026-01-27T06:00:00+00:00,2026-01-28T13:00:00+00:00,2026-01-28T18:00:00+05:00,24,25.0,4c51a37ecbfa2c7dcf7b9c60744e11db8588de269f56868c7ee5d8a2dc85f2bf,0.14833333333333334,5.52,5.67,5.78,74.0,-1.0,957.9,-0.2588190451025208,-0.9659258262890683,0.4632579225674917,0.88622350294858
validation_selection,2026-01-26T12:00:00+00:00,2026-01-26T06:00:00+00:00,2026-01-28T13:00:00+00:00,2026-01-28T18:00:00+05:00,48,49.0,b4207b6610379d5c152d764c9b58ad9f369ede61cdb2ab97974f953d57f55a89,0.14833333333333334,5.17,5.3,5.41,62.0,-2.7,957.4,-0.2588190451025208,-0.9659258262890683,0.4632579225674917,0.88622350294858
validation_selection,2026-01-27T12:00:00+00:00,2026-01-27T06:00:00+00:00,2026-01-28T14:00:00+00:00,2026-01-28T19:00:00+05:00,24,26.0,4c51a37ecbfa2c7dcf7b9c60744e11db8588de269f56868c7ee5d8a2dc85f2bf,0.47833333333333333,6.59,6.76,6.9,66.0,-1.9,958.1,-0.4999999999999997,-0.8660254037844388,0.4632579225674917,0.88622350294858
validation_selection,2026-01-26T12:00:00+00:00,2026-01-26T06:00:00+00:00,2026-01-28T14:00:00+00:00,2026-01-28T19:00:00+05:00,48,50.0,b4207b6610379d5c152d764c9b58ad9f369ede61cdb2ab97974f953d57f55a89,0.47833333333333333,5.46,5.6,5.72,70.0,-2.0,958.4,-0.4999999999999997,-0.8660254037844388,0.4632579225674917,0.88622350294858
validation_selection,2026-01-27T18:00:00+00:00,2026-01-27T12:00:00+00:00,2026-01-28T15:00:00+00:00,2026-01-28T20:00:00+05:00,24,21.0,fe5ed9aafe8e658c68df9c8b7ebad3dd5599dfb163c017698f1487b2e57cc186,0.7033333333333333,6.04,6.2,6.33,61.0,-2.6,958.7,-0.7071067811865471,-0.7071067811865479,0.4632579225674917,0.88622350294858
validation_selection,2026-01-26T18:00:00+00:00,2026-01-26T12:00:00+00:00,2026-01-28T15:00:00+00:00,2026-01-28T20:00:00+05:00,48,45.0,c72e0583ccd20aff1bdc81ce805a8f7234019a9e404207a6c868ee6ea4b77dad,0.7033333333333333,6.14,6.3,6.43,59.0,-2.2,958.7,-0.7071067811865471,-0.7071067811865479,0.4632579225674917,0.88622350294858
validation_selection,2026-01-27T18:00:00+00:00,2026-01-27T12:00:00+00:00,2026-01-28T16:00:00+00:00,2026-01-28T21:00:00+05:00,24,22.0,fe5ed9aafe8e658c68df9c8b7ebad3dd5599dfb163c017698f1487b2e57cc186,0.49333333333333335,5.32,5.46,5.57,69.0,-3.3,959.5,-0.8660254037844385,-0.5000000000000004,0.4632579225674917,0.88622350294858
validation_selection,2026-01-26T18:00:00+00:00,2026-01-26T12:00:00+00:00,2026-01-28T16:00:00+00:00,2026-01-28T21:00:00+05:00,48,46.0,c72e0583ccd20aff1bdc81ce805a8f7234019a9e404207a6c868ee6ea4b77dad,0.49333333333333335,6.8,6.98,7.12,63.0,-2.6,958.9,-0.8660254037844385,-0.5000000000000004,0.4632579225674917,0.88622350294858
validation_selection,2026-01-27T18:00:00+00:00,2026-01-27T12:00:00+00:00,2026-01-28T17:00:00+00:00,2026-01-28T22:00:00+05:00,24,23.0,fe5ed9aafe8e658c68df9c8b7ebad3dd5599dfb163c017698f1487b2e57cc186,0.34,5.46,5.6,5.71,73.0,-4.3,959.0,-0.9659258262890683,-0.25881904510252063,0.4632579225674917,0.88622350294858
validation_selection,2026-01-26T18:00:00+00:00,2026-01-26T12:00:00+00:00,2026-01-28T17:00:00+00:00,2026-01-28T22:00:00+05:00,48,47.0,c72e0583ccd20aff1bdc81ce805a8f7234019a9e404207a6c868ee6ea4b77dad,0.34,6.54,6.71,6.85,63.0,-3.1,959.0,-0.9659258262890683,-0.25881904510252063,0.4632579225674917,0.88622350294858
validation_selection,2026-01-27T18:00:00+00:00,2026-01-27T12:00:00+00:00,2026-01-28T18:00:00+00:00,2026-01-28T23:00:00+05:00,24,24.0,fe5ed9aafe8e658c68df9c8b7ebad3dd5599dfb163c017698f1487b2e57cc186,0.20333333333333334,5.23,5.37,5.48,62.0,-4.7,959.4,-1.0,-1.8369701987210297e-16,0.4632579225674917,0.88622350294858
validation_selection,2026-01-26T18:00:00+00:00,2026-01-26T12:00:00+00:00,2026-01-28T18:00:00+00:00,2026-01-28T23:00:00+05:00,48,48.0,c72e0583ccd20aff1bdc81ce805a8f7234019a9e404207a6c868ee6ea4b77dad,0.20333333333333334,5.73,5.88,6.0,64.0,-3.6,959.4,-1.0,-1.8369701987210297e-16,0.4632579225674917,0.88622350294858
validation_selection,2026-01-27T18:00:00+00:00,2026-01-27T12:00:00+00:00,2026-01-28T19:00:00+00:00,2026-01-29T00:00:00+05:00,24,25.0,fe5ed9aafe8e658c68df9c8b7ebad3dd5599dfb163c017698f1487b2e57cc186,0.265,3.92,4.02,4.1,69.0,-5.3,959.8,-0.9659258262890684,0.2588190451025203,0.4632579225674917,0.88622350294858
validation_selection,2026-01-26T18:00:00+00:00,2026-01-26T12:00:00+00:00,2026-01-28T19:00:00+00:00,2026-01-29T00:00:00+05:00,48,49.0,c72e0583ccd20aff1bdc81ce805a8f7234019a9e404207a6c868ee6ea4b77dad,0.265,4.66,4.78,4.87,70.0,-4.5,959.6,-0.9659258262890684,0.2588190451025203,0.4632579225674917,0.88622350294858
validation_selection,2026-01-27T18:00:00+00:00,2026-01-27T12:00:00+00:00,2026-01-28T20:00:00+00:00,2026-01-29T01:00:00+05:00,24,26.0,fe5ed9aafe8e658c68df9c8b7ebad3dd5599dfb163c017698f1487b2e57cc186,0.14,2.2,2.25,2.3,93.0,-5.0,960.5,-0.8660254037844386,0.5000000000000001,0.4632579225674917,0.88622350294858
validation_selection,2026-01-26T18:00:00+00:00,2026-01-26T12:00:00+00:00,2026-01-28T20:00:00+00:00,2026-01-29T01:00:00+05:00,48,50.0,c72e0583ccd20aff1bdc81ce805a8f7234019a9e404207a6c868ee6ea4b77dad,0.14,2.86,2.93,3.0,76.0,-5.5,959.7,-0.8660254037844386,0.5000000000000001,0.4632579225674917,0.88622350294858
validation_selection,2026-01-28T00:00:00+00:00,2026-01-27T18:00:00+00:00,2026-01-28T21:00:00+00:00,2026-01-29T02:00:00+05:00,24,21.0,d7af43109ad08624160e5381343324f8e27c78a51ed0ada8e135f3d3e40b4381,0.19499999999999998,2.02,2.07,2.11,98.0,-5.8,960.5,-0.7071067811865477,0.7071067811865474,0.4632579225674917,0.88622350294858
validation_selection,2026-01-27T00:00:00+00:00,2026-01-26T18:00:00+00:00,2026-01-28T21:00:00+00:00,2026-01-29T02:00:00+05:00,48,45.0,68bfd285e324007d801d6e28c8a505100a3d9d3f6f566260aa0e1830f0af755a,0.19499999999999998,1.07,1.1,1.12,114.0,-5.5,960.8,-0.7071067811865477,0.7071067811865474,0.4632579225674917,0.88622350294858
validation_selection,2026-01-28T00:00:00+00:00,2026-01-27T18:00:00+00:00,2026-01-28T22:00:00+00:00,2026-01-29T03:00:00+05:00,24,22.0,d7af43109ad08624160e5381343324f8e27c78a51ed0ada8e135f3d3e40b4381,0.20833333333333334,2.2,2.25,2.3,86.0,-6.4,960.9,-0.5000000000000004,0.8660254037844384,0.4632579225674917,0.88622350294858
validation_selection,2026-01-27T00:00:00+00:00,2026-01-26T18:00:00+00:00,2026-01-28T22:00:00+00:00,2026-01-29T03:00:00+05:00,48,46.0,68bfd285e324007d801d6e28c8a505100a3d9d3f6f566260aa0e1830f0af755a,0.20833333333333334,1.4,1.43,1.46,115.0,-6.1,960.7,-0.5000000000000004,0.8660254037844384,0.4632579225674917,0.88622350294858
validation_selection,2026-01-28T00:00:00+00:00,2026-01-27T18:00:00+00:00,2026-01-28T23:00:00+00:00,2026-01-29T04:00:00+05:00,24,23.0,d7af43109ad08624160e5381343324f8e27c78a51ed0ada8e135f3d3e40b4381,0.15666666666666665,0.92,0.94,0.96,115.0,-6.2,961.5,-0.25881904510252157,0.9659258262890681,0.4632579225674917,0.88622350294858
validation_selection,2026-01-27T00:00:00+00:00,2026-01-26T18:00:00+00:00,2026-01-28T23:00:00+00:00,2026-01-29T04:00:00+05:00,48,47.0,68bfd285e324007d801d6e28c8a505100a3d9d3f6f566260aa0e1830f0af755a,0.15666666666666665,1.9,1.95,1.99,61.0,-6.0,961.2,-0.25881904510252157,0.9659258262890681,0.4632579225674917,0.88622350294858
validation_selection,2026-01-28T00:00:00+00:00,2026-01-27T18:00:00+00:00,2026-01-29T00:00:00+00:00,2026-01-29T05:00:00+05:00,24,24.0,d7af43109ad08624160e5381343324f8e27c78a51ed0ada8e135f3d3e40b4381,0.03,0.77,0.79,0.81,125.0,-6.2,961.9,0.0,1.0,0.4784338202547012,0.8781236129591848
validation_selection,2026-01-27T00:00:00+00:00,2026-01-26T18:00:00+00:00,2026-01-29T00:00:00+00:00,2026-01-29T05:00:00+05:00,48,48.0,68bfd285e324007d801d6e28c8a505100a3d9d3f6f566260aa0e1830f0af755a,0.03,2.78,2.86,2.92,86.0,-6.7,961.9,0.0,1.0,0.4784338202547012,0.8781236129591848
validation_selection,2026-01-28T00:00:00+00:00,2026-01-27T18:00:00+00:00,2026-01-29T01:00:00+00:00,2026-01-29T06:00:00+05:00,24,25.0,d7af43109ad08624160e5381343324f8e27c78a51ed0ada8e135f3d3e40b4381,0.01,2.14,2.2,2.24,73.0,-6.3,962.4,0.25881904510252074,0.9659258262890683,0.4784338202547012,0.8781236129591848
validation_selection,2026-01-27T00:00:00+00:00,2026-01-26T18:00:00+00:00,2026-01-29T01:00:00+00:00,2026-01-29T06:00:00+05:00,48,49.0,68bfd285e324007d801d6e28c8a505100a3d9d3f6f566260aa0e1830f0af755a,0.01,2.13,2.18,2.23,106.0,-6.5,962.5,0.25881904510252074,0.9659258262890683,0.4784338202547012,0.8781236129591848
validation_selection,2026-01-28T00:00:00+00:00,2026-01-27T18:00:00+00:00,2026-01-29T02:00:00+00:00,2026-01-29T07:00:00+05:00,24,26.0,d7af43109ad08624160e5381343324f8e27c78a51ed0ada8e135f3d3e40b4381,0.011666666666666667,1.99,2.04,2.08,101.0,-6.1,963.2,0.49999999999999994,0.8660254037844387,0.4784338202547012,0.8781236129591848
validation_selection,2026-01-27T00:00:00+00:00,2026-01-26T18:00:00+00:00,2026-01-29T02:00:00+00:00,2026-01-29T07:00:00+05:00,48,50.0,68bfd285e324007d801d6e28c8a505100a3d9d3f6f566260aa0e1830f0af755a,0.011666666666666667,2.27,2.33,2.37,99.0,-6.3,962.7,0.49999999999999994,0.8660254037844387,0.4784338202547012,0.8781236129591848
validation_selection,2026-01-28T06:00:00+00:00,2026-01-28T00:00:00+00:00,2026-01-29T03:00:00+00:00,2026-01-29T08:00:00+05:00,24,21.0,d892b9170999db26b9764ef92033d9f7d8799db1a2768350ed3f17390ee99fcb,0.01,2.16,2.22,2.27,98.0,-6.2,964.0,0.7071067811865476,0.7071067811865476,0.4784338202547012,0.8781236129591848
validation_selection,2026-01-27T06:00:00+00:00,2026-01-27T00:00:00+00:00,2026-01-29T03:00:00+00:00,2026-01-29T08:00:00+05:00,48,45.0,14082a1ac487bd6465761adc91af45252a963d07268867039b47a43eb5845c7b,0.01,3.22,3.3,3.37,80.0,-4.5,963.9,0.7071067811865476,0.7071067811865476,0.4784338202547012,0.8781236129591848
validation_selection,2026-01-28T06:00:00+00:00,2026-01-28T00:00:00+00:00,2026-01-29T04:00:00+00:00,2026-01-29T09:00:00+05:00,24,22.0,d892b9170999db26b9764ef92033d9f7d8799db1a2768350ed3f17390ee99fcb,0.02,2.72,2.79,2.85,75.0,-3.3,964.8,0.8660254037844386,0.5000000000000001,0.4784338202547012,0.8781236129591848
validation_selection,2026-01-27T06:00:00+00:00,2026-01-27T00:00:00+00:00,2026-01-29T04:00:00+00:00,2026-01-29T09:00:00+05:00,48,46.0,14082a1ac487bd6465761adc91af45252a963d07268867039b47a43eb5845c7b,0.02,2.64,2.71,2.76,74.0,-2.6,964.5,0.8660254037844386,0.5000000000000001,0.4784338202547012,0.8781236129591848
validation_selection,2026-01-28T06:00:00+00:00,2026-01-28T00:00:00+00:00,2026-01-29T05:00:00+00:00,2026-01-29T10:00:00+05:00,24,23.0,d892b9170999db26b9764ef92033d9f7d8799db1a2768350ed3f17390ee99fcb,0.04,4.03,4.13,4.22,69.0,-2.1,964.7,0.9659258262890683,0.25881904510252074,0.4784338202547012,0.8781236129591848
validation_selection,2026-01-27T06:00:00+00:00,2026-01-27T00:00:00+00:00,2026-01-29T05:00:00+00:00,2026-01-29T10:00:00+05:00,48,47.0,14082a1ac487bd6465761adc91af45252a963d07268867039b47a43eb5845c7b,0.04,3.66,3.76,3.84,57.0,-1.1,964.7,0.9659258262890683,0.25881904510252074,0.4784338202547012,0.8781236129591848
validation_selection,2026-01-28T06:00:00+00:00,2026-01-28T00:00:00+00:00,2026-01-29T06:00:00+00:00,2026-01-29T11:00:00+05:00,24,24.0,d892b9170999db26b9764ef92033d9f7d8799db1a2768350ed3f17390ee99fcb,0.011666666666666667,5.1,5.23,5.34,63.0,-0.7,964.3,1.0,6.123233995736766e-17,0.4784338202547012,0.8781236129591848
validation_selection,2026-01-27T06:00:00+00:00,2026-01-27T00:00:00+00:00,2026-01-29T06:00:00+00:00,2026-01-29T11:00:00+05:00,48,48.0,14082a1ac487bd6465761adc91af45252a963d07268867039b47a43eb5845c7b,0.011666666666666667,4.57,4.69,4.79,59.0,0.3,964.4,1.0,6.123233995736766e-17,0.4784338202547012,0.8781236129591848
validation_selection,2026-01-28T06:00:00+00:00,2026-01-28T00:00:00+00:00,2026-01-29T07:00:00+00:00,2026-01-29T12:00:00+05:00,24,25.0,d892b9170999db26b9764ef92033d9f7d8799db1a2768350ed3f17390ee99fcb,0.20166666666666666,5.89,6.05,6.17,56.0,1.3,963.7,0.9659258262890683,-0.25881904510252063,0.4784338202547012,0.8781236129591848
validation_selection,2026-01-27T06:00:00+00:00,2026-01-27T00:00:00+00:00,2026-01-29T07:00:00+00:00,2026-01-29T12:00:00+05:00,48,49.0,14082a1ac487bd6465761adc91af45252a963d07268867039b47a43eb5845c7b,0.20166666666666666,5.75,5.89,6.02,55.0,1.5,963.6,0.9659258262890683,-0.25881904510252063,0.4784338202547012,0.8781236129591848
validation_selection,2026-01-28T06:00:00+00:00,2026-01-28T00:00:00+00:00,2026-01-29T08:00:00+00:00,2026-01-29T13:00:00+05:00,24,26.0,d892b9170999db26b9764ef92033d9f7d8799db1a2768350ed3f17390ee99fcb,0.725,6.1,6.25,6.38,55.0,1.6,963.0,0.8660254037844387,-0.4999999999999998,0.4784338202547012,0.8781236129591848
validation_selection,2026-01-27T06:00:00+00:00,2026-01-27T00:00:00+00:00,2026-01-29T08:00:00+00:00,2026-01-29T13:00:00+05:00,48,50.0,14082a1ac487bd6465761adc91af45252a963d07268867039b47a43eb5845c7b,0.725,6.33,6.49,6.63,55.0,2.2,962.8,0.8660254037844387,-0.4999999999999998,0.4784338202547012,0.8781236129591848
validation_selection,2026-01-28T12:00:00+00:00,2026-01-28T06:00:00+00:00,2026-01-29T09:00:00+00:00,2026-01-29T14:00:00+05:00,24,21.0,8c7b2088bb1556a66b4abdd0469dc9b4959b566b73b2f4fcc30735afcbb1a5f4,0.8516666666666667,5.7,5.85,5.97,49.0,1.3,963.3,0.7071067811865476,-0.7071067811865475,0.4784338202547012,0.8781236129591848
validation_selection,2026-01-27T12:00:00+00:00,2026-01-27T06:00:00+00:00,2026-01-29T09:00:00+00:00,2026-01-29T14:00:00+05:00,48,45.0,4c51a37ecbfa2c7dcf7b9c60744e11db8588de269f56868c7ee5d8a2dc85f2bf,0.8516666666666667,5.53,5.67,5.79,53.0,1.8,962.6,0.7071067811865476,-0.7071067811865475,0.4784338202547012,0.8781236129591848
validation_selection,2026-01-28T12:00:00+00:00,2026-01-28T06:00:00+00:00,2026-01-29T10:00:00+00:00,2026-01-29T15:00:00+05:00,24,22.0,8c7b2088bb1556a66b4abdd0469dc9b4959b566b73b2f4fcc30735afcbb1a5f4,0.8766666666666666,5.34,5.48,5.59,46.0,1.0,963.4,0.49999999999999994,-0.8660254037844387,0.4784338202547012,0.8781236129591848
validation_selection,2026-01-27T12:00:00+00:00,2026-01-27T06:00:00+00:00,2026-01-29T10:00:00+00:00,2026-01-29T15:00:00+05:00,48,46.0,4c51a37ecbfa2c7dcf7b9c60744e11db8588de269f56868c7ee5d8a2dc85f2bf,0.8766666666666666,5.18,5.31,5.42,48.0,1.4,962.4,0.49999999999999994,-0.8660254037844387,0.4784338202547012,0.8781236129591848
validation_selection,2026-01-28T12:00:00+00:00,2026-01-28T06:00:00+00:00,2026-01-29T11:00:00+00:00,2026-01-29T16:00:00+05:00,24,23.0,8c7b2088bb1556a66b4abdd0469dc9b4959b566b73b2f4fcc30735afcbb1a5f4,0.9616666666666666,5.43,5.57,5.68,50.0,-0.7,963.2,0.258819045102521,-0.9659258262890682,0.4784338202547012,0.8781236129591848
validation_selection,2026-01-27T12:00:00+00:00,2026-01-27T06:00:00+00:00,2026-01-29T11:00:00+00:00,2026-01-29T16:00:00+05:00,48,47.0,4c51a37ecbfa2c7dcf7b9c60744e11db8588de269f56868c7ee5d8a2dc85f2bf,0.9616666666666666,5.75,5.9,6.03,51.0,-0.2,962.3,0.258819045102521,-0.9659258262890682,0.4784338202547012,0.8781236129591848
validation_selection,2026-01-28T12:00:00+00:00,2026-01-28T06:00:00+00:00,2026-01-29T12:00:00+00:00,2026-01-29T17:00:00+05:00,24,24.0,8c7b2088bb1556a66b4abdd0469dc9b4959b566b73b2f4fcc30735afcbb1a5f4,0.9700000000000001,6.0,6.16,6.29,58.0,-2.4,962.6,1.2246467991473532e-16,-1.0,0.4784338202547012,0.8781236129591848
validation_selection,2026-01-27T12:00:00+00:00,2026-01-27T06:00:00+00:00,2026-01-29T12:00:00+00:00,2026-01-29T17:00:00+05:00,48,48.0,4c51a37ecbfa2c7dcf7b9c60744e11db8588de269f56868c7ee5d8a2dc85f2bf,0.9700000000000001,6.44,6.61,6.75,60.0,-2.1,962.0,1.2246467991473532e-16,-1.0,0.4784338202547012,0.8781236129591848
validation_selection,2026-01-28T12:00:00+00:00,2026-01-28T06:00:00+00:00,2026-01-29T13:00:00+00:00,2026-01-29T18:00:00+05:00,24,25.0,8c7b2088bb1556a66b4abdd0469dc9b4959b566b73b2f4fcc30735afcbb1a5f4,0.9183333333333333,6.13,6.29,6.42,61.0,-2.7,962.5,-0.2588190451025208,-0.9659258262890683,0.4784338202547012,0.8781236129591848
validation_selection,2026-01-27T12:00:00+00:00,2026-01-27T06:00:00+00:00,2026-01-29T13:00:00+00:00,2026-01-29T18:00:00+05:00,48,49.0,4c51a37ecbfa2c7dcf7b9c60744e11db8588de269f56868c7ee5d8a2dc85f2bf,0.9183333333333333,5.98,6.13,6.26,66.0,-2.6,962.1,-0.2588190451025208,-0.9659258262890683,0.4784338202547012,0.8781236129591848
validation_selection,2026-01-28T12:00:00+00:00,2026-01-28T06:00:00+00:00,2026-01-29T14:00:00+00:00,2026-01-29T19:00:00+05:00,24,26.0,8c7b2088bb1556a66b4abdd0469dc9b4959b566b73b2f4fcc30735afcbb1a5f4,0.9333333333333332,6.52,6.69,6.83,65.0,-2.8,962.3,-0.4999999999999997,-0.8660254037844388,0.4784338202547012,0.8781236129591848
validation_selection,2026-01-27T12:00:00+00:00,2026-01-27T06:00:00+00:00,2026-01-29T14:00:00+00:00,2026-01-29T19:00:00+05:00,48,50.0,4c51a37ecbfa2c7dcf7b9c60744e11db8588de269f56868c7ee5d8a2dc85f2bf,0.9333333333333332,6.25,6.41,6.54,67.0,-3.0,961.7,-0.4999999999999997,-0.8660254037844388,0.4784338202547012,0.8781236129591848
validation_selection,2026-01-28T18:00:00+00:00,2026-01-28T12:00:00+00:00,2026-01-29T15:00:00+00:00,2026-01-29T20:00:00+05:00,24,21.0,bb00284bbe6cb398a90aa4e35cb2e36d0d524f2c8a8e36edceac710b2aba6b55,0.9833333333333334,7.85,8.05,8.22,63.0,-3.5,961.7,-0.7071067811865471,-0.7071067811865479,0.4784338202547012,0.8781236129591848
validation_selection,2026-01-27T18:00:00+00:00,2026-01-27T12:00:00+00:00,2026-01-29T15:00:00+00:00,2026-01-29T20:00:00+05:00,48,45.0,fe5ed9aafe8e658c68df9c8b7ebad3dd5599dfb163c017698f1487b2e57cc186,0.9833333333333334,7.29,7.48,7.63,66.0,-3.5,961.1,-0.7071067811865471,-0.7071067811865479,0.4784338202547012,0.8781236129591848
validation_selection,2026-01-28T18:00:00+00:00,2026-01-28T12:00:00+00:00,2026-01-29T16:00:00+00:00,2026-01-29T21:00:00+05:00,24,22.0,bb00284bbe6cb398a90aa4e35cb2e36d0d524f2c8a8e36edceac710b2aba6b55,0.9899999999999999,8.28,8.5,8.67,63.0,-3.7,961.2,-0.8660254037844385,-0.5000000000000004,0.4784338202547012,0.8781236129591848
validation_selection,2026-01-27T18:00:00+00:00,2026-01-27T12:00:00+00:00,2026-01-29T16:00:00+00:00,2026-01-29T21:00:00+05:00,48,46.0,fe5ed9aafe8e658c68df9c8b7ebad3dd5599dfb163c017698f1487b2e57cc186,0.9899999999999999,8.09,8.3,8.47,65.0,-3.7,960.3,-0.8660254037844385,-0.5000000000000004,0.4784338202547012,0.8781236129591848
validation_selection,2026-01-28T18:00:00+00:00,2026-01-28T12:00:00+00:00,2026-01-29T17:00:00+00:00,2026-01-29T22:00:00+05:00,24,23.0,bb00284bbe6cb398a90aa4e35cb2e36d0d524f2c8a8e36edceac710b2aba6b55,0.9899999999999999,8.3,8.52,8.7,64.0,-3.9,960.8,-0.9659258262890683,-0.25881904510252063,0.4784338202547012,0.8781236129591848
validation_selection,2026-01-27T18:00:00+00:00,2026-01-27T12:00:00+00:00,2026-01-29T17:00:00+00:00,2026-01-29T22:00:00+05:00,48,47.0,fe5ed9aafe8e658c68df9c8b7ebad3dd5599dfb163c017698f1487b2e57cc186,0.9899999999999999,8.27,8.49,8.66,67.0,-3.7,959.7,-0.9659258262890683,-0.25881904510252063,0.4784338202547012,0.8781236129591848
validation_selection,2026-01-28T18:00:00+00:00,2026-01-28T12:00:00+00:00,2026-01-29T18:00:00+00:00,2026-01-29T23:00:00+05:00,24,24.0,bb00284bbe6cb398a90aa4e35cb2e36d0d524f2c8a8e36edceac710b2aba6b55,0.9899999999999999,8.24,8.45,8.63,64.0,-4.1,960.3,-1.0,-1.8369701987210297e-16,0.4784338202547012,0.8781236129591848
validation_selection,2026-01-27T18:00:00+00:00,2026-01-27T12:00:00+00:00,2026-01-29T18:00:00+00:00,2026-01-29T23:00:00+05:00,48,48.0,fe5ed9aafe8e658c68df9c8b7ebad3dd5599dfb163c017698f1487b2e57cc186,0.9899999999999999,8.16,8.38,8.55,69.0,-3.9,959.2,-1.0,-1.8369701987210297e-16,0.4784338202547012,0.8781236129591848
validation_selection,2026-01-28T18:00:00+00:00,2026-01-28T12:00:00+00:00,2026-01-29T19:00:00+00:00,2026-01-30T00:00:00+05:00,24,25.0,bb00284bbe6cb398a90aa4e35cb2e36d0d524f2c8a8e36edceac710b2aba6b55,0.8383333333333334,8.28,8.5,8.67,64.0,-4.3,959.9,-0.9659258262890684,0.2588190451025203,0.4784338202547012,0.8781236129591848
validation_selection,2026-01-27T18:00:00+00:00,2026-01-27T12:00:00+00:00,2026-01-29T19:00:00+00:00,2026-01-30T00:00:00+05:00,48,49.0,fe5ed9aafe8e658c68df9c8b7ebad3dd5599dfb163c017698f1487b2e57cc186,0.8383333333333334,8.09,8.3,8.48,70.0,-4.0,958.5,-0.9659258262890684,0.2588190451025203,0.4784338202547012,0.8781236129591848
validation_selection,2026-01-28T18:00:00+00:00,2026-01-28T12:00:00+00:00,2026-01-29T20:00:00+00:00,2026-01-30T01:00:00+05:00,24,26.0,bb00284bbe6cb398a90aa4e35cb2e36d0d524f2c8a8e36edceac710b2aba6b55,0.6833333333333332,8.33,8.55,8.72,65.0,-4.5,959.3,-0.8660254037844386,0.5000000000000001,0.4784338202547012,0.8781236129591848
validation_selection,2026-01-27T18:00:00+00:00,2026-01-27T12:00:00+00:00,2026-01-29T20:00:00+00:00,2026-01-30T01:00:00+05:00,48,50.0,fe5ed9aafe8e658c68df9c8b7ebad3dd5599dfb163c017698f1487b2e57cc186,0.6833333333333332,7.54,7.73,7.89,73.0,-4.4,958.0,-0.8660254037844386,0.5000000000000001,0.4784338202547012,0.8781236129591848
validation_selection,2026-01-29T00:00:00+00:00,2026-01-28T18:00:00+00:00,2026-01-29T21:00:00+00:00,2026-01-30T02:00:00+05:00,24,21.0,5575c27338edb8a8de35165045b00e0618213125ffe0f7b35d5d45e5ee83d1b5,0.665,7.94,8.14,8.31,65.0,-4.9,959.1,-0.7071067811865477,0.7071067811865474,0.4784338202547012,0.8781236129591848
validation_selection,2026-01-28T00:00:00+00:00,2026-01-27T18:00:00+00:00,2026-01-29T21:00:00+00:00,2026-01-30T02:00:00+05:00,48,45.0,d7af43109ad08624160e5381343324f8e27c78a51ed0ada8e135f3d3e40b4381,0.665,7.4,7.59,7.75,70.0,-5.0,957.4,-0.7071067811865477,0.7071067811865474,0.4784338202547012,0.8781236129591848
validation_selection,2026-01-29T00:00:00+00:00,2026-01-28T18:00:00+00:00,2026-01-29T22:00:00+00:00,2026-01-30T03:00:00+05:00,24,22.0,5575c27338edb8a8de35165045b00e0618213125ffe0f7b35d5d45e5ee83d1b5,0.5016666666666666,8.0,8.21,8.38,65.0,-5.1,958.5,-0.5000000000000004,0.8660254037844384,0.4784338202547012,0.8781236129591848
validation_selection,2026-01-28T00:00:00+00:00,2026-01-27T18:00:00+00:00,2026-01-29T22:00:00+00:00,2026-01-30T03:00:00+05:00,48,46.0,d7af43109ad08624160e5381343324f8e27c78a51ed0ada8e135f3d3e40b4381,0.5016666666666666,7.2,7.39,7.54,70.0,-5.2,956.8,-0.5000000000000004,0.8660254037844384,0.4784338202547012,0.8781236129591848
validation_selection,2026-01-29T00:00:00+00:00,2026-01-28T18:00:00+00:00,2026-01-29T23:00:00+00:00,2026-01-30T04:00:00+05:00,24,23.0,5575c27338edb8a8de35165045b00e0618213125ffe0f7b35d5d45e5ee83d1b5,0.4166666666666667,8.05,8.26,8.43,65.0,-5.3,958.0,-0.25881904510252157,0.9659258262890681,0.4784338202547012,0.8781236129591848
validation_selection,2026-01-28T00:00:00+00:00,2026-01-27T18:00:00+00:00,2026-01-29T23:00:00+00:00,2026-01-30T04:00:00+05:00,48,47.0,d7af43109ad08624160e5381343324f8e27c78a51ed0ada8e135f3d3e40b4381,0.4166666666666667,7.44,7.63,7.79,68.0,-5.5,956.3,-0.25881904510252157,0.9659258262890681,0.4784338202547012,0.8781236129591848
validation_selection,2026-01-29T00:00:00+00:00,2026-01-28T18:00:00+00:00,2026-01-30T00:00:00+00:00,2026-01-30T05:00:00+05:00,24,24.0,5575c27338edb8a8de35165045b00e0618213125ffe0f7b35d5d45e5ee83d1b5,0.7599999999999999,7.89,8.1,8.26,64.0,-5.4,957.8,0.0,1.0,0.49346814167723735,0.8697638720650646
validation_selection,2026-01-28T00:00:00+00:00,2026-01-27T18:00:00+00:00,2026-01-30T00:00:00+00:00,2026-01-30T05:00:00+05:00,48,48.0,d7af43109ad08624160e5381343324f8e27c78a51ed0ada8e135f3d3e40b4381,0.7599999999999999,7.6,7.8,7.96,67.0,-5.7,956.0,0.0,1.0,0.49346814167723735,0.8697638720650646
validation_selection,2026-01-29T00:00:00+00:00,2026-01-28T18:00:00+00:00,2026-01-30T01:00:00+00:00,2026-01-30T06:00:00+05:00,24,25.0,5575c27338edb8a8de35165045b00e0618213125ffe0f7b35d5d45e5ee83d1b5,0.685,7.61,7.81,7.97,65.0,-5.5,957.4,0.25881904510252074,0.9659258262890683,0.49346814167723735,0.8697638720650646
validation_selection,2026-01-28T00:00:00+00:00,2026-01-27T18:00:00+00:00,2026-01-30T01:00:00+00:00,2026-01-30T06:00:00+05:00,48,49.0,d7af43109ad08624160e5381343324f8e27c78a51ed0ada8e135f3d3e40b4381,0.685,7.99,8.2,8.37,67.0,-5.8,955.7,0.25881904510252074,0.9659258262890683,0.49346814167723735,0.8697638720650646
validation_selection,2026-01-29T00:00:00+00:00,2026-01-28T18:00:00+00:00,2026-01-30T02:00:00+00:00,2026-01-30T07:00:00+05:00,24,26.0,5575c27338edb8a8de35165045b00e0618213125ffe0f7b35d5d45e5ee83d1b5,0.49500000000000005,7.44,7.63,7.79,66.0,-5.8,957.0,0.49999999999999994,0.8660254037844387,0.49346814167723735,0.8697638720650646
validation_selection,2026-01-28T00:00:00+00:00,2026-01-27T18:00:00+00:00,2026-01-30T02:00:00+00:00,2026-01-30T07:00:00+05:00,48,50.0,d7af43109ad08624160e5381343324f8e27c78a51ed0ada8e135f3d3e40b4381,0.49500000000000005,8.42,8.64,8.82,66.0,-5.6,955.6,0.49999999999999994,0.8660254037844387,0.49346814167723735,0.8697638720650646
validation_selection,2026-01-29T06:00:00+00:00,2026-01-29T00:00:00+00:00,2026-01-30T03:00:00+00:00,2026-01-30T08:00:00+05:00,24,21.0,be1bb5524040690fe6a7fae1f6260ea20040831ea97ac0753b6d79c0cb25a45e,0.5233333333333333,7.94,8.15,8.32,66.0,-4.9,957.4,0.7071067811865476,0.7071067811865476,0.49346814167723735,0.8697638720650646
validation_selection,2026-01-28T06:00:00+00:00,2026-01-28T00:00:00+00:00,2026-01-30T03:00:00+00:00,2026-01-30T08:00:00+05:00,48,45.0,d892b9170999db26b9764ef92033d9f7d8799db1a2768350ed3f17390ee99fcb,0.5233333333333333,8.11,8.32,8.49,64.0,-5.0,956.2,0.7071067811865476,0.7071067811865476,0.49346814167723735,0.8697638720650646
validation_selection,2026-01-29T06:00:00+00:00,2026-01-29T00:00:00+00:00,2026-01-30T04:00:00+00:00,2026-01-30T09:00:00+05:00,24,22.0,be1bb5524040690fe6a7fae1f6260ea20040831ea97ac0753b6d79c0cb25a45e,0.7983333333333333,8.28,8.5,8.67,63.0,-2.2,957.5,0.8660254037844386,0.5000000000000001,0.49346814167723735,0.8697638720650646
validation_selection,2026-01-28T06:00:00+00:00,2026-01-28T00:00:00+00:00,2026-01-30T04:00:00+00:00,2026-01-30T09:00:00+05:00,48,46.0,d892b9170999db26b9764ef92033d9f7d8799db1a2768350ed3f17390ee99fcb,0.7983333333333333,8.22,8.43,8.61,62.0,-2.6,956.5,0.8660254037844386,0.5000000000000001,0.49346814167723735,0.8697638720650646
validation_selection,2026-01-29T06:00:00+00:00,2026-01-29T00:00:00+00:00,2026-01-30T05:00:00+00:00,2026-01-30T10:00:00+05:00,24,23.0,be1bb5524040690fe6a7fae1f6260ea20040831ea97ac0753b6d79c0cb25a45e,0.9466666666666667,8.82,9.05,9.24,60.0,0.2,957.4,0.9659258262890683,0.25881904510252074,0.49346814167723735,0.8697638720650646
validation_selection,2026-01-28T06:00:00+00:00,2026-01-28T00:00:00+00:00,2026-01-30T05:00:00+00:00,2026-01-30T10:00:00+05:00,48,47.0,d892b9170999db26b9764ef92033d9f7d8799db1a2768350ed3f17390ee99fcb,0.9466666666666667,8.46,8.68,8.86,57.0,-0.8,956.5,0.9659258262890683,0.25881904510252074,0.49346814167723735,0.8697638720650646
validation_selection,2026-01-29T06:00:00+00:00,2026-01-29T00:00:00+00:00,2026-01-30T06:00:00+00:00,2026-01-30T11:00:00+05:00,24,24.0,be1bb5524040690fe6a7fae1f6260ea20040831ea97ac0753b6d79c0cb25a45e,0.9716666666666667,9.38,9.63,9.83,55.0,1.6,956.7,1.0,6.123233995736766e-17,0.49346814167723735,0.8697638720650646
validation_selection,2026-01-28T06:00:00+00:00,2026-01-28T00:00:00+00:00,2026-01-30T06:00:00+00:00,2026-01-30T11:00:00+05:00,48,48.0,d892b9170999db26b9764ef92033d9f7d8799db1a2768350ed3f17390ee99fcb,0.9716666666666667,9.1,9.34,9.53,55.0,0.9,955.9,1.0,6.123233995736766e-17,0.49346814167723735,0.8697638720650646
validation_selection,2026-01-29T06:00:00+00:00,2026-01-29T00:00:00+00:00,2026-01-30T07:00:00+00:00,2026-01-30T12:00:00+05:00,24,25.0,be1bb5524040690fe6a7fae1f6260ea20040831ea97ac0753b6d79c0cb25a45e,0.9766666666666666,9.76,10.02,10.22,55.0,2.7,955.7,0.9659258262890683,-0.25881904510252063,0.49346814167723735,0.8697638720650646
validation_selection,2026-01-28T06:00:00+00:00,2026-01-28T00:00:00+00:00,2026-01-30T07:00:00+00:00,2026-01-30T12:00:00+05:00,48,49.0,d892b9170999db26b9764ef92033d9f7d8799db1a2768350ed3f17390ee99fcb,0.9766666666666666,9.4,9.64,9.84,53.0,2.3,954.8,0.9659258262890683,-0.25881904510252063,0.49346814167723735,0.8697638720650646
validation_selection,2026-01-29T06:00:00+00:00,2026-01-29T00:00:00+00:00,2026-01-30T08:00:00+00:00,2026-01-30T13:00:00+05:00,24,26.0,be1bb5524040690fe6a7fae1f6260ea20040831ea97ac0753b6d79c0cb25a45e,0.985,10.32,10.58,10.8,55.0,3.7,954.7,0.8660254037844387,-0.4999999999999998,0.49346814167723735,0.8697638720650646
validation_selection,2026-01-28T06:00:00+00:00,2026-01-28T00:00:00+00:00,2026-01-30T08:00:00+00:00,2026-01-30T13:00:00+05:00,48,50.0,d892b9170999db26b9764ef92033d9f7d8799db1a2768350ed3f17390ee99fcb,0.985,9.68,9.93,10.14,55.0,3.1,953.7,0.8660254037844387,-0.4999999999999998,0.49346814167723735,0.8697638720650646
validation_selection,2026-01-29T12:00:00+00:00,2026-01-29T06:00:00+00:00,2026-01-30T09:00:00+00:00,2026-01-30T14:00:00+05:00,24,21.0,09b9bffa46cc668080e3eb007f580136e5fde91d774d008e90fd172d59bc560b,0.9733333333333333,10.22,10.49,10.7,55.0,3.4,954.3,0.7071067811865476,-0.7071067811865475,0.49346814167723735,0.8697638720650646
validation_selection,2026-01-28T12:00:00+00:00,2026-01-28T06:00:00+00:00,2026-01-30T09:00:00+00:00,2026-01-30T14:00:00+05:00,48,45.0,8c7b2088bb1556a66b4abdd0469dc9b4959b566b73b2f4fcc30735afcbb1a5f4,0.9733333333333333,9.15,9.39,9.59,58.0,3.9,953.3,0.7071067811865476,-0.7071067811865475,0.49346814167723735,0.8697638720650646
validation_selection,2026-01-29T12:00:00+00:00,2026-01-29T06:00:00+00:00,2026-01-30T10:00:00+00:00,2026-01-30T15:00:00+05:00,24,22.0,09b9bffa46cc668080e3eb007f580136e5fde91d774d008e90fd172d59bc560b,0.9666666666666667,9.84,10.1,10.31,61.0,3.7,954.4,0.49999999999999994,-0.8660254037844387,0.49346814167723735,0.8697638720650646
validation_selection,2026-01-28T12:00:00+00:00,2026-01-28T06:00:00+00:00,2026-01-30T10:00:00+00:00,2026-01-30T15:00:00+05:00,48,46.0,8c7b2088bb1556a66b4abdd0469dc9b4959b566b73b2f4fcc30735afcbb1a5f4,0.9666666666666667,9.09,9.32,9.52,63.0,3.6,953.2,0.49999999999999994,-0.8660254037844387,0.49346814167723735,0.8697638720650646
validation_selection,2026-01-29T12:00:00+00:00,2026-01-29T06:00:00+00:00,2026-01-30T11:00:00+00:00,2026-01-30T16:00:00+05:00,24,23.0,09b9bffa46cc668080e3eb007f580136e5fde91d774d008e90fd172d59bc560b,0.9683333333333333,9.21,9.45,9.64,61.0,1.7,954.0,0.258819045102521,-0.9659258262890682,0.49346814167723735,0.8697638720650646
validation_selection,2026-01-28T12:00:00+00:00,2026-01-28T06:00:00+00:00,2026-01-30T11:00:00+00:00,2026-01-30T16:00:00+05:00,48,47.0,8c7b2088bb1556a66b4abdd0469dc9b4959b566b73b2f4fcc30735afcbb1a5f4,0.9683333333333333,7.91,8.12,8.29,62.0,2.3,953.0,0.258819045102521,-0.9659258262890682,0.49346814167723735,0.8697638720650646
validation_selection,2026-01-29T12:00:00+00:00,2026-01-29T06:00:00+00:00,2026-01-30T12:00:00+00:00,2026-01-30T17:00:00+05:00,24,24.0,09b9bffa46cc668080e3eb007f580136e5fde91d774d008e90fd172d59bc560b,0.985,8.7,8.92,9.11,63.0,-1.1,953.6,1.2246467991473532e-16,-1.0,0.49346814167723735,0.8697638720650646
validation_selection,2026-01-28T12:00:00+00:00,2026-01-28T06:00:00+00:00,2026-01-30T12:00:00+00:00,2026-01-30T17:00:00+05:00,48,48.0,8c7b2088bb1556a66b4abdd0469dc9b4959b566b73b2f4fcc30735afcbb1a5f4,0.985,6.54,6.71,6.85,70.0,-0.8,952.7,1.2246467991473532e-16,-1.0,0.49346814167723735,0.8697638720650646
validation_selection,2026-01-29T12:00:00+00:00,2026-01-29T06:00:00+00:00,2026-01-30T13:00:00+00:00,2026-01-30T18:00:00+05:00,24,25.0,09b9bffa46cc668080e3eb007f580136e5fde91d774d008e90fd172d59bc560b,0.7883333333333334,7.79,7.99,8.16,66.0,-2.8,953.4,-0.2588190451025208,-0.9659258262890683,0.49346814167723735,0.8697638720650646
validation_selection,2026-01-28T12:00:00+00:00,2026-01-28T06:00:00+00:00,2026-01-30T13:00:00+00:00,2026-01-30T18:00:00+05:00,48,49.0,8c7b2088bb1556a66b4abdd0469dc9b4959b566b73b2f4fcc30735afcbb1a5f4,0.7883333333333334,4.79,4.92,5.02,73.0,-3.2,952.6,-0.2588190451025208,-0.9659258262890683,0.49346814167723735,0.8697638720650646
validation_selection,2026-01-29T12:00:00+00:00,2026-01-29T06:00:00+00:00,2026-01-30T14:00:00+00:00,2026-01-30T19:00:00+05:00,24,26.0,09b9bffa46cc668080e3eb007f580136e5fde91d774d008e90fd172d59bc560b,0.82,7.77,7.97,8.14,66.0,-3.5,953.2,-0.4999999999999997,-0.8660254037844388,0.49346814167723735,0.8697638720650646
validation_selection,2026-01-28T12:00:00+00:00,2026-01-28T06:00:00+00:00,2026-01-30T14:00:00+00:00,2026-01-30T19:00:00+05:00,48,50.0,8c7b2088bb1556a66b4abdd0469dc9b4959b566b73b2f4fcc30735afcbb1a5f4,0.82,3.14,3.23,3.29,71.0,-4.5,952.7,-0.4999999999999997,-0.8660254037844388,0.49346814167723735,0.8697638720650646
validation_selection,2026-01-29T18:00:00+00:00,2026-01-29T12:00:00+00:00,2026-01-30T15:00:00+00:00,2026-01-30T20:00:00+05:00,24,21.0,f46c33979387ceeede334481b75161e020d0a468fe445e83b1f86fabe01969d1,0.6033333333333334,7.98,8.19,8.36,68.0,-3.4,953.0,-0.7071067811865471,-0.7071067811865479,0.49346814167723735,0.8697638720650646
validation_selection,2026-01-28T18:00:00+00:00,2026-01-28T12:00:00+00:00,2026-01-30T15:00:00+00:00,2026-01-30T20:00:00+05:00,48,45.0,bb00284bbe6cb398a90aa4e35cb2e36d0d524f2c8a8e36edceac710b2aba6b55,0.6033333333333334,6.86,7.04,7.19,70.0,-4.1,952.8,-0.7071067811865471,-0.7071067811865479,0.49346814167723735,0.8697638720650646
validation_selection,2026-01-29T18:00:00+00:00,2026-01-29T12:00:00+00:00,2026-01-30T16:00:00+00:00,2026-01-30T21:00:00+05:00,24,22.0,f46c33979387ceeede334481b75161e020d0a468fe445e83b1f86fabe01969d1,0.5783333333333333,7.89,8.1,8.27,70.0,-3.6,952.9,-0.8660254037844385,-0.5000000000000004,0.49346814167723735,0.8697638720650646
validation_selection,2026-01-28T18:00:00+00:00,2026-01-28T12:00:00+00:00,2026-01-30T16:00:00+00:00,2026-01-30T21:00:00+05:00,48,46.0,bb00284bbe6cb398a90aa4e35cb2e36d0d524f2c8a8e36edceac710b2aba6b55,0.5783333333333333,6.35,6.52,6.65,69.0,-4.3,952.8,-0.8660254037844385,-0.5000000000000004,0.49346814167723735,0.8697638720650646
validation_selection,2026-01-29T18:00:00+00:00,2026-01-29T12:00:00+00:00,2026-01-30T17:00:00+00:00,2026-01-30T22:00:00+05:00,24,23.0,f46c33979387ceeede334481b75161e020d0a468fe445e83b1f86fabe01969d1,0.26333333333333336,7.63,7.83,7.99,71.0,-3.7,952.9,-0.9659258262890683,-0.25881904510252063,0.49346814167723735,0.8697638720650646
validation_selection,2026-01-28T18:00:00+00:00,2026-01-28T12:00:00+00:00,2026-01-30T17:00:00+00:00,2026-01-30T22:00:00+05:00,48,47.0,bb00284bbe6cb398a90aa4e35cb2e36d0d524f2c8a8e36edceac710b2aba6b55,0.26333333333333336,5.46,5.6,5.72,70.0,-4.5,952.9,-0.9659258262890683,-0.25881904510252063,0.49346814167723735,0.8697638720650646
validation_selection,2026-01-29T18:00:00+00:00,2026-01-29T12:00:00+00:00,2026-01-30T18:00:00+00:00,2026-01-30T23:00:00+05:00,24,24.0,f46c33979387ceeede334481b75161e020d0a468fe445e83b1f86fabe01969d1,0.145,7.44,7.64,7.8,70.0,-3.9,952.9,-1.0,-1.8369701987210297e-16,0.49346814167723735,0.8697638720650646
validation_selection,2026-01-28T18:00:00+00:00,2026-01-28T12:00:00+00:00,2026-01-30T18:00:00+00:00,2026-01-30T23:00:00+05:00,48,48.0,bb00284bbe6cb398a90aa4e35cb2e36d0d524f2c8a8e36edceac710b2aba6b55,0.145,5.16,5.29,5.4,68.0,-5.0,952.9,-1.0,-1.8369701987210297e-16,0.49346814167723735,0.8697638720650646
validation_reporting_only,2026-01-29T18:00:00+00:00,2026-01-29T12:00:00+00:00,2026-01-30T19:00:00+00:00,2026-01-31T00:00:00+05:00,24,25.0,f46c33979387ceeede334481b75161e020d0a468fe445e83b1f86fabe01969d1,0.15333333333333335,7.3,7.48,7.64,69.0,-4.1,952.8,-0.9659258262890684,0.2588190451025203,0.49346814167723735,0.8697638720650646
validation_reporting_only,2026-01-28T18:00:00+00:00,2026-01-28T12:00:00+00:00,2026-01-30T19:00:00+00:00,2026-01-31T00:00:00+05:00,48,49.0,bb00284bbe6cb398a90aa4e35cb2e36d0d524f2c8a8e36edceac710b2aba6b55,0.15333333333333335,4.74,4.87,4.97,68.0,-5.5,952.8,-0.9659258262890684,0.2588190451025203,0.49346814167723735,0.8697638720650646
validation_reporting_only,2026-01-29T18:00:00+00:00,2026-01-29T12:00:00+00:00,2026-01-30T20:00:00+00:00,2026-01-31T01:00:00+05:00,24,26.0,f46c33979387ceeede334481b75161e020d0a468fe445e83b1f86fabe01969d1,0.11666666666666665,7.12,7.3,7.45,67.0,-4.4,952.8,-0.8660254037844386,0.5000000000000001,0.49346814167723735,0.8697638720650646
validation_reporting_only,2026-01-28T18:00:00+00:00,2026-01-28T12:00:00+00:00,2026-01-30T20:00:00+00:00,2026-01-31T01:00:00+05:00,48,50.0,bb00284bbe6cb398a90aa4e35cb2e36d0d524f2c8a8e36edceac710b2aba6b55,0.11666666666666665,4.15,4.25,4.34,66.0,-5.9,952.9,-0.8660254037844386,0.5000000000000001,0.49346814167723735,0.8697638720650646
validation_reporting_only,2026-01-30T00:00:00+00:00,2026-01-29T18:00:00+00:00,2026-01-30T21:00:00+00:00,2026-01-31T02:00:00+05:00,24,21.0,25f39a345d1fed4603c45b27ea927e70602d43efe800f30137b57f69a094a7c5,0.16,7.63,7.83,7.99,65.0,-4.3,952.6,-0.7071067811865477,0.7071067811865474,0.49346814167723735,0.8697638720650646
validation_reporting_only,2026-01-29T00:00:00+00:00,2026-01-28T18:00:00+00:00,2026-01-30T21:00:00+00:00,2026-01-31T02:00:00+05:00,48,45.0,5575c27338edb8a8de35165045b00e0618213125ffe0f7b35d5d45e5ee83d1b5,0.16,5.62,5.77,5.89,68.0,-5.9,953.0,-0.7071067811865477,0.7071067811865474,0.49346814167723735,0.8697638720650646
validation_reporting_only,2026-01-30T00:00:00+00:00,2026-01-29T18:00:00+00:00,2026-01-30T22:00:00+00:00,2026-01-31T03:00:00+05:00,24,22.0,25f39a345d1fed4603c45b27ea927e70602d43efe800f30137b57f69a094a7c5,0.12166666666666666,7.89,8.09,8.26,64.0,-4.4,952.5,-0.5000000000000004,0.8660254037844384,0.49346814167723735,0.8697638720650646
validation_reporting_only,2026-01-29T00:00:00+00:00,2026-01-28T18:00:00+00:00,2026-01-30T22:00:00+00:00,2026-01-31T03:00:00+05:00,48,46.0,5575c27338edb8a8de35165045b00e0618213125ffe0f7b35d5d45e5ee83d1b5,0.12166666666666666,5.91,6.07,6.19,66.0,-6.1,952.8,-0.5000000000000004,0.8660254037844384,0.49346814167723735,0.8697638720650646
validation_reporting_only,2026-01-30T00:00:00+00:00,2026-01-29T18:00:00+00:00,2026-01-30T23:00:00+00:00,2026-01-31T04:00:00+05:00,24,23.0,25f39a345d1fed4603c45b27ea927e70602d43efe800f30137b57f69a094a7c5,0.07166666666666667,7.91,8.12,8.29,62.0,-4.6,952.4,-0.25881904510252157,0.9659258262890681,0.49346814167723735,0.8697638720650646
validation_reporting_only,2026-01-29T00:00:00+00:00,2026-01-28T18:00:00+00:00,2026-01-30T23:00:00+00:00,2026-01-31T04:00:00+05:00,48,47.0,5575c27338edb8a8de35165045b00e0618213125ffe0f7b35d5d45e5ee83d1b5,0.07166666666666667,6.19,6.35,6.48,64.0,-6.1,952.8,-0.25881904510252157,0.9659258262890681,0.49346814167723735,0.8697638720650646
validation_reporting_only,2026-01-30T00:00:00+00:00,2026-01-29T18:00:00+00:00,2026-01-31T00:00:00+00:00,2026-01-31T05:00:00+05:00,24,24.0,25f39a345d1fed4603c45b27ea927e70602d43efe800f30137b57f69a094a7c5,0.10666666666666667,7.78,7.99,8.15,62.0,-4.7,952.6,0.0,1.0,0.5083564379375122,0.8611467540480452
validation_reporting_only,2026-01-29T00:00:00+00:00,2026-01-28T18:00:00+00:00,2026-01-31T00:00:00+00:00,2026-01-31T05:00:00+05:00,48,48.0,5575c27338edb8a8de35165045b00e0618213125ffe0f7b35d5d45e5ee83d1b5,0.10666666666666667,6.83,7.0,7.15,61.0,-6.1,953.0,0.0,1.0,0.5083564379375122,0.8611467540480452
validation_reporting_only,2026-01-30T00:00:00+00:00,2026-01-29T18:00:00+00:00,2026-01-31T01:00:00+00:00,2026-01-31T06:00:00+05:00,24,25.0,25f39a345d1fed4603c45b27ea927e70602d43efe800f30137b57f69a094a7c5,0.10333333333333333,7.94,8.14,8.31,61.0,-4.8,952.6,0.25881904510252074,0.9659258262890683,0.5083564379375122,0.8611467540480452
validation_reporting_only,2026-01-29T00:00:00+00:00,2026-01-28T18:00:00+00:00,2026-01-31T01:00:00+00:00,2026-01-31T06:00:00+05:00,48,49.0,5575c27338edb8a8de35165045b00e0618213125ffe0f7b35d5d45e5ee83d1b5,0.10333333333333333,7.44,7.63,7.79,61.0,-6.2,952.9,0.25881904510252074,0.9659258262890683,0.5083564379375122,0.8611467540480452
validation_reporting_only,2026-01-30T00:00:00+00:00,2026-01-29T18:00:00+00:00,2026-01-31T02:00:00+00:00,2026-01-31T07:00:00+05:00,24,26.0,25f39a345d1fed4603c45b27ea927e70602d43efe800f30137b57f69a094a7c5,0.4716666666666667,8.28,8.49,8.67,60.0,-4.8,952.7,0.49999999999999994,0.8660254037844387,0.5083564379375122,0.8611467540480452
validation_reporting_only,2026-01-29T00:00:00+00:00,2026-01-28T18:00:00+00:00,2026-01-31T02:00:00+00:00,2026-01-31T07:00:00+05:00,48,50.0,5575c27338edb8a8de35165045b00e0618213125ffe0f7b35d5d45e5ee83d1b5,0.4716666666666667,7.71,7.91,8.07,60.0,-6.3,953.1,0.49999999999999994,0.8660254037844387,0.5083564379375122,0.8611467540480452
validation_reporting_only,2026-01-30T06:00:00+00:00,2026-01-30T00:00:00+00:00,2026-01-31T03:00:00+00:00,2026-01-31T08:00:00+05:00,24,21.0,32cb7520f7ec087dd18de294a68b9c2e7355fb3b11b5e909cd44b2ca18e9ff0f,0.48,8.17,8.38,8.55,60.0,-3.4,953.1,0.7071067811865476,0.7071067811865476,0.5083564379375122,0.8611467540480452
validation_reporting_only,2026-01-29T06:00:00+00:00,2026-01-29T00:00:00+00:00,2026-01-31T03:00:00+00:00,2026-01-31T08:00:00+05:00,48,45.0,be1bb5524040690fe6a7fae1f6260ea20040831ea97ac0753b6d79c0cb25a45e,0.48,8.62,8.84,9.03,61.0,-4.3,953.0,0.7071067811865476,0.7071067811865476,0.5083564379375122,0.8611467540480452
validation_reporting_only,2026-01-30T06:00:00+00:00,2026-01-30T00:00:00+00:00,2026-01-31T04:00:00+00:00,2026-01-31T09:00:00+05:00,24,22.0,32cb7520f7ec087dd18de294a68b9c2e7355fb3b11b5e909cd44b2ca18e9ff0f,0.6583333333333333,8.42,8.64,8.82,57.0,-0.1,953.8,0.8660254037844386,0.5000000000000001,0.5083564379375122,0.8611467540480452
validation_reporting_only,2026-01-29T06:00:00+00:00,2026-01-29T00:00:00+00:00,2026-01-31T04:00:00+00:00,2026-01-31T09:00:00+05:00,48,46.0,be1bb5524040690fe6a7fae1f6260ea20040831ea97ac0753b6d79c0cb25a45e,0.6583333333333333,9.0,9.24,9.43,56.0,-1.3,954.0,0.8660254037844386,0.5000000000000001,0.5083564379375122,0.8611467540480452
validation_reporting_only,2026-01-30T06:00:00+00:00,2026-01-30T00:00:00+00:00,2026-01-31T05:00:00+00:00,2026-01-31T10:00:00+05:00,24,23.0,32cb7520f7ec087dd18de294a68b9c2e7355fb3b11b5e909cd44b2ca18e9ff0f,0.9383333333333334,8.32,8.54,8.72,53.0,2.5,953.7,0.9659258262890683,0.25881904510252074,0.5083564379375122,0.8611467540480452
validation_reporting_only,2026-01-29T06:00:00+00:00,2026-01-29T00:00:00+00:00,2026-01-31T05:00:00+00:00,2026-01-31T10:00:00+05:00,48,47.0,be1bb5524040690fe6a7fae1f6260ea20040831ea97ac0753b6d79c0cb25a45e,0.9383333333333334,8.1,8.31,8.48,53.0,0.9,954.5,0.9659258262890683,0.25881904510252074,0.5083564379375122,0.8611467540480452
validation_reporting_only,2026-01-30T06:00:00+00:00,2026-01-30T00:00:00+00:00,2026-01-31T06:00:00+00:00,2026-01-31T11:00:00+05:00,24,24.0,32cb7520f7ec087dd18de294a68b9c2e7355fb3b11b5e909cd44b2ca18e9ff0f,0.9766666666666666,8.46,8.68,8.86,53.0,4.0,953.1,1.0,6.123233995736766e-17,0.5083564379375122,0.8611467540480452
validation_reporting_only,2026-01-29T06:00:00+00:00,2026-01-29T00:00:00+00:00,2026-01-31T06:00:00+00:00,2026-01-31T11:00:00+05:00,48,48.0,be1bb5524040690fe6a7fae1f6260ea20040831ea97ac0753b6d79c0cb25a45e,0.9766666666666666,8.24,8.46,8.63,51.0,2.4,954.1,1.0,6.123233995736766e-17,0.5083564379375122,0.8611467540480452
validation_reporting_only,2026-01-30T06:00:00+00:00,2026-01-30T00:00:00+00:00,2026-01-31T07:00:00+00:00,2026-01-31T12:00:00+05:00,24,25.0,32cb7520f7ec087dd18de294a68b9c2e7355fb3b11b5e909cd44b2ca18e9ff0f,0.9683333333333333,8.42,8.64,8.82,51.0,5.1,952.3,0.9659258262890683,-0.25881904510252063,0.5083564379375122,0.8611467540480452
validation_reporting_only,2026-01-29T06:00:00+00:00,2026-01-29T00:00:00+00:00,2026-01-31T07:00:00+00:00,2026-01-31T12:00:00+05:00,48,49.0,be1bb5524040690fe6a7fae1f6260ea20040831ea97ac0753b6d79c0cb25a45e,0.9683333333333333,8.3,8.51,8.69,50.0,3.4,953.4,0.9659258262890683,-0.25881904510252063,0.5083564379375122,0.8611467540480452
validation_reporting_only,2026-01-30T06:00:00+00:00,2026-01-30T00:00:00+00:00,2026-01-31T08:00:00+00:00,2026-01-31T13:00:00+05:00,24,26.0,32cb7520f7ec087dd18de294a68b9c2e7355fb3b11b5e909cd44b2ca18e9ff0f,0.9766666666666666,8.75,8.98,9.17,52.0,5.7,951.7,0.8660254037844387,-0.4999999999999998,0.5083564379375122,0.8611467540480452
validation_reporting_only,2026-01-29T06:00:00+00:00,2026-01-29T00:00:00+00:00,2026-01-31T08:00:00+00:00,2026-01-31T13:00:00+05:00,48,50.0,be1bb5524040690fe6a7fae1f6260ea20040831ea97ac0753b6d79c0cb25a45e,0.9766666666666666,8.16,8.37,8.54,52.0,4.2,952.6,0.8660254037844387,-0.4999999999999998,0.5083564379375122,0.8611467540480452
validation_reporting_only,2026-01-30T12:00:00+00:00,2026-01-30T06:00:00+00:00,2026-01-31T09:00:00+00:00,2026-01-31T14:00:00+05:00,24,21.0,63ae60a9f63e12a2ebc639f51799a47154079f77cb7e1cce8efdaf2238d70217,0.8933333333333332,8.38,8.6,8.78,54.0,6.5,951.5,0.7071067811865476,-0.7071067811865475,0.5083564379375122,0.8611467540480452
validation_reporting_only,2026-01-29T12:00:00+00:00,2026-01-29T06:00:00+00:00,2026-01-31T09:00:00+00:00,2026-01-31T14:00:00+05:00,48,45.0,09b9bffa46cc668080e3eb007f580136e5fde91d774d008e90fd172d59bc560b,0.8933333333333332,7.96,8.17,8.34,50.0,4.5,952.1,0.7071067811865476,-0.7071067811865475,0.5083564379375122,0.8611467540480452
validation_reporting_only,2026-01-30T12:00:00+00:00,2026-01-30T06:00:00+00:00,2026-01-31T10:00:00+00:00,2026-01-31T15:00:00+05:00,24,22.0,63ae60a9f63e12a2ebc639f51799a47154079f77cb7e1cce8efdaf2238d70217,0.9,8.67,8.9,9.08,53.0,5.2,951.5,0.49999999999999994,-0.8660254037844387,0.5083564379375122,0.8611467540480452
validation_reporting_only,2026-01-29T12:00:00+00:00,2026-01-29T06:00:00+00:00,2026-01-31T10:00:00+00:00,2026-01-31T15:00:00+05:00,48,46.0,09b9bffa46cc668080e3eb007f580136e5fde91d774d008e90fd172d59bc560b,0.9,8.07,8.28,8.45,51.0,3.8,952.0,0.49999999999999994,-0.8660254037844387,0.5083564379375122,0.8611467540480452
validation_reporting_only,2026-01-30T12:00:00+00:00,2026-01-30T06:00:00+00:00,2026-01-31T11:00:00+00:00,2026-01-31T16:00:00+05:00,24,23.0,63ae60a9f63e12a2ebc639f51799a47154079f77cb7e1cce8efdaf2238d70217,0.94,8.32,8.53,8.71,58.0,3.3,951.5,0.258819045102521,-0.9659258262890682,0.5083564379375122,0.8611467540480452
validation_reporting_only,2026-01-29T12:00:00+00:00,2026-01-29T06:00:00+00:00,2026-01-31T11:00:00+00:00,2026-01-31T16:00:00+05:00,48,47.0,09b9bffa46cc668080e3eb007f580136e5fde91d774d008e90fd172d59bc560b,0.94,8.44,8.66,8.83,58.0,2.3,951.7,0.258819045102521,-0.9659258262890682,0.5083564379375122,0.8611467540480452
validation_reporting_only,2026-01-30T12:00:00+00:00,2026-01-30T06:00:00+00:00,2026-01-31T12:00:00+00:00,2026-01-31T17:00:00+05:00,24,24.0,63ae60a9f63e12a2ebc639f51799a47154079f77cb7e1cce8efdaf2238d70217,0.8566666666666666,7.2,7.38,7.54,62.0,1.3,951.3,1.2246467991473532e-16,-1.0,0.5083564379375122,0.8611467540480452
validation_reporting_only,2026-01-29T12:00:00+00:00,2026-01-29T06:00:00+00:00,2026-01-31T12:00:00+00:00,2026-01-31T17:00:00+05:00,48,48.0,09b9bffa46cc668080e3eb007f580136e5fde91d774d008e90fd172d59bc560b,0.8566666666666666,7.69,7.89,8.06,62.0,0.2,951.3,1.2246467991473532e-16,-1.0,0.5083564379375122,0.8611467540480452
validation_reporting_only,2026-01-30T12:00:00+00:00,2026-01-30T06:00:00+00:00,2026-01-31T13:00:00+00:00,2026-01-31T18:00:00+05:00,24,25.0,63ae60a9f63e12a2ebc639f51799a47154079f77cb7e1cce8efdaf2238d70217,0.8250000000000001,5.49,5.64,5.75,63.0,0.0,951.6,-0.2588190451025208,-0.9659258262890683,0.5083564379375122,0.8611467540480452
validation_reporting_only,2026-01-29T12:00:00+00:00,2026-01-29T06:00:00+00:00,2026-01-31T13:00:00+00:00,2026-01-31T18:00:00+05:00,48,49.0,09b9bffa46cc668080e3eb007f580136e5fde91d774d008e90fd172d59bc560b,0.8250000000000001,6.13,6.29,6.42,65.0,-0.9,951.6,-0.2588190451025208,-0.9659258262890683,0.5083564379375122,0.8611467540480452
validation_reporting_only,2026-01-30T12:00:00+00:00,2026-01-30T06:00:00+00:00,2026-01-31T14:00:00+00:00,2026-01-31T19:00:00+05:00,24,26.0,63ae60a9f63e12a2ebc639f51799a47154079f77cb7e1cce8efdaf2238d70217,0.8833333333333333,3.76,3.86,3.94,71.0,-0.6,951.7,-0.4999999999999997,-0.8660254037844388,0.5083564379375122,0.8611467540480452
validation_reporting_only,2026-01-29T12:00:00+00:00,2026-01-29T06:00:00+00:00,2026-01-31T14:00:00+00:00,2026-01-31T19:00:00+05:00,48,50.0,09b9bffa46cc668080e3eb007f580136e5fde91d774d008e90fd172d59bc560b,0.8833333333333333,4.76,4.88,4.98,66.0,-1.6,951.8,-0.4999999999999997,-0.8660254037844388,0.5083564379375122,0.8611467540480452
validation_reporting_only,2026-01-30T18:00:00+00:00,2026-01-30T12:00:00+00:00,2026-01-31T15:00:00+00:00,2026-01-31T20:00:00+05:00,24,21.0,e9ceb10ab6b82fe8526edc83df996ce6d88cc10243d5963b739dc3012d290bcc,0.3516666666666666,2.43,2.49,2.54,80.0,-0.3,951.9,-0.7071067811865471,-0.7071067811865479,0.5083564379375122,0.8611467540480452
validation_reporting_only,2026-01-29T18:00:00+00:00,2026-01-29T12:00:00+00:00,2026-01-31T15:00:00+00:00,2026-01-31T20:00:00+05:00,48,45.0,f46c33979387ceeede334481b75161e020d0a468fe445e83b1f86fabe01969d1,0.3516666666666666,2.25,2.31,2.36,85.0,-0.2,952.3,-0.7071067811865471,-0.7071067811865479,0.5083564379375122,0.8611467540480452
validation_reporting_only,2026-01-30T18:00:00+00:00,2026-01-30T12:00:00+00:00,2026-01-31T16:00:00+00:00,2026-01-31T21:00:00+05:00,24,22.0,e9ceb10ab6b82fe8526edc83df996ce6d88cc10243d5963b739dc3012d290bcc,0.02666666666666667,1.12,1.15,1.17,92.0,0.4,952.3,-0.8660254037844385,-0.5000000000000004,0.5083564379375122,0.8611467540480452
validation_reporting_only,2026-01-29T18:00:00+00:00,2026-01-29T12:00:00+00:00,2026-01-31T16:00:00+00:00,2026-01-31T21:00:00+05:00,48,46.0,f46c33979387ceeede334481b75161e020d0a468fe445e83b1f86fabe01969d1,0.02666666666666667,1.42,1.46,1.49,121.0,0.8,952.5,-0.8660254037844385,-0.5000000000000004,0.5083564379375122,0.8611467540480452
validation_reporting_only,2026-01-30T18:00:00+00:00,2026-01-30T12:00:00+00:00,2026-01-31T17:00:00+00:00,2026-01-31T22:00:00+05:00,24,23.0,e9ceb10ab6b82fe8526edc83df996ce6d88cc10243d5963b739dc3012d290bcc,0.02,1.18,1.21,1.23,204.0,0.5,952.8,-0.9659258262890683,-0.25881904510252063,0.5083564379375122,0.8611467540480452
validation_reporting_only,2026-01-29T18:00:00+00:00,2026-01-29T12:00:00+00:00,2026-01-31T17:00:00+00:00,2026-01-31T22:00:00+05:00,48,47.0,f46c33979387ceeede334481b75161e020d0a468fe445e83b1f86fabe01969d1,0.02,0.97,1.0,1.02,127.0,1.0,952.4,-0.9659258262890683,-0.25881904510252063,0.5083564379375122,0.8611467540480452
validation_reporting_only,2026-01-30T18:00:00+00:00,2026-01-30T12:00:00+00:00,2026-01-31T18:00:00+00:00,2026-01-31T23:00:00+05:00,24,24.0,e9ceb10ab6b82fe8526edc83df996ce6d88cc10243d5963b739dc3012d290bcc,0.19999999999999998,1.86,1.91,1.95,225.0,-0.2,953.0,-1.0,-1.8369701987210297e-16,0.5083564379375122,0.8611467540480452
validation_reporting_only,2026-01-29T18:00:00+00:00,2026-01-29T12:00:00+00:00,2026-01-31T18:00:00+00:00,2026-01-31T23:00:00+05:00,48,48.0,f46c33979387ceeede334481b75161e020d0a468fe445e83b1f86fabe01969d1,0.19999999999999998,0.61,0.63,0.64,119.0,0.1,952.6,-1.0,-1.8369701987210297e-16,0.5083564379375122,0.8611467540480452
